{
	"start":	{
		"connected":	[{
				"socket":	5,
				"local_host":	"10.10.10.2",
				"local_port":	33146,
				"remote_host":	"10.10.10.4",
				"remote_port":	5201
			}],
		"version":	"iperf 3.9",
		"system_info":	"Linux zelda 5.10.0-18-amd64 #1 SMP Debian 5.10.140-1 (2022-09-02) x86_64",
		"timestamp":	{
			"time":	"Mon, 29 Jan 2024 01:23:02 GMT",
			"timesecs":	1706491382
		},
		"connecting_to":	{
			"host":	"10.10.10.4",
			"port":	5201
		},
		"cookie":	"kwnogv5bczgswiko3p2awbhkbq2znmurz5uq",
		"tcp_mss_default":	1448,
		"target_bitrate":	9000000000,
		"sock_bufsize":	0,
		"sndbuf_actual":	1000000,
		"rcvbuf_actual":	1000000,
		"test_start":	{
			"protocol":	"TCP",
			"num_streams":	1,
			"blksize":	131072,
			"omit":	0,
			"duration":	90,
			"bytes":	0,
			"blocks":	0,
			"reverse":	0,
			"tos":	0
		}
	},
	"intervals":	[{
			"streams":	[{
					"socket":	5,
					"start":	0,
					"end":	60.000079,
					"seconds":	60.000080108642578,
					"bytes":	7063076864,
					"bits_per_second":	941742324.505012,
					"retransmits":	0,
					"snd_cwnd":	499560,
					"rtt":	2216,
					"rttvar":	78,
					"pmtu":	9000,
					"omitted":	false,
					"sender":	true
				}],
			"sum":	{
				"start":	0,
				"end":	60.000079,
				"seconds":	60.000080108642578,
				"bytes":	7063076864,
				"bits_per_second":	941742324.505012,
				"retransmits":	0,
				"omitted":	false,
				"sender":	true
			}
		}, {
			"streams":	[{
					"socket":	5,
					"start":	60.000079,
					"end":	90.000068,
					"seconds":	29.9999885559082,
					"bytes":	3530424320,
					"bits_per_second":	941446844.46680367,
					"retransmits":	0,
					"snd_cwnd":	499560,
					"rtt":	2772,
					"rttvar":	199,
					"pmtu":	9000,
					"omitted":	false,
					"sender":	true
				}],
			"sum":	{
				"start":	60.000079,
				"end":	90.000068,
				"seconds":	29.9999885559082,
				"bytes":	3530424320,
				"bits_per_second":	941446844.46680367,
				"retransmits":	0,
				"omitted":	false,
				"sender":	true
			}
		}],
	"end":	{
		"streams":	[{
				"sender":	{
					"socket":	5,
					"start":	0,
					"end":	90.000068,
					"seconds":	90.000068,
					"bytes":	10593501184,
					"bits_per_second":	941643838.22465563,
					"retransmits":	0,
					"max_snd_cwnd":	499560,
					"max_rtt":	2772,
					"min_rtt":	2216,
					"mean_rtt":	2494,
					"sender":	true
				},
				"receiver":	{
					"socket":	5,
					"start":	0,
					"end":	90.048038959503174,
					"seconds":	90.000068,
					"bytes":	10591805088,
					"bits_per_second":	940991516.118493,
					"sender":	true
				}
			}],
		"sum_sent":	{
			"start":	0,
			"end":	90.000068,
			"seconds":	90.000068,
			"bytes":	10593501184,
			"bits_per_second":	941643838.22465563,
			"retransmits":	0,
			"sender":	true
		},
		"sum_received":	{
			"start":	0,
			"end":	90.048038959503174,
			"seconds":	90.048038959503174,
			"bytes":	10591805088,
			"bits_per_second":	940991516.118493,
			"sender":	true
		},
		"cpu_utilization_percent":	{
			"host_total":	4.52929548573246,
			"host_user":	0.14492049513255631,
			"host_system":	4.38437388062537,
			"remote_total":	24.419555230138794,
			"remote_user":	2.6014299162654058,
			"remote_system":	21.818125313873391
		},
		"sender_tcp_congestion":	"cubic",
		"receiver_tcp_congestion":	"cubic"
	}
}
