{
	"start":	{
		"connected":	[{
				"socket":	5,
				"local_host":	"10.10.10.2",
				"local_port":	58008,
				"remote_host":	"10.10.10.4",
				"remote_port":	5201
			}],
		"version":	"iperf 3.9",
		"system_info":	"Linux zelda 5.10.0-18-amd64 #1 SMP Debian 5.10.140-1 (2022-09-02) x86_64",
		"timestamp":	{
			"time":	"Sun, 28 Jan 2024 22:48:46 GMT",
			"timesecs":	1706482126
		},
		"connecting_to":	{
			"host":	"10.10.10.4",
			"port":	5201
		},
		"cookie":	"o64bprycviu2shz4p4jccxbswlihjhdhgy55",
		"tcp_mss_default":	1448,
		"target_bitrate":	8000000000,
		"sock_bufsize":	0,
		"sndbuf_actual":	1000000,
		"rcvbuf_actual":	1000000,
		"test_start":	{
			"protocol":	"TCP",
			"num_streams":	1,
			"blksize":	131072,
			"omit":	0,
			"duration":	20,
			"bytes":	0,
			"blocks":	0,
			"reverse":	0,
			"tos":	0
		}
	},
	"intervals":	[{
			"streams":	[{
					"socket":	5,
					"start":	0,
					"end":	20.000069,
					"seconds":	20.000068664550781,
					"bytes":	2355363840,
					"bits_per_second":	942142301.411105,
					"retransmits":	0,
					"snd_cwnd":	427160,
					"rtt":	2178,
					"rttvar":	118,
					"pmtu":	9000,
					"omitted":	false,
					"sender":	true
				}],
			"sum":	{
				"start":	0,
				"end":	20.000069,
				"seconds":	20.000068664550781,
				"bytes":	2355363840,
				"bits_per_second":	942142301.411105,
				"retransmits":	0,
				"omitted":	false,
				"sender":	true
			}
		}],
	"end":	{
		"streams":	[{
				"sender":	{
					"socket":	5,
					"start":	0,
					"end":	20.000069,
					"seconds":	20.000069,
					"bytes":	2355363840,
					"bits_per_second":	942142285.60911465,
					"retransmits":	0,
					"max_snd_cwnd":	427160,
					"max_rtt":	2178,
					"min_rtt":	2178,
					"mean_rtt":	2178,
					"sender":	true
				},
				"receiver":	{
					"socket":	5,
					"start":	0,
					"end":	20.044240951538086,
					"seconds":	20.000069,
					"bytes":	2353886928,
					"bits_per_second":	939476604.25400162,
					"sender":	true
				}
			}],
		"sum_sent":	{
			"start":	0,
			"end":	20.000069,
			"seconds":	20.000069,
			"bytes":	2355363840,
			"bits_per_second":	942142285.60911465,
			"retransmits":	0,
			"sender":	true
		},
		"sum_received":	{
			"start":	0,
			"end":	20.044240951538086,
			"seconds":	20.044240951538086,
			"bytes":	2353886928,
			"bits_per_second":	939476604.25400162,
			"sender":	true
		},
		"cpu_utilization_percent":	{
			"host_total":	4.80016040789322,
			"host_user":	0.19176867174707959,
			"host_system":	4.60839173614614,
			"remote_total":	23.329694191872591,
			"remote_user":	2.30394821010785,
			"remote_system":	21.025745981764739
		},
		"sender_tcp_congestion":	"cubic",
		"receiver_tcp_congestion":	"cubic"
	}
}
