{
	"start":	{
		"connected":	[{
				"socket":	5,
				"local_host":	"10.10.10.2",
				"local_port":	57638,
				"remote_host":	"10.10.10.4",
				"remote_port":	5201
			}],
		"version":	"iperf 3.9",
		"system_info":	"Linux zelda 5.10.0-18-amd64 #1 SMP Debian 5.10.140-1 (2022-09-02) x86_64",
		"timestamp":	{
			"time":	"Mon, 29 Jan 2024 00:45:56 GMT",
			"timesecs":	1706489156
		},
		"connecting_to":	{
			"host":	"10.10.10.4",
			"port":	5201
		},
		"cookie":	"j2v7xyzcyhmxuzyvmgfjktqtx5sj37fitgt2",
		"tcp_mss_default":	1448,
		"target_bitrate":	9000000000,
		"sock_bufsize":	0,
		"sndbuf_actual":	1000000,
		"rcvbuf_actual":	1000000,
		"test_start":	{
			"protocol":	"TCP",
			"num_streams":	1,
			"blksize":	131072,
			"omit":	0,
			"duration":	60,
			"bytes":	0,
			"blocks":	0,
			"reverse":	0,
			"tos":	0
		}
	},
	"intervals":	[{
			"streams":	[{
					"socket":	5,
					"start":	0,
					"end":	60.000067,
					"seconds":	60.000068664550781,
					"bytes":	7062552576,
					"bits_per_second":	941672599.14123333,
					"retransmits":	0,
					"snd_cwnd":	382272,
					"rtt":	2191,
					"rttvar":	92,
					"pmtu":	9000,
					"omitted":	false,
					"sender":	true
				}],
			"sum":	{
				"start":	0,
				"end":	60.000067,
				"seconds":	60.000068664550781,
				"bytes":	7062552576,
				"bits_per_second":	941672599.14123333,
				"retransmits":	0,
				"omitted":	false,
				"sender":	true
			}
		}],
	"end":	{
		"streams":	[{
				"sender":	{
					"socket":	5,
					"start":	0,
					"end":	60.000067,
					"seconds":	60.000067,
					"bytes":	7062552576,
					"bits_per_second":	941672625.26556838,
					"retransmits":	0,
					"max_snd_cwnd":	382272,
					"max_rtt":	2191,
					"min_rtt":	2191,
					"mean_rtt":	2191,
					"sender":	true
				},
				"receiver":	{
					"socket":	5,
					"start":	0,
					"end":	60.044448852539062,
					"seconds":	60.000067,
					"bytes":	7061305968,
					"bits_per_second":	940810496.616145,
					"sender":	true
				}
			}],
		"sum_sent":	{
			"start":	0,
			"end":	60.000067,
			"seconds":	60.000067,
			"bytes":	7062552576,
			"bits_per_second":	941672625.26556838,
			"retransmits":	0,
			"sender":	true
		},
		"sum_received":	{
			"start":	0,
			"end":	60.044448852539062,
			"seconds":	60.044448852539062,
			"bytes":	7061305968,
			"bits_per_second":	940810496.616145,
			"sender":	true
		},
		"cpu_utilization_percent":	{
			"host_total":	4.35295882501409,
			"host_user":	0.13141498246962577,
			"host_system":	4.2215455067625669,
			"remote_total":	25.4371010228189,
			"remote_user":	2.5382176445901878,
			"remote_system":	22.89888337822871
		},
		"sender_tcp_congestion":	"cubic",
		"receiver_tcp_congestion":	"cubic"
	}
}
