{
	"start":	{
		"connected":	[{
				"socket":	5,
				"local_host":	"10.10.10.2",
				"local_port":	47866,
				"remote_host":	"10.10.10.4",
				"remote_port":	5201
			}],
		"version":	"iperf 3.9",
		"system_info":	"Linux zelda 5.10.0-18-amd64 #1 SMP Debian 5.10.140-1 (2022-09-02) x86_64",
		"timestamp":	{
			"time":	"Sun, 28 Jan 2024 15:30:48 GMT",
			"timesecs":	1706455848
		},
		"connecting_to":	{
			"host":	"10.10.10.4",
			"port":	5201
		},
		"cookie":	"ygosxmxalr2cl5xgzb3id2kfsmpmwin5ckic",
		"tcp_mss_default":	1448,
		"target_bitrate":	3000000000,
		"sock_bufsize":	0,
		"sndbuf_actual":	1000000,
		"rcvbuf_actual":	1000000,
		"test_start":	{
			"protocol":	"TCP",
			"num_streams":	1,
			"blksize":	131072,
			"omit":	0,
			"duration":	60,
			"bytes":	0,
			"blocks":	0,
			"reverse":	0,
			"tos":	0
		}
	},
	"intervals":	[{
			"streams":	[{
					"socket":	5,
					"start":	0,
					"end":	60.000078,
					"seconds":	60.000076293945312,
					"bytes":	7062552576,
					"bits_per_second":	941672479.40152252,
					"retransmits":	0,
					"snd_cwnd":	382272,
					"rtt":	2190,
					"rttvar":	95,
					"pmtu":	9000,
					"omitted":	false,
					"sender":	true
				}],
			"sum":	{
				"start":	0,
				"end":	60.000078,
				"seconds":	60.000076293945312,
				"bytes":	7062552576,
				"bits_per_second":	941672479.40152252,
				"retransmits":	0,
				"omitted":	false,
				"sender":	true
			}
		}],
	"end":	{
		"streams":	[{
				"sender":	{
					"socket":	5,
					"start":	0,
					"end":	60.000078,
					"seconds":	60.000078,
					"bytes":	7062552576,
					"bits_per_second":	941672452.62581158,
					"retransmits":	0,
					"max_snd_cwnd":	382272,
					"max_rtt":	2190,
					"min_rtt":	2190,
					"mean_rtt":	2190,
					"sender":	true
				},
				"receiver":	{
					"socket":	5,
					"start":	0,
					"end":	60.0445249080658,
					"seconds":	60.000078,
					"bytes":	7061305968,
					"bits_per_second":	940809304.93650424,
					"sender":	true
				}
			}],
		"sum_sent":	{
			"start":	0,
			"end":	60.000078,
			"seconds":	60.000078,
			"bytes":	7062552576,
			"bits_per_second":	941672452.62581158,
			"retransmits":	0,
			"sender":	true
		},
		"sum_received":	{
			"start":	0,
			"end":	60.0445249080658,
			"seconds":	60.0445249080658,
			"bytes":	7061305968,
			"bits_per_second":	940809304.93650424,
			"sender":	true
		},
		"cpu_utilization_percent":	{
			"host_total":	4.6805314995928917,
			"host_user":	0.21375313652077207,
			"host_system":	4.46677836307212,
			"remote_total":	26.146170161727856,
			"remote_user":	2.6004767411519207,
			"remote_system":	23.545693420575937
		},
		"sender_tcp_congestion":	"cubic",
		"receiver_tcp_congestion":	"cubic"
	}
}
