{
	"start":	{
		"connected":	[{
				"socket":	5,
				"local_host":	"10.10.10.2",
				"local_port":	59918,
				"remote_host":	"10.10.10.4",
				"remote_port":	5201
			}],
		"version":	"iperf 3.9",
		"system_info":	"Linux zelda 5.10.0-18-amd64 #1 SMP Debian 5.10.140-1 (2022-09-02) x86_64",
		"timestamp":	{
			"time":	"Sun, 28 Jan 2024 20:59:20 GMT",
			"timesecs":	1706475560
		},
		"connecting_to":	{
			"host":	"10.10.10.4",
			"port":	5201
		},
		"cookie":	"xizvsoiergei3rnzxqcbrkl2lqxfantjpjcc",
		"tcp_mss_default":	1448,
		"target_bitrate":	6000000000,
		"sock_bufsize":	0,
		"sndbuf_actual":	1000000,
		"rcvbuf_actual":	1000000,
		"test_start":	{
			"protocol":	"TCP",
			"num_streams":	1,
			"blksize":	131072,
			"omit":	0,
			"duration":	100,
			"bytes":	0,
			"blocks":	0,
			"reverse":	0,
			"tos":	0
		}
	},
	"intervals":	[{
			"streams":	[{
					"socket":	5,
					"start":	0,
					"end":	60.000061,
					"seconds":	60.00006103515625,
					"bytes":	7062814720,
					"bits_per_second":	941707671.37875223,
					"retransmits":	0,
					"snd_cwnd":	437296,
					"rtt":	2193,
					"rttvar":	90,
					"pmtu":	9000,
					"omitted":	false,
					"sender":	true
				}],
			"sum":	{
				"start":	0,
				"end":	60.000061,
				"seconds":	60.00006103515625,
				"bytes":	7062814720,
				"bits_per_second":	941707671.37875223,
				"retransmits":	0,
				"omitted":	false,
				"sender":	true
			}
		}, {
			"streams":	[{
					"socket":	5,
					"start":	60.000061,
					"end":	100.000068,
					"seconds":	40.000007629394531,
					"bytes":	4707319808,
					"bits_per_second":	941463782.0300343,
					"retransmits":	0,
					"snd_cwnd":	437296,
					"rtt":	2216,
					"rttvar":	92,
					"pmtu":	9000,
					"omitted":	false,
					"sender":	true
				}],
			"sum":	{
				"start":	60.000061,
				"end":	100.000068,
				"seconds":	40.000007629394531,
				"bytes":	4707319808,
				"bits_per_second":	941463782.0300343,
				"retransmits":	0,
				"omitted":	false,
				"sender":	true
			}
		}],
	"end":	{
		"streams":	[{
				"sender":	{
					"socket":	5,
					"start":	0,
					"end":	100.000068,
					"seconds":	100.000068,
					"bytes":	11770134528,
					"bits_per_second":	941610121.945117,
					"retransmits":	0,
					"max_snd_cwnd":	437296,
					"max_rtt":	2216,
					"min_rtt":	2193,
					"mean_rtt":	2204,
					"sender":	true
				},
				"receiver":	{
					"socket":	5,
					"start":	0,
					"end":	100.04115700721741,
					"seconds":	100.000068,
					"bytes":	11768662744,
					"bits_per_second":	941105688.58382618,
					"sender":	true
				}
			}],
		"sum_sent":	{
			"start":	0,
			"end":	100.000068,
			"seconds":	100.000068,
			"bytes":	11770134528,
			"bits_per_second":	941610121.945117,
			"retransmits":	0,
			"sender":	true
		},
		"sum_received":	{
			"start":	0,
			"end":	100.04115700721741,
			"seconds":	100.04115700721741,
			"bytes":	11768662744,
			"bits_per_second":	941105688.58382618,
			"sender":	true
		},
		"cpu_utilization_percent":	{
			"host_total":	4.7081781240957046,
			"host_user":	0.14278094175072722,
			"host_system":	4.5653961831921182,
			"remote_total":	26.3594759121976,
			"remote_user":	2.5330396409772149,
			"remote_system":	23.826436271220388
		},
		"sender_tcp_congestion":	"cubic",
		"receiver_tcp_congestion":	"cubic"
	}
}
