{
	"start":	{
		"connected":	[{
				"socket":	5,
				"local_host":	"10.10.10.2",
				"local_port":	51558,
				"remote_host":	"10.10.10.4",
				"remote_port":	5201
			}],
		"version":	"iperf 3.9",
		"system_info":	"Linux zelda 5.10.0-18-amd64 #1 SMP Debian 5.10.140-1 (2022-09-02) x86_64",
		"timestamp":	{
			"time":	"Sun, 28 Jan 2024 14:27:32 GMT",
			"timesecs":	1706452052
		},
		"connecting_to":	{
			"host":	"10.10.10.4",
			"port":	5201
		},
		"cookie":	"7hx4fhp627uogq3omyp3eakzevadbzyoaany",
		"tcp_mss_default":	1448,
		"target_bitrate":	2000000000,
		"sock_bufsize":	0,
		"sndbuf_actual":	1000000,
		"rcvbuf_actual":	1000000,
		"test_start":	{
			"protocol":	"TCP",
			"num_streams":	1,
			"blksize":	131072,
			"omit":	0,
			"duration":	80,
			"bytes":	0,
			"blocks":	0,
			"reverse":	0,
			"tos":	0
		}
	},
	"intervals":	[{
			"streams":	[{
					"socket":	5,
					"start":	0,
					"end":	60.000059,
					"seconds":	60.000057220458984,
					"bytes":	7062552576,
					"bits_per_second":	941672778.7508564,
					"retransmits":	0,
					"snd_cwnd":	366344,
					"rtt":	1739,
					"rttvar":	84,
					"pmtu":	9000,
					"omitted":	false,
					"sender":	true
				}],
			"sum":	{
				"start":	0,
				"end":	60.000059,
				"seconds":	60.000057220458984,
				"bytes":	7062552576,
				"bits_per_second":	941672778.7508564,
				"retransmits":	0,
				"omitted":	false,
				"sender":	true
			}
		}, {
			"streams":	[{
					"socket":	5,
					"start":	60.000059,
					"end":	80.000067,
					"seconds":	20.000007629394531,
					"bytes":	2353659904,
					"bits_per_second":	941463602.460137,
					"retransmits":	0,
					"snd_cwnd":	366344,
					"rtt":	1863,
					"rttvar":	125,
					"pmtu":	9000,
					"omitted":	false,
					"sender":	true
				}],
			"sum":	{
				"start":	60.000059,
				"end":	80.000067,
				"seconds":	20.000007629394531,
				"bytes":	2353659904,
				"bits_per_second":	941463602.460137,
				"retransmits":	0,
				"omitted":	false,
				"sender":	true
			}
		}],
	"end":	{
		"streams":	[{
				"sender":	{
					"socket":	5,
					"start":	0,
					"end":	80.000067,
					"seconds":	80.000067,
					"bytes":	9416212480,
					"bits_per_second":	941620459.3928653,
					"retransmits":	0,
					"max_snd_cwnd":	366344,
					"max_rtt":	1863,
					"min_rtt":	1739,
					"mean_rtt":	1801,
					"sender":	true
				},
				"receiver":	{
					"socket":	5,
					"start":	0,
					"end":	80.044084072113037,
					"seconds":	80.000067,
					"bytes":	9414948880,
					"bits_per_second":	940976362.12744141,
					"sender":	true
				}
			}],
		"sum_sent":	{
			"start":	0,
			"end":	80.000067,
			"seconds":	80.000067,
			"bytes":	9416212480,
			"bits_per_second":	941620459.3928653,
			"retransmits":	0,
			"sender":	true
		},
		"sum_received":	{
			"start":	0,
			"end":	80.044084072113037,
			"seconds":	80.044084072113037,
			"bytes":	9414948880,
			"bits_per_second":	940976362.12744141,
			"sender":	true
		},
		"cpu_utilization_percent":	{
			"host_total":	4.1688072758499217,
			"host_user":	0.1116394412394148,
			"host_system":	4.0571678346105067,
			"remote_total":	26.926892510319867,
			"remote_user":	2.500645703502312,
			"remote_system":	24.42624805485525
		},
		"sender_tcp_congestion":	"cubic",
		"receiver_tcp_congestion":	"cubic"
	}
}
