{
	"start":	{
		"connected":	[{
				"socket":	5,
				"local_host":	"10.10.10.2",
				"local_port":	35936,
				"remote_host":	"10.10.10.4",
				"remote_port":	5201
			}],
		"version":	"iperf 3.9",
		"system_info":	"Linux zelda 5.10.0-18-amd64 #1 SMP Debian 5.10.140-1 (2022-09-02) x86_64",
		"timestamp":	{
			"time":	"Sun, 28 Jan 2024 23:18:56 GMT",
			"timesecs":	1706483936
		},
		"connecting_to":	{
			"host":	"10.10.10.4",
			"port":	5201
		},
		"cookie":	"szbt5ggxfe6w42zq2egv477trv3wth77taoy",
		"tcp_mss_default":	1448,
		"target_bitrate":	8000000000,
		"sock_bufsize":	0,
		"sndbuf_actual":	1000000,
		"rcvbuf_actual":	1000000,
		"test_start":	{
			"protocol":	"TCP",
			"num_streams":	1,
			"blksize":	131072,
			"omit":	0,
			"duration":	60,
			"bytes":	0,
			"blocks":	0,
			"reverse":	0,
			"tos":	0
		}
	},
	"intervals":	[{
			"streams":	[{
					"socket":	5,
					"start":	0,
					"end":	60.00007,
					"seconds":	60.000068664550781,
					"bytes":	7063076864,
					"bits_per_second":	941742504.1279,
					"retransmits":	0,
					"snd_cwnd":	492320,
					"rtt":	2212,
					"rttvar":	92,
					"pmtu":	9000,
					"omitted":	false,
					"sender":	true
				}],
			"sum":	{
				"start":	0,
				"end":	60.00007,
				"seconds":	60.000068664550781,
				"bytes":	7063076864,
				"bits_per_second":	941742504.1279,
				"retransmits":	0,
				"omitted":	false,
				"sender":	true
			}
		}],
	"end":	{
		"streams":	[{
				"sender":	{
					"socket":	5,
					"start":	0,
					"end":	60.00007,
					"seconds":	60.00007,
					"bytes":	7063076864,
					"bits_per_second":	941742483.167103,
					"retransmits":	0,
					"max_snd_cwnd":	492320,
					"max_rtt":	2212,
					"min_rtt":	2212,
					"mean_rtt":	2212,
					"sender":	true
				},
				"receiver":	{
					"socket":	5,
					"start":	0,
					"end":	60.044741153717041,
					"seconds":	60.00007,
					"bytes":	7061305968,
					"bits_per_second":	940805916.69771874,
					"sender":	true
				}
			}],
		"sum_sent":	{
			"start":	0,
			"end":	60.00007,
			"seconds":	60.00007,
			"bytes":	7063076864,
			"bits_per_second":	941742483.167103,
			"retransmits":	0,
			"sender":	true
		},
		"sum_received":	{
			"start":	0,
			"end":	60.044741153717041,
			"seconds":	60.044741153717041,
			"bytes":	7061305968,
			"bits_per_second":	940805916.69771874,
			"sender":	true
		},
		"cpu_utilization_percent":	{
			"host_total":	4.6639978185515254,
			"host_user":	0.15968917821012046,
			"host_system":	4.5043086403414057,
			"remote_total":	25.767155454173725,
			"remote_user":	2.5427203944825352,
			"remote_system":	23.224431733127638
		},
		"sender_tcp_congestion":	"cubic",
		"receiver_tcp_congestion":	"cubic"
	}
}
