{
	"start":	{
		"connected":	[{
				"socket":	5,
				"local_host":	"10.10.10.2",
				"local_port":	60732,
				"remote_host":	"10.10.10.4",
				"remote_port":	5201
			}],
		"version":	"iperf 3.9",
		"system_info":	"Linux zelda 5.10.0-18-amd64 #1 SMP Debian 5.10.140-1 (2022-09-02) x86_64",
		"timestamp":	{
			"time":	"Sun, 28 Jan 2024 17:51:58 GMT",
			"timesecs":	1706464318
		},
		"connecting_to":	{
			"host":	"10.10.10.4",
			"port":	5201
		},
		"cookie":	"3faiftmnj775klue3kyduu3nenrr6hbpthdb",
		"tcp_mss_default":	1448,
		"target_bitrate":	4000000000,
		"sock_bufsize":	0,
		"sndbuf_actual":	1000000,
		"rcvbuf_actual":	1000000,
		"test_start":	{
			"protocol":	"TCP",
			"num_streams":	1,
			"blksize":	131072,
			"omit":	0,
			"duration":	100,
			"bytes":	0,
			"blocks":	0,
			"reverse":	0,
			"tos":	0
		}
	},
	"intervals":	[{
			"streams":	[{
					"socket":	5,
					"start":	0,
					"end":	60.000096,
					"seconds":	60.000095367431641,
					"bytes":	7062814720,
					"bits_per_second":	941707132.530157,
					"retransmits":	0,
					"snd_cwnd":	424264,
					"rtt":	2188,
					"rttvar":	94,
					"pmtu":	9000,
					"omitted":	false,
					"sender":	true
				}],
			"sum":	{
				"start":	0,
				"end":	60.000096,
				"seconds":	60.000095367431641,
				"bytes":	7062814720,
				"bits_per_second":	941707132.530157,
				"retransmits":	0,
				"omitted":	false,
				"sender":	true
			}
		}, {
			"streams":	[{
					"socket":	5,
					"start":	60.000096,
					"end":	100.000068,
					"seconds":	39.999973297119141,
					"bytes":	4708368384,
					"bits_per_second":	941674305.43541968,
					"retransmits":	0,
					"snd_cwnd":	1028080,
					"rtt":	3289,
					"rttvar":	93,
					"pmtu":	9000,
					"omitted":	false,
					"sender":	true
				}],
			"sum":	{
				"start":	60.000096,
				"end":	100.000068,
				"seconds":	39.999973297119141,
				"bytes":	4708368384,
				"bits_per_second":	941674305.43541968,
				"retransmits":	0,
				"omitted":	false,
				"sender":	true
			}
		}],
	"end":	{
		"streams":	[{
				"sender":	{
					"socket":	5,
					"start":	0,
					"end":	100.000068,
					"seconds":	100.000068,
					"bytes":	11771183104,
					"bits_per_second":	941694007.96807456,
					"retransmits":	0,
					"max_snd_cwnd":	1028080,
					"max_rtt":	3289,
					"min_rtt":	2188,
					"mean_rtt":	2738,
					"sender":	true
				},
				"receiver":	{
					"socket":	5,
					"start":	0,
					"end":	100.04240393638611,
					"seconds":	100.000068,
					"bytes":	11768790168,
					"bits_per_second":	941104148.235655,
					"sender":	true
				}
			}],
		"sum_sent":	{
			"start":	0,
			"end":	100.000068,
			"seconds":	100.000068,
			"bytes":	11771183104,
			"bits_per_second":	941694007.96807456,
			"retransmits":	0,
			"sender":	true
		},
		"sum_received":	{
			"start":	0,
			"end":	100.04240393638611,
			"seconds":	100.04240393638611,
			"bytes":	11768790168,
			"bits_per_second":	941104148.235655,
			"sender":	true
		},
		"cpu_utilization_percent":	{
			"host_total":	4.28720472564466,
			"host_user":	0.13325717153315231,
			"host_system":	4.1539475541115083,
			"remote_total":	23.992210956957823,
			"remote_user":	2.4938503021042746,
			"remote_system":	21.498381629011078
		},
		"sender_tcp_congestion":	"cubic",
		"receiver_tcp_congestion":	"cubic"
	}
}
