{
	"start":	{
		"connected":	[{
				"socket":	5,
				"local_host":	"10.10.10.2",
				"local_port":	56554,
				"remote_host":	"10.10.10.4",
				"remote_port":	5201
			}],
		"version":	"iperf 3.9",
		"system_info":	"Linux zelda 5.10.0-18-amd64 #1 SMP Debian 5.10.140-1 (2022-09-02) x86_64",
		"timestamp":	{
			"time":	"Sun, 28 Jan 2024 12:12:01 GMT",
			"timesecs":	1706443921
		},
		"connecting_to":	{
			"host":	"10.10.10.4",
			"port":	5201
		},
		"cookie":	"jnq2usm2yhohalrxi5o2cphm2wp3cisawmct",
		"tcp_mss_default":	1448,
		"target_bitrate":	1000000000,
		"sock_bufsize":	0,
		"sndbuf_actual":	1000000,
		"rcvbuf_actual":	1000000,
		"test_start":	{
			"protocol":	"TCP",
			"num_streams":	1,
			"blksize":	131072,
			"omit":	0,
			"duration":	40,
			"bytes":	0,
			"blocks":	0,
			"reverse":	0,
			"tos":	0
		}
	},
	"intervals":	[{
			"streams":	[{
					"socket":	5,
					"start":	0,
					"end":	40.000067,
					"seconds":	40.000068664550781,
					"bytes":	4708761600,
					"bits_per_second":	941750703.377775,
					"retransmits":	0,
					"snd_cwnd":	369240,
					"rtt":	1718,
					"rttvar":	88,
					"pmtu":	9000,
					"omitted":	false,
					"sender":	true
				}],
			"sum":	{
				"start":	0,
				"end":	40.000067,
				"seconds":	40.000068664550781,
				"bytes":	4708761600,
				"bits_per_second":	941750703.377775,
				"retransmits":	0,
				"omitted":	false,
				"sender":	true
			}
		}],
	"end":	{
		"streams":	[{
				"sender":	{
					"socket":	5,
					"start":	0,
					"end":	40.000067,
					"seconds":	40.000067,
					"bytes":	4708761600,
					"bits_per_second":	941750742.56750619,
					"retransmits":	0,
					"max_snd_cwnd":	369240,
					"max_rtt":	1718,
					"min_rtt":	1718,
					"mean_rtt":	1718,
					"sender":	true
				},
				"receiver":	{
					"socket":	5,
					"start":	0,
					"end":	40.044195890426636,
					"seconds":	40.000067,
					"bytes":	4707497512,
					"bits_per_second":	940460390.29100275,
					"sender":	true
				}
			}],
		"sum_sent":	{
			"start":	0,
			"end":	40.000067,
			"seconds":	40.000067,
			"bytes":	4708761600,
			"bits_per_second":	941750742.56750619,
			"retransmits":	0,
			"sender":	true
		},
		"sum_received":	{
			"start":	0,
			"end":	40.044195890426636,
			"seconds":	40.044195890426636,
			"bytes":	4707497512,
			"bits_per_second":	940460390.29100275,
			"sender":	true
		},
		"cpu_utilization_percent":	{
			"host_total":	4.7000271816735646,
			"host_user":	0.20604536784966818,
			"host_system":	4.49397931917691,
			"remote_total":	23.734509091464616,
			"remote_user":	2.27431721898624,
			"remote_system":	21.460189380310823
		},
		"sender_tcp_congestion":	"cubic",
		"receiver_tcp_congestion":	"cubic"
	}
}
