{
	"start":	{
		"connected":	[{
				"socket":	5,
				"local_host":	"10.10.10.2",
				"local_port":	40816,
				"remote_host":	"10.10.10.4",
				"remote_port":	5201
			}],
		"version":	"iperf 3.9",
		"system_info":	"Linux zelda 5.10.0-18-amd64 #1 SMP Debian 5.10.140-1 (2022-09-02) x86_64",
		"timestamp":	{
			"time":	"Mon, 29 Jan 2024 00:19:07 GMT",
			"timesecs":	1706487547
		},
		"connecting_to":	{
			"host":	"10.10.10.4",
			"port":	5201
		},
		"cookie":	"arhydyygjpgft5c7rcces4fr75a4d425axp2",
		"tcp_mss_default":	1448,
		"target_bitrate":	9000000000,
		"sock_bufsize":	0,
		"sndbuf_actual":	1000000,
		"rcvbuf_actual":	1000000,
		"test_start":	{
			"protocol":	"TCP",
			"num_streams":	1,
			"blksize":	131072,
			"omit":	0,
			"duration":	20,
			"bytes":	0,
			"blocks":	0,
			"reverse":	0,
			"tos":	0
		}
	},
	"intervals":	[{
			"streams":	[{
					"socket":	5,
					"start":	0,
					"end":	20.000061,
					"seconds":	20.00006103515625,
					"bytes":	2355101696,
					"bits_per_second":	942037803.52877343,
					"retransmits":	0,
					"snd_cwnd":	366344,
					"rtt":	1942,
					"rttvar":	197,
					"pmtu":	9000,
					"omitted":	false,
					"sender":	true
				}],
			"sum":	{
				"start":	0,
				"end":	20.000061,
				"seconds":	20.00006103515625,
				"bytes":	2355101696,
				"bits_per_second":	942037803.52877343,
				"retransmits":	0,
				"omitted":	false,
				"sender":	true
			}
		}],
	"end":	{
		"streams":	[{
				"sender":	{
					"socket":	5,
					"start":	0,
					"end":	20.000061,
					"seconds":	20.000061,
					"bytes":	2355101696,
					"bits_per_second":	942037805.18469429,
					"retransmits":	0,
					"max_snd_cwnd":	366344,
					"max_rtt":	1942,
					"min_rtt":	1942,
					"mean_rtt":	1942,
					"sender":	true
				},
				"receiver":	{
					"socket":	5,
					"start":	0,
					"end":	20.044077157974243,
					"seconds":	20.000061,
					"bytes":	2353881136,
					"bits_per_second":	939481969.64051,
					"sender":	true
				}
			}],
		"sum_sent":	{
			"start":	0,
			"end":	20.000061,
			"seconds":	20.000061,
			"bytes":	2355101696,
			"bits_per_second":	942037805.18469429,
			"retransmits":	0,
			"sender":	true
		},
		"sum_received":	{
			"start":	0,
			"end":	20.044077157974243,
			"seconds":	20.044077157974243,
			"bytes":	2353881136,
			"bits_per_second":	939481969.64051,
			"sender":	true
		},
		"cpu_utilization_percent":	{
			"host_total":	3.9030604041305317,
			"host_user":	0.18503342897459224,
			"host_system":	3.71802199712449,
			"remote_total":	25.7461589724214,
			"remote_user":	2.6173028148621031,
			"remote_system":	23.128851188764322
		},
		"sender_tcp_congestion":	"cubic",
		"receiver_tcp_congestion":	"cubic"
	}
}
