{
	"start":	{
		"connected":	[{
				"socket":	5,
				"local_host":	"10.10.10.2",
				"local_port":	48374,
				"remote_host":	"10.10.10.4",
				"remote_port":	5201
			}],
		"version":	"iperf 3.9",
		"system_info":	"Linux zelda 5.10.0-18-amd64 #1 SMP Debian 5.10.140-1 (2022-09-02) x86_64",
		"timestamp":	{
			"time":	"Mon, 29 Jan 2024 00:49:57 GMT",
			"timesecs":	1706489397
		},
		"connecting_to":	{
			"host":	"10.10.10.4",
			"port":	5201
		},
		"cookie":	"4eh5yzdqkrhrnwdqzw4mogg5btzji7jotx5g",
		"tcp_mss_default":	1448,
		"target_bitrate":	9000000000,
		"sock_bufsize":	0,
		"sndbuf_actual":	1000000,
		"rcvbuf_actual":	1000000,
		"test_start":	{
			"protocol":	"TCP",
			"num_streams":	1,
			"blksize":	131072,
			"omit":	0,
			"duration":	60,
			"bytes":	0,
			"blocks":	0,
			"reverse":	0,
			"tos":	0
		}
	},
	"intervals":	[{
			"streams":	[{
					"socket":	5,
					"start":	0,
					"end":	60.000069,
					"seconds":	60.000068664550781,
					"bytes":	7062552576,
					"bits_per_second":	941672599.14123333,
					"retransmits":	0,
					"snd_cwnd":	364896,
					"rtt":	1753,
					"rttvar":	116,
					"pmtu":	9000,
					"omitted":	false,
					"sender":	true
				}],
			"sum":	{
				"start":	0,
				"end":	60.000069,
				"seconds":	60.000068664550781,
				"bytes":	7062552576,
				"bits_per_second":	941672599.14123333,
				"retransmits":	0,
				"omitted":	false,
				"sender":	true
			}
		}],
	"end":	{
		"streams":	[{
				"sender":	{
					"socket":	5,
					"start":	0,
					"end":	60.000069,
					"seconds":	60.000069,
					"bytes":	7062552576,
					"bits_per_second":	941672593.876517,
					"retransmits":	0,
					"max_snd_cwnd":	364896,
					"max_rtt":	1753,
					"min_rtt":	1753,
					"mean_rtt":	1753,
					"sender":	true
				},
				"receiver":	{
					"socket":	5,
					"start":	0,
					"end":	60.044409990310669,
					"seconds":	60.000069,
					"bytes":	7061305968,
					"bits_per_second":	940811105.531986,
					"sender":	true
				}
			}],
		"sum_sent":	{
			"start":	0,
			"end":	60.000069,
			"seconds":	60.000069,
			"bytes":	7062552576,
			"bits_per_second":	941672593.876517,
			"retransmits":	0,
			"sender":	true
		},
		"sum_received":	{
			"start":	0,
			"end":	60.044409990310669,
			"seconds":	60.044409990310669,
			"bytes":	7061305968,
			"bits_per_second":	940811105.531986,
			"sender":	true
		},
		"cpu_utilization_percent":	{
			"host_total":	4.5905073350568131,
			"host_user":	0.16202951663934692,
			"host_system":	4.4284761541524169,
			"remote_total":	24.276496113310905,
			"remote_user":	2.4366768041924414,
			"remote_system":	21.839819309118464
		},
		"sender_tcp_congestion":	"cubic",
		"receiver_tcp_congestion":	"cubic"
	}
}
