{
	"start":	{
		"connected":	[{
				"socket":	5,
				"local_host":	"10.10.10.2",
				"local_port":	56706,
				"remote_host":	"10.10.10.4",
				"remote_port":	5201
			}],
		"version":	"iperf 3.9",
		"system_info":	"Linux zelda 5.10.0-18-amd64 #1 SMP Debian 5.10.140-1 (2022-09-02) x86_64",
		"timestamp":	{
			"time":	"Mon, 29 Jan 2024 00:17:35 GMT",
			"timesecs":	1706487455
		},
		"connecting_to":	{
			"host":	"10.10.10.4",
			"port":	5201
		},
		"cookie":	"v73cnekw6wccaldevi5aucdexrnxr3ymcdqx",
		"tcp_mss_default":	1448,
		"target_bitrate":	9000000000,
		"sock_bufsize":	0,
		"sndbuf_actual":	1000000,
		"rcvbuf_actual":	1000000,
		"test_start":	{
			"protocol":	"TCP",
			"num_streams":	1,
			"blksize":	131072,
			"omit":	0,
			"duration":	10,
			"bytes":	0,
			"blocks":	0,
			"reverse":	0,
			"tos":	0
		}
	},
	"intervals":	[{
			"streams":	[{
					"socket":	5,
					"start":	0,
					"end":	10.000067,
					"seconds":	10.000066757202148,
					"bytes":	1178337280,
					"bits_per_second":	942663531.04201,
					"retransmits":	0,
					"snd_cwnd":	364896,
					"rtt":	2159,
					"rttvar":	132,
					"pmtu":	9000,
					"omitted":	false,
					"sender":	true
				}],
			"sum":	{
				"start":	0,
				"end":	10.000067,
				"seconds":	10.000066757202148,
				"bytes":	1178337280,
				"bits_per_second":	942663531.04201,
				"retransmits":	0,
				"omitted":	false,
				"sender":	true
			}
		}],
	"end":	{
		"streams":	[{
				"sender":	{
					"socket":	5,
					"start":	0,
					"end":	10.000067,
					"seconds":	10.000067,
					"bytes":	1178337280,
					"bits_per_second":	942663508.15449536,
					"retransmits":	0,
					"max_snd_cwnd":	364896,
					"max_rtt":	2159,
					"min_rtt":	2159,
					"mean_rtt":	2159,
					"sender":	true
				},
				"receiver":	{
					"socket":	5,
					"start":	0,
					"end":	10.044023990631104,
					"seconds":	10.000067,
					"bytes":	1177030720,
					"bits_per_second":	937497338.59490132,
					"sender":	true
				}
			}],
		"sum_sent":	{
			"start":	0,
			"end":	10.000067,
			"seconds":	10.000067,
			"bytes":	1178337280,
			"bits_per_second":	942663508.15449536,
			"retransmits":	0,
			"sender":	true
		},
		"sum_received":	{
			"start":	0,
			"end":	10.044023990631104,
			"seconds":	10.044023990631104,
			"bytes":	1177030720,
			"bits_per_second":	937497338.59490132,
			"sender":	true
		},
		"cpu_utilization_percent":	{
			"host_total":	4.578722228301638,
			"host_user":	0.156075794989398,
			"host_system":	4.4226563454038823,
			"remote_total":	23.649606691532568,
			"remote_user":	2.0532391790914692,
			"remote_system":	21.5963675124411
		},
		"sender_tcp_congestion":	"cubic",
		"receiver_tcp_congestion":	"cubic"
	}
}
