{
	"start":	{
		"connected":	[{
				"socket":	5,
				"local_host":	"10.10.10.2",
				"local_port":	57634,
				"remote_host":	"10.10.10.4",
				"remote_port":	5201
			}],
		"version":	"iperf 3.9",
		"system_info":	"Linux zelda 5.10.0-18-amd64 #1 SMP Debian 5.10.140-1 (2022-09-02) x86_64",
		"timestamp":	{
			"time":	"Sun, 28 Jan 2024 18:21:27 GMT",
			"timesecs":	1706466087
		},
		"connecting_to":	{
			"host":	"10.10.10.4",
			"port":	5201
		},
		"cookie":	"jagdimmrexipuko2cd53j3qb62vmp4wa3azv",
		"tcp_mss_default":	1448,
		"target_bitrate":	5000000000,
		"sock_bufsize":	0,
		"sndbuf_actual":	1000000,
		"rcvbuf_actual":	1000000,
		"test_start":	{
			"protocol":	"TCP",
			"num_streams":	1,
			"blksize":	131072,
			"omit":	0,
			"duration":	40,
			"bytes":	0,
			"blocks":	0,
			"reverse":	0,
			"tos":	0
		}
	},
	"intervals":	[{
			"streams":	[{
					"socket":	5,
					"start":	0,
					"end":	40.000067,
					"seconds":	40.000068664550781,
					"bytes":	4709810176,
					"bits_per_second":	941960418.2177757,
					"retransmits":	0,
					"snd_cwnd":	605264,
					"rtt":	2744,
					"rttvar":	195,
					"pmtu":	9000,
					"omitted":	false,
					"sender":	true
				}],
			"sum":	{
				"start":	0,
				"end":	40.000067,
				"seconds":	40.000068664550781,
				"bytes":	4709810176,
				"bits_per_second":	941960418.2177757,
				"retransmits":	0,
				"omitted":	false,
				"sender":	true
			}
		}],
	"end":	{
		"streams":	[{
				"sender":	{
					"socket":	5,
					"start":	0,
					"end":	40.000067,
					"seconds":	40.000067,
					"bytes":	4709810176,
					"bits_per_second":	941960457.41623378,
					"retransmits":	0,
					"max_snd_cwnd":	605264,
					"max_rtt":	2744,
					"min_rtt":	2744,
					"mean_rtt":	2744,
					"sender":	true
				},
				"receiver":	{
					"socket":	5,
					"start":	0,
					"end":	40.040951013565063,
					"seconds":	40.000067,
					"bytes":	4707596448,
					"bits_per_second":	940556371.18212533,
					"sender":	true
				}
			}],
		"sum_sent":	{
			"start":	0,
			"end":	40.000067,
			"seconds":	40.000067,
			"bytes":	4709810176,
			"bits_per_second":	941960457.41623378,
			"retransmits":	0,
			"sender":	true
		},
		"sum_received":	{
			"start":	0,
			"end":	40.040951013565063,
			"seconds":	40.040951013565063,
			"bytes":	4707596448,
			"bits_per_second":	940556371.18212533,
			"sender":	true
		},
		"cpu_utilization_percent":	{
			"host_total":	3.77692338934164,
			"host_user":	0.11324386121126949,
			"host_system":	3.6636795281303711,
			"remote_total":	24.785925148829826,
			"remote_user":	2.5153986616413393,
			"remote_system":	22.2705239947798
		},
		"sender_tcp_congestion":	"cubic",
		"receiver_tcp_congestion":	"cubic"
	}
}
