{
	"start":	{
		"connected":	[{
				"socket":	5,
				"local_host":	"10.10.10.2",
				"local_port":	49978,
				"remote_host":	"10.10.10.4",
				"remote_port":	5201
			}],
		"version":	"iperf 3.9",
		"system_info":	"Linux zelda 5.10.0-18-amd64 #1 SMP Debian 5.10.140-1 (2022-09-02) x86_64",
		"timestamp":	{
			"time":	"Sun, 28 Jan 2024 16:56:48 GMT",
			"timesecs":	1706461008
		},
		"connecting_to":	{
			"host":	"10.10.10.4",
			"port":	5201
		},
		"cookie":	"6br6i37nfapwesuxxb6u3fe3n6blttn3qnmp",
		"tcp_mss_default":	1448,
		"target_bitrate":	4000000000,
		"sock_bufsize":	0,
		"sndbuf_actual":	1000000,
		"rcvbuf_actual":	1000000,
		"test_start":	{
			"protocol":	"TCP",
			"num_streams":	1,
			"blksize":	131072,
			"omit":	0,
			"duration":	50,
			"bytes":	0,
			"blocks":	0,
			"reverse":	0,
			"tos":	0
		}
	},
	"intervals":	[{
			"streams":	[{
					"socket":	5,
					"start":	0,
					"end":	50.000068,
					"seconds":	50.000068664550781,
					"bytes":	5885657088,
					"bits_per_second":	941703840.846576,
					"retransmits":	0,
					"snd_cwnd":	364896,
					"rtt":	2219,
					"rttvar":	136,
					"pmtu":	9000,
					"omitted":	false,
					"sender":	true
				}],
			"sum":	{
				"start":	0,
				"end":	50.000068,
				"seconds":	50.000068664550781,
				"bytes":	5885657088,
				"bits_per_second":	941703840.846576,
				"retransmits":	0,
				"omitted":	false,
				"sender":	true
			}
		}],
	"end":	{
		"streams":	[{
				"sender":	{
					"socket":	5,
					"start":	0,
					"end":	50.000068,
					"seconds":	50.000068,
					"bytes":	5885657088,
					"bits_per_second":	941703853.36275947,
					"retransmits":	0,
					"max_snd_cwnd":	364896,
					"max_rtt":	2219,
					"min_rtt":	2219,
					"mean_rtt":	2219,
					"sender":	true
				},
				"receiver":	{
					"socket":	5,
					"start":	0,
					"end":	50.040325164794922,
					"seconds":	50.000068,
					"bytes":	5884386048,
					"bits_per_second":	940743055.30530274,
					"sender":	true
				}
			}],
		"sum_sent":	{
			"start":	0,
			"end":	50.000068,
			"seconds":	50.000068,
			"bytes":	5885657088,
			"bits_per_second":	941703853.36275947,
			"retransmits":	0,
			"sender":	true
		},
		"sum_received":	{
			"start":	0,
			"end":	50.040325164794922,
			"seconds":	50.040325164794922,
			"bytes":	5884386048,
			"bits_per_second":	940743055.30530274,
			"sender":	true
		},
		"cpu_utilization_percent":	{
			"host_total":	4.69023578227079,
			"host_user":	0.14242652655521343,
			"host_system":	4.5478112523864462,
			"remote_total":	22.644231729399309,
			"remote_user":	2.0747441477553035,
			"remote_system":	20.5694855864886
		},
		"sender_tcp_congestion":	"cubic",
		"receiver_tcp_congestion":	"cubic"
	}
}
