{
	"start":	{
		"connected":	[{
				"socket":	5,
				"local_host":	"10.10.10.2",
				"local_port":	39224,
				"remote_host":	"10.10.10.4",
				"remote_port":	5201
			}],
		"version":	"iperf 3.9",
		"system_info":	"Linux zelda 5.10.0-18-amd64 #1 SMP Debian 5.10.140-1 (2022-09-02) x86_64",
		"timestamp":	{
			"time":	"Sun, 28 Jan 2024 19:42:13 GMT",
			"timesecs":	1706470933
		},
		"connecting_to":	{
			"host":	"10.10.10.4",
			"port":	5201
		},
		"cookie":	"6nlyomaofya7b3bzfbudi5vm64qud6oksjgh",
		"tcp_mss_default":	1448,
		"target_bitrate":	6000000000,
		"sock_bufsize":	0,
		"sndbuf_actual":	1000000,
		"rcvbuf_actual":	1000000,
		"test_start":	{
			"protocol":	"TCP",
			"num_streams":	1,
			"blksize":	131072,
			"omit":	0,
			"duration":	10,
			"bytes":	0,
			"blocks":	0,
			"reverse":	0,
			"tos":	0
		}
	},
	"intervals":	[{
			"streams":	[{
					"socket":	5,
					"start":	0,
					"end":	10.000066,
					"seconds":	10.000065803527832,
					"bytes":	1178337280,
					"bits_per_second":	942663620.94081831,
					"retransmits":	0,
					"snd_cwnd":	366344,
					"rtt":	1671,
					"rttvar":	80,
					"pmtu":	9000,
					"omitted":	false,
					"sender":	true
				}],
			"sum":	{
				"start":	0,
				"end":	10.000066,
				"seconds":	10.000065803527832,
				"bytes":	1178337280,
				"bits_per_second":	942663620.94081831,
				"retransmits":	0,
				"omitted":	false,
				"sender":	true
			}
		}],
	"end":	{
		"streams":	[{
				"sender":	{
					"socket":	5,
					"start":	0,
					"end":	10.000066,
					"seconds":	10.000066,
					"bytes":	1178337280,
					"bits_per_second":	942663602.420224,
					"retransmits":	0,
					"max_snd_cwnd":	366344,
					"max_rtt":	1671,
					"min_rtt":	1671,
					"mean_rtt":	1671,
					"sender":	true
				},
				"receiver":	{
					"socket":	5,
					"start":	0,
					"end":	10.041177988052368,
					"seconds":	10.000066,
					"bytes":	1177097328,
					"bits_per_second":	937816124.283892,
					"sender":	true
				}
			}],
		"sum_sent":	{
			"start":	0,
			"end":	10.000066,
			"seconds":	10.000066,
			"bytes":	1178337280,
			"bits_per_second":	942663602.420224,
			"retransmits":	0,
			"sender":	true
		},
		"sum_received":	{
			"start":	0,
			"end":	10.041177988052368,
			"seconds":	10.041177988052368,
			"bytes":	1177097328,
			"bits_per_second":	937816124.283892,
			"sender":	true
		},
		"cpu_utilization_percent":	{
			"host_total":	4.090598656918405,
			"host_user":	0.25963586521108478,
			"host_system":	3.83096279170732,
			"remote_total":	23.977075812631028,
			"remote_user":	2.30822579593482,
			"remote_system":	21.668840137284306
		},
		"sender_tcp_congestion":	"cubic",
		"receiver_tcp_congestion":	"cubic"
	}
}
