{
	"start":	{
		"connected":	[{
				"socket":	5,
				"local_host":	"10.10.10.2",
				"local_port":	60442,
				"remote_host":	"10.10.10.4",
				"remote_port":	5201
			}],
		"version":	"iperf 3.9",
		"system_info":	"Linux zelda 5.10.0-18-amd64 #1 SMP Debian 5.10.140-1 (2022-09-02) x86_64",
		"timestamp":	{
			"time":	"Sun, 28 Jan 2024 15:58:14 GMT",
			"timesecs":	1706457494
		},
		"connecting_to":	{
			"host":	"10.10.10.4",
			"port":	5201
		},
		"cookie":	"6pgronmfn2kqbci7jiikf2odhvypxw24k6j4",
		"tcp_mss_default":	1448,
		"target_bitrate":	3000000000,
		"sock_bufsize":	0,
		"sndbuf_actual":	1000000,
		"rcvbuf_actual":	1000000,
		"test_start":	{
			"protocol":	"TCP",
			"num_streams":	1,
			"blksize":	131072,
			"omit":	0,
			"duration":	80,
			"bytes":	0,
			"blocks":	0,
			"reverse":	0,
			"tos":	0
		}
	},
	"intervals":	[{
			"streams":	[{
					"socket":	5,
					"start":	0,
					"end":	60.000069,
					"seconds":	60.000068664550781,
					"bytes":	7062552576,
					"bits_per_second":	941672599.14123333,
					"retransmits":	0,
					"snd_cwnd":	367792,
					"rtt":	1787,
					"rttvar":	135,
					"pmtu":	9000,
					"omitted":	false,
					"sender":	true
				}],
			"sum":	{
				"start":	0,
				"end":	60.000069,
				"seconds":	60.000068664550781,
				"bytes":	7062552576,
				"bits_per_second":	941672599.14123333,
				"retransmits":	0,
				"omitted":	false,
				"sender":	true
			}
		}, {
			"streams":	[{
					"socket":	5,
					"start":	60.000069,
					"end":	80.000069,
					"seconds":	20,
					"bytes":	2353659904,
					"bits_per_second":	941463961.6,
					"retransmits":	0,
					"snd_cwnd":	367792,
					"rtt":	1912,
					"rttvar":	166,
					"pmtu":	9000,
					"omitted":	false,
					"sender":	true
				}],
			"sum":	{
				"start":	60.000069,
				"end":	80.000069,
				"seconds":	20,
				"bytes":	2353659904,
				"bits_per_second":	941463961.6,
				"retransmits":	0,
				"omitted":	false,
				"sender":	true
			}
		}],
	"end":	{
		"streams":	[{
				"sender":	{
					"socket":	5,
					"start":	0,
					"end":	80.000069,
					"seconds":	80.000069,
					"bytes":	9416212480,
					"bits_per_second":	941620435.852374,
					"retransmits":	0,
					"max_snd_cwnd":	367792,
					"max_rtt":	1912,
					"min_rtt":	1787,
					"mean_rtt":	1849,
					"sender":	true
				},
				"receiver":	{
					"socket":	5,
					"start":	0,
					"end":	80.0441288948059,
					"seconds":	80.000069,
					"bytes":	9414950328,
					"bits_per_second":	940975979.92458773,
					"sender":	true
				}
			}],
		"sum_sent":	{
			"start":	0,
			"end":	80.000069,
			"seconds":	80.000069,
			"bytes":	9416212480,
			"bits_per_second":	941620435.852374,
			"retransmits":	0,
			"sender":	true
		},
		"sum_received":	{
			"start":	0,
			"end":	80.0441288948059,
			"seconds":	80.0441288948059,
			"bytes":	9414950328,
			"bits_per_second":	940975979.92458773,
			"sender":	true
		},
		"cpu_utilization_percent":	{
			"host_total":	4.6712836145417214,
			"host_user":	0.13308018998911866,
			"host_system":	4.5382034245526022,
			"remote_total":	25.30718917800553,
			"remote_user":	2.55648159520891,
			"remote_system":	22.75070633469559
		},
		"sender_tcp_congestion":	"cubic",
		"receiver_tcp_congestion":	"cubic"
	}
}
