{
	"start":	{
		"connected":	[{
				"socket":	5,
				"local_host":	"10.10.10.2",
				"local_port":	49528,
				"remote_host":	"10.10.10.4",
				"remote_port":	5201
			}],
		"version":	"iperf 3.9",
		"system_info":	"Linux zelda 5.10.0-18-amd64 #1 SMP Debian 5.10.140-1 (2022-09-02) x86_64",
		"timestamp":	{
			"time":	"Sun, 28 Jan 2024 18:32:10 GMT",
			"timesecs":	1706466730
		},
		"connecting_to":	{
			"host":	"10.10.10.4",
			"port":	5201
		},
		"cookie":	"o3xfv2pbqthclkbbtj4cldbqsvflbzgpkskd",
		"tcp_mss_default":	1448,
		"target_bitrate":	5000000000,
		"sock_bufsize":	0,
		"sndbuf_actual":	1000000,
		"rcvbuf_actual":	1000000,
		"test_start":	{
			"protocol":	"TCP",
			"num_streams":	1,
			"blksize":	131072,
			"omit":	0,
			"duration":	50,
			"bytes":	0,
			"blocks":	0,
			"reverse":	0,
			"tos":	0
		}
	},
	"intervals":	[{
			"streams":	[{
					"socket":	5,
					"start":	0,
					"end":	50.000067,
					"seconds":	50.000068664550781,
					"bytes":	5885657088,
					"bits_per_second":	941703840.846576,
					"retransmits":	0,
					"snd_cwnd":	364896,
					"rtt":	2072,
					"rttvar":	269,
					"pmtu":	9000,
					"omitted":	false,
					"sender":	true
				}],
			"sum":	{
				"start":	0,
				"end":	50.000067,
				"seconds":	50.000068664550781,
				"bytes":	5885657088,
				"bits_per_second":	941703840.846576,
				"retransmits":	0,
				"omitted":	false,
				"sender":	true
			}
		}],
	"end":	{
		"streams":	[{
				"sender":	{
					"socket":	5,
					"start":	0,
					"end":	50.000067,
					"seconds":	50.000067,
					"bytes":	5885657088,
					"bits_per_second":	941703872.1968112,
					"retransmits":	0,
					"max_snd_cwnd":	364896,
					"max_rtt":	2072,
					"min_rtt":	2072,
					"mean_rtt":	2072,
					"sender":	true
				},
				"receiver":	{
					"socket":	5,
					"start":	0,
					"end":	50.041095972061157,
					"seconds":	50.000067,
					"bytes":	5884455552,
					"bits_per_second":	940739676.0910908,
					"sender":	true
				}
			}],
		"sum_sent":	{
			"start":	0,
			"end":	50.000067,
			"seconds":	50.000067,
			"bytes":	5885657088,
			"bits_per_second":	941703872.1968112,
			"retransmits":	0,
			"sender":	true
		},
		"sum_received":	{
			"start":	0,
			"end":	50.041095972061157,
			"seconds":	50.041095972061157,
			"bytes":	5884455552,
			"bits_per_second":	940739676.0910908,
			"sender":	true
		},
		"cpu_utilization_percent":	{
			"host_total":	4.29003393688919,
			"host_user":	0.16460505369181169,
			"host_system":	4.1254288831973778,
			"remote_total":	26.704290360865969,
			"remote_user":	2.50099552170355,
			"remote_system":	24.203292844028987
		},
		"sender_tcp_congestion":	"cubic",
		"receiver_tcp_congestion":	"cubic"
	}
}
