{
	"start":	{
		"connected":	[{
				"socket":	5,
				"local_host":	"10.10.10.2",
				"local_port":	56046,
				"remote_host":	"10.10.10.4",
				"remote_port":	5201
			}],
		"version":	"iperf 3.9",
		"system_info":	"Linux zelda 5.10.0-18-amd64 #1 SMP Debian 5.10.140-1 (2022-09-02) x86_64",
		"timestamp":	{
			"time":	"Mon, 29 Jan 2024 00:18:27 GMT",
			"timesecs":	1706487507
		},
		"connecting_to":	{
			"host":	"10.10.10.4",
			"port":	5201
		},
		"cookie":	"ls3wm5ico6t5db6e453gkhebmay6bysd36ar",
		"tcp_mss_default":	1448,
		"target_bitrate":	9000000000,
		"sock_bufsize":	0,
		"sndbuf_actual":	1000000,
		"rcvbuf_actual":	1000000,
		"test_start":	{
			"protocol":	"TCP",
			"num_streams":	1,
			"blksize":	131072,
			"omit":	0,
			"duration":	20,
			"bytes":	0,
			"blocks":	0,
			"reverse":	0,
			"tos":	0
		}
	},
	"intervals":	[{
			"streams":	[{
					"socket":	5,
					"start":	0,
					"end":	20.000067,
					"seconds":	20.000066757202148,
					"bytes":	2355101696,
					"bits_per_second":	942037534.01049554,
					"retransmits":	0,
					"snd_cwnd":	364896,
					"rtt":	1702,
					"rttvar":	84,
					"pmtu":	9000,
					"omitted":	false,
					"sender":	true
				}],
			"sum":	{
				"start":	0,
				"end":	20.000067,
				"seconds":	20.000066757202148,
				"bytes":	2355101696,
				"bits_per_second":	942037534.01049554,
				"retransmits":	0,
				"omitted":	false,
				"sender":	true
			}
		}],
	"end":	{
		"streams":	[{
				"sender":	{
					"socket":	5,
					"start":	0,
					"end":	20.000067,
					"seconds":	20.000067,
					"bytes":	2355101696,
					"bits_per_second":	942037522.57429934,
					"retransmits":	0,
					"max_snd_cwnd":	364896,
					"max_rtt":	1702,
					"min_rtt":	1702,
					"mean_rtt":	1702,
					"sender":	true
				},
				"receiver":	{
					"socket":	5,
					"start":	0,
					"end":	20.044134140014648,
					"seconds":	20.000067,
					"bytes":	2353886928,
					"bits_per_second":	939481610.55293345,
					"sender":	true
				}
			}],
		"sum_sent":	{
			"start":	0,
			"end":	20.000067,
			"seconds":	20.000067,
			"bytes":	2355101696,
			"bits_per_second":	942037522.57429934,
			"retransmits":	0,
			"sender":	true
		},
		"sum_received":	{
			"start":	0,
			"end":	20.044134140014648,
			"seconds":	20.044134140014648,
			"bytes":	2353886928,
			"bits_per_second":	939481610.55293345,
			"sender":	true
		},
		"cpu_utilization_percent":	{
			"host_total":	3.88474537997207,
			"host_user":	0.091093252448286727,
			"host_system":	3.7936471492063464,
			"remote_total":	26.50118664714395,
			"remote_user":	2.1777921585688924,
			"remote_system":	24.323389519782058
		},
		"sender_tcp_congestion":	"cubic",
		"receiver_tcp_congestion":	"cubic"
	}
}
