{
	"start":	{
		"connected":	[{
				"socket":	5,
				"local_host":	"10.10.10.2",
				"local_port":	38536,
				"remote_host":	"10.10.10.4",
				"remote_port":	5201
			}],
		"version":	"iperf 3.9",
		"system_info":	"Linux zelda 5.10.0-18-amd64 #1 SMP Debian 5.10.140-1 (2022-09-02) x86_64",
		"timestamp":	{
			"time":	"Mon, 29 Jan 2024 01:43:45 GMT",
			"timesecs":	1706492625
		},
		"connecting_to":	{
			"host":	"10.10.10.4",
			"port":	5201
		},
		"cookie":	"5f22kogbj5eyvddkbxmkbnrdq5wy6lhkvu6g",
		"tcp_mss_default":	1448,
		"target_bitrate":	9000000000,
		"sock_bufsize":	0,
		"sndbuf_actual":	1000000,
		"rcvbuf_actual":	1000000,
		"test_start":	{
			"protocol":	"TCP",
			"num_streams":	1,
			"blksize":	131072,
			"omit":	0,
			"duration":	100,
			"bytes":	0,
			"blocks":	0,
			"reverse":	0,
			"tos":	0
		}
	},
	"intervals":	[{
			"streams":	[{
					"socket":	5,
					"start":	0,
					"end":	60.00006,
					"seconds":	60.00006103515625,
					"bytes":	7062159360,
					"bits_per_second":	941620290.13430774,
					"retransmits":	46,
					"snd_cwnd":	425712,
					"rtt":	2207,
					"rttvar":	103,
					"pmtu":	9000,
					"omitted":	false,
					"sender":	true
				}],
			"sum":	{
				"start":	0,
				"end":	60.00006,
				"seconds":	60.00006103515625,
				"bytes":	7062159360,
				"bits_per_second":	941620290.13430774,
				"retransmits":	46,
				"omitted":	false,
				"sender":	true
			}
		}, {
			"streams":	[{
					"socket":	5,
					"start":	60.00006,
					"end":	100.000031,
					"seconds":	39.999969482421875,
					"bytes":	4707450880,
					"bits_per_second":	941490894.300548,
					"retransmits":	0,
					"snd_cwnd":	425712,
					"rtt":	2232,
					"rttvar":	124,
					"pmtu":	9000,
					"omitted":	false,
					"sender":	true
				}],
			"sum":	{
				"start":	60.00006,
				"end":	100.000031,
				"seconds":	39.999969482421875,
				"bytes":	4707450880,
				"bits_per_second":	941490894.300548,
				"retransmits":	0,
				"omitted":	false,
				"sender":	true
			}
		}],
	"end":	{
		"streams":	[{
				"sender":	{
					"socket":	5,
					"start":	0,
					"end":	100.000031,
					"seconds":	100.000031,
					"bytes":	11769610240,
					"bits_per_second":	941568527.31375647,
					"retransmits":	46,
					"max_snd_cwnd":	425712,
					"max_rtt":	2232,
					"min_rtt":	2207,
					"mean_rtt":	2219,
					"sender":	true
				},
				"receiver":	{
					"socket":	5,
					"start":	0,
					"end":	100.04407811164856,
					"seconds":	100.000031,
					"bytes":	11767747608,
					"bits_per_second":	941005031.3916446,
					"sender":	true
				}
			}],
		"sum_sent":	{
			"start":	0,
			"end":	100.000031,
			"seconds":	100.000031,
			"bytes":	11769610240,
			"bits_per_second":	941568527.31375647,
			"retransmits":	46,
			"sender":	true
		},
		"sum_received":	{
			"start":	0,
			"end":	100.04407811164856,
			"seconds":	100.04407811164856,
			"bytes":	11767747608,
			"bits_per_second":	941005031.3916446,
			"sender":	true
		},
		"cpu_utilization_percent":	{
			"host_total":	4.684620286714126,
			"host_user":	0.16050271066015745,
			"host_system":	4.5241165768961684,
			"remote_total":	26.091749202494448,
			"remote_user":	2.6077768241511023,
			"remote_system":	23.483972378343342
		},
		"sender_tcp_congestion":	"cubic",
		"receiver_tcp_congestion":	"cubic"
	}
}
