{
	"start":	{
		"connected":	[{
				"socket":	5,
				"local_host":	"10.10.10.2",
				"local_port":	56514,
				"remote_host":	"10.10.10.4",
				"remote_port":	5201
			}],
		"version":	"iperf 3.9",
		"system_info":	"Linux zelda 5.10.0-18-amd64 #1 SMP Debian 5.10.140-1 (2022-09-02) x86_64",
		"timestamp":	{
			"time":	"Sun, 28 Jan 2024 14:47:55 GMT",
			"timesecs":	1706453275
		},
		"connecting_to":	{
			"host":	"10.10.10.4",
			"port":	5201
		},
		"cookie":	"nac6cscropm3trltxnrenr7x2vbcqk3pdcpa",
		"tcp_mss_default":	1448,
		"target_bitrate":	2000000000,
		"sock_bufsize":	0,
		"sndbuf_actual":	1000000,
		"rcvbuf_actual":	1000000,
		"test_start":	{
			"protocol":	"TCP",
			"num_streams":	1,
			"blksize":	131072,
			"omit":	0,
			"duration":	100,
			"bytes":	0,
			"blocks":	0,
			"reverse":	0,
			"tos":	0
		}
	},
	"intervals":	[{
			"streams":	[{
					"socket":	5,
					"start":	0,
					"end":	60.000056,
					"seconds":	60.000057220458984,
					"bytes":	7062552576,
					"bits_per_second":	941672778.7508564,
					"retransmits":	0,
					"snd_cwnd":	367792,
					"rtt":	1749,
					"rttvar":	90,
					"pmtu":	9000,
					"omitted":	false,
					"sender":	true
				}],
			"sum":	{
				"start":	0,
				"end":	60.000056,
				"seconds":	60.000057220458984,
				"bytes":	7062552576,
				"bits_per_second":	941672778.7508564,
				"retransmits":	0,
				"omitted":	false,
				"sender":	true
			}
		}, {
			"streams":	[{
					"socket":	5,
					"start":	60.000056,
					"end":	100.000067,
					"seconds":	40.0000114440918,
					"bytes":	4707319808,
					"bits_per_second":	941463692.245077,
					"retransmits":	0,
					"snd_cwnd":	367792,
					"rtt":	2240,
					"rttvar":	96,
					"pmtu":	9000,
					"omitted":	false,
					"sender":	true
				}],
			"sum":	{
				"start":	60.000056,
				"end":	100.000067,
				"seconds":	40.0000114440918,
				"bytes":	4707319808,
				"bits_per_second":	941463692.245077,
				"retransmits":	0,
				"omitted":	false,
				"sender":	true
			}
		}],
	"end":	{
		"streams":	[{
				"sender":	{
					"socket":	5,
					"start":	0,
					"end":	100.000067,
					"seconds":	100.000067,
					"bytes":	11769872384,
					"bits_per_second":	941589159.855263,
					"retransmits":	0,
					"max_snd_cwnd":	367792,
					"max_rtt":	2240,
					"min_rtt":	1749,
					"mean_rtt":	1994,
					"sender":	true
				},
				"receiver":	{
					"socket":	5,
					"start":	0,
					"end":	100.04389905929565,
					"seconds":	100.000067,
					"bytes":	11768600480,
					"bits_per_second":	941074915.36488748,
					"sender":	true
				}
			}],
		"sum_sent":	{
			"start":	0,
			"end":	100.000067,
			"seconds":	100.000067,
			"bytes":	11769872384,
			"bits_per_second":	941589159.855263,
			"retransmits":	0,
			"sender":	true
		},
		"sum_received":	{
			"start":	0,
			"end":	100.04389905929565,
			"seconds":	100.04389905929565,
			"bytes":	11768600480,
			"bits_per_second":	941074915.36488748,
			"sender":	true
		},
		"cpu_utilization_percent":	{
			"host_total":	3.73720336431441,
			"host_user":	0.074531630757096623,
			"host_system":	3.6626717335573136,
			"remote_total":	25.0470577109253,
			"remote_user":	2.3604954987423228,
			"remote_system":	22.686561213436011
		},
		"sender_tcp_congestion":	"cubic",
		"receiver_tcp_congestion":	"cubic"
	}
}
