{
	"start":	{
		"connected":	[{
				"socket":	5,
				"local_host":	"10.10.10.2",
				"local_port":	35568,
				"remote_host":	"10.10.10.4",
				"remote_port":	5201
			}],
		"version":	"iperf 3.9",
		"system_info":	"Linux zelda 5.10.0-18-amd64 #1 SMP Debian 5.10.140-1 (2022-09-02) x86_64",
		"timestamp":	{
			"time":	"Sun, 28 Jan 2024 15:12:43 GMT",
			"timesecs":	1706454763
		},
		"connecting_to":	{
			"host":	"10.10.10.4",
			"port":	5201
		},
		"cookie":	"qiudrhaj2au5rqjw52gzzhvvl6cgsxljmsoa",
		"tcp_mss_default":	1448,
		"target_bitrate":	3000000000,
		"sock_bufsize":	0,
		"sndbuf_actual":	1000000,
		"rcvbuf_actual":	1000000,
		"test_start":	{
			"protocol":	"TCP",
			"num_streams":	1,
			"blksize":	131072,
			"omit":	0,
			"duration":	30,
			"bytes":	0,
			"blocks":	0,
			"reverse":	0,
			"tos":	0
		}
	},
	"intervals":	[{
			"streams":	[{
					"socket":	5,
					"start":	0,
					"end":	30.000068,
					"seconds":	30.000068664550781,
					"bytes":	3531997184,
					"bits_per_second":	941863759.97826743,
					"retransmits":	0,
					"snd_cwnd":	364896,
					"rtt":	1704,
					"rttvar":	86,
					"pmtu":	9000,
					"omitted":	false,
					"sender":	true
				}],
			"sum":	{
				"start":	0,
				"end":	30.000068,
				"seconds":	30.000068664550781,
				"bytes":	3531997184,
				"bits_per_second":	941863759.97826743,
				"retransmits":	0,
				"omitted":	false,
				"sender":	true
			}
		}],
	"end":	{
		"streams":	[{
				"sender":	{
					"socket":	5,
					"start":	0,
					"end":	30.000068,
					"seconds":	30.000068,
					"bytes":	3531997184,
					"bits_per_second":	941863780.84209681,
					"retransmits":	0,
					"max_snd_cwnd":	364896,
					"max_rtt":	1704,
					"min_rtt":	1704,
					"mean_rtt":	1704,
					"sender":	true
				},
				"receiver":	{
					"socket":	5,
					"start":	0,
					"end":	30.044175863265991,
					"seconds":	30.000068,
					"bytes":	3530741688,
					"bits_per_second":	940146723.69613433,
					"sender":	true
				}
			}],
		"sum_sent":	{
			"start":	0,
			"end":	30.000068,
			"seconds":	30.000068,
			"bytes":	3531997184,
			"bits_per_second":	941863780.84209681,
			"retransmits":	0,
			"sender":	true
		},
		"sum_received":	{
			"start":	0,
			"end":	30.044175863265991,
			"seconds":	30.044175863265991,
			"bytes":	3530741688,
			"bits_per_second":	940146723.69613433,
			"sender":	true
		},
		"cpu_utilization_percent":	{
			"host_total":	4.6072981838260967,
			"host_user":	0.23527497392831567,
			"host_system":	4.3720232098977814,
			"remote_total":	26.530244873037784,
			"remote_user":	2.5040020601655715,
			"remote_system":	24.026246132293409
		},
		"sender_tcp_congestion":	"cubic",
		"receiver_tcp_congestion":	"cubic"
	}
}
