{
	"start":	{
		"connected":	[{
				"socket":	5,
				"local_host":	"10.10.10.2",
				"local_port":	54926,
				"remote_host":	"10.10.10.4",
				"remote_port":	5201
			}],
		"version":	"iperf 3.9",
		"system_info":	"Linux zelda 5.10.0-18-amd64 #1 SMP Debian 5.10.140-1 (2022-09-02) x86_64",
		"timestamp":	{
			"time":	"Sun, 28 Jan 2024 22:57:30 GMT",
			"timesecs":	1706482650
		},
		"connecting_to":	{
			"host":	"10.10.10.4",
			"port":	5201
		},
		"cookie":	"5tpokd5py724bwzvan7wjww7o635kut5swny",
		"tcp_mss_default":	1448,
		"target_bitrate":	8000000000,
		"sock_bufsize":	0,
		"sndbuf_actual":	1000000,
		"rcvbuf_actual":	1000000,
		"test_start":	{
			"protocol":	"TCP",
			"num_streams":	1,
			"blksize":	131072,
			"omit":	0,
			"duration":	40,
			"bytes":	0,
			"blocks":	0,
			"reverse":	0,
			"tos":	0
		}
	},
	"intervals":	[{
			"streams":	[{
					"socket":	5,
					"start":	0,
					"end":	40.000011,
					"seconds":	40.0000114440918,
					"bytes":	4708892672,
					"bits_per_second":	941778264.955077,
					"retransmits":	0,
					"snd_cwnd":	364896,
					"rtt":	2199,
					"rttvar":	167,
					"pmtu":	9000,
					"omitted":	false,
					"sender":	true
				}],
			"sum":	{
				"start":	0,
				"end":	40.000011,
				"seconds":	40.0000114440918,
				"bytes":	4708892672,
				"bits_per_second":	941778264.955077,
				"retransmits":	0,
				"omitted":	false,
				"sender":	true
			}
		}],
	"end":	{
		"streams":	[{
				"sender":	{
					"socket":	5,
					"start":	0,
					"end":	40.000011,
					"seconds":	40.000011,
					"bytes":	4708892672,
					"bits_per_second":	941778275.41097426,
					"retransmits":	0,
					"max_snd_cwnd":	364896,
					"max_rtt":	2199,
					"min_rtt":	2199,
					"mean_rtt":	2199,
					"sender":	true
				},
				"receiver":	{
					"socket":	5,
					"start":	0,
					"end":	40.044439077377319,
					"seconds":	40.000011,
					"bytes":	4707597896,
					"bits_per_second":	940474733.463705,
					"sender":	true
				}
			}],
		"sum_sent":	{
			"start":	0,
			"end":	40.000011,
			"seconds":	40.000011,
			"bytes":	4708892672,
			"bits_per_second":	941778275.41097426,
			"retransmits":	0,
			"sender":	true
		},
		"sum_received":	{
			"start":	0,
			"end":	40.044439077377319,
			"seconds":	40.044439077377319,
			"bytes":	4707597896,
			"bits_per_second":	940474733.463705,
			"sender":	true
		},
		"cpu_utilization_percent":	{
			"host_total":	3.7731796209291568,
			"host_user":	0.13170680661445108,
			"host_system":	3.6414703198203662,
			"remote_total":	25.79616374021597,
			"remote_user":	2.4985486913250492,
			"remote_system":	23.297617541049718
		},
		"sender_tcp_congestion":	"cubic",
		"receiver_tcp_congestion":	"cubic"
	}
}
