{
	"start":	{
		"connected":	[{
				"socket":	5,
				"local_host":	"10.10.10.2",
				"local_port":	46236,
				"remote_host":	"10.10.10.4",
				"remote_port":	5201
			}],
		"version":	"iperf 3.9",
		"system_info":	"Linux zelda 5.10.0-18-amd64 #1 SMP Debian 5.10.140-1 (2022-09-02) x86_64",
		"timestamp":	{
			"time":	"Sun, 28 Jan 2024 21:15:45 GMT",
			"timesecs":	1706476545
		},
		"connecting_to":	{
			"host":	"10.10.10.4",
			"port":	5201
		},
		"cookie":	"m4lhdt4hkc5grznt7ayfth4ppyjoke2j3xc2",
		"tcp_mss_default":	1448,
		"target_bitrate":	7000000000,
		"sock_bufsize":	0,
		"sndbuf_actual":	1000000,
		"rcvbuf_actual":	1000000,
		"test_start":	{
			"protocol":	"TCP",
			"num_streams":	1,
			"blksize":	131072,
			"omit":	0,
			"duration":	20,
			"bytes":	0,
			"blocks":	0,
			"reverse":	0,
			"tos":	0
		}
	},
	"intervals":	[{
			"streams":	[{
					"socket":	5,
					"start":	0,
					"end":	20.000061,
					"seconds":	20.00006103515625,
					"bytes":	2355232768,
					"bits_per_second":	942090232.168774,
					"retransmits":	0,
					"snd_cwnd":	367792,
					"rtt":	1905,
					"rttvar":	201,
					"pmtu":	9000,
					"omitted":	false,
					"sender":	true
				}],
			"sum":	{
				"start":	0,
				"end":	20.000061,
				"seconds":	20.00006103515625,
				"bytes":	2355232768,
				"bits_per_second":	942090232.168774,
				"retransmits":	0,
				"omitted":	false,
				"sender":	true
			}
		}],
	"end":	{
		"streams":	[{
				"sender":	{
					"socket":	5,
					"start":	0,
					"end":	20.000061,
					"seconds":	20.000061,
					"bytes":	2355232768,
					"bits_per_second":	942090233.824787,
					"retransmits":	0,
					"max_snd_cwnd":	367792,
					"max_rtt":	1905,
					"min_rtt":	1905,
					"mean_rtt":	1905,
					"sender":	true
				},
				"receiver":	{
					"socket":	5,
					"start":	0,
					"end":	20.041241884231567,
					"seconds":	20.000061,
					"bytes":	2353949192,
					"bits_per_second":	939642046.375214,
					"sender":	true
				}
			}],
		"sum_sent":	{
			"start":	0,
			"end":	20.000061,
			"seconds":	20.000061,
			"bytes":	2355232768,
			"bits_per_second":	942090233.824787,
			"retransmits":	0,
			"sender":	true
		},
		"sum_received":	{
			"start":	0,
			"end":	20.041241884231567,
			"seconds":	20.041241884231567,
			"bytes":	2353949192,
			"bits_per_second":	939642046.375214,
			"sender":	true
		},
		"cpu_utilization_percent":	{
			"host_total":	4.0253023757884279,
			"host_user":	0.11954125315918719,
			"host_system":	3.9057561436108239,
			"remote_total":	24.353023520661672,
			"remote_user":	2.3608574794586938,
			"remote_system":	21.99216107155214
		},
		"sender_tcp_congestion":	"cubic",
		"receiver_tcp_congestion":	"cubic"
	}
}
