{
	"start":	{
		"connected":	[{
				"socket":	5,
				"local_host":	"10.10.10.2",
				"local_port":	53766,
				"remote_host":	"10.10.10.4",
				"remote_port":	5201
			}],
		"version":	"iperf 3.9",
		"system_info":	"Linux zelda 5.10.0-18-amd64 #1 SMP Debian 5.10.140-1 (2022-09-02) x86_64",
		"timestamp":	{
			"time":	"Sun, 28 Jan 2024 22:34:41 GMT",
			"timesecs":	1706481281
		},
		"connecting_to":	{
			"host":	"10.10.10.4",
			"port":	5201
		},
		"cookie":	"qszvzfonvlvzehpditrved7rxfwaxhz3pvs7",
		"tcp_mss_default":	1448,
		"target_bitrate":	7000000000,
		"sock_bufsize":	0,
		"sndbuf_actual":	1000000,
		"rcvbuf_actual":	1000000,
		"test_start":	{
			"protocol":	"TCP",
			"num_streams":	1,
			"blksize":	131072,
			"omit":	0,
			"duration":	100,
			"bytes":	0,
			"blocks":	0,
			"reverse":	0,
			"tos":	0
		}
	},
	"intervals":	[{
			"streams":	[{
					"socket":	5,
					"start":	0,
					"end":	60.00006,
					"seconds":	60.00006103515625,
					"bytes":	7063076864,
					"bits_per_second":	941742623.87653,
					"retransmits":	0,
					"snd_cwnd":	503904,
					"rtt":	2181,
					"rttvar":	93,
					"pmtu":	9000,
					"omitted":	false,
					"sender":	true
				}],
			"sum":	{
				"start":	0,
				"end":	60.00006,
				"seconds":	60.00006103515625,
				"bytes":	7063076864,
				"bits_per_second":	941742623.87653,
				"retransmits":	0,
				"omitted":	false,
				"sender":	true
			}
		}, {
			"streams":	[{
					"socket":	5,
					"start":	60.00006,
					"end":	100.000069,
					"seconds":	40.000007629394531,
					"bytes":	4707319808,
					"bits_per_second":	941463782.0300343,
					"retransmits":	0,
					"snd_cwnd":	503904,
					"rtt":	2210,
					"rttvar":	103,
					"pmtu":	9000,
					"omitted":	false,
					"sender":	true
				}],
			"sum":	{
				"start":	60.00006,
				"end":	100.000069,
				"seconds":	40.000007629394531,
				"bytes":	4707319808,
				"bits_per_second":	941463782.0300343,
				"retransmits":	0,
				"omitted":	false,
				"sender":	true
			}
		}],
	"end":	{
		"streams":	[{
				"sender":	{
					"socket":	5,
					"start":	0,
					"end":	100.000069,
					"seconds":	100.000069,
					"bytes":	11770396672,
					"bits_per_second":	941631084.034552,
					"retransmits":	0,
					"max_snd_cwnd":	503904,
					"max_rtt":	2210,
					"min_rtt":	2181,
					"mean_rtt":	2195,
					"sender":	true
				},
				"receiver":	{
					"socket":	5,
					"start":	0,
					"end":	100.04526591300964,
					"seconds":	100.000069,
					"bytes":	11768725008,
					"bits_per_second":	941072015.79997,
					"sender":	true
				}
			}],
		"sum_sent":	{
			"start":	0,
			"end":	100.000069,
			"seconds":	100.000069,
			"bytes":	11770396672,
			"bits_per_second":	941631084.034552,
			"retransmits":	0,
			"sender":	true
		},
		"sum_received":	{
			"start":	0,
			"end":	100.04526591300964,
			"seconds":	100.04526591300964,
			"bytes":	11768725008,
			"bits_per_second":	941072015.79997,
			"sender":	true
		},
		"cpu_utilization_percent":	{
			"host_total":	4.4603048933291776,
			"host_user":	0.19683303502698243,
			"host_system":	4.2634718583021955,
			"remote_total":	27.079095988207726,
			"remote_user":	2.4861193187782225,
			"remote_system":	24.5929766694295
		},
		"sender_tcp_congestion":	"cubic",
		"receiver_tcp_congestion":	"cubic"
	}
}
