{
	"start":	{
		"connected":	[{
				"socket":	5,
				"local_host":	"10.10.10.2",
				"local_port":	42626,
				"remote_host":	"10.10.10.4",
				"remote_port":	5201
			}],
		"version":	"iperf 3.9",
		"system_info":	"Linux zelda 5.10.0-18-amd64 #1 SMP Debian 5.10.140-1 (2022-09-02) x86_64",
		"timestamp":	{
			"time":	"Sun, 28 Jan 2024 16:43:14 GMT",
			"timesecs":	1706460194
		},
		"connecting_to":	{
			"host":	"10.10.10.4",
			"port":	5201
		},
		"cookie":	"6ifusxpmu7bb6qjgnhdlfz2t45ew7qczr2qa",
		"tcp_mss_default":	1448,
		"target_bitrate":	4000000000,
		"sock_bufsize":	0,
		"sndbuf_actual":	1000000,
		"rcvbuf_actual":	1000000,
		"test_start":	{
			"protocol":	"TCP",
			"num_streams":	1,
			"blksize":	131072,
			"omit":	0,
			"duration":	30,
			"bytes":	0,
			"blocks":	0,
			"reverse":	0,
			"tos":	0
		}
	},
	"intervals":	[{
			"streams":	[{
					"socket":	5,
					"start":	0,
					"end":	30.000067,
					"seconds":	30.000066757202148,
					"bytes":	3531997184,
					"bits_per_second":	941863819.86021936,
					"retransmits":	0,
					"snd_cwnd":	382272,
					"rtt":	2197,
					"rttvar":	154,
					"pmtu":	9000,
					"omitted":	false,
					"sender":	true
				}],
			"sum":	{
				"start":	0,
				"end":	30.000067,
				"seconds":	30.000066757202148,
				"bytes":	3531997184,
				"bits_per_second":	941863819.86021936,
				"retransmits":	0,
				"omitted":	false,
				"sender":	true
			}
		}],
	"end":	{
		"streams":	[{
				"sender":	{
					"socket":	5,
					"start":	0,
					"end":	30.000067,
					"seconds":	30.000067,
					"bytes":	3531997184,
					"bits_per_second":	941863812.237486,
					"retransmits":	0,
					"max_snd_cwnd":	382272,
					"max_rtt":	2197,
					"min_rtt":	2197,
					"mean_rtt":	2197,
					"sender":	true
				},
				"receiver":	{
					"socket":	5,
					"start":	0,
					"end":	30.0405650138855,
					"seconds":	30.000067,
					"bytes":	3530741688,
					"bits_per_second":	940259728.50191152,
					"sender":	true
				}
			}],
		"sum_sent":	{
			"start":	0,
			"end":	30.000067,
			"seconds":	30.000067,
			"bytes":	3531997184,
			"bits_per_second":	941863812.237486,
			"retransmits":	0,
			"sender":	true
		},
		"sum_received":	{
			"start":	0,
			"end":	30.0405650138855,
			"seconds":	30.0405650138855,
			"bytes":	3530741688,
			"bits_per_second":	940259728.50191152,
			"sender":	true
		},
		"cpu_utilization_percent":	{
			"host_total":	4.60482399781255,
			"host_user":	0.14108668223489815,
			"host_system":	4.4637373155776521,
			"remote_total":	24.658715798750425,
			"remote_user":	2.4366651026801471,
			"remote_system":	22.222047376209272
		},
		"sender_tcp_congestion":	"cubic",
		"receiver_tcp_congestion":	"cubic"
	}
}
