{
	"start":	{
		"connected":	[{
				"socket":	5,
				"local_host":	"10.10.10.2",
				"local_port":	41360,
				"remote_host":	"10.10.10.4",
				"remote_port":	5201
			}],
		"version":	"iperf 3.9",
		"system_info":	"Linux zelda 5.10.0-18-amd64 #1 SMP Debian 5.10.140-1 (2022-09-02) x86_64",
		"timestamp":	{
			"time":	"Sun, 28 Jan 2024 14:18:21 GMT",
			"timesecs":	1706451501
		},
		"connecting_to":	{
			"host":	"10.10.10.4",
			"port":	5201
		},
		"cookie":	"vblhoztmrzqaljcswhakozil6g7rfwjns65a",
		"tcp_mss_default":	1448,
		"target_bitrate":	2000000000,
		"sock_bufsize":	0,
		"sndbuf_actual":	1000000,
		"rcvbuf_actual":	1000000,
		"test_start":	{
			"protocol":	"TCP",
			"num_streams":	1,
			"blksize":	131072,
			"omit":	0,
			"duration":	70,
			"bytes":	0,
			"blocks":	0,
			"reverse":	0,
			"tos":	0
		}
	},
	"intervals":	[{
			"streams":	[{
					"socket":	5,
					"start":	0,
					"end":	60.00006,
					"seconds":	60.00006103515625,
					"bytes":	7062552576,
					"bits_per_second":	941672718.88097441,
					"retransmits":	0,
					"snd_cwnd":	366344,
					"rtt":	1991,
					"rttvar":	196,
					"pmtu":	9000,
					"omitted":	false,
					"sender":	true
				}],
			"sum":	{
				"start":	0,
				"end":	60.00006,
				"seconds":	60.00006103515625,
				"bytes":	7062552576,
				"bits_per_second":	941672718.88097441,
				"retransmits":	0,
				"omitted":	false,
				"sender":	true
			}
		}, {
			"streams":	[{
					"socket":	5,
					"start":	60.00006,
					"end":	70.000068,
					"seconds":	10.000007629394531,
					"bytes":	1176764416,
					"bits_per_second":	941410814.560548,
					"retransmits":	0,
					"snd_cwnd":	366344,
					"rtt":	1948,
					"rttvar":	202,
					"pmtu":	9000,
					"omitted":	false,
					"sender":	true
				}],
			"sum":	{
				"start":	60.00006,
				"end":	70.000068,
				"seconds":	10.000007629394531,
				"bytes":	1176764416,
				"bits_per_second":	941410814.560548,
				"retransmits":	0,
				"omitted":	false,
				"sender":	true
			}
		}],
	"end":	{
		"streams":	[{
				"sender":	{
					"socket":	5,
					"start":	0,
					"end":	70.000068,
					"seconds":	70.000068,
					"bytes":	8239316992,
					"bits_per_second":	941635312.925696,
					"retransmits":	0,
					"max_snd_cwnd":	366344,
					"max_rtt":	1991,
					"min_rtt":	1948,
					"mean_rtt":	1969,
					"sender":	true
				},
				"receiver":	{
					"socket":	5,
					"start":	0,
					"end":	70.043986082077026,
					"seconds":	70.000068,
					"bytes":	8238095568,
					"bits_per_second":	940905397.17104733,
					"sender":	true
				}
			}],
		"sum_sent":	{
			"start":	0,
			"end":	70.000068,
			"seconds":	70.000068,
			"bytes":	8239316992,
			"bits_per_second":	941635312.925696,
			"retransmits":	0,
			"sender":	true
		},
		"sum_received":	{
			"start":	0,
			"end":	70.043986082077026,
			"seconds":	70.043986082077026,
			"bytes":	8238095568,
			"bits_per_second":	940905397.17104733,
			"sender":	true
		},
		"cpu_utilization_percent":	{
			"host_total":	4.6607748749927431,
			"host_user":	0.131251894846504,
			"host_system":	4.52952155337114,
			"remote_total":	25.259912757167331,
			"remote_user":	2.5328265781679926,
			"remote_system":	22.727086178999333
		},
		"sender_tcp_congestion":	"cubic",
		"receiver_tcp_congestion":	"cubic"
	}
}
