{
	"start":	{
		"connected":	[{
				"socket":	5,
				"local_host":	"10.10.10.2",
				"local_port":	37170,
				"remote_host":	"10.10.10.4",
				"remote_port":	5201
			}],
		"version":	"iperf 3.9",
		"system_info":	"Linux zelda 5.10.0-18-amd64 #1 SMP Debian 5.10.140-1 (2022-09-02) x86_64",
		"timestamp":	{
			"time":	"Sun, 28 Jan 2024 14:13:40 GMT",
			"timesecs":	1706451220
		},
		"connecting_to":	{
			"host":	"10.10.10.4",
			"port":	5201
		},
		"cookie":	"t7s3seg6owq3zguzukzrqwlzodz3bccnisc2",
		"tcp_mss_default":	1448,
		"target_bitrate":	2000000000,
		"sock_bufsize":	0,
		"sndbuf_actual":	1000000,
		"rcvbuf_actual":	1000000,
		"test_start":	{
			"protocol":	"TCP",
			"num_streams":	1,
			"blksize":	131072,
			"omit":	0,
			"duration":	70,
			"bytes":	0,
			"blocks":	0,
			"reverse":	0,
			"tos":	0
		}
	},
	"intervals":	[{
			"streams":	[{
					"socket":	5,
					"start":	0,
					"end":	60.000059,
					"seconds":	60.000057220458984,
					"bytes":	7063076864,
					"bits_per_second":	941742683.75085652,
					"retransmits":	0,
					"snd_cwnd":	511144,
					"rtt":	2205,
					"rttvar":	82,
					"pmtu":	9000,
					"omitted":	false,
					"sender":	true
				}],
			"sum":	{
				"start":	0,
				"end":	60.000059,
				"seconds":	60.000057220458984,
				"bytes":	7063076864,
				"bits_per_second":	941742683.75085652,
				"retransmits":	0,
				"omitted":	false,
				"sender":	true
			}
		}, {
			"streams":	[{
					"socket":	5,
					"start":	60.000059,
					"end":	70.000067,
					"seconds":	10.000007629394531,
					"bytes":	1176895488,
					"bits_per_second":	941515672.080548,
					"retransmits":	0,
					"snd_cwnd":	511144,
					"rtt":	2181,
					"rttvar":	116,
					"pmtu":	9000,
					"omitted":	false,
					"sender":	true
				}],
			"sum":	{
				"start":	60.000059,
				"end":	70.000067,
				"seconds":	10.000007629394531,
				"bytes":	1176895488,
				"bits_per_second":	941515672.080548,
				"retransmits":	0,
				"omitted":	false,
				"sender":	true
			}
		}],
	"end":	{
		"streams":	[{
				"sender":	{
					"socket":	5,
					"start":	0,
					"end":	70.000067,
					"seconds":	70.000067,
					"bytes":	8239972352,
					"bits_per_second":	941710224.591642,
					"retransmits":	0,
					"max_snd_cwnd":	511144,
					"max_rtt":	2205,
					"min_rtt":	2181,
					"mean_rtt":	2193,
					"sender":	true
				},
				"receiver":	{
					"socket":	5,
					"start":	0,
					"end":	70.044591903686523,
					"seconds":	70.000067,
					"bytes":	8238161840,
					"bits_per_second":	940904828.32167566,
					"sender":	true
				}
			}],
		"sum_sent":	{
			"start":	0,
			"end":	70.000067,
			"seconds":	70.000067,
			"bytes":	8239972352,
			"bits_per_second":	941710224.591642,
			"retransmits":	0,
			"sender":	true
		},
		"sum_received":	{
			"start":	0,
			"end":	70.044591903686523,
			"seconds":	70.044591903686523,
			"bytes":	8238161840,
			"bits_per_second":	940904828.32167566,
			"sender":	true
		},
		"cpu_utilization_percent":	{
			"host_total":	4.6405207860135,
			"host_user":	0.11626634327989911,
			"host_system":	4.52425586950707,
			"remote_total":	27.096203848584029,
			"remote_user":	2.8670707942324616,
			"remote_system":	24.229131628351151
		},
		"sender_tcp_congestion":	"cubic",
		"receiver_tcp_congestion":	"cubic"
	}
}
