{
	"start":	{
		"connected":	[{
				"socket":	5,
				"local_host":	"10.10.10.2",
				"local_port":	40322,
				"remote_host":	"10.10.10.4",
				"remote_port":	5201
			}],
		"version":	"iperf 3.9",
		"system_info":	"Linux zelda 5.10.0-18-amd64 #1 SMP Debian 5.10.140-1 (2022-09-02) x86_64",
		"timestamp":	{
			"time":	"Mon, 29 Jan 2024 01:54:51 GMT",
			"timesecs":	1706493291
		},
		"connecting_to":	{
			"host":	"10.10.10.4",
			"port":	5201
		},
		"cookie":	"wagujymxr7xfqlwzq67g4wdyfbo62wr3vq5u",
		"tcp_mss_default":	1448,
		"target_bitrate":	10000000000,
		"sock_bufsize":	0,
		"sndbuf_actual":	1000000,
		"rcvbuf_actual":	1000000,
		"test_start":	{
			"protocol":	"TCP",
			"num_streams":	1,
			"blksize":	131072,
			"omit":	0,
			"duration":	30,
			"bytes":	0,
			"blocks":	0,
			"reverse":	0,
			"tos":	0
		}
	},
	"intervals":	[{
			"streams":	[{
					"socket":	5,
					"start":	0,
					"end":	30.000067,
					"seconds":	30.000066757202148,
					"bytes":	3531997184,
					"bits_per_second":	941863819.86021936,
					"retransmits":	0,
					"snd_cwnd":	366344,
					"rtt":	2189,
					"rttvar":	167,
					"pmtu":	9000,
					"omitted":	false,
					"sender":	true
				}],
			"sum":	{
				"start":	0,
				"end":	30.000067,
				"seconds":	30.000066757202148,
				"bytes":	3531997184,
				"bits_per_second":	941863819.86021936,
				"retransmits":	0,
				"omitted":	false,
				"sender":	true
			}
		}],
	"end":	{
		"streams":	[{
				"sender":	{
					"socket":	5,
					"start":	0,
					"end":	30.000067,
					"seconds":	30.000067,
					"bytes":	3531997184,
					"bits_per_second":	941863812.237486,
					"retransmits":	0,
					"max_snd_cwnd":	366344,
					"max_rtt":	2189,
					"min_rtt":	2189,
					"mean_rtt":	2189,
					"sender":	true
				},
				"receiver":	{
					"socket":	5,
					"start":	0,
					"end":	30.043325185775757,
					"seconds":	30.000067,
					"bytes":	3530673632,
					"bits_per_second":	940155221.878469,
					"sender":	true
				}
			}],
		"sum_sent":	{
			"start":	0,
			"end":	30.000067,
			"seconds":	30.000067,
			"bytes":	3531997184,
			"bits_per_second":	941863812.237486,
			"retransmits":	0,
			"sender":	true
		},
		"sum_received":	{
			"start":	0,
			"end":	30.043325185775757,
			"seconds":	30.043325185775757,
			"bytes":	3530673632,
			"bits_per_second":	940155221.878469,
			"sender":	true
		},
		"cpu_utilization_percent":	{
			"host_total":	4.5605488184154535,
			"host_user":	0.14303683161850569,
			"host_system":	4.417515310761245,
			"remote_total":	23.803980011004221,
			"remote_user":	2.2236152622608687,
			"remote_system":	21.580364748743349
		},
		"sender_tcp_congestion":	"cubic",
		"receiver_tcp_congestion":	"cubic"
	}
}
