{
	"start":	{
		"connected":	[{
				"socket":	5,
				"local_host":	"10.10.10.2",
				"local_port":	52686,
				"remote_host":	"10.10.10.4",
				"remote_port":	5201
			}],
		"version":	"iperf 3.9",
		"system_info":	"Linux zelda 5.10.0-18-amd64 #1 SMP Debian 5.10.140-1 (2022-09-02) x86_64",
		"timestamp":	{
			"time":	"Mon, 29 Jan 2024 02:52:03 GMT",
			"timesecs":	1706496723
		},
		"connecting_to":	{
			"host":	"10.10.10.4",
			"port":	5201
		},
		"cookie":	"a2dhlfewg64njnotouhdthf3ci5ihgtav4ne",
		"tcp_mss_default":	1448,
		"target_bitrate":	10000000000,
		"sock_bufsize":	0,
		"sndbuf_actual":	1000000,
		"rcvbuf_actual":	1000000,
		"test_start":	{
			"protocol":	"TCP",
			"num_streams":	1,
			"blksize":	131072,
			"omit":	0,
			"duration":	90,
			"bytes":	0,
			"blocks":	0,
			"reverse":	0,
			"tos":	0
		}
	},
	"intervals":	[{
			"streams":	[{
					"socket":	5,
					"start":	0,
					"end":	60.000059,
					"seconds":	60.000057220458984,
					"bytes":	7063076864,
					"bits_per_second":	941742683.75085652,
					"retransmits":	0,
					"snd_cwnd":	506800,
					"rtt":	2231,
					"rttvar":	93,
					"pmtu":	9000,
					"omitted":	false,
					"sender":	true
				}],
			"sum":	{
				"start":	0,
				"end":	60.000059,
				"seconds":	60.000057220458984,
				"bytes":	7063076864,
				"bits_per_second":	941742683.75085652,
				"retransmits":	0,
				"omitted":	false,
				"sender":	true
			}
		}, {
			"streams":	[{
					"socket":	5,
					"start":	60.000059,
					"end":	90.000068,
					"seconds":	30.000009536743164,
					"bytes":	3530555392,
					"bits_per_second":	941481138.577873,
					"retransmits":	0,
					"snd_cwnd":	506800,
					"rtt":	2809,
					"rttvar":	150,
					"pmtu":	9000,
					"omitted":	false,
					"sender":	true
				}],
			"sum":	{
				"start":	60.000059,
				"end":	90.000068,
				"seconds":	30.000009536743164,
				"bytes":	3530555392,
				"bits_per_second":	941481138.577873,
				"retransmits":	0,
				"omitted":	false,
				"sender":	true
			}
		}],
	"end":	{
		"streams":	[{
				"sender":	{
					"socket":	5,
					"start":	0,
					"end":	90.000068,
					"seconds":	90.000068,
					"bytes":	10593632256,
					"bits_per_second":	941655489.060297,
					"retransmits":	0,
					"max_snd_cwnd":	506800,
					"max_rtt":	2809,
					"min_rtt":	2231,
					"mean_rtt":	2520,
					"sender":	true
				},
				"receiver":	{
					"socket":	5,
					"start":	0,
					"end":	90.044385194778442,
					"seconds":	90.000068,
					"bytes":	10591805088,
					"bits_per_second":	941029699.08348751,
					"sender":	true
				}
			}],
		"sum_sent":	{
			"start":	0,
			"end":	90.000068,
			"seconds":	90.000068,
			"bytes":	10593632256,
			"bits_per_second":	941655489.060297,
			"retransmits":	0,
			"sender":	true
		},
		"sum_received":	{
			"start":	0,
			"end":	90.044385194778442,
			"seconds":	90.044385194778442,
			"bytes":	10591805088,
			"bits_per_second":	941029699.08348751,
			"sender":	true
		},
		"cpu_utilization_percent":	{
			"host_total":	4.6827654919865038,
			"host_user":	0.21716679414586854,
			"host_system":	4.4655998078676449,
			"remote_total":	25.575099812898355,
			"remote_user":	2.4529580999250635,
			"remote_system":	23.122141712973292
		},
		"sender_tcp_congestion":	"cubic",
		"receiver_tcp_congestion":	"cubic"
	}
}
