{
	"start":	{
		"connected":	[{
				"socket":	5,
				"local_host":	"10.10.10.2",
				"local_port":	56406,
				"remote_host":	"10.10.10.4",
				"remote_port":	5201
			}],
		"version":	"iperf 3.9",
		"system_info":	"Linux zelda 5.10.0-18-amd64 #1 SMP Debian 5.10.140-1 (2022-09-02) x86_64",
		"timestamp":	{
			"time":	"Mon, 29 Jan 2024 01:18:32 GMT",
			"timesecs":	1706491112
		},
		"connecting_to":	{
			"host":	"10.10.10.4",
			"port":	5201
		},
		"cookie":	"3s2luj5yjl5lfekcvesmfuzlymi7x3niomim",
		"tcp_mss_default":	1448,
		"target_bitrate":	9000000000,
		"sock_bufsize":	0,
		"sndbuf_actual":	1000000,
		"rcvbuf_actual":	1000000,
		"test_start":	{
			"protocol":	"TCP",
			"num_streams":	1,
			"blksize":	131072,
			"omit":	0,
			"duration":	90,
			"bytes":	0,
			"blocks":	0,
			"reverse":	0,
			"tos":	0
		}
	},
	"intervals":	[{
			"streams":	[{
					"socket":	5,
					"start":	0,
					"end":	60.00006,
					"seconds":	60.00006103515625,
					"bytes":	7062552576,
					"bits_per_second":	941672718.88097441,
					"retransmits":	0,
					"snd_cwnd":	364896,
					"rtt":	2200,
					"rttvar":	124,
					"pmtu":	9000,
					"omitted":	false,
					"sender":	true
				}],
			"sum":	{
				"start":	0,
				"end":	60.00006,
				"seconds":	60.00006103515625,
				"bytes":	7062552576,
				"bits_per_second":	941672718.88097441,
				"retransmits":	0,
				"omitted":	false,
				"sender":	true
			}
		}, {
			"streams":	[{
					"socket":	5,
					"start":	60.00006,
					"end":	90.000068,
					"seconds":	30.000007629394531,
					"bytes":	3530686464,
					"bits_per_second":	941516150.960061,
					"retransmits":	0,
					"snd_cwnd":	427160,
					"rtt":	2253,
					"rttvar":	134,
					"pmtu":	9000,
					"omitted":	false,
					"sender":	true
				}],
			"sum":	{
				"start":	60.00006,
				"end":	90.000068,
				"seconds":	30.000007629394531,
				"bytes":	3530686464,
				"bits_per_second":	941516150.960061,
				"retransmits":	0,
				"omitted":	false,
				"sender":	true
			}
		}],
	"end":	{
		"streams":	[{
				"sender":	{
					"socket":	5,
					"start":	0,
					"end":	90.000068,
					"seconds":	90.000068,
					"bytes":	10593239040,
					"bits_per_second":	941620536.55337238,
					"retransmits":	0,
					"max_snd_cwnd":	427160,
					"max_rtt":	2253,
					"min_rtt":	2200,
					"mean_rtt":	2226,
					"sender":	true
				},
				"receiver":	{
					"socket":	5,
					"start":	0,
					"end":	90.0440709590912,
					"seconds":	90.000068,
					"bytes":	10591809432,
					"bits_per_second":	941033369.03211045,
					"sender":	true
				}
			}],
		"sum_sent":	{
			"start":	0,
			"end":	90.000068,
			"seconds":	90.000068,
			"bytes":	10593239040,
			"bits_per_second":	941620536.55337238,
			"retransmits":	0,
			"sender":	true
		},
		"sum_received":	{
			"start":	0,
			"end":	90.0440709590912,
			"seconds":	90.0440709590912,
			"bytes":	10591809432,
			"bits_per_second":	941033369.03211045,
			"sender":	true
		},
		"cpu_utilization_percent":	{
			"host_total":	4.76841044245678,
			"host_user":	0.17986463991740015,
			"host_system":	4.5885469125614113,
			"remote_total":	23.878319387912093,
			"remote_user":	2.3078698883798947,
			"remote_system":	21.570448389972967
		},
		"sender_tcp_congestion":	"cubic",
		"receiver_tcp_congestion":	"cubic"
	}
}
