{
	"start":	{
		"connected":	[{
				"socket":	5,
				"local_host":	"10.10.10.2",
				"local_port":	60286,
				"remote_host":	"10.10.10.4",
				"remote_port":	5201
			}],
		"version":	"iperf 3.9",
		"system_info":	"Linux zelda 5.10.0-18-amd64 #1 SMP Debian 5.10.140-1 (2022-09-02) x86_64",
		"timestamp":	{
			"time":	"Sun, 28 Jan 2024 15:19:25 GMT",
			"timesecs":	1706455165
		},
		"connecting_to":	{
			"host":	"10.10.10.4",
			"port":	5201
		},
		"cookie":	"sw6tdtab4rntncqlkvwbd5viaamhurlfzwau",
		"tcp_mss_default":	1448,
		"target_bitrate":	3000000000,
		"sock_bufsize":	0,
		"sndbuf_actual":	1000000,
		"rcvbuf_actual":	1000000,
		"test_start":	{
			"protocol":	"TCP",
			"num_streams":	1,
			"blksize":	131072,
			"omit":	0,
			"duration":	40,
			"bytes":	0,
			"blocks":	0,
			"reverse":	0,
			"tos":	0
		}
	},
	"intervals":	[{
			"streams":	[{
					"socket":	5,
					"start":	0,
					"end":	40.000076,
					"seconds":	40.000076293945312,
					"bytes":	4709023744,
					"bits_per_second":	941802952.45342624,
					"retransmits":	24,
					"snd_cwnd":	422816,
					"rtt":	2268,
					"rttvar":	120,
					"pmtu":	9000,
					"omitted":	false,
					"sender":	true
				}],
			"sum":	{
				"start":	0,
				"end":	40.000076,
				"seconds":	40.000076293945312,
				"bytes":	4709023744,
				"bits_per_second":	941802952.45342624,
				"retransmits":	24,
				"omitted":	false,
				"sender":	true
			}
		}],
	"end":	{
		"streams":	[{
				"sender":	{
					"socket":	5,
					"start":	0,
					"end":	40.000076,
					"seconds":	40.000076,
					"bytes":	4709023744,
					"bits_per_second":	941802959.374377,
					"retransmits":	24,
					"max_snd_cwnd":	422816,
					"max_rtt":	2268,
					"min_rtt":	2268,
					"mean_rtt":	2268,
					"sender":	true
				},
				"receiver":	{
					"socket":	5,
					"start":	0,
					"end":	40.044339895248413,
					"seconds":	40.000076,
					"bytes":	4707208048,
					"bits_per_second":	940399179.572152,
					"sender":	true
				}
			}],
		"sum_sent":	{
			"start":	0,
			"end":	40.000076,
			"seconds":	40.000076,
			"bytes":	4709023744,
			"bits_per_second":	941802959.374377,
			"retransmits":	24,
			"sender":	true
		},
		"sum_received":	{
			"start":	0,
			"end":	40.044339895248413,
			"seconds":	40.044339895248413,
			"bytes":	4707208048,
			"bits_per_second":	940399179.572152,
			"sender":	true
		},
		"cpu_utilization_percent":	{
			"host_total":	3.7677024552064688,
			"host_user":	0.13812005150893755,
			"host_system":	3.629582403697531,
			"remote_total":	23.959217098128324,
			"remote_user":	2.2749912815720248,
			"remote_system":	21.684223324152647
		},
		"sender_tcp_congestion":	"cubic",
		"receiver_tcp_congestion":	"cubic"
	}
}
