{
	"start":	{
		"connected":	[{
				"socket":	5,
				"local_host":	"10.10.10.2",
				"local_port":	37432,
				"remote_host":	"10.10.10.4",
				"remote_port":	5201
			}],
		"version":	"iperf 3.9",
		"system_info":	"Linux zelda 5.10.0-18-amd64 #1 SMP Debian 5.10.140-1 (2022-09-02) x86_64",
		"timestamp":	{
			"time":	"Mon, 29 Jan 2024 00:28:51 GMT",
			"timesecs":	1706488131
		},
		"connecting_to":	{
			"host":	"10.10.10.4",
			"port":	5201
		},
		"cookie":	"k2me57v66vyyqtus5pbohzduq662x6xr6qez",
		"tcp_mss_default":	1448,
		"target_bitrate":	9000000000,
		"sock_bufsize":	0,
		"sndbuf_actual":	1000000,
		"rcvbuf_actual":	1000000,
		"test_start":	{
			"protocol":	"TCP",
			"num_streams":	1,
			"blksize":	131072,
			"omit":	0,
			"duration":	40,
			"bytes":	0,
			"blocks":	0,
			"reverse":	0,
			"tos":	0
		}
	},
	"intervals":	[{
			"streams":	[{
					"socket":	5,
					"start":	0,
					"end":	40.000063,
					"seconds":	40.000064849853516,
					"bytes":	4708892672,
					"bits_per_second":	941777007.54747546,
					"retransmits":	0,
					"snd_cwnd":	369240,
					"rtt":	2178,
					"rttvar":	139,
					"pmtu":	9000,
					"omitted":	false,
					"sender":	true
				}],
			"sum":	{
				"start":	0,
				"end":	40.000063,
				"seconds":	40.000064849853516,
				"bytes":	4708892672,
				"bits_per_second":	941777007.54747546,
				"retransmits":	0,
				"omitted":	false,
				"sender":	true
			}
		}],
	"end":	{
		"streams":	[{
				"sender":	{
					"socket":	5,
					"start":	0,
					"end":	40.000063,
					"seconds":	40.000063,
					"bytes":	4708892672,
					"bits_per_second":	941777051.10114455,
					"retransmits":	0,
					"max_snd_cwnd":	369240,
					"max_rtt":	2178,
					"min_rtt":	2178,
					"mean_rtt":	2178,
					"sender":	true
				},
				"receiver":	{
					"socket":	5,
					"start":	0,
					"end":	40.044469118118286,
					"seconds":	40.000063,
					"bytes":	4707620728,
					"bits_per_second":	940478589.26315844,
					"sender":	true
				}
			}],
		"sum_sent":	{
			"start":	0,
			"end":	40.000063,
			"seconds":	40.000063,
			"bytes":	4708892672,
			"bits_per_second":	941777051.10114455,
			"retransmits":	0,
			"sender":	true
		},
		"sum_received":	{
			"start":	0,
			"end":	40.044469118118286,
			"seconds":	40.044469118118286,
			"bytes":	4707620728,
			"bits_per_second":	940478589.26315844,
			"sender":	true
		},
		"cpu_utilization_percent":	{
			"host_total":	3.7553629707923419,
			"host_user":	0.125652552880612,
			"host_system":	3.6297079234196929,
			"remote_total":	26.9394373027776,
			"remote_user":	2.5769737442188383,
			"remote_system":	24.362463558558762
		},
		"sender_tcp_congestion":	"cubic",
		"receiver_tcp_congestion":	"cubic"
	}
}
