{
	"start":	{
		"connected":	[{
				"socket":	5,
				"local_host":	"10.10.10.2",
				"local_port":	48826,
				"remote_host":	"10.10.10.4",
				"remote_port":	5201
			}],
		"version":	"iperf 3.9",
		"system_info":	"Linux zelda 5.10.0-18-amd64 #1 SMP Debian 5.10.140-1 (2022-09-02) x86_64",
		"timestamp":	{
			"time":	"Sun, 28 Jan 2024 13:24:15 GMT",
			"timesecs":	1706448255
		},
		"connecting_to":	{
			"host":	"10.10.10.4",
			"port":	5201
		},
		"cookie":	"fd4ctf6c3lvhx2ygnr3ati2bwybfqevk2ge6",
		"tcp_mss_default":	1448,
		"target_bitrate":	1000000000,
		"sock_bufsize":	0,
		"sndbuf_actual":	1000000,
		"rcvbuf_actual":	1000000,
		"test_start":	{
			"protocol":	"TCP",
			"num_streams":	1,
			"blksize":	131072,
			"omit":	0,
			"duration":	100,
			"bytes":	0,
			"blocks":	0,
			"reverse":	0,
			"tos":	0
		}
	},
	"intervals":	[{
			"streams":	[{
					"socket":	5,
					"start":	0,
					"end":	60.000061,
					"seconds":	60.00006103515625,
					"bytes":	7062421504,
					"bits_per_second":	941655242.63208556,
					"retransmits":	0,
					"snd_cwnd":	370688,
					"rtt":	2228,
					"rttvar":	129,
					"pmtu":	9000,
					"omitted":	false,
					"sender":	true
				}],
			"sum":	{
				"start":	0,
				"end":	60.000061,
				"seconds":	60.00006103515625,
				"bytes":	7062421504,
				"bits_per_second":	941655242.63208556,
				"retransmits":	0,
				"omitted":	false,
				"sender":	true
			}
		}, {
			"streams":	[{
					"socket":	5,
					"start":	60.000061,
					"end":	100.00002,
					"seconds":	39.999958038330078,
					"bytes":	4707581952,
					"bits_per_second":	941517378.091036,
					"retransmits":	0,
					"snd_cwnd":	403992,
					"rtt":	2229,
					"rttvar":	123,
					"pmtu":	9000,
					"omitted":	false,
					"sender":	true
				}],
			"sum":	{
				"start":	60.000061,
				"end":	100.00002,
				"seconds":	39.999958038330078,
				"bytes":	4707581952,
				"bits_per_second":	941517378.091036,
				"retransmits":	0,
				"omitted":	false,
				"sender":	true
			}
		}],
	"end":	{
		"streams":	[{
				"sender":	{
					"socket":	5,
					"start":	0,
					"end":	100.00002,
					"seconds":	100.00002,
					"bytes":	11770003456,
					"bits_per_second":	941600088.15998232,
					"retransmits":	0,
					"max_snd_cwnd":	403992,
					"max_rtt":	2229,
					"min_rtt":	2228,
					"mean_rtt":	2228,
					"sender":	true
				},
				"receiver":	{
					"socket":	5,
					"start":	0,
					"end":	100.04372000694275,
					"seconds":	100.00002,
					"bytes":	11768559520,
					"bits_per_second":	941073324.27728963,
					"sender":	true
				}
			}],
		"sum_sent":	{
			"start":	0,
			"end":	100.00002,
			"seconds":	100.00002,
			"bytes":	11770003456,
			"bits_per_second":	941600088.15998232,
			"retransmits":	0,
			"sender":	true
		},
		"sum_received":	{
			"start":	0,
			"end":	100.04372000694275,
			"seconds":	100.04372000694275,
			"bytes":	11768559520,
			"bits_per_second":	941073324.27728963,
			"sender":	true
		},
		"cpu_utilization_percent":	{
			"host_total":	4.6459072984634471,
			"host_user":	0.1166084020974146,
			"host_system":	4.5292998954869557,
			"remote_total":	23.882068402666707,
			"remote_user":	2.3927088765249764,
			"remote_system":	21.489360524885274
		},
		"sender_tcp_congestion":	"cubic",
		"receiver_tcp_congestion":	"cubic"
	}
}
