{
	"start":	{
		"connected":	[{
				"socket":	5,
				"local_host":	"10.10.10.2",
				"local_port":	44138,
				"remote_host":	"10.10.10.4",
				"remote_port":	5201
			}],
		"version":	"iperf 3.9",
		"system_info":	"Linux zelda 5.10.0-18-amd64 #1 SMP Debian 5.10.140-1 (2022-09-02) x86_64",
		"timestamp":	{
			"time":	"Mon, 29 Jan 2024 02:55:04 GMT",
			"timesecs":	1706496904
		},
		"connecting_to":	{
			"host":	"10.10.10.4",
			"port":	5201
		},
		"cookie":	"hzzulifbj3a2iei7glaowdbmlgxahg5jogta",
		"tcp_mss_default":	1448,
		"target_bitrate":	10000000000,
		"sock_bufsize":	0,
		"sndbuf_actual":	1000000,
		"rcvbuf_actual":	1000000,
		"test_start":	{
			"protocol":	"TCP",
			"num_streams":	1,
			"blksize":	131072,
			"omit":	0,
			"duration":	90,
			"bytes":	0,
			"blocks":	0,
			"reverse":	0,
			"tos":	0
		}
	},
	"intervals":	[{
			"streams":	[{
					"socket":	5,
					"start":	0,
					"end":	60.00006,
					"seconds":	60.00006103515625,
					"bytes":	7062552576,
					"bits_per_second":	941672718.88097441,
					"retransmits":	0,
					"snd_cwnd":	366344,
					"rtt":	1911,
					"rttvar":	205,
					"pmtu":	9000,
					"omitted":	false,
					"sender":	true
				}],
			"sum":	{
				"start":	0,
				"end":	60.00006,
				"seconds":	60.00006103515625,
				"bytes":	7062552576,
				"bits_per_second":	941672718.88097441,
				"retransmits":	0,
				"omitted":	false,
				"sender":	true
			}
		}, {
			"streams":	[{
					"socket":	5,
					"start":	60.00006,
					"end":	90.000093,
					"seconds":	30.000032424926758,
					"bytes":	3530555392,
					"bits_per_second":	941480420.28554428,
					"retransmits":	0,
					"snd_cwnd":	366344,
					"rtt":	2226,
					"rttvar":	188,
					"pmtu":	9000,
					"omitted":	false,
					"sender":	true
				}],
			"sum":	{
				"start":	60.00006,
				"end":	90.000093,
				"seconds":	30.000032424926758,
				"bytes":	3530555392,
				"bits_per_second":	941480420.28554428,
				"retransmits":	0,
				"omitted":	false,
				"sender":	true
			}
		}],
	"end":	{
		"streams":	[{
				"sender":	{
					"socket":	5,
					"start":	0,
					"end":	90.000093,
					"seconds":	90.000093,
					"bytes":	10593107968,
					"bits_per_second":	941608624.1599772,
					"retransmits":	0,
					"max_snd_cwnd":	366344,
					"max_rtt":	2226,
					"min_rtt":	1911,
					"mean_rtt":	2068,
					"sender":	true
				},
				"receiver":	{
					"socket":	5,
					"start":	0,
					"end":	90.048402070999146,
					"seconds":	90.000093,
					"bytes":	10591805088,
					"bits_per_second":	940987721.660965,
					"sender":	true
				}
			}],
		"sum_sent":	{
			"start":	0,
			"end":	90.000093,
			"seconds":	90.000093,
			"bytes":	10593107968,
			"bits_per_second":	941608624.1599772,
			"retransmits":	0,
			"sender":	true
		},
		"sum_received":	{
			"start":	0,
			"end":	90.048402070999146,
			"seconds":	90.048402070999146,
			"bytes":	10591805088,
			"bits_per_second":	940987721.660965,
			"sender":	true
		},
		"cpu_utilization_percent":	{
			"host_total":	4.3846233047040055,
			"host_user":	0.16568798073512042,
			"host_system":	4.2189364339424964,
			"remote_total":	25.521764599480335,
			"remote_user":	2.36260301232658,
			"remote_system":	23.159161587153754
		},
		"sender_tcp_congestion":	"cubic",
		"receiver_tcp_congestion":	"cubic"
	}
}
