{
	"start":	{
		"connected":	[{
				"socket":	5,
				"local_host":	"10.10.10.2",
				"local_port":	35720,
				"remote_host":	"10.10.10.4",
				"remote_port":	5201
			}],
		"version":	"iperf 3.9",
		"system_info":	"Linux zelda 5.10.0-18-amd64 #1 SMP Debian 5.10.140-1 (2022-09-02) x86_64",
		"timestamp":	{
			"time":	"Sun, 28 Jan 2024 22:41:22 GMT",
			"timesecs":	1706481682
		},
		"connecting_to":	{
			"host":	"10.10.10.4",
			"port":	5201
		},
		"cookie":	"4mdigbrwz4bl74tf6xickf2gqqy6y6hb7oor",
		"tcp_mss_default":	1448,
		"target_bitrate":	7000000000,
		"sock_bufsize":	0,
		"sndbuf_actual":	1000000,
		"rcvbuf_actual":	1000000,
		"test_start":	{
			"protocol":	"TCP",
			"num_streams":	1,
			"blksize":	131072,
			"omit":	0,
			"duration":	100,
			"bytes":	0,
			"blocks":	0,
			"reverse":	0,
			"tos":	0
		}
	},
	"intervals":	[{
			"streams":	[{
					"socket":	5,
					"start":	0,
					"end":	60.00006,
					"seconds":	60.00006103515625,
					"bytes":	7062552576,
					"bits_per_second":	941672718.88097441,
					"retransmits":	0,
					"snd_cwnd":	364896,
					"rtt":	1915,
					"rttvar":	207,
					"pmtu":	9000,
					"omitted":	false,
					"sender":	true
				}],
			"sum":	{
				"start":	0,
				"end":	60.00006,
				"seconds":	60.00006103515625,
				"bytes":	7062552576,
				"bits_per_second":	941672718.88097441,
				"retransmits":	0,
				"omitted":	false,
				"sender":	true
			}
		}, {
			"streams":	[{
					"socket":	5,
					"start":	60.00006,
					"end":	100.000067,
					"seconds":	40.000007629394531,
					"bytes":	4707581952,
					"bits_per_second":	941516210.82003427,
					"retransmits":	0,
					"snd_cwnd":	424264,
					"rtt":	2211,
					"rttvar":	105,
					"pmtu":	9000,
					"omitted":	false,
					"sender":	true
				}],
			"sum":	{
				"start":	60.00006,
				"end":	100.000067,
				"seconds":	40.000007629394531,
				"bytes":	4707581952,
				"bits_per_second":	941516210.82003427,
				"retransmits":	0,
				"omitted":	false,
				"sender":	true
			}
		}],
	"end":	{
		"streams":	[{
				"sender":	{
					"socket":	5,
					"start":	0,
					"end":	100.000067,
					"seconds":	100.000067,
					"bytes":	11770134528,
					"bits_per_second":	941610131.361212,
					"retransmits":	0,
					"max_snd_cwnd":	424264,
					"max_rtt":	2211,
					"min_rtt":	1915,
					"mean_rtt":	2063,
					"sender":	true
				},
				"receiver":	{
					"socket":	5,
					"start":	0,
					"end":	100.04465508461,
					"seconds":	100.000067,
					"bytes":	11768659848,
					"bits_per_second":	941072551.09606671,
					"sender":	true
				}
			}],
		"sum_sent":	{
			"start":	0,
			"end":	100.000067,
			"seconds":	100.000067,
			"bytes":	11770134528,
			"bits_per_second":	941610131.361212,
			"retransmits":	0,
			"sender":	true
		},
		"sum_received":	{
			"start":	0,
			"end":	100.04465508461,
			"seconds":	100.04465508461,
			"bytes":	11768659848,
			"bits_per_second":	941072551.09606671,
			"sender":	true
		},
		"cpu_utilization_percent":	{
			"host_total":	4.04550809826381,
			"host_user":	0.10126676372780305,
			"host_system":	3.9442413345360068,
			"remote_total":	23.576883833676082,
			"remote_user":	2.4013793340804388,
			"remote_system":	21.175502502112415
		},
		"sender_tcp_congestion":	"cubic",
		"receiver_tcp_congestion":	"cubic"
	}
}
