{
	"start":	{
		"connected":	[{
				"socket":	5,
				"local_host":	"10.10.10.2",
				"local_port":	42548,
				"remote_host":	"10.10.10.4",
				"remote_port":	5201
			}],
		"version":	"iperf 3.9",
		"system_info":	"Linux zelda 5.10.0-18-amd64 #1 SMP Debian 5.10.140-1 (2022-09-02) x86_64",
		"timestamp":	{
			"time":	"Mon, 29 Jan 2024 00:55:28 GMT",
			"timesecs":	1706489728
		},
		"connecting_to":	{
			"host":	"10.10.10.4",
			"port":	5201
		},
		"cookie":	"6nle23nmtjgupoofgj7nmobaupwudm6iaqi6",
		"tcp_mss_default":	1448,
		"target_bitrate":	9000000000,
		"sock_bufsize":	0,
		"sndbuf_actual":	1000000,
		"rcvbuf_actual":	1000000,
		"test_start":	{
			"protocol":	"TCP",
			"num_streams":	1,
			"blksize":	131072,
			"omit":	0,
			"duration":	70,
			"bytes":	0,
			"blocks":	0,
			"reverse":	0,
			"tos":	0
		}
	},
	"intervals":	[{
			"streams":	[{
					"socket":	5,
					"start":	0,
					"end":	60.00006,
					"seconds":	60.00006103515625,
					"bytes":	7062552576,
					"bits_per_second":	941672718.88097441,
					"retransmits":	0,
					"snd_cwnd":	366344,
					"rtt":	2180,
					"rttvar":	95,
					"pmtu":	9000,
					"omitted":	false,
					"sender":	true
				}],
			"sum":	{
				"start":	0,
				"end":	60.00006,
				"seconds":	60.00006103515625,
				"bytes":	7062552576,
				"bits_per_second":	941672718.88097441,
				"retransmits":	0,
				"omitted":	false,
				"sender":	true
			}
		}, {
			"streams":	[{
					"socket":	5,
					"start":	60.00006,
					"end":	70.000067,
					"seconds":	10.000006675720215,
					"bytes":	1176764416,
					"bits_per_second":	941410904.34041953,
					"retransmits":	0,
					"snd_cwnd":	366344,
					"rtt":	2106,
					"rttvar":	170,
					"pmtu":	9000,
					"omitted":	false,
					"sender":	true
				}],
			"sum":	{
				"start":	60.00006,
				"end":	70.000067,
				"seconds":	10.000006675720215,
				"bytes":	1176764416,
				"bits_per_second":	941410904.34041953,
				"retransmits":	0,
				"omitted":	false,
				"sender":	true
			}
		}],
	"end":	{
		"streams":	[{
				"sender":	{
					"socket":	5,
					"start":	0,
					"end":	70.000067,
					"seconds":	70.000067,
					"bytes":	8239316992,
					"bits_per_second":	941635326.377616,
					"retransmits":	0,
					"max_snd_cwnd":	366344,
					"max_rtt":	2180,
					"min_rtt":	2106,
					"mean_rtt":	2143,
					"sender":	true
				},
				"receiver":	{
					"socket":	5,
					"start":	0,
					"end":	70.043915033340454,
					"seconds":	70.000067,
					"bytes":	8238095568,
					"bits_per_second":	940906351.574291,
					"sender":	true
				}
			}],
		"sum_sent":	{
			"start":	0,
			"end":	70.000067,
			"seconds":	70.000067,
			"bytes":	8239316992,
			"bits_per_second":	941635326.377616,
			"retransmits":	0,
			"sender":	true
		},
		"sum_received":	{
			"start":	0,
			"end":	70.043915033340454,
			"seconds":	70.043915033340454,
			"bytes":	8238095568,
			"bits_per_second":	940906351.574291,
			"sender":	true
		},
		"cpu_utilization_percent":	{
			"host_total":	4.5591366692719371,
			"host_user":	0.1425617064212209,
			"host_system":	4.416573536035127,
			"remote_total":	24.429534862198107,
			"remote_user":	2.1815962685276307,
			"remote_system":	22.247937167659146
		},
		"sender_tcp_congestion":	"cubic",
		"receiver_tcp_congestion":	"cubic"
	}
}
