{
	"start":	{
		"connected":	[{
				"socket":	5,
				"local_host":	"10.10.10.2",
				"local_port":	34206,
				"remote_host":	"10.10.10.4",
				"remote_port":	5201
			}],
		"version":	"iperf 3.9",
		"system_info":	"Linux zelda 5.10.0-18-amd64 #1 SMP Debian 5.10.140-1 (2022-09-02) x86_64",
		"timestamp":	{
			"time":	"Sun, 28 Jan 2024 13:34:38 GMT",
			"timesecs":	1706448878
		},
		"connecting_to":	{
			"host":	"10.10.10.4",
			"port":	5201
		},
		"cookie":	"wfncult54pksfxh6ipcag5r2q6rugezuikse",
		"tcp_mss_default":	1448,
		"target_bitrate":	2000000000,
		"sock_bufsize":	0,
		"sndbuf_actual":	1000000,
		"rcvbuf_actual":	1000000,
		"test_start":	{
			"protocol":	"TCP",
			"num_streams":	1,
			"blksize":	131072,
			"omit":	0,
			"duration":	20,
			"bytes":	0,
			"blocks":	0,
			"reverse":	0,
			"tos":	0
		}
	},
	"intervals":	[{
			"streams":	[{
					"socket":	5,
					"start":	0,
					"end":	20.000068,
					"seconds":	20.000068664550781,
					"bytes":	2354315264,
					"bits_per_second":	941722872.4511,
					"retransmits":	49,
					"snd_cwnd":	366344,
					"rtt":	2190,
					"rttvar":	94,
					"pmtu":	9000,
					"omitted":	false,
					"sender":	true
				}],
			"sum":	{
				"start":	0,
				"end":	20.000068,
				"seconds":	20.000068664550781,
				"bytes":	2354315264,
				"bits_per_second":	941722872.4511,
				"retransmits":	49,
				"omitted":	false,
				"sender":	true
			}
		}],
	"end":	{
		"streams":	[{
				"sender":	{
					"socket":	5,
					"start":	0,
					"end":	20.000068,
					"seconds":	20.000068,
					"bytes":	2354315264,
					"bits_per_second":	941722903.7421273,
					"retransmits":	49,
					"max_snd_cwnd":	366344,
					"max_rtt":	2190,
					"min_rtt":	2190,
					"mean_rtt":	2190,
					"sender":	true
				},
				"receiver":	{
					"socket":	5,
					"start":	0,
					"end":	20.047333955764771,
					"seconds":	20.000068,
					"bytes":	2352974688,
					"bits_per_second":	938967622.60435474,
					"sender":	true
				}
			}],
		"sum_sent":	{
			"start":	0,
			"end":	20.000068,
			"seconds":	20.000068,
			"bytes":	2354315264,
			"bits_per_second":	941722903.7421273,
			"retransmits":	49,
			"sender":	true
		},
		"sum_received":	{
			"start":	0,
			"end":	20.047333955764771,
			"seconds":	20.047333955764771,
			"bytes":	2352974688,
			"bits_per_second":	938967622.60435474,
			"sender":	true
		},
		"cpu_utilization_percent":	{
			"host_total":	4.8308792780205554,
			"host_user":	0.26667339672028356,
			"host_system":	4.56421085915058,
			"remote_total":	26.497803632426166,
			"remote_user":	2.7003351270442844,
			"remote_system":	23.797468505381879
		},
		"sender_tcp_congestion":	"cubic",
		"receiver_tcp_congestion":	"cubic"
	}
}
