{
	"start":	{
		"connected":	[{
				"socket":	5,
				"local_host":	"10.10.10.2",
				"local_port":	39974,
				"remote_host":	"10.10.10.4",
				"remote_port":	5201
			}],
		"version":	"iperf 3.9",
		"system_info":	"Linux zelda 5.10.0-18-amd64 #1 SMP Debian 5.10.140-1 (2022-09-02) x86_64",
		"timestamp":	{
			"time":	"Mon, 29 Jan 2024 01:09:00 GMT",
			"timesecs":	1706490540
		},
		"connecting_to":	{
			"host":	"10.10.10.4",
			"port":	5201
		},
		"cookie":	"ut2lo3so3i3biyg4xp6f3nhql2xnkrgbfmvf",
		"tcp_mss_default":	1448,
		"target_bitrate":	9000000000,
		"sock_bufsize":	0,
		"sndbuf_actual":	1000000,
		"rcvbuf_actual":	1000000,
		"test_start":	{
			"protocol":	"TCP",
			"num_streams":	1,
			"blksize":	131072,
			"omit":	0,
			"duration":	80,
			"bytes":	0,
			"blocks":	0,
			"reverse":	0,
			"tos":	0
		}
	},
	"intervals":	[{
			"streams":	[{
					"socket":	5,
					"start":	0,
					"end":	60.000061,
					"seconds":	60.00006103515625,
					"bytes":	7063076864,
					"bits_per_second":	941742623.87653,
					"retransmits":	0,
					"snd_cwnd":	502456,
					"rtt":	2218,
					"rttvar":	93,
					"pmtu":	9000,
					"omitted":	false,
					"sender":	true
				}],
			"sum":	{
				"start":	0,
				"end":	60.000061,
				"seconds":	60.00006103515625,
				"bytes":	7063076864,
				"bits_per_second":	941742623.87653,
				"retransmits":	0,
				"omitted":	false,
				"sender":	true
			}
		}, {
			"streams":	[{
					"socket":	5,
					"start":	60.000061,
					"end":	80.000067,
					"seconds":	20.0000057220459,
					"bytes":	2353659904,
					"bits_per_second":	941463692.245077,
					"retransmits":	0,
					"snd_cwnd":	502456,
					"rtt":	2758,
					"rttvar":	207,
					"pmtu":	9000,
					"omitted":	false,
					"sender":	true
				}],
			"sum":	{
				"start":	60.000061,
				"end":	80.000067,
				"seconds":	20.0000057220459,
				"bytes":	2353659904,
				"bits_per_second":	941463692.245077,
				"retransmits":	0,
				"omitted":	false,
				"sender":	true
			}
		}],
	"end":	{
		"streams":	[{
				"sender":	{
					"socket":	5,
					"start":	0,
					"end":	80.000067,
					"seconds":	80.000067,
					"bytes":	9416736768,
					"bits_per_second":	941672888.14895618,
					"retransmits":	0,
					"max_snd_cwnd":	502456,
					"max_rtt":	2758,
					"min_rtt":	2218,
					"mean_rtt":	2488,
					"sender":	true
				},
				"receiver":	{
					"socket":	5,
					"start":	0,
					"end":	80.044026851654053,
					"seconds":	80.000067,
					"bytes":	9414953224,
					"bits_per_second":	940977468.95705533,
					"sender":	true
				}
			}],
		"sum_sent":	{
			"start":	0,
			"end":	80.000067,
			"seconds":	80.000067,
			"bytes":	9416736768,
			"bits_per_second":	941672888.14895618,
			"retransmits":	0,
			"sender":	true
		},
		"sum_received":	{
			"start":	0,
			"end":	80.044026851654053,
			"seconds":	80.044026851654053,
			"bytes":	9414953224,
			"bits_per_second":	940977468.95705533,
			"sender":	true
		},
		"cpu_utilization_percent":	{
			"host_total":	4.7077447599895361,
			"host_user":	0.16409073378376449,
			"host_system":	4.54365402620577,
			"remote_total":	26.813042361646261,
			"remote_user":	2.6128609317950211,
			"remote_system":	24.200180181812751
		},
		"sender_tcp_congestion":	"cubic",
		"receiver_tcp_congestion":	"cubic"
	}
}
