{
	"start":	{
		"connected":	[{
				"socket":	5,
				"local_host":	"10.10.10.2",
				"local_port":	39840,
				"remote_host":	"10.10.10.4",
				"remote_port":	5201
			}],
		"version":	"iperf 3.9",
		"system_info":	"Linux zelda 5.10.0-18-amd64 #1 SMP Debian 5.10.140-1 (2022-09-02) x86_64",
		"timestamp":	{
			"time":	"Sun, 28 Jan 2024 19:17:58 GMT",
			"timesecs":	1706469478
		},
		"connecting_to":	{
			"host":	"10.10.10.4",
			"port":	5201
		},
		"cookie":	"szisw53qaksreysts5pf54y7armwh36rzua3",
		"tcp_mss_default":	1448,
		"target_bitrate":	5000000000,
		"sock_bufsize":	0,
		"sndbuf_actual":	1000000,
		"rcvbuf_actual":	1000000,
		"test_start":	{
			"protocol":	"TCP",
			"num_streams":	1,
			"blksize":	131072,
			"omit":	0,
			"duration":	90,
			"bytes":	0,
			"blocks":	0,
			"reverse":	0,
			"tos":	0
		}
	},
	"intervals":	[{
			"streams":	[{
					"socket":	5,
					"start":	0,
					"end":	60.000022,
					"seconds":	60.0000228881836,
					"bytes":	7062814720,
					"bits_per_second":	941708270.100137,
					"retransmits":	0,
					"snd_cwnd":	427160,
					"rtt":	2213,
					"rttvar":	116,
					"pmtu":	9000,
					"omitted":	false,
					"sender":	true
				}],
			"sum":	{
				"start":	0,
				"end":	60.000022,
				"seconds":	60.0000228881836,
				"bytes":	7062814720,
				"bits_per_second":	941708270.100137,
				"retransmits":	0,
				"omitted":	false,
				"sender":	true
			}
		}, {
			"streams":	[{
					"socket":	5,
					"start":	60.000022,
					"end":	90.000068,
					"seconds":	30.000045776367188,
					"bytes":	3530424320,
					"bits_per_second":	941445048.802192,
					"retransmits":	0,
					"snd_cwnd":	427160,
					"rtt":	2280,
					"rttvar":	148,
					"pmtu":	9000,
					"omitted":	false,
					"sender":	true
				}],
			"sum":	{
				"start":	60.000022,
				"end":	90.000068,
				"seconds":	30.000045776367188,
				"bytes":	3530424320,
				"bits_per_second":	941445048.802192,
				"retransmits":	0,
				"omitted":	false,
				"sender":	true
			}
		}],
	"end":	{
		"streams":	[{
				"sender":	{
					"socket":	5,
					"start":	0,
					"end":	90.000068,
					"seconds":	90.000068,
					"bytes":	10593239040,
					"bits_per_second":	941620536.55337238,
					"retransmits":	0,
					"max_snd_cwnd":	427160,
					"max_rtt":	2280,
					"min_rtt":	2213,
					"mean_rtt":	2246,
					"sender":	true
				},
				"receiver":	{
					"socket":	5,
					"start":	0,
					"end":	90.04495906829834,
					"seconds":	90.000068,
					"bytes":	10591807984,
					"bits_per_second":	941023959.01729071,
					"sender":	true
				}
			}],
		"sum_sent":	{
			"start":	0,
			"end":	90.000068,
			"seconds":	90.000068,
			"bytes":	10593239040,
			"bits_per_second":	941620536.55337238,
			"retransmits":	0,
			"sender":	true
		},
		"sum_received":	{
			"start":	0,
			"end":	90.04495906829834,
			"seconds":	90.04495906829834,
			"bytes":	10591807984,
			"bits_per_second":	941023959.01729071,
			"sender":	true
		},
		"cpu_utilization_percent":	{
			"host_total":	4.4286639297196535,
			"host_user":	0.17936149133956195,
			"host_system":	4.2493024383800915,
			"remote_total":	25.948353288280629,
			"remote_user":	2.6101711058405064,
			"remote_system":	23.338179963321068
		},
		"sender_tcp_congestion":	"cubic",
		"receiver_tcp_congestion":	"cubic"
	}
}
