{
	"start":	{
		"connected":	[{
				"socket":	5,
				"local_host":	"10.10.10.2",
				"local_port":	35184,
				"remote_host":	"10.10.10.4",
				"remote_port":	5201
			}],
		"version":	"iperf 3.9",
		"system_info":	"Linux zelda 5.10.0-18-amd64 #1 SMP Debian 5.10.140-1 (2022-09-02) x86_64",
		"timestamp":	{
			"time":	"Sun, 28 Jan 2024 15:43:21 GMT",
			"timesecs":	1706456601
		},
		"connecting_to":	{
			"host":	"10.10.10.4",
			"port":	5201
		},
		"cookie":	"lkba4npz4fsxoinpxk55i7veufwin3qqapgd",
		"tcp_mss_default":	1448,
		"target_bitrate":	3000000000,
		"sock_bufsize":	0,
		"sndbuf_actual":	1000000,
		"rcvbuf_actual":	1000000,
		"test_start":	{
			"protocol":	"TCP",
			"num_streams":	1,
			"blksize":	131072,
			"omit":	0,
			"duration":	70,
			"bytes":	0,
			"blocks":	0,
			"reverse":	0,
			"tos":	0
		}
	},
	"intervals":	[{
			"streams":	[{
					"socket":	5,
					"start":	0,
					"end":	60.000061,
					"seconds":	60.00006103515625,
					"bytes":	7062552576,
					"bits_per_second":	941672718.88097441,
					"retransmits":	0,
					"snd_cwnd":	364896,
					"rtt":	2150,
					"rttvar":	133,
					"pmtu":	9000,
					"omitted":	false,
					"sender":	true
				}],
			"sum":	{
				"start":	0,
				"end":	60.000061,
				"seconds":	60.00006103515625,
				"bytes":	7062552576,
				"bits_per_second":	941672718.88097441,
				"retransmits":	0,
				"omitted":	false,
				"sender":	true
			}
		}, {
			"streams":	[{
					"socket":	5,
					"start":	60.000061,
					"end":	70.000067,
					"seconds":	10.0000057220459,
					"bytes":	1176764416,
					"bits_per_second":	941410994.12030828,
					"retransmits":	0,
					"snd_cwnd":	364896,
					"rtt":	1737,
					"rttvar":	97,
					"pmtu":	9000,
					"omitted":	false,
					"sender":	true
				}],
			"sum":	{
				"start":	60.000061,
				"end":	70.000067,
				"seconds":	10.0000057220459,
				"bytes":	1176764416,
				"bits_per_second":	941410994.12030828,
				"retransmits":	0,
				"omitted":	false,
				"sender":	true
			}
		}],
	"end":	{
		"streams":	[{
				"sender":	{
					"socket":	5,
					"start":	0,
					"end":	70.000067,
					"seconds":	70.000067,
					"bytes":	8239316992,
					"bits_per_second":	941635326.377616,
					"retransmits":	0,
					"max_snd_cwnd":	364896,
					"max_rtt":	2150,
					"min_rtt":	1737,
					"mean_rtt":	1943,
					"sender":	true
				},
				"receiver":	{
					"socket":	5,
					"start":	0,
					"end":	70.044132232666,
					"seconds":	70.000067,
					"bytes":	8238101360,
					"bits_per_second":	940904095.45061672,
					"sender":	true
				}
			}],
		"sum_sent":	{
			"start":	0,
			"end":	70.000067,
			"seconds":	70.000067,
			"bytes":	8239316992,
			"bits_per_second":	941635326.377616,
			"retransmits":	0,
			"sender":	true
		},
		"sum_received":	{
			"start":	0,
			"end":	70.044132232666,
			"seconds":	70.044132232666,
			"bytes":	8238101360,
			"bits_per_second":	940904095.45061672,
			"sender":	true
		},
		"cpu_utilization_percent":	{
			"host_total":	4.0013453943421782,
			"host_user":	0.14861745022518191,
			"host_system":	3.8527279441169968,
			"remote_total":	22.192050826477129,
			"remote_user":	2.1582258304753092,
			"remote_system":	20.033823569990183
		},
		"sender_tcp_congestion":	"cubic",
		"receiver_tcp_congestion":	"cubic"
	}
}
