{
	"start":	{
		"connected":	[{
				"socket":	5,
				"local_host":	"10.10.10.2",
				"local_port":	47726,
				"remote_host":	"10.10.10.4",
				"remote_port":	5201
			}],
		"version":	"iperf 3.9",
		"system_info":	"Linux zelda 5.10.0-18-amd64 #1 SMP Debian 5.10.140-1 (2022-09-02) x86_64",
		"timestamp":	{
			"time":	"Mon, 29 Jan 2024 01:51:49 GMT",
			"timesecs":	1706493109
		},
		"connecting_to":	{
			"host":	"10.10.10.4",
			"port":	5201
		},
		"cookie":	"lwecdhsrt3kxuwjdx3npaf6egpvj253dwnhx",
		"tcp_mss_default":	1448,
		"target_bitrate":	10000000000,
		"sock_bufsize":	0,
		"sndbuf_actual":	1000000,
		"rcvbuf_actual":	1000000,
		"test_start":	{
			"protocol":	"TCP",
			"num_streams":	1,
			"blksize":	131072,
			"omit":	0,
			"duration":	20,
			"bytes":	0,
			"blocks":	0,
			"reverse":	0,
			"tos":	0
		}
	},
	"intervals":	[{
			"streams":	[{
					"socket":	5,
					"start":	0,
					"end":	20.000061,
					"seconds":	20.00006103515625,
					"bytes":	2355232768,
					"bits_per_second":	942090232.168774,
					"retransmits":	0,
					"snd_cwnd":	388064,
					"rtt":	2223,
					"rttvar":	150,
					"pmtu":	9000,
					"omitted":	false,
					"sender":	true
				}],
			"sum":	{
				"start":	0,
				"end":	20.000061,
				"seconds":	20.00006103515625,
				"bytes":	2355232768,
				"bits_per_second":	942090232.168774,
				"retransmits":	0,
				"omitted":	false,
				"sender":	true
			}
		}],
	"end":	{
		"streams":	[{
				"sender":	{
					"socket":	5,
					"start":	0,
					"end":	20.000061,
					"seconds":	20.000061,
					"bytes":	2355232768,
					"bits_per_second":	942090233.824787,
					"retransmits":	0,
					"max_snd_cwnd":	388064,
					"max_rtt":	2223,
					"min_rtt":	2223,
					"mean_rtt":	2223,
					"sender":	true
				},
				"receiver":	{
					"socket":	5,
					"start":	0,
					"end":	20.043931007385254,
					"seconds":	20.000061,
					"bytes":	2353905416,
					"bits_per_second":	939498510.5996207,
					"sender":	true
				}
			}],
		"sum_sent":	{
			"start":	0,
			"end":	20.000061,
			"seconds":	20.000061,
			"bytes":	2355232768,
			"bits_per_second":	942090233.824787,
			"retransmits":	0,
			"sender":	true
		},
		"sum_received":	{
			"start":	0,
			"end":	20.043931007385254,
			"seconds":	20.043931007385254,
			"bytes":	2353905416,
			"bits_per_second":	939498510.5996207,
			"sender":	true
		},
		"cpu_utilization_percent":	{
			"host_total":	3.9104132250662413,
			"host_user":	0.15734500493837869,
			"host_system":	3.7530682201278629,
			"remote_total":	23.359768354627661,
			"remote_user":	2.449791748170342,
			"remote_system":	20.909981576193612
		},
		"sender_tcp_congestion":	"cubic",
		"receiver_tcp_congestion":	"cubic"
	}
}
