{
	"start":	{
		"connected":	[{
				"socket":	5,
				"local_host":	"10.10.10.2",
				"local_port":	59756,
				"remote_host":	"10.10.10.4",
				"remote_port":	5201
			}],
		"version":	"iperf 3.9",
		"system_info":	"Linux zelda 5.10.0-18-amd64 #1 SMP Debian 5.10.140-1 (2022-09-02) x86_64",
		"timestamp":	{
			"time":	"Sun, 28 Jan 2024 22:18:59 GMT",
			"timesecs":	1706480339
		},
		"connecting_to":	{
			"host":	"10.10.10.4",
			"port":	5201
		},
		"cookie":	"hhi2hzjg65ph6qd5jem27kkq75i7q5tx2oqa",
		"tcp_mss_default":	1448,
		"target_bitrate":	7000000000,
		"sock_bufsize":	0,
		"sndbuf_actual":	1000000,
		"rcvbuf_actual":	1000000,
		"test_start":	{
			"protocol":	"TCP",
			"num_streams":	1,
			"blksize":	131072,
			"omit":	0,
			"duration":	90,
			"bytes":	0,
			"blocks":	0,
			"reverse":	0,
			"tos":	0
		}
	},
	"intervals":	[{
			"streams":	[{
					"socket":	5,
					"start":	0,
					"end":	60.000066,
					"seconds":	60.000064849853516,
					"bytes":	7062552576,
					"bits_per_second":	941672659.0111,
					"retransmits":	0,
					"snd_cwnd":	366344,
					"rtt":	1752,
					"rttvar":	119,
					"pmtu":	9000,
					"omitted":	false,
					"sender":	true
				}],
			"sum":	{
				"start":	0,
				"end":	60.000066,
				"seconds":	60.000064849853516,
				"bytes":	7062552576,
				"bits_per_second":	941672659.0111,
				"retransmits":	0,
				"omitted":	false,
				"sender":	true
			}
		}, {
			"streams":	[{
					"socket":	5,
					"start":	60.000066,
					"end":	90.000063,
					"seconds":	29.999996185302734,
					"bytes":	3530555392,
					"bits_per_second":	941481557.58223748,
					"retransmits":	0,
					"snd_cwnd":	366344,
					"rtt":	2200,
					"rttvar":	171,
					"pmtu":	9000,
					"omitted":	false,
					"sender":	true
				}],
			"sum":	{
				"start":	60.000066,
				"end":	90.000063,
				"seconds":	29.999996185302734,
				"bytes":	3530555392,
				"bits_per_second":	941481557.58223748,
				"retransmits":	0,
				"omitted":	false,
				"sender":	true
			}
		}],
	"end":	{
		"streams":	[{
				"sender":	{
					"socket":	5,
					"start":	0,
					"end":	90.000063,
					"seconds":	90.000063,
					"bytes":	10593107968,
					"bits_per_second":	941608938.029299,
					"retransmits":	0,
					"max_snd_cwnd":	366344,
					"max_rtt":	2200,
					"min_rtt":	1752,
					"mean_rtt":	1976,
					"sender":	true
				},
				"receiver":	{
					"socket":	5,
					"start":	0,
					"end":	90.0406401157379,
					"seconds":	90.000063,
					"bytes":	10591806536,
					"bits_per_second":	941068968.18017554,
					"sender":	true
				}
			}],
		"sum_sent":	{
			"start":	0,
			"end":	90.000063,
			"seconds":	90.000063,
			"bytes":	10593107968,
			"bits_per_second":	941608938.029299,
			"retransmits":	0,
			"sender":	true
		},
		"sum_received":	{
			"start":	0,
			"end":	90.0406401157379,
			"seconds":	90.0406401157379,
			"bytes":	10591806536,
			"bits_per_second":	941068968.18017554,
			"sender":	true
		},
		"cpu_utilization_percent":	{
			"host_total":	4.4402667016474551,
			"host_user":	0.20470843498459371,
			"host_system":	4.2355593767411923,
			"remote_total":	25.985669654578864,
			"remote_user":	2.4490483739563289,
			"remote_system":	23.536621280622537
		},
		"sender_tcp_congestion":	"cubic",
		"receiver_tcp_congestion":	"cubic"
	}
}
