{
	"start":	{
		"connected":	[{
				"socket":	5,
				"local_host":	"10.10.10.2",
				"local_port":	58538,
				"remote_host":	"10.10.10.4",
				"remote_port":	5201
			}],
		"version":	"iperf 3.9",
		"system_info":	"Linux zelda 5.10.0-18-amd64 #1 SMP Debian 5.10.140-1 (2022-09-02) x86_64",
		"timestamp":	{
			"time":	"Mon, 29 Jan 2024 01:30:33 GMT",
			"timesecs":	1706491833
		},
		"connecting_to":	{
			"host":	"10.10.10.4",
			"port":	5201
		},
		"cookie":	"qvu33lm2se3q3x2usumxdkzodbn5q7lhkhni",
		"tcp_mss_default":	1448,
		"target_bitrate":	9000000000,
		"sock_bufsize":	0,
		"sndbuf_actual":	1000000,
		"rcvbuf_actual":	1000000,
		"test_start":	{
			"protocol":	"TCP",
			"num_streams":	1,
			"blksize":	131072,
			"omit":	0,
			"duration":	90,
			"bytes":	0,
			"blocks":	0,
			"reverse":	0,
			"tos":	0
		}
	},
	"intervals":	[{
			"streams":	[{
					"socket":	5,
					"start":	0,
					"end":	60.00006,
					"seconds":	60.00006103515625,
					"bytes":	7063076864,
					"bits_per_second":	941742623.87653,
					"retransmits":	0,
					"snd_cwnd":	514040,
					"rtt":	2205,
					"rttvar":	94,
					"pmtu":	9000,
					"omitted":	false,
					"sender":	true
				}],
			"sum":	{
				"start":	0,
				"end":	60.00006,
				"seconds":	60.00006103515625,
				"bytes":	7063076864,
				"bits_per_second":	941742623.87653,
				"retransmits":	0,
				"omitted":	false,
				"sender":	true
			}
		}, {
			"streams":	[{
					"socket":	5,
					"start":	60.00006,
					"end":	90.000077,
					"seconds":	30.0000171661377,
					"bytes":	3530555392,
					"bits_per_second":	941480899.146975,
					"retransmits":	0,
					"snd_cwnd":	514040,
					"rtt":	2798,
					"rttvar":	166,
					"pmtu":	9000,
					"omitted":	false,
					"sender":	true
				}],
			"sum":	{
				"start":	60.00006,
				"end":	90.000077,
				"seconds":	30.0000171661377,
				"bytes":	3530555392,
				"bits_per_second":	941480899.146975,
				"retransmits":	0,
				"omitted":	false,
				"sender":	true
			}
		}],
	"end":	{
		"streams":	[{
				"sender":	{
					"socket":	5,
					"start":	0,
					"end":	90.000077,
					"seconds":	90.000077,
					"bytes":	10593632256,
					"bits_per_second":	941655394.8948288,
					"retransmits":	0,
					"max_snd_cwnd":	514040,
					"max_rtt":	2798,
					"min_rtt":	2205,
					"mean_rtt":	2501,
					"sender":	true
				},
				"receiver":	{
					"socket":	5,
					"start":	0,
					"end":	90.044110059738159,
					"seconds":	90.000077,
					"bytes":	10591805088,
					"bits_per_second":	941032574.454725,
					"sender":	true
				}
			}],
		"sum_sent":	{
			"start":	0,
			"end":	90.000077,
			"seconds":	90.000077,
			"bytes":	10593632256,
			"bits_per_second":	941655394.8948288,
			"retransmits":	0,
			"sender":	true
		},
		"sum_received":	{
			"start":	0,
			"end":	90.044110059738159,
			"seconds":	90.044110059738159,
			"bytes":	10591805088,
			"bits_per_second":	941032574.454725,
			"sender":	true
		},
		"cpu_utilization_percent":	{
			"host_total":	4.6705539041438184,
			"host_user":	0.0972608618526553,
			"host_system":	4.57329415235955,
			"remote_total":	26.6786129294999,
			"remote_user":	2.5192875410493971,
			"remote_system":	24.1593253884505
		},
		"sender_tcp_congestion":	"cubic",
		"receiver_tcp_congestion":	"cubic"
	}
}
