{
	"start":	{
		"connected":	[{
				"socket":	5,
				"local_host":	"10.10.10.2",
				"local_port":	35264,
				"remote_host":	"10.10.10.4",
				"remote_port":	5201
			}],
		"version":	"iperf 3.9",
		"system_info":	"Linux zelda 5.10.0-18-amd64 #1 SMP Debian 5.10.140-1 (2022-09-02) x86_64",
		"timestamp":	{
			"time":	"Sun, 28 Jan 2024 12:13:22 GMT",
			"timesecs":	1706444002
		},
		"connecting_to":	{
			"host":	"10.10.10.4",
			"port":	5201
		},
		"cookie":	"5uskilc4dt3tszifivbfa3djfdshwfgyiudu",
		"tcp_mss_default":	1448,
		"target_bitrate":	1000000000,
		"sock_bufsize":	0,
		"sndbuf_actual":	1000000,
		"rcvbuf_actual":	1000000,
		"test_start":	{
			"protocol":	"TCP",
			"num_streams":	1,
			"blksize":	131072,
			"omit":	0,
			"duration":	40,
			"bytes":	0,
			"blocks":	0,
			"reverse":	0,
			"tos":	0
		}
	},
	"intervals":	[{
			"streams":	[{
					"socket":	5,
					"start":	0,
					"end":	40.000067,
					"seconds":	40.000068664550781,
					"bytes":	4709285888,
					"bits_per_second":	941855560.79777539,
					"retransmits":	0,
					"snd_cwnd":	495216,
					"rtt":	2713,
					"rttvar":	195,
					"pmtu":	9000,
					"omitted":	false,
					"sender":	true
				}],
			"sum":	{
				"start":	0,
				"end":	40.000067,
				"seconds":	40.000068664550781,
				"bytes":	4709285888,
				"bits_per_second":	941855560.79777539,
				"retransmits":	0,
				"omitted":	false,
				"sender":	true
			}
		}],
	"end":	{
		"streams":	[{
				"sender":	{
					"socket":	5,
					"start":	0,
					"end":	40.000067,
					"seconds":	40.000067,
					"bytes":	4709285888,
					"bits_per_second":	941855599.99187,
					"retransmits":	0,
					"max_snd_cwnd":	495216,
					"max_rtt":	2713,
					"min_rtt":	2713,
					"mean_rtt":	2713,
					"sender":	true
				},
				"receiver":	{
					"socket":	5,
					"start":	0,
					"end":	40.0442500114441,
					"seconds":	40.000067,
					"bytes":	4707501800,
					"bits_per_second":	940459975.882612,
					"sender":	true
				}
			}],
		"sum_sent":	{
			"start":	0,
			"end":	40.000067,
			"seconds":	40.000067,
			"bytes":	4709285888,
			"bits_per_second":	941855599.99187,
			"retransmits":	0,
			"sender":	true
		},
		"sum_received":	{
			"start":	0,
			"end":	40.0442500114441,
			"seconds":	40.0442500114441,
			"bytes":	4707501800,
			"bits_per_second":	940459975.882612,
			"sender":	true
		},
		"cpu_utilization_percent":	{
			"host_total":	4.67108205655627,
			"host_user":	0.19834082383083257,
			"host_system":	4.4727412327254381,
			"remote_total":	26.209562327496922,
			"remote_user":	2.4567401672138924,
			"remote_system":	23.752819668116718
		},
		"sender_tcp_congestion":	"cubic",
		"receiver_tcp_congestion":	"cubic"
	}
}
