{
	"start":	{
		"connected":	[{
				"socket":	5,
				"local_host":	"10.10.10.2",
				"local_port":	52180,
				"remote_host":	"10.10.10.4",
				"remote_port":	5201
			}],
		"version":	"iperf 3.9",
		"system_info":	"Linux zelda 5.10.0-18-amd64 #1 SMP Debian 5.10.140-1 (2022-09-02) x86_64",
		"timestamp":	{
			"time":	"Mon, 29 Jan 2024 02:58:04 GMT",
			"timesecs":	1706497084
		},
		"connecting_to":	{
			"host":	"10.10.10.4",
			"port":	5201
		},
		"cookie":	"5h5b67rqfxw6m6jwqwdvddgwhs2wrf3gwtuc",
		"tcp_mss_default":	1448,
		"target_bitrate":	10000000000,
		"sock_bufsize":	0,
		"sndbuf_actual":	1000000,
		"rcvbuf_actual":	1000000,
		"test_start":	{
			"protocol":	"TCP",
			"num_streams":	1,
			"blksize":	131072,
			"omit":	0,
			"duration":	90,
			"bytes":	0,
			"blocks":	0,
			"reverse":	0,
			"tos":	0
		}
	},
	"intervals":	[{
			"streams":	[{
					"socket":	5,
					"start":	0,
					"end":	60.00006,
					"seconds":	60.00006103515625,
					"bytes":	7062552576,
					"bits_per_second":	941672718.88097441,
					"retransmits":	0,
					"snd_cwnd":	367792,
					"rtt":	2305,
					"rttvar":	150,
					"pmtu":	9000,
					"omitted":	false,
					"sender":	true
				}],
			"sum":	{
				"start":	0,
				"end":	60.00006,
				"seconds":	60.00006103515625,
				"bytes":	7062552576,
				"bits_per_second":	941672718.88097441,
				"retransmits":	0,
				"omitted":	false,
				"sender":	true
			}
		}, {
			"streams":	[{
					"socket":	5,
					"start":	60.00006,
					"end":	90.000068,
					"seconds":	30.000007629394531,
					"bytes":	3530555392,
					"bits_per_second":	941481198.43561649,
					"retransmits":	0,
					"snd_cwnd":	367792,
					"rtt":	1960,
					"rttvar":	177,
					"pmtu":	9000,
					"omitted":	false,
					"sender":	true
				}],
			"sum":	{
				"start":	60.00006,
				"end":	90.000068,
				"seconds":	30.000007629394531,
				"bytes":	3530555392,
				"bits_per_second":	941481198.43561649,
				"retransmits":	0,
				"omitted":	false,
				"sender":	true
			}
		}],
	"end":	{
		"streams":	[{
				"sender":	{
					"socket":	5,
					"start":	0,
					"end":	90.000068,
					"seconds":	90.000068,
					"bytes":	10593107968,
					"bits_per_second":	941608885.71773076,
					"retransmits":	0,
					"max_snd_cwnd":	367792,
					"max_rtt":	2305,
					"min_rtt":	1960,
					"mean_rtt":	2132,
					"sender":	true
				},
				"receiver":	{
					"socket":	5,
					"start":	0,
					"end":	90.0441918373108,
					"seconds":	90.000068,
					"bytes":	10591781584,
					"bits_per_second":	941029631.595732,
					"sender":	true
				}
			}],
		"sum_sent":	{
			"start":	0,
			"end":	90.000068,
			"seconds":	90.000068,
			"bytes":	10593107968,
			"bits_per_second":	941608885.71773076,
			"retransmits":	0,
			"sender":	true
		},
		"sum_received":	{
			"start":	0,
			"end":	90.0441918373108,
			"seconds":	90.0441918373108,
			"bytes":	10591781584,
			"bits_per_second":	941029631.595732,
			"sender":	true
		},
		"cpu_utilization_percent":	{
			"host_total":	4.449597390706554,
			"host_user":	0.14224339898674,
			"host_system":	4.3073539917198147,
			"remote_total":	27.347143741107942,
			"remote_user":	2.9842567830927038,
			"remote_system":	24.362885848501953
		},
		"sender_tcp_congestion":	"cubic",
		"receiver_tcp_congestion":	"cubic"
	}
}
