{
	"start":	{
		"connected":	[{
				"socket":	5,
				"local_host":	"10.10.10.2",
				"local_port":	40778,
				"remote_host":	"10.10.10.4",
				"remote_port":	5201
			}],
		"version":	"iperf 3.9",
		"system_info":	"Linux zelda 5.10.0-18-amd64 #1 SMP Debian 5.10.140-1 (2022-09-02) x86_64",
		"timestamp":	{
			"time":	"Sun, 28 Jan 2024 18:54:24 GMT",
			"timesecs":	1706468064
		},
		"connecting_to":	{
			"host":	"10.10.10.4",
			"port":	5201
		},
		"cookie":	"qw5c4klbkqpqtbhlplwp3tgjblw2d5nq7xkc",
		"tcp_mss_default":	1448,
		"target_bitrate":	5000000000,
		"sock_bufsize":	0,
		"sndbuf_actual":	1000000,
		"rcvbuf_actual":	1000000,
		"test_start":	{
			"protocol":	"TCP",
			"num_streams":	1,
			"blksize":	131072,
			"omit":	0,
			"duration":	70,
			"bytes":	0,
			"blocks":	0,
			"reverse":	0,
			"tos":	0
		}
	},
	"intervals":	[{
			"streams":	[{
					"socket":	5,
					"start":	0,
					"end":	60.000059,
					"seconds":	60.000057220458984,
					"bytes":	7063076864,
					"bits_per_second":	941742683.75085652,
					"retransmits":	0,
					"snd_cwnd":	499560,
					"rtt":	2710,
					"rttvar":	107,
					"pmtu":	9000,
					"omitted":	false,
					"sender":	true
				}],
			"sum":	{
				"start":	0,
				"end":	60.000059,
				"seconds":	60.000057220458984,
				"bytes":	7063076864,
				"bits_per_second":	941742683.75085652,
				"retransmits":	0,
				"omitted":	false,
				"sender":	true
			}
		}, {
			"streams":	[{
					"socket":	5,
					"start":	60.000059,
					"end":	70.000068,
					"seconds":	10.000008583068848,
					"bytes":	1176764416,
					"bits_per_second":	941410724.78069353,
					"retransmits":	0,
					"snd_cwnd":	499560,
					"rtt":	2497,
					"rttvar":	207,
					"pmtu":	9000,
					"omitted":	false,
					"sender":	true
				}],
			"sum":	{
				"start":	60.000059,
				"end":	70.000068,
				"seconds":	10.000008583068848,
				"bytes":	1176764416,
				"bits_per_second":	941410724.78069353,
				"retransmits":	0,
				"omitted":	false,
				"sender":	true
			}
		}],
	"end":	{
		"streams":	[{
				"sender":	{
					"socket":	5,
					"start":	0,
					"end":	70.000068,
					"seconds":	70.000068,
					"bytes":	8239841280,
					"bits_per_second":	941695231.496061,
					"retransmits":	0,
					"max_snd_cwnd":	499560,
					"max_rtt":	2710,
					"min_rtt":	2497,
					"mean_rtt":	2603,
					"sender":	true
				},
				"receiver":	{
					"socket":	5,
					"start":	0,
					"end":	70.040755033493042,
					"seconds":	70.000068,
					"bytes":	8238095568,
					"bits_per_second":	940948802.05795562,
					"sender":	true
				}
			}],
		"sum_sent":	{
			"start":	0,
			"end":	70.000068,
			"seconds":	70.000068,
			"bytes":	8239841280,
			"bits_per_second":	941695231.496061,
			"retransmits":	0,
			"sender":	true
		},
		"sum_received":	{
			"start":	0,
			"end":	70.040755033493042,
			"seconds":	70.040755033493042,
			"bytes":	8238095568,
			"bits_per_second":	940948802.05795562,
			"sender":	true
		},
		"cpu_utilization_percent":	{
			"host_total":	4.2817113153195443,
			"host_user":	0.14914734785997408,
			"host_system":	4.13256396745957,
			"remote_total":	26.279778665178622,
			"remote_user":	2.5005320397753978,
			"remote_system":	23.779246625403225
		},
		"sender_tcp_congestion":	"cubic",
		"receiver_tcp_congestion":	"cubic"
	}
}
