{
	"start":	{
		"connected":	[{
				"socket":	5,
				"local_host":	"10.10.10.2",
				"local_port":	45384,
				"remote_host":	"10.10.10.4",
				"remote_port":	5201
			}],
		"version":	"iperf 3.9",
		"system_info":	"Linux zelda 5.10.0-18-amd64 #1 SMP Debian 5.10.140-1 (2022-09-02) x86_64",
		"timestamp":	{
			"time":	"Mon, 29 Jan 2024 00:25:20 GMT",
			"timesecs":	1706487920
		},
		"connecting_to":	{
			"host":	"10.10.10.4",
			"port":	5201
		},
		"cookie":	"v2qoippdsx5szvubjboyj4dmjaehajnihlxb",
		"tcp_mss_default":	1448,
		"target_bitrate":	9000000000,
		"sock_bufsize":	0,
		"sndbuf_actual":	1000000,
		"rcvbuf_actual":	1000000,
		"test_start":	{
			"protocol":	"TCP",
			"num_streams":	1,
			"blksize":	131072,
			"omit":	0,
			"duration":	30,
			"bytes":	0,
			"blocks":	0,
			"reverse":	0,
			"tos":	0
		}
	},
	"intervals":	[{
			"streams":	[{
					"socket":	5,
					"start":	0,
					"end":	30.000067,
					"seconds":	30.000066757202148,
					"bytes":	3532259328,
					"bits_per_second":	941933724.771331,
					"retransmits":	0,
					"snd_cwnd":	424264,
					"rtt":	2196,
					"rttvar":	154,
					"pmtu":	9000,
					"omitted":	false,
					"sender":	true
				}],
			"sum":	{
				"start":	0,
				"end":	30.000067,
				"seconds":	30.000066757202148,
				"bytes":	3532259328,
				"bits_per_second":	941933724.771331,
				"retransmits":	0,
				"omitted":	false,
				"sender":	true
			}
		}],
	"end":	{
		"streams":	[{
				"sender":	{
					"socket":	5,
					"start":	0,
					"end":	30.000067,
					"seconds":	30.000067,
					"bytes":	3532259328,
					"bits_per_second":	941933717.14803171,
					"retransmits":	0,
					"max_snd_cwnd":	424264,
					"max_rtt":	2196,
					"min_rtt":	2196,
					"mean_rtt":	2196,
					"sender":	true
				},
				"receiver":	{
					"socket":	5,
					"start":	0,
					"end":	30.044229030609131,
					"seconds":	30.000067,
					"bytes":	3530741688,
					"bits_per_second":	940145059.978839,
					"sender":	true
				}
			}],
		"sum_sent":	{
			"start":	0,
			"end":	30.000067,
			"seconds":	30.000067,
			"bytes":	3532259328,
			"bits_per_second":	941933717.14803171,
			"retransmits":	0,
			"sender":	true
		},
		"sum_received":	{
			"start":	0,
			"end":	30.044229030609131,
			"seconds":	30.044229030609131,
			"bytes":	3530741688,
			"bits_per_second":	940145059.978839,
			"sender":	true
		},
		"cpu_utilization_percent":	{
			"host_total":	4.09504077001719,
			"host_user":	0.21617278213323562,
			"host_system":	3.87886466393866,
			"remote_total":	27.049265501281333,
			"remote_user":	2.6309245858344039,
			"remote_system":	24.41834091544693
		},
		"sender_tcp_congestion":	"cubic",
		"receiver_tcp_congestion":	"cubic"
	}
}
