{
	"start":	{
		"connected":	[{
				"socket":	5,
				"local_host":	"10.10.10.2",
				"local_port":	53476,
				"remote_host":	"10.10.10.4",
				"remote_port":	5201
			}],
		"version":	"iperf 3.9",
		"system_info":	"Linux zelda 5.10.0-18-amd64 #1 SMP Debian 5.10.140-1 (2022-09-02) x86_64",
		"timestamp":	{
			"time":	"Sun, 28 Jan 2024 12:02:37 GMT",
			"timesecs":	1706443357
		},
		"connecting_to":	{
			"host":	"10.10.10.4",
			"port":	5201
		},
		"cookie":	"g2ztygc4u3gv2v266z6a6csve5araim4oi6o",
		"tcp_mss_default":	1448,
		"target_bitrate":	1000000000,
		"sock_bufsize":	0,
		"sndbuf_actual":	1000000,
		"rcvbuf_actual":	1000000,
		"test_start":	{
			"protocol":	"TCP",
			"num_streams":	1,
			"blksize":	131072,
			"omit":	0,
			"duration":	20,
			"bytes":	0,
			"blocks":	0,
			"reverse":	0,
			"tos":	0
		}
	},
	"intervals":	[{
			"streams":	[{
					"socket":	5,
					"start":	0,
					"end":	20.000068,
					"seconds":	20.000068664550781,
					"bytes":	2354708480,
					"bits_per_second":	941880158.311102,
					"retransmits":	0,
					"snd_cwnd":	369240,
					"rtt":	2177,
					"rttvar":	146,
					"pmtu":	9000,
					"omitted":	false,
					"sender":	true
				}],
			"sum":	{
				"start":	0,
				"end":	20.000068,
				"seconds":	20.000068664550781,
				"bytes":	2354708480,
				"bits_per_second":	941880158.311102,
				"retransmits":	0,
				"omitted":	false,
				"sender":	true
			}
		}],
	"end":	{
		"streams":	[{
				"sender":	{
					"socket":	5,
					"start":	0,
					"end":	20.000068,
					"seconds":	20.000068,
					"bytes":	2354708480,
					"bits_per_second":	941880189.60735536,
					"retransmits":	0,
					"max_snd_cwnd":	369240,
					"max_rtt":	2177,
					"min_rtt":	2177,
					"mean_rtt":	2177,
					"sender":	true
				},
				"receiver":	{
					"socket":	5,
					"start":	0,
					"end":	20.04466700553894,
					"seconds":	20.000068,
					"bytes":	2353464336,
					"bits_per_second":	939287975.340141,
					"sender":	true
				}
			}],
		"sum_sent":	{
			"start":	0,
			"end":	20.000068,
			"seconds":	20.000068,
			"bytes":	2354708480,
			"bits_per_second":	941880189.60735536,
			"retransmits":	0,
			"sender":	true
		},
		"sum_received":	{
			"start":	0,
			"end":	20.04466700553894,
			"seconds":	20.04466700553894,
			"bytes":	2353464336,
			"bits_per_second":	939287975.340141,
			"sender":	true
		},
		"cpu_utilization_percent":	{
			"host_total":	4.6473374370511218,
			"host_user":	0.2101490203715369,
			"host_system":	4.437188416679585,
			"remote_total":	27.4236611703183,
			"remote_user":	2.512090189276782,
			"remote_system":	24.911566012351468
		},
		"sender_tcp_congestion":	"cubic",
		"receiver_tcp_congestion":	"cubic"
	}
}
