{
	"start":	{
		"connected":	[{
				"socket":	5,
				"local_host":	"10.10.10.2",
				"local_port":	38798,
				"remote_host":	"10.10.10.4",
				"remote_port":	5201
			}],
		"version":	"iperf 3.9",
		"system_info":	"Linux zelda 5.10.0-18-amd64 #1 SMP Debian 5.10.140-1 (2022-09-02) x86_64",
		"timestamp":	{
			"time":	"Sun, 28 Jan 2024 22:44:43 GMT",
			"timesecs":	1706481883
		},
		"connecting_to":	{
			"host":	"10.10.10.4",
			"port":	5201
		},
		"cookie":	"p6na7azv3uvhcft33u6egprrysvvbnqlnqdt",
		"tcp_mss_default":	1448,
		"target_bitrate":	8000000000,
		"sock_bufsize":	0,
		"sndbuf_actual":	1000000,
		"rcvbuf_actual":	1000000,
		"test_start":	{
			"protocol":	"TCP",
			"num_streams":	1,
			"blksize":	131072,
			"omit":	0,
			"duration":	10,
			"bytes":	0,
			"blocks":	0,
			"reverse":	0,
			"tos":	0
		}
	},
	"intervals":	[{
			"streams":	[{
					"socket":	5,
					"start":	0,
					"end":	10.000079,
					"seconds":	10.000079154968262,
					"bytes":	1178337280,
					"bits_per_second":	942662362.35906255,
					"retransmits":	0,
					"snd_cwnd":	366344,
					"rtt":	2218,
					"rttvar":	92,
					"pmtu":	9000,
					"omitted":	false,
					"sender":	true
				}],
			"sum":	{
				"start":	0,
				"end":	10.000079,
				"seconds":	10.000079154968262,
				"bytes":	1178337280,
				"bits_per_second":	942662362.35906255,
				"retransmits":	0,
				"omitted":	false,
				"sender":	true
			}
		}],
	"end":	{
		"streams":	[{
				"sender":	{
					"socket":	5,
					"start":	0,
					"end":	10.000079,
					"seconds":	10.000079,
					"bytes":	1178337280,
					"bits_per_second":	942662376.967222,
					"retransmits":	0,
					"max_snd_cwnd":	366344,
					"max_rtt":	2218,
					"min_rtt":	2218,
					"mean_rtt":	2218,
					"sender":	true
				},
				"receiver":	{
					"socket":	5,
					"start":	0,
					"end":	10.048157930374146,
					"seconds":	10.000079,
					"bytes":	1177036512,
					"bits_per_second":	937116251.679912,
					"sender":	true
				}
			}],
		"sum_sent":	{
			"start":	0,
			"end":	10.000079,
			"seconds":	10.000079,
			"bytes":	1178337280,
			"bits_per_second":	942662376.967222,
			"retransmits":	0,
			"sender":	true
		},
		"sum_received":	{
			"start":	0,
			"end":	10.048157930374146,
			"seconds":	10.048157930374146,
			"bytes":	1177036512,
			"bits_per_second":	937116251.679912,
			"sender":	true
		},
		"cpu_utilization_percent":	{
			"host_total":	4.15415027519048,
			"host_user":	0.31305927333539341,
			"host_system":	3.8410810911524975,
			"remote_total":	25.718419598310916,
			"remote_user":	2.563002454409022,
			"remote_system":	23.1554171439019
		},
		"sender_tcp_congestion":	"cubic",
		"receiver_tcp_congestion":	"cubic"
	}
}
