{
	"start":	{
		"connected":	[{
				"socket":	5,
				"local_host":	"10.10.10.2",
				"local_port":	48174,
				"remote_host":	"10.10.10.4",
				"remote_port":	5201
			}],
		"version":	"iperf 3.9",
		"system_info":	"Linux zelda 5.10.0-18-amd64 #1 SMP Debian 5.10.140-1 (2022-09-02) x86_64",
		"timestamp":	{
			"time":	"Mon, 29 Jan 2024 00:48:57 GMT",
			"timesecs":	1706489337
		},
		"connecting_to":	{
			"host":	"10.10.10.4",
			"port":	5201
		},
		"cookie":	"66fqp3qyhkcbxkghfw6smaw4dkmygj4ukjgr",
		"tcp_mss_default":	1448,
		"target_bitrate":	9000000000,
		"sock_bufsize":	0,
		"sndbuf_actual":	1000000,
		"rcvbuf_actual":	1000000,
		"test_start":	{
			"protocol":	"TCP",
			"num_streams":	1,
			"blksize":	131072,
			"omit":	0,
			"duration":	60,
			"bytes":	0,
			"blocks":	0,
			"reverse":	0,
			"tos":	0
		}
	},
	"intervals":	[{
			"streams":	[{
					"socket":	5,
					"start":	0,
					"end":	60.000068,
					"seconds":	60.000068664550781,
					"bytes":	7063470080,
					"bits_per_second":	941794932.8679,
					"retransmits":	0,
					"snd_cwnd":	608160,
					"rtt":	2188,
					"rttvar":	86,
					"pmtu":	9000,
					"omitted":	false,
					"sender":	true
				}],
			"sum":	{
				"start":	0,
				"end":	60.000068,
				"seconds":	60.000068664550781,
				"bytes":	7063470080,
				"bits_per_second":	941794932.8679,
				"retransmits":	0,
				"omitted":	false,
				"sender":	true
			}
		}],
	"end":	{
		"streams":	[{
				"sender":	{
					"socket":	5,
					"start":	0,
					"end":	60.000068,
					"seconds":	60.000068,
					"bytes":	7063470080,
					"bits_per_second":	941794943.29906428,
					"retransmits":	0,
					"max_snd_cwnd":	608160,
					"max_rtt":	2188,
					"min_rtt":	2188,
					"mean_rtt":	2188,
					"sender":	true
				},
				"receiver":	{
					"socket":	5,
					"start":	0,
					"end":	60.044938087463379,
					"seconds":	60.000068,
					"bytes":	7061371128,
					"bits_per_second":	940811512.56602919,
					"sender":	true
				}
			}],
		"sum_sent":	{
			"start":	0,
			"end":	60.000068,
			"seconds":	60.000068,
			"bytes":	7063470080,
			"bits_per_second":	941794943.29906428,
			"retransmits":	0,
			"sender":	true
		},
		"sum_received":	{
			"start":	0,
			"end":	60.044938087463379,
			"seconds":	60.044938087463379,
			"bytes":	7061371128,
			"bits_per_second":	940811512.56602919,
			"sender":	true
		},
		"cpu_utilization_percent":	{
			"host_total":	4.3291022385185149,
			"host_user":	0.18745729649791965,
			"host_system":	4.14164327777499,
			"remote_total":	26.3201029134541,
			"remote_user":	2.76303491307796,
			"remote_system":	23.557068000376137
		},
		"sender_tcp_congestion":	"cubic",
		"receiver_tcp_congestion":	"cubic"
	}
}
