{
	"start":	{
		"connected":	[{
				"socket":	5,
				"local_host":	"10.10.10.2",
				"local_port":	46558,
				"remote_host":	"10.10.10.4",
				"remote_port":	5201
			}],
		"version":	"iperf 3.9",
		"system_info":	"Linux zelda 5.10.0-18-amd64 #1 SMP Debian 5.10.140-1 (2022-09-02) x86_64",
		"timestamp":	{
			"time":	"Sun, 28 Jan 2024 12:36:58 GMT",
			"timesecs":	1706445418
		},
		"connecting_to":	{
			"host":	"10.10.10.4",
			"port":	5201
		},
		"cookie":	"7uwfgr2br43fzipabgmnyzvz7gxox3oyo4bb",
		"tcp_mss_default":	1448,
		"target_bitrate":	1000000000,
		"sock_bufsize":	0,
		"sndbuf_actual":	1000000,
		"rcvbuf_actual":	1000000,
		"test_start":	{
			"protocol":	"TCP",
			"num_streams":	1,
			"blksize":	131072,
			"omit":	0,
			"duration":	70,
			"bytes":	0,
			"blocks":	0,
			"reverse":	0,
			"tos":	0
		}
	},
	"intervals":	[{
			"streams":	[{
					"socket":	5,
					"start":	0,
					"end":	60.000022,
					"seconds":	60.0000228881836,
					"bytes":	7062552576,
					"bits_per_second":	941673317.580137,
					"retransmits":	0,
					"snd_cwnd":	380824,
					"rtt":	2230,
					"rttvar":	96,
					"pmtu":	9000,
					"omitted":	false,
					"sender":	true
				}],
			"sum":	{
				"start":	0,
				"end":	60.000022,
				"seconds":	60.0000228881836,
				"bytes":	7062552576,
				"bits_per_second":	941673317.580137,
				"retransmits":	0,
				"omitted":	false,
				"sender":	true
			}
		}, {
			"streams":	[{
					"socket":	5,
					"start":	60.000022,
					"end":	70.000067,
					"seconds":	10.000044822692871,
					"bytes":	1176764416,
					"bits_per_second":	941407313.15891361,
					"retransmits":	0,
					"snd_cwnd":	380824,
					"rtt":	2195,
					"rttvar":	95,
					"pmtu":	9000,
					"omitted":	false,
					"sender":	true
				}],
			"sum":	{
				"start":	60.000022,
				"end":	70.000067,
				"seconds":	10.000044822692871,
				"bytes":	1176764416,
				"bits_per_second":	941407313.15891361,
				"retransmits":	0,
				"omitted":	false,
				"sender":	true
			}
		}],
	"end":	{
		"streams":	[{
				"sender":	{
					"socket":	5,
					"start":	0,
					"end":	70.000067,
					"seconds":	70.000067,
					"bytes":	8239316992,
					"bits_per_second":	941635326.377616,
					"retransmits":	0,
					"max_snd_cwnd":	380824,
					"max_rtt":	2230,
					"min_rtt":	2195,
					"mean_rtt":	2212,
					"sender":	true
				},
				"receiver":	{
					"socket":	5,
					"start":	0,
					"end":	70.044327020645142,
					"seconds":	70.000067,
					"bytes":	8238066080,
					"bits_per_second":	940897449.41906631,
					"sender":	true
				}
			}],
		"sum_sent":	{
			"start":	0,
			"end":	70.000067,
			"seconds":	70.000067,
			"bytes":	8239316992,
			"bits_per_second":	941635326.377616,
			"retransmits":	0,
			"sender":	true
		},
		"sum_received":	{
			"start":	0,
			"end":	70.044327020645142,
			"seconds":	70.044327020645142,
			"bytes":	8238066080,
			"bits_per_second":	940897449.41906631,
			"sender":	true
		},
		"cpu_utilization_percent":	{
			"host_total":	4.63280426571911,
			"host_user":	0.12631447079660058,
			"host_system":	4.50649122173712,
			"remote_total":	22.749848633280337,
			"remote_user":	2.0742819832898327,
			"remote_system":	20.675565223986879
		},
		"sender_tcp_congestion":	"cubic",
		"receiver_tcp_congestion":	"cubic"
	}
}
