{
	"start":	{
		"connected":	[{
				"socket":	5,
				"local_host":	"10.10.10.2",
				"local_port":	59220,
				"remote_host":	"10.10.10.4",
				"remote_port":	5201
			}],
		"version":	"iperf 3.9",
		"system_info":	"Linux zelda 5.10.0-18-amd64 #1 SMP Debian 5.10.140-1 (2022-09-02) x86_64",
		"timestamp":	{
			"time":	"Mon, 29 Jan 2024 01:51:08 GMT",
			"timesecs":	1706493068
		},
		"connecting_to":	{
			"host":	"10.10.10.4",
			"port":	5201
		},
		"cookie":	"2p6krdg4fjlh2qquqvegpdhypa3ix2jzga7w",
		"tcp_mss_default":	1448,
		"target_bitrate":	10000000000,
		"sock_bufsize":	0,
		"sndbuf_actual":	1000000,
		"rcvbuf_actual":	1000000,
		"test_start":	{
			"protocol":	"TCP",
			"num_streams":	1,
			"blksize":	131072,
			"omit":	0,
			"duration":	20,
			"bytes":	0,
			"blocks":	0,
			"reverse":	0,
			"tos":	0
		}
	},
	"intervals":	[{
			"streams":	[{
					"socket":	5,
					"start":	0,
					"end":	20.000067,
					"seconds":	20.000066757202148,
					"bytes":	2355101696,
					"bits_per_second":	942037534.01049554,
					"retransmits":	0,
					"snd_cwnd":	366344,
					"rtt":	1956,
					"rttvar":	202,
					"pmtu":	9000,
					"omitted":	false,
					"sender":	true
				}],
			"sum":	{
				"start":	0,
				"end":	20.000067,
				"seconds":	20.000066757202148,
				"bytes":	2355101696,
				"bits_per_second":	942037534.01049554,
				"retransmits":	0,
				"omitted":	false,
				"sender":	true
			}
		}],
	"end":	{
		"streams":	[{
				"sender":	{
					"socket":	5,
					"start":	0,
					"end":	20.000067,
					"seconds":	20.000067,
					"bytes":	2355101696,
					"bits_per_second":	942037522.57429934,
					"retransmits":	0,
					"max_snd_cwnd":	366344,
					"max_rtt":	1956,
					"min_rtt":	1956,
					"mean_rtt":	1956,
					"sender":	true
				},
				"receiver":	{
					"socket":	5,
					"start":	0,
					"end":	20.0437479019165,
					"seconds":	20.000067,
					"bytes":	2353891272,
					"bits_per_second":	939501447.94025481,
					"sender":	true
				}
			}],
		"sum_sent":	{
			"start":	0,
			"end":	20.000067,
			"seconds":	20.000067,
			"bytes":	2355101696,
			"bits_per_second":	942037522.57429934,
			"retransmits":	0,
			"sender":	true
		},
		"sum_received":	{
			"start":	0,
			"end":	20.0437479019165,
			"seconds":	20.0437479019165,
			"bytes":	2353891272,
			"bits_per_second":	939501447.94025481,
			"sender":	true
		},
		"cpu_utilization_percent":	{
			"host_total":	4.77739813995832,
			"host_user":	0.15968118919052385,
			"host_system":	4.6177119727090874,
			"remote_total":	27.1405214590638,
			"remote_user":	2.7769395713777123,
			"remote_system":	24.363576918901234
		},
		"sender_tcp_congestion":	"cubic",
		"receiver_tcp_congestion":	"cubic"
	}
}
