{
	"start":	{
		"connected":	[{
				"socket":	5,
				"local_host":	"10.10.10.2",
				"local_port":	60250,
				"remote_host":	"10.10.10.4",
				"remote_port":	5201
			}],
		"version":	"iperf 3.9",
		"system_info":	"Linux zelda 5.10.0-18-amd64 #1 SMP Debian 5.10.140-1 (2022-09-02) x86_64",
		"timestamp":	{
			"time":	"Sun, 28 Jan 2024 17:18:53 GMT",
			"timesecs":	1706462333
		},
		"connecting_to":	{
			"host":	"10.10.10.4",
			"port":	5201
		},
		"cookie":	"qbautas44bvs2vlwu2uipejhd7jrgdpx5ydc",
		"tcp_mss_default":	1448,
		"target_bitrate":	4000000000,
		"sock_bufsize":	0,
		"sndbuf_actual":	1000000,
		"rcvbuf_actual":	1000000,
		"test_start":	{
			"protocol":	"TCP",
			"num_streams":	1,
			"blksize":	131072,
			"omit":	0,
			"duration":	70,
			"bytes":	0,
			"blocks":	0,
			"reverse":	0,
			"tos":	0
		}
	},
	"intervals":	[{
			"streams":	[{
					"socket":	5,
					"start":	0,
					"end":	60.000041,
					"seconds":	60.000041961669922,
					"bytes":	7063076864,
					"bits_per_second":	941742923.24823844,
					"retransmits":	0,
					"snd_cwnd":	492320,
					"rtt":	2245,
					"rttvar":	94,
					"pmtu":	9000,
					"omitted":	false,
					"sender":	true
				}],
			"sum":	{
				"start":	0,
				"end":	60.000041,
				"seconds":	60.000041961669922,
				"bytes":	7063076864,
				"bits_per_second":	941742923.24823844,
				"retransmits":	0,
				"omitted":	false,
				"sender":	true
			}
		}, {
			"streams":	[{
					"socket":	5,
					"start":	60.000041,
					"end":	70.000068,
					"seconds":	10.000026702880859,
					"bytes":	1176764416,
					"bits_per_second":	941409018.96671271,
					"retransmits":	0,
					"snd_cwnd":	492320,
					"rtt":	2192,
					"rttvar":	146,
					"pmtu":	9000,
					"omitted":	false,
					"sender":	true
				}],
			"sum":	{
				"start":	60.000041,
				"end":	70.000068,
				"seconds":	10.000026702880859,
				"bytes":	1176764416,
				"bits_per_second":	941409018.96671271,
				"retransmits":	0,
				"omitted":	false,
				"sender":	true
			}
		}],
	"end":	{
		"streams":	[{
				"sender":	{
					"socket":	5,
					"start":	0,
					"end":	70.000068,
					"seconds":	70.000068,
					"bytes":	8239841280,
					"bits_per_second":	941695231.496061,
					"retransmits":	0,
					"max_snd_cwnd":	492320,
					"max_rtt":	2245,
					"min_rtt":	2192,
					"mean_rtt":	2218,
					"sender":	true
				},
				"receiver":	{
					"socket":	5,
					"start":	0,
					"end":	70.0406279563904,
					"seconds":	70.000068,
					"bytes":	8238095568,
					"bits_per_second":	940950509.25349343,
					"sender":	true
				}
			}],
		"sum_sent":	{
			"start":	0,
			"end":	70.000068,
			"seconds":	70.000068,
			"bytes":	8239841280,
			"bits_per_second":	941695231.496061,
			"retransmits":	0,
			"sender":	true
		},
		"sum_received":	{
			"start":	0,
			"end":	70.0406279563904,
			"seconds":	70.0406279563904,
			"bytes":	8238095568,
			"bits_per_second":	940950509.25349343,
			"sender":	true
		},
		"cpu_utilization_percent":	{
			"host_total":	4.806649019477776,
			"host_user":	0.14620363872784942,
			"host_system":	4.6604453807499269,
			"remote_total":	24.232492840368533,
			"remote_user":	2.305757998252921,
			"remote_system":	21.926733416022042
		},
		"sender_tcp_congestion":	"cubic",
		"receiver_tcp_congestion":	"cubic"
	}
}
