{
	"start":	{
		"connected":	[{
				"socket":	5,
				"local_host":	"10.10.10.2",
				"local_port":	47344,
				"remote_host":	"10.10.10.4",
				"remote_port":	5201
			}],
		"version":	"iperf 3.9",
		"system_info":	"Linux zelda 5.10.0-18-amd64 #1 SMP Debian 5.10.140-1 (2022-09-02) x86_64",
		"timestamp":	{
			"time":	"Sun, 28 Jan 2024 15:54:13 GMT",
			"timesecs":	1706457253
		},
		"connecting_to":	{
			"host":	"10.10.10.4",
			"port":	5201
		},
		"cookie":	"swaou2o36tk23f6ao6zognpvsl5pfyykrm64",
		"tcp_mss_default":	1448,
		"target_bitrate":	3000000000,
		"sock_bufsize":	0,
		"sndbuf_actual":	1000000,
		"rcvbuf_actual":	1000000,
		"test_start":	{
			"protocol":	"TCP",
			"num_streams":	1,
			"blksize":	131072,
			"omit":	0,
			"duration":	80,
			"bytes":	0,
			"blocks":	0,
			"reverse":	0,
			"tos":	0
		}
	},
	"intervals":	[{
			"streams":	[{
					"socket":	5,
					"start":	0,
					"end":	60.000061,
					"seconds":	60.00006103515625,
					"bytes":	7062552576,
					"bits_per_second":	941672718.88097441,
					"retransmits":	0,
					"snd_cwnd":	364896,
					"rtt":	2225,
					"rttvar":	99,
					"pmtu":	9000,
					"omitted":	false,
					"sender":	true
				}],
			"sum":	{
				"start":	0,
				"end":	60.000061,
				"seconds":	60.00006103515625,
				"bytes":	7062552576,
				"bits_per_second":	941672718.88097441,
				"retransmits":	0,
				"omitted":	false,
				"sender":	true
			}
		}, {
			"streams":	[{
					"socket":	5,
					"start":	60.000061,
					"end":	80.000068,
					"seconds":	20.000007629394531,
					"bytes":	2353659904,
					"bits_per_second":	941463602.460137,
					"retransmits":	0,
					"snd_cwnd":	364896,
					"rtt":	1794,
					"rttvar":	133,
					"pmtu":	9000,
					"omitted":	false,
					"sender":	true
				}],
			"sum":	{
				"start":	60.000061,
				"end":	80.000068,
				"seconds":	20.000007629394531,
				"bytes":	2353659904,
				"bits_per_second":	941463602.460137,
				"retransmits":	0,
				"omitted":	false,
				"sender":	true
			}
		}],
	"end":	{
		"streams":	[{
				"sender":	{
					"socket":	5,
					"start":	0,
					"end":	80.000068,
					"seconds":	80.000068,
					"bytes":	9416212480,
					"bits_per_second":	941620447.62261951,
					"retransmits":	0,
					"max_snd_cwnd":	364896,
					"max_rtt":	2225,
					"min_rtt":	1794,
					"mean_rtt":	2009,
					"sender":	true
				},
				"receiver":	{
					"socket":	5,
					"start":	0,
					"end":	80.0442168712616,
					"seconds":	80.000068,
					"bytes":	9414953224,
					"bits_per_second":	940975235.13959348,
					"sender":	true
				}
			}],
		"sum_sent":	{
			"start":	0,
			"end":	80.000068,
			"seconds":	80.000068,
			"bytes":	9416212480,
			"bits_per_second":	941620447.62261951,
			"retransmits":	0,
			"sender":	true
		},
		"sum_received":	{
			"start":	0,
			"end":	80.0442168712616,
			"seconds":	80.0442168712616,
			"bytes":	9414953224,
			"bits_per_second":	940975235.13959348,
			"sender":	true
		},
		"cpu_utilization_percent":	{
			"host_total":	4.24451044198527,
			"host_user":	0.099783357177370746,
			"host_system":	4.1447270848079,
			"remote_total":	25.894813208913064,
			"remote_user":	2.5186848496697287,
			"remote_system":	23.376127111205019
		},
		"sender_tcp_congestion":	"cubic",
		"receiver_tcp_congestion":	"cubic"
	}
}
