{
	"start":	{
		"connected":	[{
				"socket":	5,
				"local_host":	"10.10.10.2",
				"local_port":	42278,
				"remote_host":	"10.10.10.4",
				"remote_port":	5201
			}],
		"version":	"iperf 3.9",
		"system_info":	"Linux zelda 5.10.0-18-amd64 #1 SMP Debian 5.10.140-1 (2022-09-02) x86_64",
		"timestamp":	{
			"time":	"Sun, 28 Jan 2024 20:51:29 GMT",
			"timesecs":	1706475089
		},
		"connecting_to":	{
			"host":	"10.10.10.4",
			"port":	5201
		},
		"cookie":	"gslfcyjo5csykdu6wlbf2tgutzs47cerbmwu",
		"tcp_mss_default":	1448,
		"target_bitrate":	6000000000,
		"sock_bufsize":	0,
		"sndbuf_actual":	1000000,
		"rcvbuf_actual":	1000000,
		"test_start":	{
			"protocol":	"TCP",
			"num_streams":	1,
			"blksize":	131072,
			"omit":	0,
			"duration":	90,
			"bytes":	0,
			"blocks":	0,
			"reverse":	0,
			"tos":	0
		}
	},
	"intervals":	[{
			"streams":	[{
					"socket":	5,
					"start":	0,
					"end":	60.00006,
					"seconds":	60.00006103515625,
					"bytes":	7062552576,
					"bits_per_second":	941672718.88097441,
					"retransmits":	0,
					"snd_cwnd":	364896,
					"rtt":	1714,
					"rttvar":	120,
					"pmtu":	9000,
					"omitted":	false,
					"sender":	true
				}],
			"sum":	{
				"start":	0,
				"end":	60.00006,
				"seconds":	60.00006103515625,
				"bytes":	7062552576,
				"bits_per_second":	941672718.88097441,
				"retransmits":	0,
				"omitted":	false,
				"sender":	true
			}
		}, {
			"streams":	[{
					"socket":	5,
					"start":	60.00006,
					"end":	90.000068,
					"seconds":	30.000007629394531,
					"bytes":	3530424320,
					"bits_per_second":	941446245.911172,
					"retransmits":	0,
					"snd_cwnd":	364896,
					"rtt":	2256,
					"rttvar":	151,
					"pmtu":	9000,
					"omitted":	false,
					"sender":	true
				}],
			"sum":	{
				"start":	60.00006,
				"end":	90.000068,
				"seconds":	30.000007629394531,
				"bytes":	3530424320,
				"bits_per_second":	941446245.911172,
				"retransmits":	0,
				"omitted":	false,
				"sender":	true
			}
		}],
	"end":	{
		"streams":	[{
				"sender":	{
					"socket":	5,
					"start":	0,
					"end":	90.000068,
					"seconds":	90.000068,
					"bytes":	10592976896,
					"bits_per_second":	941597234.88208926,
					"retransmits":	0,
					"max_snd_cwnd":	364896,
					"max_rtt":	2256,
					"min_rtt":	1714,
					"mean_rtt":	1985,
					"sender":	true
				},
				"receiver":	{
					"socket":	5,
					"start":	0,
					"end":	90.0405468940735,
					"seconds":	90.000068,
					"bytes":	10591739928,
					"bits_per_second":	941064024.45204639,
					"sender":	true
				}
			}],
		"sum_sent":	{
			"start":	0,
			"end":	90.000068,
			"seconds":	90.000068,
			"bytes":	10592976896,
			"bits_per_second":	941597234.88208926,
			"retransmits":	0,
			"sender":	true
		},
		"sum_received":	{
			"start":	0,
			"end":	90.0405468940735,
			"seconds":	90.0405468940735,
			"bytes":	10591739928,
			"bits_per_second":	941064024.45204639,
			"sender":	true
		},
		"cpu_utilization_percent":	{
			"host_total":	4.5480575960538481,
			"host_user":	0.16043405958559426,
			"host_system":	4.3876235364682543,
			"remote_total":	23.687342590668745,
			"remote_user":	2.26526740480125,
			"remote_system":	21.4220751858675
		},
		"sender_tcp_congestion":	"cubic",
		"receiver_tcp_congestion":	"cubic"
	}
}
