{
	"start":	{
		"connected":	[{
				"socket":	5,
				"local_host":	"10.10.10.2",
				"local_port":	52614,
				"remote_host":	"10.10.10.4",
				"remote_port":	5201
			}],
		"version":	"iperf 3.9",
		"system_info":	"Linux zelda 5.10.0-18-amd64 #1 SMP Debian 5.10.140-1 (2022-09-02) x86_64",
		"timestamp":	{
			"time":	"Sun, 28 Jan 2024 23:10:54 GMT",
			"timesecs":	1706483454
		},
		"connecting_to":	{
			"host":	"10.10.10.4",
			"port":	5201
		},
		"cookie":	"sx3g3kqfc2lnkqkczvqmvuv657xjpib2aj75",
		"tcp_mss_default":	1448,
		"target_bitrate":	8000000000,
		"sock_bufsize":	0,
		"sndbuf_actual":	1000000,
		"rcvbuf_actual":	1000000,
		"test_start":	{
			"protocol":	"TCP",
			"num_streams":	1,
			"blksize":	131072,
			"omit":	0,
			"duration":	60,
			"bytes":	0,
			"blocks":	0,
			"reverse":	0,
			"tos":	0
		}
	},
	"intervals":	[{
			"streams":	[{
					"socket":	5,
					"start":	0,
					"end":	60.000068,
					"seconds":	60.000068664550781,
					"bytes":	7062814720,
					"bits_per_second":	941707551.63456666,
					"retransmits":	0,
					"snd_cwnd":	427160,
					"rtt":	2205,
					"rttvar":	95,
					"pmtu":	9000,
					"omitted":	false,
					"sender":	true
				}],
			"sum":	{
				"start":	0,
				"end":	60.000068,
				"seconds":	60.000068664550781,
				"bytes":	7062814720,
				"bits_per_second":	941707551.63456666,
				"retransmits":	0,
				"omitted":	false,
				"sender":	true
			}
		}],
	"end":	{
		"streams":	[{
				"sender":	{
					"socket":	5,
					"start":	0,
					"end":	60.000068,
					"seconds":	60.000068,
					"bytes":	7062814720,
					"bits_per_second":	941707562.064763,
					"retransmits":	0,
					"max_snd_cwnd":	427160,
					"max_rtt":	2205,
					"min_rtt":	2205,
					"mean_rtt":	2205,
					"sender":	true
				},
				"receiver":	{
					"socket":	5,
					"start":	0,
					"end":	60.044682025909424,
					"seconds":	60.000068,
					"bytes":	7061307416,
					"bits_per_second":	940807036.06064951,
					"sender":	true
				}
			}],
		"sum_sent":	{
			"start":	0,
			"end":	60.000068,
			"seconds":	60.000068,
			"bytes":	7062814720,
			"bits_per_second":	941707562.064763,
			"retransmits":	0,
			"sender":	true
		},
		"sum_received":	{
			"start":	0,
			"end":	60.044682025909424,
			"seconds":	60.044682025909424,
			"bytes":	7061307416,
			"bits_per_second":	940807036.06064951,
			"sender":	true
		},
		"cpu_utilization_percent":	{
			"host_total":	4.6437727359160679,
			"host_user":	0.13316569559017963,
			"host_system":	4.5106070403258887,
			"remote_total":	22.052871846787468,
			"remote_user":	2.156121847980796,
			"remote_system":	19.896749998806676
		},
		"sender_tcp_congestion":	"cubic",
		"receiver_tcp_congestion":	"cubic"
	}
}
