{
	"start":	{
		"connected":	[{
				"socket":	5,
				"local_host":	"10.10.10.2",
				"local_port":	56040,
				"remote_host":	"10.10.10.4",
				"remote_port":	5201
			}],
		"version":	"iperf 3.9",
		"system_info":	"Linux zelda 5.10.0-18-amd64 #1 SMP Debian 5.10.140-1 (2022-09-02) x86_64",
		"timestamp":	{
			"time":	"Sun, 28 Jan 2024 14:40:24 GMT",
			"timesecs":	1706452824
		},
		"connecting_to":	{
			"host":	"10.10.10.4",
			"port":	5201
		},
		"cookie":	"yxs74ibcae6fy75ylaw6sdhe6t5wa562ceze",
		"tcp_mss_default":	1448,
		"target_bitrate":	2000000000,
		"sock_bufsize":	0,
		"sndbuf_actual":	1000000,
		"rcvbuf_actual":	1000000,
		"test_start":	{
			"protocol":	"TCP",
			"num_streams":	1,
			"blksize":	131072,
			"omit":	0,
			"duration":	90,
			"bytes":	0,
			"blocks":	0,
			"reverse":	0,
			"tos":	0
		}
	},
	"intervals":	[{
			"streams":	[{
					"socket":	5,
					"start":	0,
					"end":	60.00006,
					"seconds":	60.00006103515625,
					"bytes":	7062552576,
					"bits_per_second":	941672718.88097441,
					"retransmits":	0,
					"snd_cwnd":	382272,
					"rtt":	2212,
					"rttvar":	116,
					"pmtu":	9000,
					"omitted":	false,
					"sender":	true
				}],
			"sum":	{
				"start":	0,
				"end":	60.00006,
				"seconds":	60.00006103515625,
				"bytes":	7062552576,
				"bits_per_second":	941672718.88097441,
				"retransmits":	0,
				"omitted":	false,
				"sender":	true
			}
		}, {
			"streams":	[{
					"socket":	5,
					"start":	60.00006,
					"end":	90.000069,
					"seconds":	30.000009536743164,
					"bytes":	3531079680,
					"bits_per_second":	941620948.666762,
					"retransmits":	0,
					"snd_cwnd":	509696,
					"rtt":	2783,
					"rttvar":	137,
					"pmtu":	9000,
					"omitted":	false,
					"sender":	true
				}],
			"sum":	{
				"start":	60.00006,
				"end":	90.000069,
				"seconds":	30.000009536743164,
				"bytes":	3531079680,
				"bits_per_second":	941620948.666762,
				"retransmits":	0,
				"omitted":	false,
				"sender":	true
			}
		}],
	"end":	{
		"streams":	[{
				"sender":	{
					"socket":	5,
					"start":	0,
					"end":	90.000069,
					"seconds":	90.000069,
					"bytes":	10593632256,
					"bits_per_second":	941655478.59746647,
					"retransmits":	0,
					"max_snd_cwnd":	509696,
					"max_rtt":	2783,
					"min_rtt":	2212,
					"mean_rtt":	2497,
					"sender":	true
				},
				"receiver":	{
					"socket":	5,
					"start":	0,
					"end":	90.044368028640747,
					"seconds":	90.000069,
					"bytes":	10591806536,
					"bits_per_second":	941030007.12990952,
					"sender":	true
				}
			}],
		"sum_sent":	{
			"start":	0,
			"end":	90.000069,
			"seconds":	90.000069,
			"bytes":	10593632256,
			"bits_per_second":	941655478.59746647,
			"retransmits":	0,
			"sender":	true
		},
		"sum_received":	{
			"start":	0,
			"end":	90.044368028640747,
			"seconds":	90.044368028640747,
			"bytes":	10591806536,
			"bits_per_second":	941030007.12990952,
			"sender":	true
		},
		"cpu_utilization_percent":	{
			"host_total":	3.8749567216568628,
			"host_user":	0.15487128242903653,
			"host_system":	3.7200865492491313,
			"remote_total":	23.11953344229639,
			"remote_user":	2.2980660022498736,
			"remote_system":	20.821466330488271
		},
		"sender_tcp_congestion":	"cubic",
		"receiver_tcp_congestion":	"cubic"
	}
}
