{
	"start":	{
		"connected":	[{
				"socket":	5,
				"local_host":	"10.10.10.2",
				"local_port":	38360,
				"remote_host":	"10.10.10.4",
				"remote_port":	5201
			}],
		"version":	"iperf 3.9",
		"system_info":	"Linux zelda 5.10.0-18-amd64 #1 SMP Debian 5.10.140-1 (2022-09-02) x86_64",
		"timestamp":	{
			"time":	"Sun, 28 Jan 2024 22:47:05 GMT",
			"timesecs":	1706482025
		},
		"connecting_to":	{
			"host":	"10.10.10.4",
			"port":	5201
		},
		"cookie":	"sxkdfq6j5ocuwpzzlmmgyq3qcgxkfhhlvguz",
		"tcp_mss_default":	1448,
		"target_bitrate":	8000000000,
		"sock_bufsize":	0,
		"sndbuf_actual":	1000000,
		"rcvbuf_actual":	1000000,
		"test_start":	{
			"protocol":	"TCP",
			"num_streams":	1,
			"blksize":	131072,
			"omit":	0,
			"duration":	20,
			"bytes":	0,
			"blocks":	0,
			"reverse":	0,
			"tos":	0
		}
	},
	"intervals":	[{
			"streams":	[{
					"socket":	5,
					"start":	0,
					"end":	20.000104,
					"seconds":	20.0001049041748,
					"bytes":	2355232768,
					"bits_per_second":	942088165.750919,
					"retransmits":	0,
					"snd_cwnd":	369240,
					"rtt":	2201,
					"rttvar":	169,
					"pmtu":	9000,
					"omitted":	false,
					"sender":	true
				}],
			"sum":	{
				"start":	0,
				"end":	20.000104,
				"seconds":	20.0001049041748,
				"bytes":	2355232768,
				"bits_per_second":	942088165.750919,
				"retransmits":	0,
				"omitted":	false,
				"sender":	true
			}
		}],
	"end":	{
		"streams":	[{
				"sender":	{
					"socket":	5,
					"start":	0,
					"end":	20.000104,
					"seconds":	20.000104,
					"bytes":	2355232768,
					"bits_per_second":	942088208.34131658,
					"retransmits":	0,
					"max_snd_cwnd":	369240,
					"max_rtt":	2201,
					"min_rtt":	2201,
					"mean_rtt":	2201,
					"sender":	true
				},
				"receiver":	{
					"socket":	5,
					"start":	0,
					"end":	20.044404029846191,
					"seconds":	20.000104,
					"bytes":	2353911208,
					"bits_per_second":	939478651.29639876,
					"sender":	true
				}
			}],
		"sum_sent":	{
			"start":	0,
			"end":	20.000104,
			"seconds":	20.000104,
			"bytes":	2355232768,
			"bits_per_second":	942088208.34131658,
			"retransmits":	0,
			"sender":	true
		},
		"sum_received":	{
			"start":	0,
			"end":	20.044404029846191,
			"seconds":	20.044404029846191,
			"bytes":	2353911208,
			"bits_per_second":	939478651.29639876,
			"sender":	true
		},
		"cpu_utilization_percent":	{
			"host_total":	4.8062569330490721,
			"host_user":	0.20364820501853695,
			"host_system":	4.6026087280305346,
			"remote_total":	27.618919945838638,
			"remote_user":	2.904572129278721,
			"remote_system":	24.714342847810126
		},
		"sender_tcp_congestion":	"cubic",
		"receiver_tcp_congestion":	"cubic"
	}
}
