{
	"start":	{
		"connected":	[{
				"socket":	5,
				"local_host":	"10.10.10.2",
				"local_port":	43910,
				"remote_host":	"10.10.10.4",
				"remote_port":	5201
			}],
		"version":	"iperf 3.9",
		"system_info":	"Linux zelda 5.10.0-18-amd64 #1 SMP Debian 5.10.140-1 (2022-09-02) x86_64",
		"timestamp":	{
			"time":	"Sun, 28 Jan 2024 15:28:08 GMT",
			"timesecs":	1706455688
		},
		"connecting_to":	{
			"host":	"10.10.10.4",
			"port":	5201
		},
		"cookie":	"cbsrbl4gcrqlljtnveee36fcywsoiiw47zfe",
		"tcp_mss_default":	1448,
		"target_bitrate":	3000000000,
		"sock_bufsize":	0,
		"sndbuf_actual":	1000000,
		"rcvbuf_actual":	1000000,
		"test_start":	{
			"protocol":	"TCP",
			"num_streams":	1,
			"blksize":	131072,
			"omit":	0,
			"duration":	50,
			"bytes":	0,
			"blocks":	0,
			"reverse":	0,
			"tos":	0
		}
	},
	"intervals":	[{
			"streams":	[{
					"socket":	5,
					"start":	0,
					"end":	50.000069,
					"seconds":	50.000068664550781,
					"bytes":	5886181376,
					"bits_per_second":	941787726.811376,
					"retransmits":	0,
					"snd_cwnd":	506800,
					"rtt":	2747,
					"rttvar":	118,
					"pmtu":	9000,
					"omitted":	false,
					"sender":	true
				}],
			"sum":	{
				"start":	0,
				"end":	50.000069,
				"seconds":	50.000068664550781,
				"bytes":	5886181376,
				"bits_per_second":	941787726.811376,
				"retransmits":	0,
				"omitted":	false,
				"sender":	true
			}
		}],
	"end":	{
		"streams":	[{
				"sender":	{
					"socket":	5,
					"start":	0,
					"end":	50.000069,
					"seconds":	50.000069,
					"bytes":	5886181376,
					"bits_per_second":	941787720.49294567,
					"retransmits":	0,
					"max_snd_cwnd":	506800,
					"max_rtt":	2747,
					"min_rtt":	2747,
					"mean_rtt":	2747,
					"sender":	true
				},
				"receiver":	{
					"socket":	5,
					"start":	0,
					"end":	50.044457197189331,
					"seconds":	50.000069,
					"bytes":	5884449424,
					"bits_per_second":	940675511.9055208,
					"sender":	true
				}
			}],
		"sum_sent":	{
			"start":	0,
			"end":	50.000069,
			"seconds":	50.000069,
			"bytes":	5886181376,
			"bits_per_second":	941787720.49294567,
			"retransmits":	0,
			"sender":	true
		},
		"sum_received":	{
			"start":	0,
			"end":	50.044457197189331,
			"seconds":	50.044457197189331,
			"bytes":	5884449424,
			"bits_per_second":	940675511.9055208,
			"sender":	true
		},
		"cpu_utilization_percent":	{
			"host_total":	4.7497884351242874,
			"host_user":	0.157234923790226,
			"host_system":	4.5925535113340619,
			"remote_total":	25.993957148469288,
			"remote_user":	2.4703126145862333,
			"remote_system":	23.52364253891054
		},
		"sender_tcp_congestion":	"cubic",
		"receiver_tcp_congestion":	"cubic"
	}
}
