{
	"start":	{
		"connected":	[{
				"socket":	5,
				"local_host":	"10.10.10.2",
				"local_port":	39350,
				"remote_host":	"10.10.10.4",
				"remote_port":	5201
			}],
		"version":	"iperf 3.9",
		"system_info":	"Linux zelda 5.10.0-18-amd64 #1 SMP Debian 5.10.140-1 (2022-09-02) x86_64",
		"timestamp":	{
			"time":	"Mon, 29 Jan 2024 00:30:52 GMT",
			"timesecs":	1706488252
		},
		"connecting_to":	{
			"host":	"10.10.10.4",
			"port":	5201
		},
		"cookie":	"sho2t4xcxb5yuwezyflrxga7kfyceotmoopi",
		"tcp_mss_default":	1448,
		"target_bitrate":	9000000000,
		"sock_bufsize":	0,
		"sndbuf_actual":	1000000,
		"rcvbuf_actual":	1000000,
		"test_start":	{
			"protocol":	"TCP",
			"num_streams":	1,
			"blksize":	131072,
			"omit":	0,
			"duration":	40,
			"bytes":	0,
			"blocks":	0,
			"reverse":	0,
			"tos":	0
		}
	},
	"intervals":	[{
			"streams":	[{
					"socket":	5,
					"start":	0,
					"end":	40.000068,
					"seconds":	40.000068664550781,
					"bytes":	4708892672,
					"bits_per_second":	941776917.73277521,
					"retransmits":	0,
					"snd_cwnd":	367792,
					"rtt":	1879,
					"rttvar":	172,
					"pmtu":	9000,
					"omitted":	false,
					"sender":	true
				}],
			"sum":	{
				"start":	0,
				"end":	40.000068,
				"seconds":	40.000068664550781,
				"bytes":	4708892672,
				"bits_per_second":	941776917.73277521,
				"retransmits":	0,
				"omitted":	false,
				"sender":	true
			}
		}],
	"end":	{
		"streams":	[{
				"sender":	{
					"socket":	5,
					"start":	0,
					"end":	40.000068,
					"seconds":	40.000068,
					"bytes":	4708892672,
					"bits_per_second":	941776933.37921333,
					"retransmits":	0,
					"max_snd_cwnd":	367792,
					"max_rtt":	1879,
					"min_rtt":	1879,
					"mean_rtt":	1879,
					"sender":	true
				},
				"receiver":	{
					"socket":	5,
					"start":	0,
					"end":	40.044255018234253,
					"seconds":	40.000068,
					"bytes":	4707593552,
					"bits_per_second":	940478188.415569,
					"sender":	true
				}
			}],
		"sum_sent":	{
			"start":	0,
			"end":	40.000068,
			"seconds":	40.000068,
			"bytes":	4708892672,
			"bits_per_second":	941776933.37921333,
			"retransmits":	0,
			"sender":	true
		},
		"sum_received":	{
			"start":	0,
			"end":	40.044255018234253,
			"seconds":	40.044255018234253,
			"bytes":	4707593552,
			"bits_per_second":	940478188.415569,
			"sender":	true
		},
		"cpu_utilization_percent":	{
			"host_total":	4.66595764504209,
			"host_user":	0.13935056296624648,
			"host_system":	4.5266070820758424,
			"remote_total":	24.084503777870488,
			"remote_user":	2.3646443757604216,
			"remote_system":	21.719859402110064
		},
		"sender_tcp_congestion":	"cubic",
		"receiver_tcp_congestion":	"cubic"
	}
}
