{
	"start":	{
		"connected":	[{
				"socket":	5,
				"local_host":	"10.10.10.2",
				"local_port":	52516,
				"remote_host":	"10.10.10.4",
				"remote_port":	5201
			}],
		"version":	"iperf 3.9",
		"system_info":	"Linux zelda 5.10.0-18-amd64 #1 SMP Debian 5.10.140-1 (2022-09-02) x86_64",
		"timestamp":	{
			"time":	"Mon, 29 Jan 2024 10:56:31 GMT",
			"timesecs":	1706525791
		},
		"connecting_to":	{
			"host":	"10.10.10.4",
			"port":	5201
		},
		"cookie":	"gyl5d2krsur32ylkytjrcrjrtfoq7pioybwg",
		"tcp_mss_default":	1448,
		"target_bitrate":	1000000000,
		"sock_bufsize":	0,
		"sndbuf_actual":	1000000,
		"rcvbuf_actual":	1000000,
		"test_start":	{
			"protocol":	"TCP",
			"num_streams":	1,
			"blksize":	131072,
			"omit":	0,
			"duration":	10,
			"bytes":	0,
			"blocks":	0,
			"reverse":	0,
			"tos":	0
		}
	},
	"intervals":	[{
			"streams":	[{
					"socket":	5,
					"start":	0,
					"end":	10.000083,
					"seconds":	10.000082969665527,
					"bytes":	1178337280,
					"bits_per_second":	942662002.76489258,
					"retransmits":	0,
					"snd_cwnd":	392408,
					"rtt":	2204,
					"rttvar":	93,
					"pmtu":	9000,
					"omitted":	false,
					"sender":	true
				}],
			"sum":	{
				"start":	0,
				"end":	10.000083,
				"seconds":	10.000082969665527,
				"bytes":	1178337280,
				"bits_per_second":	942662002.76489258,
				"retransmits":	0,
				"omitted":	false,
				"sender":	true
			}
		}],
	"end":	{
		"streams":	[{
				"sender":	{
					"socket":	5,
					"start":	0,
					"end":	10.000083,
					"seconds":	10.000083,
					"bytes":	1178337280,
					"bits_per_second":	942661999.90540075,
					"retransmits":	0,
					"max_snd_cwnd":	392408,
					"max_rtt":	2204,
					"min_rtt":	2204,
					"mean_rtt":	2204,
					"sender":	true
				},
				"receiver":	{
					"socket":	5,
					"start":	0,
					"end":	10.041203022003174,
					"seconds":	10.000083,
					"bytes":	1177003432,
					"bits_per_second":	937738977.62715948,
					"sender":	true
				}
			}],
		"sum_sent":	{
			"start":	0,
			"end":	10.000083,
			"seconds":	10.000083,
			"bytes":	1178337280,
			"bits_per_second":	942661999.90540075,
			"retransmits":	0,
			"sender":	true
		},
		"sum_received":	{
			"start":	0,
			"end":	10.041203022003174,
			"seconds":	10.041203022003174,
			"bytes":	1177003432,
			"bits_per_second":	937738977.62715948,
			"sender":	true
		},
		"cpu_utilization_percent":	{
			"host_total":	10.665838944177821,
			"host_user":	0.38896676333896774,
			"host_system":	10.276882097641833,
			"remote_total":	27.53523822696209,
			"remote_user":	2.7573619306127388,
			"remote_system":	24.777886175649009
		},
		"sender_tcp_congestion":	"cubic",
		"receiver_tcp_congestion":	"cubic"
	}
}
