{
	"start":	{
		"connected":	[{
				"socket":	5,
				"local_host":	"10.10.10.2",
				"local_port":	54420,
				"remote_host":	"10.10.10.4",
				"remote_port":	5201
			}],
		"version":	"iperf 3.9",
		"system_info":	"Linux zelda 5.10.0-18-amd64 #1 SMP Debian 5.10.140-1 (2022-09-02) x86_64",
		"timestamp":	{
			"time":	"Mon, 29 Jan 2024 16:18:49 GMT",
			"timesecs":	1706545129
		},
		"connecting_to":	{
			"host":	"10.10.10.4",
			"port":	5201
		},
		"cookie":	"w57ncwmb6s755lnindonhvnjcbr67nwim3ma",
		"tcp_mss_default":	1448,
		"target_bitrate":	4000000000,
		"sock_bufsize":	0,
		"sndbuf_actual":	1000000,
		"rcvbuf_actual":	1000000,
		"test_start":	{
			"protocol":	"TCP",
			"num_streams":	1,
			"blksize":	131072,
			"omit":	0,
			"duration":	80,
			"bytes":	0,
			"blocks":	0,
			"reverse":	0,
			"tos":	0
		}
	},
	"intervals":	[{
			"streams":	[{
					"socket":	5,
					"start":	0,
					"end":	60.000071,
					"seconds":	60.000072479248047,
					"bytes":	7062552576,
					"bits_per_second":	941672539.271374,
					"retransmits":	0,
					"snd_cwnd":	382272,
					"rtt":	2189,
					"rttvar":	93,
					"pmtu":	9000,
					"omitted":	false,
					"sender":	true
				}],
			"sum":	{
				"start":	0,
				"end":	60.000071,
				"seconds":	60.000072479248047,
				"bytes":	7062552576,
				"bits_per_second":	941672539.271374,
				"retransmits":	0,
				"omitted":	false,
				"sender":	true
			}
		}, {
			"streams":	[{
					"socket":	5,
					"start":	60.000071,
					"end":	80.000079,
					"seconds":	20.000007629394531,
					"bytes":	2353659904,
					"bits_per_second":	941463602.460137,
					"retransmits":	0,
					"snd_cwnd":	382272,
					"rtt":	2235,
					"rttvar":	151,
					"pmtu":	9000,
					"omitted":	false,
					"sender":	true
				}],
			"sum":	{
				"start":	60.000071,
				"end":	80.000079,
				"seconds":	20.000007629394531,
				"bytes":	2353659904,
				"bits_per_second":	941463602.460137,
				"retransmits":	0,
				"omitted":	false,
				"sender":	true
			}
		}],
	"end":	{
		"streams":	[{
				"sender":	{
					"socket":	5,
					"start":	0,
					"end":	80.000079,
					"seconds":	80.000079,
					"bytes":	9416212480,
					"bits_per_second":	941620318.149936,
					"retransmits":	0,
					"max_snd_cwnd":	382272,
					"max_rtt":	2235,
					"min_rtt":	2189,
					"mean_rtt":	2212,
					"sender":	true
				},
				"receiver":	{
					"socket":	5,
					"start":	0,
					"end":	80.043604850769043,
					"seconds":	80.000079,
					"bytes":	9414944200,
					"bits_per_second":	940981528.011183,
					"sender":	true
				}
			}],
		"sum_sent":	{
			"start":	0,
			"end":	80.000079,
			"seconds":	80.000079,
			"bytes":	9416212480,
			"bits_per_second":	941620318.149936,
			"retransmits":	0,
			"sender":	true
		},
		"sum_received":	{
			"start":	0,
			"end":	80.043604850769043,
			"seconds":	80.043604850769043,
			"bytes":	9414944200,
			"bits_per_second":	940981528.011183,
			"sender":	true
		},
		"cpu_utilization_percent":	{
			"host_total":	8.68822204830304,
			"host_user":	0.20157701735563671,
			"host_system":	8.486645030947404,
			"remote_total":	27.118121478773,
			"remote_user":	2.5717448382502948,
			"remote_system":	24.546375392485775
		},
		"sender_tcp_congestion":	"cubic",
		"receiver_tcp_congestion":	"cubic"
	}
}
