{
	"start":	{
		"connected":	[{
				"socket":	5,
				"local_host":	"10.10.10.2",
				"local_port":	35124,
				"remote_host":	"10.10.10.4",
				"remote_port":	5201
			}],
		"version":	"iperf 3.9",
		"system_info":	"Linux zelda 5.10.0-18-amd64 #1 SMP Debian 5.10.140-1 (2022-09-02) x86_64",
		"timestamp":	{
			"time":	"Mon, 29 Jan 2024 12:33:26 GMT",
			"timesecs":	1706531606
		},
		"connecting_to":	{
			"host":	"10.10.10.4",
			"port":	5201
		},
		"cookie":	"zkeid6klsup6iejcnawlbjj5foocrk6fmpqg",
		"tcp_mss_default":	1448,
		"target_bitrate":	2000000000,
		"sock_bufsize":	0,
		"sndbuf_actual":	1000000,
		"rcvbuf_actual":	1000000,
		"test_start":	{
			"protocol":	"TCP",
			"num_streams":	1,
			"blksize":	131072,
			"omit":	0,
			"duration":	30,
			"bytes":	0,
			"blocks":	0,
			"reverse":	0,
			"tos":	0
		}
	},
	"intervals":	[{
			"streams":	[{
					"socket":	5,
					"start":	0,
					"end":	30.000078,
					"seconds":	30.000078201293945,
					"bytes":	3532521472,
					"bits_per_second":	942003270.337512,
					"retransmits":	0,
					"snd_cwnd":	493768,
					"rtt":	2248,
					"rttvar":	152,
					"pmtu":	9000,
					"omitted":	false,
					"sender":	true
				}],
			"sum":	{
				"start":	0,
				"end":	30.000078,
				"seconds":	30.000078201293945,
				"bytes":	3532521472,
				"bits_per_second":	942003270.337512,
				"retransmits":	0,
				"omitted":	false,
				"sender":	true
			}
		}],
	"end":	{
		"streams":	[{
				"sender":	{
					"socket":	5,
					"start":	0,
					"end":	30.000078,
					"seconds":	30.000078,
					"bytes":	3532521472,
					"bits_per_second":	942003276.65814745,
					"retransmits":	0,
					"max_snd_cwnd":	493768,
					"max_rtt":	2248,
					"min_rtt":	2248,
					"mean_rtt":	2248,
					"sender":	true
				},
				"receiver":	{
					"socket":	5,
					"start":	0,
					"end":	30.041045904159546,
					"seconds":	30.000078,
					"bytes":	3530740240,
					"bits_per_second":	940244291.43091226,
					"sender":	true
				}
			}],
		"sum_sent":	{
			"start":	0,
			"end":	30.000078,
			"seconds":	30.000078,
			"bytes":	3532521472,
			"bits_per_second":	942003276.65814745,
			"retransmits":	0,
			"sender":	true
		},
		"sum_received":	{
			"start":	0,
			"end":	30.041045904159546,
			"seconds":	30.041045904159546,
			"bytes":	3530740240,
			"bits_per_second":	940244291.43091226,
			"sender":	true
		},
		"cpu_utilization_percent":	{
			"host_total":	9.15178733914164,
			"host_user":	0.36462253638306158,
			"host_system":	8.7871681266647563,
			"remote_total":	24.04449878823679,
			"remote_user":	2.44010909172155,
			"remote_system":	21.604389696515238
		},
		"sender_tcp_congestion":	"cubic",
		"receiver_tcp_congestion":	"cubic"
	}
}
