{
	"start":	{
		"connected":	[{
				"socket":	5,
				"local_host":	"10.10.10.2",
				"local_port":	49052,
				"remote_host":	"10.10.10.4",
				"remote_port":	5201
			}],
		"version":	"iperf 3.9",
		"system_info":	"Linux zelda 5.10.0-18-amd64 #1 SMP Debian 5.10.140-1 (2022-09-02) x86_64",
		"timestamp":	{
			"time":	"Mon, 29 Jan 2024 11:16:50 GMT",
			"timesecs":	1706527010
		},
		"connecting_to":	{
			"host":	"10.10.10.4",
			"port":	5201
		},
		"cookie":	"36wrbaffzahep5gf7imzqqby4he3w3s7amcf",
		"tcp_mss_default":	1448,
		"target_bitrate":	1000000000,
		"sock_bufsize":	0,
		"sndbuf_actual":	1000000,
		"rcvbuf_actual":	1000000,
		"test_start":	{
			"protocol":	"TCP",
			"num_streams":	1,
			"blksize":	131072,
			"omit":	0,
			"duration":	50,
			"bytes":	0,
			"blocks":	0,
			"reverse":	0,
			"tos":	0
		}
	},
	"intervals":	[{
			"streams":	[{
					"socket":	5,
					"start":	0,
					"end":	50.000073,
					"seconds":	50.000072479248047,
					"bytes":	5885788160,
					"bits_per_second":	941724740.48997879,
					"retransmits":	0,
					"snd_cwnd":	409784,
					"rtt":	2258,
					"rttvar":	147,
					"pmtu":	9000,
					"omitted":	false,
					"sender":	true
				}],
			"sum":	{
				"start":	0,
				"end":	50.000073,
				"seconds":	50.000072479248047,
				"bytes":	5885788160,
				"bits_per_second":	941724740.48997879,
				"retransmits":	0,
				"omitted":	false,
				"sender":	true
			}
		}],
	"end":	{
		"streams":	[{
				"sender":	{
					"socket":	5,
					"start":	0,
					"end":	50.000073,
					"seconds":	50.000073,
					"bytes":	5885788160,
					"bits_per_second":	941724730.68189323,
					"retransmits":	0,
					"max_snd_cwnd":	409784,
					"max_rtt":	2258,
					"min_rtt":	2258,
					"mean_rtt":	2258,
					"sender":	true
				},
				"receiver":	{
					"socket":	5,
					"start":	0,
					"end":	50.0411880016327,
					"seconds":	50.000073,
					"bytes":	5884352272,
					"bits_per_second":	940721434.800151,
					"sender":	true
				}
			}],
		"sum_sent":	{
			"start":	0,
			"end":	50.000073,
			"seconds":	50.000073,
			"bytes":	5885788160,
			"bits_per_second":	941724730.68189323,
			"retransmits":	0,
			"sender":	true
		},
		"sum_received":	{
			"start":	0,
			"end":	50.0411880016327,
			"seconds":	50.0411880016327,
			"bytes":	5884352272,
			"bits_per_second":	940721434.800151,
			"sender":	true
		},
		"cpu_utilization_percent":	{
			"host_total":	8.6302165845479735,
			"host_user":	0.21391850312393249,
			"host_system":	8.41629608483537,
			"remote_total":	26.183097941584705,
			"remote_user":	2.67151048342993,
			"remote_system":	23.511589453290355
		},
		"sender_tcp_congestion":	"cubic",
		"receiver_tcp_congestion":	"cubic"
	}
}
