{
	"start":	{
		"connected":	[{
				"socket":	5,
				"local_host":	"10.10.10.2",
				"local_port":	33350,
				"remote_host":	"10.10.10.4",
				"remote_port":	5201
			}],
		"version":	"iperf 3.9",
		"system_info":	"Linux zelda 5.10.0-18-amd64 #1 SMP Debian 5.10.140-1 (2022-09-02) x86_64",
		"timestamp":	{
			"time":	"Mon, 29 Jan 2024 11:30:03 GMT",
			"timesecs":	1706527803
		},
		"connecting_to":	{
			"host":	"10.10.10.4",
			"port":	5201
		},
		"cookie":	"nxzecvfnhryyr4elktak3wvbesgtcu2zf2qh",
		"tcp_mss_default":	1448,
		"target_bitrate":	1000000000,
		"sock_bufsize":	0,
		"sndbuf_actual":	1000000,
		"rcvbuf_actual":	1000000,
		"test_start":	{
			"protocol":	"TCP",
			"num_streams":	1,
			"blksize":	131072,
			"omit":	0,
			"duration":	60,
			"bytes":	0,
			"blocks":	0,
			"reverse":	0,
			"tos":	0
		}
	},
	"intervals":	[{
			"streams":	[{
					"socket":	5,
					"start":	0,
					"end":	60.000078,
					"seconds":	60.000076293945312,
					"bytes":	7062945792,
					"bits_per_second":	941724908.134856,
					"retransmits":	0,
					"snd_cwnd":	505352,
					"rtt":	2495,
					"rttvar":	232,
					"pmtu":	9000,
					"omitted":	false,
					"sender":	true
				}],
			"sum":	{
				"start":	0,
				"end":	60.000078,
				"seconds":	60.000076293945312,
				"bytes":	7062945792,
				"bits_per_second":	941724908.134856,
				"retransmits":	0,
				"omitted":	false,
				"sender":	true
			}
		}],
	"end":	{
		"streams":	[{
				"sender":	{
					"socket":	5,
					"start":	0,
					"end":	60.000078,
					"seconds":	60.000078,
					"bytes":	7062945792,
					"bits_per_second":	941724881.35765421,
					"retransmits":	0,
					"max_snd_cwnd":	505352,
					"max_rtt":	2495,
					"min_rtt":	2495,
					"mean_rtt":	2495,
					"sender":	true
				},
				"receiver":	{
					"socket":	5,
					"start":	0,
					"end":	60.041400909423828,
					"seconds":	60.000078,
					"bytes":	7061215024,
					"bits_per_second":	940846138.43734658,
					"sender":	true
				}
			}],
		"sum_sent":	{
			"start":	0,
			"end":	60.000078,
			"seconds":	60.000078,
			"bytes":	7062945792,
			"bits_per_second":	941724881.35765421,
			"retransmits":	0,
			"sender":	true
		},
		"sum_received":	{
			"start":	0,
			"end":	60.041400909423828,
			"seconds":	60.041400909423828,
			"bytes":	7061215024,
			"bits_per_second":	940846138.43734658,
			"sender":	true
		},
		"cpu_utilization_percent":	{
			"host_total":	8.6464177144311734,
			"host_user":	0.35929893225770509,
			"host_system":	8.2871204465730557,
			"remote_total":	27.172001139289144,
			"remote_user":	2.9414325837393407,
			"remote_system":	24.2305702189399
		},
		"sender_tcp_congestion":	"cubic",
		"receiver_tcp_congestion":	"cubic"
	}
}
