{
	"start":	{
		"connected":	[{
				"socket":	5,
				"local_host":	"10.10.10.2",
				"local_port":	38046,
				"remote_host":	"10.10.10.4",
				"remote_port":	5201
			}],
		"version":	"iperf 3.9",
		"system_info":	"Linux zelda 5.10.0-18-amd64 #1 SMP Debian 5.10.140-1 (2022-09-02) x86_64",
		"timestamp":	{
			"time":	"Tue, 30 Jan 2024 00:34:01 GMT",
			"timesecs":	1706574841
		},
		"connecting_to":	{
			"host":	"10.10.10.4",
			"port":	5201
		},
		"cookie":	"gvxuji47cky34gc7uiwgjm7bs5rj2hg2oucn",
		"tcp_mss_default":	1448,
		"target_bitrate":	9000000000,
		"sock_bufsize":	0,
		"sndbuf_actual":	1000000,
		"rcvbuf_actual":	1000000,
		"test_start":	{
			"protocol":	"TCP",
			"num_streams":	1,
			"blksize":	131072,
			"omit":	0,
			"duration":	100,
			"bytes":	0,
			"blocks":	0,
			"reverse":	0,
			"tos":	0
		}
	},
	"intervals":	[{
			"streams":	[{
					"socket":	5,
					"start":	0,
					"end":	60.00007,
					"seconds":	60.000068664550781,
					"bytes":	7062552576,
					"bits_per_second":	941672599.14123333,
					"retransmits":	0,
					"snd_cwnd":	385168,
					"rtt":	2177,
					"rttvar":	116,
					"pmtu":	9000,
					"omitted":	false,
					"sender":	true
				}],
			"sum":	{
				"start":	0,
				"end":	60.00007,
				"seconds":	60.000068664550781,
				"bytes":	7062552576,
				"bits_per_second":	941672599.14123333,
				"retransmits":	0,
				"omitted":	false,
				"sender":	true
			}
		}, {
			"streams":	[{
					"socket":	5,
					"start":	60.00007,
					"end":	100.000078,
					"seconds":	40.000007629394531,
					"bytes":	4707450880,
					"bits_per_second":	941489996.42503428,
					"retransmits":	0,
					"snd_cwnd":	385168,
					"rtt":	2195,
					"rttvar":	91,
					"pmtu":	9000,
					"omitted":	false,
					"sender":	true
				}],
			"sum":	{
				"start":	60.00007,
				"end":	100.000078,
				"seconds":	40.000007629394531,
				"bytes":	4707450880,
				"bits_per_second":	941489996.42503428,
				"retransmits":	0,
				"omitted":	false,
				"sender":	true
			}
		}],
	"end":	{
		"streams":	[{
				"sender":	{
					"socket":	5,
					"start":	0,
					"end":	100.000078,
					"seconds":	100.000078,
					"bytes":	11770003456,
					"bits_per_second":	941599542.03235722,
					"retransmits":	0,
					"max_snd_cwnd":	385168,
					"max_rtt":	2195,
					"min_rtt":	2177,
					"mean_rtt":	2186,
					"sender":	true
				},
				"receiver":	{
					"socket":	5,
					"start":	0,
					"end":	100.04088282585144,
					"seconds":	100.000078,
					"bytes":	11768659848,
					"bits_per_second":	941108036.28045356,
					"sender":	true
				}
			}],
		"sum_sent":	{
			"start":	0,
			"end":	100.000078,
			"seconds":	100.000078,
			"bytes":	11770003456,
			"bits_per_second":	941599542.03235722,
			"retransmits":	0,
			"sender":	true
		},
		"sum_received":	{
			"start":	0,
			"end":	100.04088282585144,
			"seconds":	100.04088282585144,
			"bytes":	11768659848,
			"bits_per_second":	941108036.28045356,
			"sender":	true
		},
		"cpu_utilization_percent":	{
			"host_total":	8.79092421969718,
			"host_user":	0.30941023026784276,
			"host_system":	8.48151398942934,
			"remote_total":	24.850245643498052,
			"remote_user":	2.53099991511367,
			"remote_system":	22.319244729604183
		},
		"sender_tcp_congestion":	"cubic",
		"receiver_tcp_congestion":	"cubic"
	}
}
