{
	"start":	{
		"connected":	[{
				"socket":	5,
				"local_host":	"10.10.10.2",
				"local_port":	54558,
				"remote_host":	"10.10.10.4",
				"remote_port":	5201
			}],
		"version":	"iperf 3.9",
		"system_info":	"Linux zelda 5.10.0-18-amd64 #1 SMP Debian 5.10.140-1 (2022-09-02) x86_64",
		"timestamp":	{
			"time":	"Tue, 30 Jan 2024 00:51:07 GMT",
			"timesecs":	1706575867
		},
		"connecting_to":	{
			"host":	"10.10.10.4",
			"port":	5201
		},
		"cookie":	"c7wa3ubfpsarx4fvqhqvfrvrqopwoj7voxkn",
		"tcp_mss_default":	1448,
		"target_bitrate":	10000000000,
		"sock_bufsize":	0,
		"sndbuf_actual":	1000000,
		"rcvbuf_actual":	1000000,
		"test_start":	{
			"protocol":	"TCP",
			"num_streams":	1,
			"blksize":	131072,
			"omit":	0,
			"duration":	30,
			"bytes":	0,
			"blocks":	0,
			"reverse":	0,
			"tos":	0
		}
	},
	"intervals":	[{
			"streams":	[{
					"socket":	5,
					"start":	0,
					"end":	30.000134,
					"seconds":	30.0001335144043,
					"bytes":	3532128256,
					"bits_per_second":	941896676.37421143,
					"retransmits":	0,
					"snd_cwnd":	382272,
					"rtt":	2207,
					"rttvar":	145,
					"pmtu":	9000,
					"omitted":	false,
					"sender":	true
				}],
			"sum":	{
				"start":	0,
				"end":	30.000134,
				"seconds":	30.0001335144043,
				"bytes":	3532128256,
				"bits_per_second":	941896676.37421143,
				"retransmits":	0,
				"omitted":	false,
				"sender":	true
			}
		}],
	"end":	{
		"streams":	[{
				"sender":	{
					"socket":	5,
					"start":	0,
					"end":	30.000134,
					"seconds":	30.000134,
					"bytes":	3532128256,
					"bits_per_second":	941896661.128247,
					"retransmits":	0,
					"max_snd_cwnd":	382272,
					"max_rtt":	2207,
					"min_rtt":	2207,
					"mean_rtt":	2207,
					"sender":	true
				},
				"receiver":	{
					"socket":	5,
					"start":	0,
					"end":	30.044764995574951,
					"seconds":	30.000134,
					"bytes":	3530744584,
					"bits_per_second":	940129059.9597007,
					"sender":	true
				}
			}],
		"sum_sent":	{
			"start":	0,
			"end":	30.000134,
			"seconds":	30.000134,
			"bytes":	3532128256,
			"bits_per_second":	941896661.128247,
			"retransmits":	0,
			"sender":	true
		},
		"sum_received":	{
			"start":	0,
			"end":	30.044764995574951,
			"seconds":	30.044764995574951,
			"bytes":	3530744584,
			"bits_per_second":	940129059.9597007,
			"sender":	true
		},
		"cpu_utilization_percent":	{
			"host_total":	8.3885432822491062,
			"host_user":	0.20975138722536912,
			"host_system":	8.1787918950237355,
			"remote_total":	22.919554284380446,
			"remote_user":	2.0693688151759577,
			"remote_system":	20.85018546920449
		},
		"sender_tcp_congestion":	"cubic",
		"receiver_tcp_congestion":	"cubic"
	}
}
