{
	"start":	{
		"connected":	[{
				"socket":	5,
				"local_host":	"10.10.10.2",
				"local_port":	58384,
				"remote_host":	"10.10.10.4",
				"remote_port":	5201
			}],
		"version":	"iperf 3.9",
		"system_info":	"Linux zelda 5.10.0-18-amd64 #1 SMP Debian 5.10.140-1 (2022-09-02) x86_64",
		"timestamp":	{
			"time":	"Mon, 29 Jan 2024 18:19:14 GMT",
			"timesecs":	1706552354
		},
		"connecting_to":	{
			"host":	"10.10.10.4",
			"port":	5201
		},
		"cookie":	"dktgf42aaffrfvdr2o5v2tk7fbtjuykwomz7",
		"tcp_mss_default":	1448,
		"target_bitrate":	5000000000,
		"sock_bufsize":	0,
		"sndbuf_actual":	1000000,
		"rcvbuf_actual":	1000000,
		"test_start":	{
			"protocol":	"TCP",
			"num_streams":	1,
			"blksize":	131072,
			"omit":	0,
			"duration":	100,
			"bytes":	0,
			"blocks":	0,
			"reverse":	0,
			"tos":	0
		}
	},
	"intervals":	[{
			"streams":	[{
					"socket":	5,
					"start":	0,
					"end":	60.000062,
					"seconds":	60.00006103515625,
					"bytes":	7062683648,
					"bits_per_second":	941690195.12986338,
					"retransmits":	0,
					"snd_cwnd":	405440,
					"rtt":	2171,
					"rttvar":	140,
					"pmtu":	9000,
					"omitted":	false,
					"sender":	true
				}],
			"sum":	{
				"start":	0,
				"end":	60.000062,
				"seconds":	60.00006103515625,
				"bytes":	7062683648,
				"bits_per_second":	941690195.12986338,
				"retransmits":	0,
				"omitted":	false,
				"sender":	true
			}
		}, {
			"streams":	[{
					"socket":	5,
					"start":	60.000062,
					"end":	100.000073,
					"seconds":	40.0000114440918,
					"bytes":	4707319808,
					"bits_per_second":	941463692.245077,
					"retransmits":	0,
					"snd_cwnd":	405440,
					"rtt":	2204,
					"rttvar":	114,
					"pmtu":	9000,
					"omitted":	false,
					"sender":	true
				}],
			"sum":	{
				"start":	60.000062,
				"end":	100.000073,
				"seconds":	40.0000114440918,
				"bytes":	4707319808,
				"bits_per_second":	941463692.245077,
				"retransmits":	0,
				"omitted":	false,
				"sender":	true
			}
		}],
	"end":	{
		"streams":	[{
				"sender":	{
					"socket":	5,
					"start":	0,
					"end":	100.000073,
					"seconds":	100.000073,
					"bytes":	11770003456,
					"bits_per_second":	941599589.1123,
					"retransmits":	0,
					"max_snd_cwnd":	405440,
					"max_rtt":	2204,
					"min_rtt":	2171,
					"mean_rtt":	2187,
					"sender":	true
				},
				"receiver":	{
					"socket":	5,
					"start":	0,
					"end":	100.04360890388489,
					"seconds":	100.000073,
					"bytes":	11768616072,
					"bits_per_second":	941078891.570694,
					"sender":	true
				}
			}],
		"sum_sent":	{
			"start":	0,
			"end":	100.000073,
			"seconds":	100.000073,
			"bytes":	11770003456,
			"bits_per_second":	941599589.1123,
			"retransmits":	0,
			"sender":	true
		},
		"sum_received":	{
			"start":	0,
			"end":	100.04360890388489,
			"seconds":	100.04360890388489,
			"bytes":	11768616072,
			"bits_per_second":	941078891.570694,
			"sender":	true
		},
		"cpu_utilization_percent":	{
			"host_total":	9.28755262369506,
			"host_user":	0.299009258125399,
			"host_system":	8.98854336556966,
			"remote_total":	24.577015484525859,
			"remote_user":	2.3939112378831382,
			"remote_system":	22.183103247857566
		},
		"sender_tcp_congestion":	"cubic",
		"receiver_tcp_congestion":	"cubic"
	}
}
