{
	"start":	{
		"connected":	[{
				"socket":	5,
				"local_host":	"10.10.10.2",
				"local_port":	34042,
				"remote_host":	"10.10.10.4",
				"remote_port":	5201
			}],
		"version":	"iperf 3.9",
		"system_info":	"Linux zelda 5.10.0-18-amd64 #1 SMP Debian 5.10.140-1 (2022-09-02) x86_64",
		"timestamp":	{
			"time":	"Mon, 29 Jan 2024 14:08:28 GMT",
			"timesecs":	1706537308
		},
		"connecting_to":	{
			"host":	"10.10.10.4",
			"port":	5201
		},
		"cookie":	"to65mtima6tsaabfufp2uqpjynr53yrypvni",
		"tcp_mss_default":	1448,
		"target_bitrate":	3000000000,
		"sock_bufsize":	0,
		"sndbuf_actual":	1000000,
		"rcvbuf_actual":	1000000,
		"test_start":	{
			"protocol":	"TCP",
			"num_streams":	1,
			"blksize":	131072,
			"omit":	0,
			"duration":	30,
			"bytes":	0,
			"blocks":	0,
			"reverse":	0,
			"tos":	0
		}
	},
	"intervals":	[{
			"streams":	[{
					"socket":	5,
					"start":	0,
					"end":	30.000097,
					"seconds":	30.000097274780273,
					"bytes":	3532652544,
					"bits_per_second":	942037623.8499043,
					"retransmits":	0,
					"snd_cwnd":	518384,
					"rtt":	2307,
					"rttvar":	147,
					"pmtu":	9000,
					"omitted":	false,
					"sender":	true
				}],
			"sum":	{
				"start":	0,
				"end":	30.000097,
				"seconds":	30.000097274780273,
				"bytes":	3532652544,
				"bits_per_second":	942037623.8499043,
				"retransmits":	0,
				"omitted":	false,
				"sender":	true
			}
		}],
	"end":	{
		"streams":	[{
				"sender":	{
					"socket":	5,
					"start":	0,
					"end":	30.000097,
					"seconds":	30.000097,
					"bytes":	3532652544,
					"bits_per_second":	942037632.47832167,
					"retransmits":	0,
					"max_snd_cwnd":	518384,
					"max_rtt":	2307,
					"min_rtt":	2307,
					"mean_rtt":	2307,
					"sender":	true
				},
				"receiver":	{
					"socket":	5,
					"start":	0,
					"end":	30.044440031051636,
					"seconds":	30.000097,
					"bytes":	3530812640,
					"bits_per_second":	940157349.939176,
					"sender":	true
				}
			}],
		"sum_sent":	{
			"start":	0,
			"end":	30.000097,
			"seconds":	30.000097,
			"bytes":	3532652544,
			"bits_per_second":	942037632.47832167,
			"retransmits":	0,
			"sender":	true
		},
		"sum_received":	{
			"start":	0,
			"end":	30.044440031051636,
			"seconds":	30.044440031051636,
			"bytes":	3530812640,
			"bits_per_second":	940157349.939176,
			"sender":	true
		},
		"cpu_utilization_percent":	{
			"host_total":	9.24577033933006,
			"host_user":	0.34684812839343354,
			"host_system":	8.8989255345738041,
			"remote_total":	26.100867767342738,
			"remote_user":	2.3313577566355193,
			"remote_system":	23.769506691358636
		},
		"sender_tcp_congestion":	"cubic",
		"receiver_tcp_congestion":	"cubic"
	}
}
