{
	"start":	{
		"connected":	[{
				"socket":	5,
				"local_host":	"10.10.10.2",
				"local_port":	39436,
				"remote_host":	"10.10.10.4",
				"remote_port":	5201
			}],
		"version":	"iperf 3.9",
		"system_info":	"Linux zelda 5.10.0-18-amd64 #1 SMP Debian 5.10.140-1 (2022-09-02) x86_64",
		"timestamp":	{
			"time":	"Tue, 30 Jan 2024 00:35:41 GMT",
			"timesecs":	1706574941
		},
		"connecting_to":	{
			"host":	"10.10.10.4",
			"port":	5201
		},
		"cookie":	"dx3akilq4o5nikvbyllibkhlc4z2dq7ztnju",
		"tcp_mss_default":	1448,
		"target_bitrate":	9000000000,
		"sock_bufsize":	0,
		"sndbuf_actual":	1000000,
		"rcvbuf_actual":	1000000,
		"test_start":	{
			"protocol":	"TCP",
			"num_streams":	1,
			"blksize":	131072,
			"omit":	0,
			"duration":	100,
			"bytes":	0,
			"blocks":	0,
			"reverse":	0,
			"tos":	0
		}
	},
	"intervals":	[{
			"streams":	[{
					"socket":	5,
					"start":	0,
					"end":	60.000111,
					"seconds":	60.0001106262207,
					"bytes":	7063207936,
					"bits_per_second":	941759321.74542367,
					"retransmits":	0,
					"snd_cwnd":	525624,
					"rtt":	2677,
					"rttvar":	143,
					"pmtu":	9000,
					"omitted":	false,
					"sender":	true
				}],
			"sum":	{
				"start":	0,
				"end":	60.000111,
				"seconds":	60.0001106262207,
				"bytes":	7063207936,
				"bits_per_second":	941759321.74542367,
				"retransmits":	0,
				"omitted":	false,
				"sender":	true
			}
		}, {
			"streams":	[{
					"socket":	5,
					"start":	60.000111,
					"end":	100.000078,
					"seconds":	39.9999656677246,
					"bytes":	4707319808,
					"bits_per_second":	941464769.66569352,
					"retransmits":	0,
					"snd_cwnd":	525624,
					"rtt":	2247,
					"rttvar":	84,
					"pmtu":	9000,
					"omitted":	false,
					"sender":	true
				}],
			"sum":	{
				"start":	60.000111,
				"end":	100.000078,
				"seconds":	39.9999656677246,
				"bytes":	4707319808,
				"bits_per_second":	941464769.66569352,
				"retransmits":	0,
				"omitted":	false,
				"sender":	true
			}
		}],
	"end":	{
		"streams":	[{
				"sender":	{
					"socket":	5,
					"start":	0,
					"end":	100.000078,
					"seconds":	100.000078,
					"bytes":	11770527744,
					"bits_per_second":	941641485.03964162,
					"retransmits":	0,
					"max_snd_cwnd":	525624,
					"max_rtt":	2677,
					"min_rtt":	2247,
					"mean_rtt":	2462,
					"sender":	true
				},
				"receiver":	{
					"socket":	5,
					"start":	0,
					"end":	100.04137086868286,
					"seconds":	100.000078,
					"bytes":	11768722112,
					"bits_per_second":	941108424.22964859,
					"sender":	true
				}
			}],
		"sum_sent":	{
			"start":	0,
			"end":	100.000078,
			"seconds":	100.000078,
			"bytes":	11770527744,
			"bits_per_second":	941641485.03964162,
			"retransmits":	0,
			"sender":	true
		},
		"sum_received":	{
			"start":	0,
			"end":	100.04137086868286,
			"seconds":	100.04137086868286,
			"bytes":	11768722112,
			"bits_per_second":	941108424.22964859,
			"sender":	true
		},
		"cpu_utilization_percent":	{
			"host_total":	8.61507707155325,
			"host_user":	0.30996281647201962,
			"host_system":	8.3051152542489746,
			"remote_total":	22.961972481779078,
			"remote_user":	2.2589127883803428,
			"remote_system":	20.703058694624023
		},
		"sender_tcp_congestion":	"cubic",
		"receiver_tcp_congestion":	"cubic"
	}
}
