{
	"start":	{
		"connected":	[{
				"socket":	5,
				"local_host":	"10.10.10.2",
				"local_port":	38506,
				"remote_host":	"10.10.10.4",
				"remote_port":	5201
			}],
		"version":	"iperf 3.9",
		"system_info":	"Linux zelda 5.10.0-18-amd64 #1 SMP Debian 5.10.140-1 (2022-09-02) x86_64",
		"timestamp":	{
			"time":	"Mon, 29 Jan 2024 11:07:17 GMT",
			"timesecs":	1706526437
		},
		"connecting_to":	{
			"host":	"10.10.10.4",
			"port":	5201
		},
		"cookie":	"ys4ntyjknos4fpjluvyd4iwu3kl3dzhjhzhy",
		"tcp_mss_default":	1448,
		"target_bitrate":	1000000000,
		"sock_bufsize":	0,
		"sndbuf_actual":	1000000,
		"rcvbuf_actual":	1000000,
		"test_start":	{
			"protocol":	"TCP",
			"num_streams":	1,
			"blksize":	131072,
			"omit":	0,
			"duration":	40,
			"bytes":	0,
			"blocks":	0,
			"reverse":	0,
			"tos":	0
		}
	},
	"intervals":	[{
			"streams":	[{
					"socket":	5,
					"start":	0,
					"end":	40.000083,
					"seconds":	40.000083923339844,
					"bytes":	4708761600,
					"bits_per_second":	941750344.1291455,
					"retransmits":	0,
					"snd_cwnd":	373584,
					"rtt":	2234,
					"rttvar":	150,
					"pmtu":	9000,
					"omitted":	false,
					"sender":	true
				}],
			"sum":	{
				"start":	0,
				"end":	40.000083,
				"seconds":	40.000083923339844,
				"bytes":	4708761600,
				"bits_per_second":	941750344.1291455,
				"retransmits":	0,
				"omitted":	false,
				"sender":	true
			}
		}],
	"end":	{
		"streams":	[{
				"sender":	{
					"socket":	5,
					"start":	0,
					"end":	40.000083,
					"seconds":	40.000083,
					"bytes":	4708761600,
					"bits_per_second":	941750365.867991,
					"retransmits":	0,
					"max_snd_cwnd":	373584,
					"max_rtt":	2234,
					"min_rtt":	2234,
					"mean_rtt":	2234,
					"sender":	true
				},
				"receiver":	{
					"socket":	5,
					"start":	0,
					"end":	40.041192054748535,
					"seconds":	40.000083,
					"bytes":	4707506256,
					"bits_per_second":	940532689.34918857,
					"sender":	true
				}
			}],
		"sum_sent":	{
			"start":	0,
			"end":	40.000083,
			"seconds":	40.000083,
			"bytes":	4708761600,
			"bits_per_second":	941750365.867991,
			"retransmits":	0,
			"sender":	true
		},
		"sum_received":	{
			"start":	0,
			"end":	40.041192054748535,
			"seconds":	40.041192054748535,
			"bytes":	4707506256,
			"bits_per_second":	940532689.34918857,
			"sender":	true
		},
		"cpu_utilization_percent":	{
			"host_total":	8.5832168786799965,
			"host_user":	0.24274358780920358,
			"host_system":	8.3404732908707935,
			"remote_total":	26.489039979837408,
			"remote_user":	2.4579465779023408,
			"remote_system":	24.031093401935067
		},
		"sender_tcp_congestion":	"cubic",
		"receiver_tcp_congestion":	"cubic"
	}
}
