{
	"start":	{
		"connected":	[{
				"socket":	5,
				"local_host":	"10.10.10.2",
				"local_port":	53438,
				"remote_host":	"10.10.10.4",
				"remote_port":	5201
			}],
		"version":	"iperf 3.9",
		"system_info":	"Linux zelda 5.10.0-18-amd64 #1 SMP Debian 5.10.140-1 (2022-09-02) x86_64",
		"timestamp":	{
			"time":	"Mon, 29 Jan 2024 15:55:24 GMT",
			"timesecs":	1706543724
		},
		"connecting_to":	{
			"host":	"10.10.10.4",
			"port":	5201
		},
		"cookie":	"6ews4glqytvorump4m7a3lphz7742h2yrcvs",
		"tcp_mss_default":	1448,
		"target_bitrate":	4000000000,
		"sock_bufsize":	0,
		"sndbuf_actual":	1000000,
		"rcvbuf_actual":	1000000,
		"test_start":	{
			"protocol":	"TCP",
			"num_streams":	1,
			"blksize":	131072,
			"omit":	0,
			"duration":	50,
			"bytes":	0,
			"blocks":	0,
			"reverse":	0,
			"tos":	0
		}
	},
	"intervals":	[{
			"streams":	[{
					"socket":	5,
					"start":	0,
					"end":	50.000071,
					"seconds":	50.000072479248047,
					"bytes":	5886312448,
					"bits_per_second":	941808626.448379,
					"retransmits":	0,
					"snd_cwnd":	524176,
					"rtt":	2789,
					"rttvar":	96,
					"pmtu":	9000,
					"omitted":	false,
					"sender":	true
				}],
			"sum":	{
				"start":	0,
				"end":	50.000071,
				"seconds":	50.000072479248047,
				"bytes":	5886312448,
				"bits_per_second":	941808626.448379,
				"retransmits":	0,
				"omitted":	false,
				"sender":	true
			}
		}],
	"end":	{
		"streams":	[{
				"sender":	{
					"socket":	5,
					"start":	0,
					"end":	50.000071,
					"seconds":	50.000071,
					"bytes":	5886312448,
					"bits_per_second":	941808654.311711,
					"retransmits":	0,
					"max_snd_cwnd":	524176,
					"max_rtt":	2789,
					"min_rtt":	2789,
					"mean_rtt":	2789,
					"sender":	true
				},
				"receiver":	{
					"socket":	5,
					"start":	0,
					"end":	50.043776035308838,
					"seconds":	50.000071,
					"bytes":	5884457000,
					"bits_per_second":	940689526.841167,
					"sender":	true
				}
			}],
		"sum_sent":	{
			"start":	0,
			"end":	50.000071,
			"seconds":	50.000071,
			"bytes":	5886312448,
			"bits_per_second":	941808654.311711,
			"retransmits":	0,
			"sender":	true
		},
		"sum_received":	{
			"start":	0,
			"end":	50.043776035308838,
			"seconds":	50.043776035308838,
			"bytes":	5884457000,
			"bits_per_second":	940689526.841167,
			"sender":	true
		},
		"cpu_utilization_percent":	{
			"host_total":	9.77190796437815,
			"host_user":	0.28445241637003721,
			"host_system":	9.48745355138843,
			"remote_total":	24.31099487138275,
			"remote_user":	2.5295415172955589,
			"remote_system":	21.7814553492156
		},
		"sender_tcp_congestion":	"cubic",
		"receiver_tcp_congestion":	"cubic"
	}
}
