{
	"start":	{
		"connected":	[{
				"socket":	5,
				"local_host":	"10.10.10.2",
				"local_port":	34710,
				"remote_host":	"10.10.10.4",
				"remote_port":	5201
			}],
		"version":	"iperf 3.9",
		"system_info":	"Linux zelda 5.10.0-18-amd64 #1 SMP Debian 5.10.140-1 (2022-09-02) x86_64",
		"timestamp":	{
			"time":	"Tue, 30 Jan 2024 00:53:38 GMT",
			"timesecs":	1706576018
		},
		"connecting_to":	{
			"host":	"10.10.10.4",
			"port":	5201
		},
		"cookie":	"57swvybffkbie7om5buuqpwxhgt3pgw5ahgb",
		"tcp_mss_default":	1448,
		"target_bitrate":	10000000000,
		"sock_bufsize":	0,
		"sndbuf_actual":	1000000,
		"rcvbuf_actual":	1000000,
		"test_start":	{
			"protocol":	"TCP",
			"num_streams":	1,
			"blksize":	131072,
			"omit":	0,
			"duration":	30,
			"bytes":	0,
			"blocks":	0,
			"reverse":	0,
			"tos":	0
		}
	},
	"intervals":	[{
			"streams":	[{
					"socket":	5,
					"start":	0,
					"end":	30.000051,
					"seconds":	30.000051498413086,
					"bytes":	3532128256,
					"bits_per_second":	941899251.38944221,
					"retransmits":	0,
					"snd_cwnd":	383720,
					"rtt":	2183,
					"rttvar":	144,
					"pmtu":	9000,
					"omitted":	false,
					"sender":	true
				}],
			"sum":	{
				"start":	0,
				"end":	30.000051,
				"seconds":	30.000051498413086,
				"bytes":	3532128256,
				"bits_per_second":	941899251.38944221,
				"retransmits":	0,
				"omitted":	false,
				"sender":	true
			}
		}],
	"end":	{
		"streams":	[{
				"sender":	{
					"socket":	5,
					"start":	0,
					"end":	30.000051,
					"seconds":	30.000051,
					"bytes":	3532128256,
					"bits_per_second":	941899267.03791273,
					"retransmits":	0,
					"max_snd_cwnd":	383720,
					"max_rtt":	2183,
					"min_rtt":	2183,
					"mean_rtt":	2183,
					"sender":	true
				},
				"receiver":	{
					"socket":	5,
					"start":	0,
					"end":	30.040632963180542,
					"seconds":	30.000051,
					"bytes":	3530741688,
					"bits_per_second":	940257601.716308,
					"sender":	true
				}
			}],
		"sum_sent":	{
			"start":	0,
			"end":	30.000051,
			"seconds":	30.000051,
			"bytes":	3532128256,
			"bits_per_second":	941899267.03791273,
			"retransmits":	0,
			"sender":	true
		},
		"sum_received":	{
			"start":	0,
			"end":	30.040632963180542,
			"seconds":	30.040632963180542,
			"bytes":	3530741688,
			"bits_per_second":	940257601.716308,
			"sender":	true
		},
		"cpu_utilization_percent":	{
			"host_total":	8.46214703989533,
			"host_user":	0.19549096624241424,
			"host_system":	8.26665274948542,
			"remote_total":	26.281017186022243,
			"remote_user":	2.2701782184318486,
			"remote_system":	24.0108389675904
		},
		"sender_tcp_congestion":	"cubic",
		"receiver_tcp_congestion":	"cubic"
	}
}
