{
	"start":	{
		"connected":	[{
				"socket":	5,
				"local_host":	"10.10.10.2",
				"local_port":	42488,
				"remote_host":	"10.10.10.4",
				"remote_port":	5201
			}],
		"version":	"iperf 3.9",
		"system_info":	"Linux zelda 5.10.0-18-amd64 #1 SMP Debian 5.10.140-1 (2022-09-02) x86_64",
		"timestamp":	{
			"time":	"Mon, 29 Jan 2024 22:07:10 GMT",
			"timesecs":	1706566030
		},
		"connecting_to":	{
			"host":	"10.10.10.4",
			"port":	5201
		},
		"cookie":	"wvitxz4x3zh4c7assv3jrwwc54tlf57o43cr",
		"tcp_mss_default":	1448,
		"target_bitrate":	8000000000,
		"sock_bufsize":	0,
		"sndbuf_actual":	1000000,
		"rcvbuf_actual":	1000000,
		"test_start":	{
			"protocol":	"TCP",
			"num_streams":	1,
			"blksize":	131072,
			"omit":	0,
			"duration":	60,
			"bytes":	0,
			"blocks":	0,
			"reverse":	0,
			"tos":	0
		}
	},
	"intervals":	[{
			"streams":	[{
					"socket":	5,
					"start":	0,
					"end":	60.000074,
					"seconds":	60.000072479248047,
					"bytes":	7062552576,
					"bits_per_second":	941672539.271374,
					"retransmits":	0,
					"snd_cwnd":	379376,
					"rtt":	2189,
					"rttvar":	118,
					"pmtu":	9000,
					"omitted":	false,
					"sender":	true
				}],
			"sum":	{
				"start":	0,
				"end":	60.000074,
				"seconds":	60.000072479248047,
				"bytes":	7062552576,
				"bits_per_second":	941672539.271374,
				"retransmits":	0,
				"omitted":	false,
				"sender":	true
			}
		}],
	"end":	{
		"streams":	[{
				"sender":	{
					"socket":	5,
					"start":	0,
					"end":	60.000074,
					"seconds":	60.000074,
					"bytes":	7062552576,
					"bits_per_second":	941672515.40389764,
					"retransmits":	0,
					"max_snd_cwnd":	379376,
					"max_rtt":	2189,
					"min_rtt":	2189,
					"mean_rtt":	2189,
					"sender":	true
				},
				"receiver":	{
					"socket":	5,
					"start":	0,
					"end":	60.043816089630127,
					"seconds":	60.000074,
					"bytes":	7061240808,
					"bits_per_second":	940811729.54888356,
					"sender":	true
				}
			}],
		"sum_sent":	{
			"start":	0,
			"end":	60.000074,
			"seconds":	60.000074,
			"bytes":	7062552576,
			"bits_per_second":	941672515.40389764,
			"retransmits":	0,
			"sender":	true
		},
		"sum_received":	{
			"start":	0,
			"end":	60.043816089630127,
			"seconds":	60.043816089630127,
			"bytes":	7061240808,
			"bits_per_second":	940811729.54888356,
			"sender":	true
		},
		"cpu_utilization_percent":	{
			"host_total":	8.83065441296472,
			"host_user":	0.278297291574776,
			"host_system":	8.55235545708177,
			"remote_total":	22.384330623762761,
			"remote_user":	2.0633779774438863,
			"remote_system":	20.320952646318872
		},
		"sender_tcp_congestion":	"cubic",
		"receiver_tcp_congestion":	"cubic"
	}
}
