{
	"start":	{
		"connected":	[{
				"socket":	5,
				"local_host":	"10.10.10.2",
				"local_port":	42770,
				"remote_host":	"10.10.10.4",
				"remote_port":	5201
			}],
		"version":	"iperf 3.9",
		"system_info":	"Linux zelda 5.10.0-18-amd64 #1 SMP Debian 5.10.140-1 (2022-09-02) x86_64",
		"timestamp":	{
			"time":	"Mon, 29 Jan 2024 23:15:24 GMT",
			"timesecs":	1706570124
		},
		"connecting_to":	{
			"host":	"10.10.10.4",
			"port":	5201
		},
		"cookie":	"fwsod23623ckxrg2tqs3aqnbe3ijojdlwbil",
		"tcp_mss_default":	1448,
		"target_bitrate":	9000000000,
		"sock_bufsize":	0,
		"sndbuf_actual":	1000000,
		"rcvbuf_actual":	1000000,
		"test_start":	{
			"protocol":	"TCP",
			"num_streams":	1,
			"blksize":	131072,
			"omit":	0,
			"duration":	20,
			"bytes":	0,
			"blocks":	0,
			"reverse":	0,
			"tos":	0
		}
	},
	"intervals":	[{
			"streams":	[{
					"socket":	5,
					"start":	0,
					"end":	20.000076,
					"seconds":	20.000076293945312,
					"bytes":	2355625984,
					"bits_per_second":	942246799.2137115,
					"retransmits":	0,
					"snd_cwnd":	501008,
					"rtt":	2706,
					"rttvar":	126,
					"pmtu":	9000,
					"omitted":	false,
					"sender":	true
				}],
			"sum":	{
				"start":	0,
				"end":	20.000076,
				"seconds":	20.000076293945312,
				"bytes":	2355625984,
				"bits_per_second":	942246799.2137115,
				"retransmits":	0,
				"omitted":	false,
				"sender":	true
			}
		}],
	"end":	{
		"streams":	[{
				"sender":	{
					"socket":	5,
					"start":	0,
					"end":	20.000076,
					"seconds":	20.000076,
					"bytes":	2355625984,
					"bits_per_second":	942246813.06211042,
					"retransmits":	0,
					"max_snd_cwnd":	501008,
					"max_rtt":	2706,
					"min_rtt":	2706,
					"mean_rtt":	2706,
					"sender":	true
				},
				"receiver":	{
					"socket":	5,
					"start":	0,
					"end":	20.04386305809021,
					"seconds":	20.000076,
					"bytes":	2353879352,
					"bits_per_second":	939491292.74255931,
					"sender":	true
				}
			}],
		"sum_sent":	{
			"start":	0,
			"end":	20.000076,
			"seconds":	20.000076,
			"bytes":	2355625984,
			"bits_per_second":	942246813.06211042,
			"retransmits":	0,
			"sender":	true
		},
		"sum_received":	{
			"start":	0,
			"end":	20.04386305809021,
			"seconds":	20.04386305809021,
			"bytes":	2353879352,
			"bits_per_second":	939491292.74255931,
			"sender":	true
		},
		"cpu_utilization_percent":	{
			"host_total":	8.9351715920175252,
			"host_user":	0.50105273344801038,
			"host_system":	8.4341188585695157,
			"remote_total":	23.917703870695227,
			"remote_user":	2.5169309967011766,
			"remote_system":	21.40077287399405
		},
		"sender_tcp_congestion":	"cubic",
		"receiver_tcp_congestion":	"cubic"
	}
}
