{
	"start":	{
		"connected":	[{
				"socket":	5,
				"local_host":	"10.10.10.2",
				"local_port":	48304,
				"remote_host":	"10.10.10.4",
				"remote_port":	5201
			}],
		"version":	"iperf 3.9",
		"system_info":	"Linux zelda 5.10.0-18-amd64 #1 SMP Debian 5.10.140-1 (2022-09-02) x86_64",
		"timestamp":	{
			"time":	"Mon, 29 Jan 2024 12:30:34 GMT",
			"timesecs":	1706531434
		},
		"connecting_to":	{
			"host":	"10.10.10.4",
			"port":	5201
		},
		"cookie":	"iyqwajwypzxeazu6vby3awkpeo2ehtl23up4",
		"tcp_mss_default":	1448,
		"target_bitrate":	2000000000,
		"sock_bufsize":	0,
		"sndbuf_actual":	1000000,
		"rcvbuf_actual":	1000000,
		"test_start":	{
			"protocol":	"TCP",
			"num_streams":	1,
			"blksize":	131072,
			"omit":	0,
			"duration":	20,
			"bytes":	0,
			"blocks":	0,
			"reverse":	0,
			"tos":	0
		}
	},
	"intervals":	[{
			"streams":	[{
					"socket":	5,
					"start":	0,
					"end":	20.000072,
					"seconds":	20.000072479248047,
					"bytes":	2355757056,
					"bits_per_second":	942299407.54237533,
					"retransmits":	0,
					"snd_cwnd":	518384,
					"rtt":	2201,
					"rttvar":	119,
					"pmtu":	9000,
					"omitted":	false,
					"sender":	true
				}],
			"sum":	{
				"start":	0,
				"end":	20.000072,
				"seconds":	20.000072479248047,
				"bytes":	2355757056,
				"bits_per_second":	942299407.54237533,
				"retransmits":	0,
				"omitted":	false,
				"sender":	true
			}
		}],
	"end":	{
		"streams":	[{
				"sender":	{
					"socket":	5,
					"start":	0,
					"end":	20.000072,
					"seconds":	20.000072,
					"bytes":	2355757056,
					"bits_per_second":	942299430.1220516,
					"retransmits":	0,
					"max_snd_cwnd":	518384,
					"max_rtt":	2201,
					"min_rtt":	2201,
					"mean_rtt":	2201,
					"sender":	true
				},
				"receiver":	{
					"socket":	5,
					"start":	0,
					"end":	20.041405916213989,
					"seconds":	20.000072,
					"bytes":	2353947744,
					"bits_per_second":	939633777.72638142,
					"sender":	true
				}
			}],
		"sum_sent":	{
			"start":	0,
			"end":	20.000072,
			"seconds":	20.000072,
			"bytes":	2355757056,
			"bits_per_second":	942299430.1220516,
			"retransmits":	0,
			"sender":	true
		},
		"sum_received":	{
			"start":	0,
			"end":	20.041405916213989,
			"seconds":	20.041405916213989,
			"bytes":	2353947744,
			"bits_per_second":	939633777.72638142,
			"sender":	true
		},
		"cpu_utilization_percent":	{
			"host_total":	11.19748103767529,
			"host_user":	0.33223777439678365,
			"host_system":	10.8652382840687,
			"remote_total":	23.268097148539844,
			"remote_user":	1.9476283353867023,
			"remote_system":	21.320468813153141
		},
		"sender_tcp_congestion":	"cubic",
		"receiver_tcp_congestion":	"cubic"
	}
}
