{
	"start":	{
		"connected":	[{
				"socket":	5,
				"local_host":	"10.10.10.2",
				"local_port":	38656,
				"remote_host":	"10.10.10.4",
				"remote_port":	5201
			}],
		"version":	"iperf 3.9",
		"system_info":	"Linux zelda 5.10.0-18-amd64 #1 SMP Debian 5.10.140-1 (2022-09-02) x86_64",
		"timestamp":	{
			"time":	"Mon, 29 Jan 2024 10:56:41 GMT",
			"timesecs":	1706525801
		},
		"connecting_to":	{
			"host":	"10.10.10.4",
			"port":	5201
		},
		"cookie":	"mmos6b6ldvjubgycecj4666utbqbchvoej7w",
		"tcp_mss_default":	1448,
		"target_bitrate":	1000000000,
		"sock_bufsize":	0,
		"sndbuf_actual":	1000000,
		"rcvbuf_actual":	1000000,
		"test_start":	{
			"protocol":	"TCP",
			"num_streams":	1,
			"blksize":	131072,
			"omit":	0,
			"duration":	10,
			"bytes":	0,
			"blocks":	0,
			"reverse":	0,
			"tos":	0
		}
	},
	"intervals":	[{
			"streams":	[{
					"socket":	5,
					"start":	0,
					"end":	10.000074,
					"seconds":	10.00007438659668,
					"bytes":	1178337280,
					"bits_per_second":	942662811.852161,
					"retransmits":	0,
					"snd_cwnd":	389512,
					"rtt":	2194,
					"rttvar":	93,
					"pmtu":	9000,
					"omitted":	false,
					"sender":	true
				}],
			"sum":	{
				"start":	0,
				"end":	10.000074,
				"seconds":	10.00007438659668,
				"bytes":	1178337280,
				"bits_per_second":	942662811.852161,
				"retransmits":	0,
				"omitted":	false,
				"sender":	true
			}
		}],
	"end":	{
		"streams":	[{
				"sender":	{
					"socket":	5,
					"start":	0,
					"end":	10.000074,
					"seconds":	10.000074,
					"bytes":	1178337280,
					"bits_per_second":	942662848.29492259,
					"retransmits":	0,
					"max_snd_cwnd":	389512,
					"max_rtt":	2194,
					"min_rtt":	2194,
					"mean_rtt":	2194,
					"sender":	true
				},
				"receiver":	{
					"socket":	5,
					"start":	0,
					"end":	10.041236162185669,
					"seconds":	10.000074,
					"bytes":	1177005632,
					"bits_per_second":	937737635.477584,
					"sender":	true
				}
			}],
		"sum_sent":	{
			"start":	0,
			"end":	10.000074,
			"seconds":	10.000074,
			"bytes":	1178337280,
			"bits_per_second":	942662848.29492259,
			"retransmits":	0,
			"sender":	true
		},
		"sum_received":	{
			"start":	0,
			"end":	10.041236162185669,
			"seconds":	10.041236162185669,
			"bytes":	1177005632,
			"bits_per_second":	937737635.477584,
			"sender":	true
		},
		"cpu_utilization_percent":	{
			"host_total":	9.12236447254149,
			"host_user":	0.22157955831642767,
			"host_system":	8.90078491422506,
			"remote_total":	26.827570488493858,
			"remote_user":	2.7256957119526328,
			"remote_system":	24.101874776541223
		},
		"sender_tcp_congestion":	"cubic",
		"receiver_tcp_congestion":	"cubic"
	}
}
