{
	"start":	{
		"connected":	[{
				"socket":	5,
				"local_host":	"10.10.10.2",
				"local_port":	48378,
				"remote_host":	"10.10.10.4",
				"remote_port":	5201
			}],
		"version":	"iperf 3.9",
		"system_info":	"Linux zelda 5.10.0-18-amd64 #1 SMP Debian 5.10.140-1 (2022-09-02) x86_64",
		"timestamp":	{
			"time":	"Mon, 29 Jan 2024 15:31:54 GMT",
			"timesecs":	1706542314
		},
		"connecting_to":	{
			"host":	"10.10.10.4",
			"port":	5201
		},
		"cookie":	"e3xgvu5yfc5vvfxjkqfucj75axe5dagcz2vj",
		"tcp_mss_default":	1448,
		"target_bitrate":	4000000000,
		"sock_bufsize":	0,
		"sndbuf_actual":	1000000,
		"rcvbuf_actual":	1000000,
		"test_start":	{
			"protocol":	"TCP",
			"num_streams":	1,
			"blksize":	131072,
			"omit":	0,
			"duration":	10,
			"bytes":	0,
			"blocks":	0,
			"reverse":	0,
			"tos":	0
		}
	},
	"intervals":	[{
			"streams":	[{
					"socket":	5,
					"start":	0,
					"end":	10.000071,
					"seconds":	10.000070571899414,
					"bytes":	1178337280,
					"bits_per_second":	942663171.44694829,
					"retransmits":	0,
					"snd_cwnd":	366344,
					"rtt":	1885,
					"rttvar":	202,
					"pmtu":	9000,
					"omitted":	false,
					"sender":	true
				}],
			"sum":	{
				"start":	0,
				"end":	10.000071,
				"seconds":	10.000070571899414,
				"bytes":	1178337280,
				"bits_per_second":	942663171.44694829,
				"retransmits":	0,
				"omitted":	false,
				"sender":	true
			}
		}],
	"end":	{
		"streams":	[{
				"sender":	{
					"socket":	5,
					"start":	0,
					"end":	10.000071,
					"seconds":	10.000071,
					"bytes":	1178337280,
					"bits_per_second":	942663131.09176922,
					"retransmits":	0,
					"max_snd_cwnd":	366344,
					"max_rtt":	1885,
					"min_rtt":	1885,
					"mean_rtt":	1885,
					"sender":	true
				},
				"receiver":	{
					"socket":	5,
					"start":	0,
					"end":	10.047956943511963,
					"seconds":	10.000071,
					"bytes":	1177097328,
					"bits_per_second":	937183417.180194,
					"sender":	true
				}
			}],
		"sum_sent":	{
			"start":	0,
			"end":	10.000071,
			"seconds":	10.000071,
			"bytes":	1178337280,
			"bits_per_second":	942663131.09176922,
			"retransmits":	0,
			"sender":	true
		},
		"sum_received":	{
			"start":	0,
			"end":	10.047956943511963,
			"seconds":	10.047956943511963,
			"bytes":	1177097328,
			"bits_per_second":	937183417.180194,
			"sender":	true
		},
		"cpu_utilization_percent":	{
			"host_total":	8.5125601648196465,
			"host_user":	0.32086912832485881,
			"host_system":	8.19170094628596,
			"remote_total":	24.457766529391868,
			"remote_user":	2.6617154551914179,
			"remote_system":	21.796041202576969
		},
		"sender_tcp_congestion":	"cubic",
		"receiver_tcp_congestion":	"cubic"
	}
}
