{
	"start":	{
		"connected":	[{
				"socket":	5,
				"local_host":	"10.10.10.2",
				"local_port":	57946,
				"remote_host":	"10.10.10.4",
				"remote_port":	5201
			}],
		"version":	"iperf 3.9",
		"system_info":	"Linux zelda 5.10.0-18-amd64 #1 SMP Debian 5.10.140-1 (2022-09-02) x86_64",
		"timestamp":	{
			"time":	"Mon, 29 Jan 2024 20:07:58 GMT",
			"timesecs":	1706558878
		},
		"connecting_to":	{
			"host":	"10.10.10.4",
			"port":	5201
		},
		"cookie":	"qzk5v3lk7q4f4ruvymmus4hcq3eme7hf55o4",
		"tcp_mss_default":	1448,
		"target_bitrate":	7000000000,
		"sock_bufsize":	0,
		"sndbuf_actual":	1000000,
		"rcvbuf_actual":	1000000,
		"test_start":	{
			"protocol":	"TCP",
			"num_streams":	1,
			"blksize":	131072,
			"omit":	0,
			"duration":	10,
			"bytes":	0,
			"blocks":	0,
			"reverse":	0,
			"tos":	0
		}
	},
	"intervals":	[{
			"streams":	[{
					"socket":	5,
					"start":	0,
					"end":	10.000074,
					"seconds":	10.00007438659668,
					"bytes":	1178468352,
					"bits_per_second":	942767668.672167,
					"retransmits":	0,
					"snd_cwnd":	401096,
					"rtt":	2188,
					"rttvar":	93,
					"pmtu":	9000,
					"omitted":	false,
					"sender":	true
				}],
			"sum":	{
				"start":	0,
				"end":	10.000074,
				"seconds":	10.00007438659668,
				"bytes":	1178468352,
				"bits_per_second":	942767668.672167,
				"retransmits":	0,
				"omitted":	false,
				"sender":	true
			}
		}],
	"end":	{
		"streams":	[{
				"sender":	{
					"socket":	5,
					"start":	0,
					"end":	10.000074,
					"seconds":	10.000074,
					"bytes":	1178468352,
					"bits_per_second":	942767705.1189822,
					"retransmits":	0,
					"max_snd_cwnd":	401096,
					"max_rtt":	2188,
					"min_rtt":	2188,
					"mean_rtt":	2188,
					"sender":	true
				},
				"receiver":	{
					"socket":	5,
					"start":	0,
					"end":	10.044121980667114,
					"seconds":	10.000074,
					"bytes":	1177097328,
					"bits_per_second":	937541244.732529,
					"sender":	true
				}
			}],
		"sum_sent":	{
			"start":	0,
			"end":	10.000074,
			"seconds":	10.000074,
			"bytes":	1178468352,
			"bits_per_second":	942767705.1189822,
			"retransmits":	0,
			"sender":	true
		},
		"sum_received":	{
			"start":	0,
			"end":	10.044121980667114,
			"seconds":	10.044121980667114,
			"bytes":	1177097328,
			"bits_per_second":	937541244.732529,
			"sender":	true
		},
		"cpu_utilization_percent":	{
			"host_total":	6.8724997018749026,
			"host_user":	0.2523382375201067,
			"host_system":	6.6201614643547959,
			"remote_total":	27.395999725460708,
			"remote_user":	2.0621851254017485,
			"remote_system":	25.333804724544752
		},
		"sender_tcp_congestion":	"cubic",
		"receiver_tcp_congestion":	"cubic"
	}
}
