{
	"start":	{
		"connected":	[{
				"socket":	5,
				"local_host":	"10.10.10.2",
				"local_port":	53560,
				"remote_host":	"10.10.10.4",
				"remote_port":	5201
			}],
		"version":	"iperf 3.9",
		"system_info":	"Linux zelda 5.10.0-18-amd64 #1 SMP Debian 5.10.140-1 (2022-09-02) x86_64",
		"timestamp":	{
			"time":	"Mon, 29 Jan 2024 13:38:39 GMT",
			"timesecs":	1706535519
		},
		"connecting_to":	{
			"host":	"10.10.10.4",
			"port":	5201
		},
		"cookie":	"2cdhr343hba4st45s56zqgjvrfoqpyounvco",
		"tcp_mss_default":	1448,
		"target_bitrate":	2000000000,
		"sock_bufsize":	0,
		"sndbuf_actual":	1000000,
		"rcvbuf_actual":	1000000,
		"test_start":	{
			"protocol":	"TCP",
			"num_streams":	1,
			"blksize":	131072,
			"omit":	0,
			"duration":	90,
			"bytes":	0,
			"blocks":	0,
			"reverse":	0,
			"tos":	0
		}
	},
	"intervals":	[{
			"streams":	[{
					"socket":	5,
					"start":	0,
					"end":	60.000061,
					"seconds":	60.00006103515625,
					"bytes":	7063207936,
					"bits_per_second":	941760100.125419,
					"retransmits":	0,
					"snd_cwnd":	529968,
					"rtt":	2246,
					"rttvar":	94,
					"pmtu":	9000,
					"omitted":	false,
					"sender":	true
				}],
			"sum":	{
				"start":	0,
				"end":	60.000061,
				"seconds":	60.00006103515625,
				"bytes":	7063207936,
				"bits_per_second":	941760100.125419,
				"retransmits":	0,
				"omitted":	false,
				"sender":	true
			}
		}, {
			"streams":	[{
					"socket":	5,
					"start":	60.000061,
					"end":	90.000077,
					"seconds":	30.000015258789062,
					"bytes":	3530424320,
					"bits_per_second":	941446006.4891324,
					"retransmits":	0,
					"snd_cwnd":	529968,
					"rtt":	2289,
					"rttvar":	85,
					"pmtu":	9000,
					"omitted":	false,
					"sender":	true
				}],
			"sum":	{
				"start":	60.000061,
				"end":	90.000077,
				"seconds":	30.000015258789062,
				"bytes":	3530424320,
				"bits_per_second":	941446006.4891324,
				"retransmits":	0,
				"omitted":	false,
				"sender":	true
			}
		}],
	"end":	{
		"streams":	[{
				"sender":	{
					"socket":	5,
					"start":	0,
					"end":	90.000077,
					"seconds":	90.000077,
					"bytes":	10593632256,
					"bits_per_second":	941655394.8948288,
					"retransmits":	0,
					"max_snd_cwnd":	529968,
					"max_rtt":	2289,
					"min_rtt":	2246,
					"mean_rtt":	2267,
					"sender":	true
				},
				"receiver":	{
					"socket":	5,
					"start":	0,
					"end":	90.044950008392334,
					"seconds":	90.000077,
					"bytes":	10591871696,
					"bits_per_second":	941029714.160567,
					"sender":	true
				}
			}],
		"sum_sent":	{
			"start":	0,
			"end":	90.000077,
			"seconds":	90.000077,
			"bytes":	10593632256,
			"bits_per_second":	941655394.8948288,
			"retransmits":	0,
			"sender":	true
		},
		"sum_received":	{
			"start":	0,
			"end":	90.044950008392334,
			"seconds":	90.044950008392334,
			"bytes":	10591871696,
			"bits_per_second":	941029714.160567,
			"sender":	true
		},
		"cpu_utilization_percent":	{
			"host_total":	9.272431632429285,
			"host_user":	0.31895919340837059,
			"host_system":	8.9534735490696828,
			"remote_total":	23.634455809563807,
			"remote_user":	2.2320888631935021,
			"remote_system":	21.402365836769878
		},
		"sender_tcp_congestion":	"cubic",
		"receiver_tcp_congestion":	"cubic"
	}
}
