{
	"start":	{
		"connected":	[{
				"socket":	5,
				"local_host":	"10.10.10.2",
				"local_port":	33080,
				"remote_host":	"10.10.10.4",
				"remote_port":	5201
			}],
		"version":	"iperf 3.9",
		"system_info":	"Linux zelda 5.10.0-18-amd64 #1 SMP Debian 5.10.140-1 (2022-09-02) x86_64",
		"timestamp":	{
			"time":	"Mon, 29 Jan 2024 13:25:27 GMT",
			"timesecs":	1706534727
		},
		"connecting_to":	{
			"host":	"10.10.10.4",
			"port":	5201
		},
		"cookie":	"6qaxygosnzhrytu2falv6boftixwoj646yqg",
		"tcp_mss_default":	1448,
		"target_bitrate":	2000000000,
		"sock_bufsize":	0,
		"sndbuf_actual":	1000000,
		"rcvbuf_actual":	1000000,
		"test_start":	{
			"protocol":	"TCP",
			"num_streams":	1,
			"blksize":	131072,
			"omit":	0,
			"duration":	80,
			"bytes":	0,
			"blocks":	0,
			"reverse":	0,
			"tos":	0
		}
	},
	"intervals":	[{
			"streams":	[{
					"socket":	5,
					"start":	0,
					"end":	60.000066,
					"seconds":	60.000064849853516,
					"bytes":	7063076864,
					"bits_per_second":	941742564.00221121,
					"retransmits":	0,
					"snd_cwnd":	499560,
					"rtt":	2209,
					"rttvar":	115,
					"pmtu":	9000,
					"omitted":	false,
					"sender":	true
				}],
			"sum":	{
				"start":	0,
				"end":	60.000066,
				"seconds":	60.000064849853516,
				"bytes":	7063076864,
				"bits_per_second":	941742564.00221121,
				"retransmits":	0,
				"omitted":	false,
				"sender":	true
			}
		}, {
			"streams":	[{
					"socket":	5,
					"start":	60.000066,
					"end":	80.000075,
					"seconds":	20.000009536743164,
					"bytes":	2353659904,
					"bits_per_second":	941463512.675214,
					"retransmits":	0,
					"snd_cwnd":	499560,
					"rtt":	2294,
					"rttvar":	146,
					"pmtu":	9000,
					"omitted":	false,
					"sender":	true
				}],
			"sum":	{
				"start":	60.000066,
				"end":	80.000075,
				"seconds":	20.000009536743164,
				"bytes":	2353659904,
				"bits_per_second":	941463512.675214,
				"retransmits":	0,
				"omitted":	false,
				"sender":	true
			}
		}],
	"end":	{
		"streams":	[{
				"sender":	{
					"socket":	5,
					"start":	0,
					"end":	80.000075,
					"seconds":	80.000075,
					"bytes":	9416736768,
					"bits_per_second":	941672793.98175573,
					"retransmits":	0,
					"max_snd_cwnd":	499560,
					"max_rtt":	2294,
					"min_rtt":	2209,
					"mean_rtt":	2251,
					"sender":	true
				},
				"receiver":	{
					"socket":	5,
					"start":	0,
					"end":	80.040601968765259,
					"seconds":	80.000075,
					"bytes":	9414953224,
					"bits_per_second":	941017732.74259543,
					"sender":	true
				}
			}],
		"sum_sent":	{
			"start":	0,
			"end":	80.000075,
			"seconds":	80.000075,
			"bytes":	9416736768,
			"bits_per_second":	941672793.98175573,
			"retransmits":	0,
			"sender":	true
		},
		"sum_received":	{
			"start":	0,
			"end":	80.040601968765259,
			"seconds":	80.040601968765259,
			"bytes":	9414953224,
			"bits_per_second":	941017732.74259543,
			"sender":	true
		},
		"cpu_utilization_percent":	{
			"host_total":	8.9323834377853331,
			"host_user":	0.40188769051577322,
			"host_system":	8.53049699595354,
			"remote_total":	25.92808254898512,
			"remote_user":	2.4864009289452973,
			"remote_system":	23.441681620039819
		},
		"sender_tcp_congestion":	"cubic",
		"receiver_tcp_congestion":	"cubic"
	}
}
