{
	"start":	{
		"connected":	[{
				"socket":	5,
				"local_host":	"10.10.10.2",
				"local_port":	34016,
				"remote_host":	"10.10.10.4",
				"remote_port":	5201
			}],
		"version":	"iperf 3.9",
		"system_info":	"Linux zelda 5.10.0-18-amd64 #1 SMP Debian 5.10.140-1 (2022-09-02) x86_64",
		"timestamp":	{
			"time":	"Mon, 29 Jan 2024 16:20:09 GMT",
			"timesecs":	1706545209
		},
		"connecting_to":	{
			"host":	"10.10.10.4",
			"port":	5201
		},
		"cookie":	"bcfks5wypqq5ozqwsuqrffhoxwgfdree3ihl",
		"tcp_mss_default":	1448,
		"target_bitrate":	4000000000,
		"sock_bufsize":	0,
		"sndbuf_actual":	1000000,
		"rcvbuf_actual":	1000000,
		"test_start":	{
			"protocol":	"TCP",
			"num_streams":	1,
			"blksize":	131072,
			"omit":	0,
			"duration":	80,
			"bytes":	0,
			"blocks":	0,
			"reverse":	0,
			"tos":	0
		}
	},
	"intervals":	[{
			"streams":	[{
					"socket":	5,
					"start":	0,
					"end":	60.000068,
					"seconds":	60.000068664550781,
					"bytes":	7062683648,
					"bits_per_second":	941690075.3879,
					"retransmits":	0,
					"snd_cwnd":	398200,
					"rtt":	2186,
					"rttvar":	117,
					"pmtu":	9000,
					"omitted":	false,
					"sender":	true
				}],
			"sum":	{
				"start":	0,
				"end":	60.000068,
				"seconds":	60.000068664550781,
				"bytes":	7062683648,
				"bits_per_second":	941690075.3879,
				"retransmits":	0,
				"omitted":	false,
				"sender":	true
			}
		}, {
			"streams":	[{
					"socket":	5,
					"start":	60.000068,
					"end":	80.000078,
					"seconds":	20.000009536743164,
					"bytes":	2353659904,
					"bits_per_second":	941463512.675214,
					"retransmits":	0,
					"snd_cwnd":	398200,
					"rtt":	2234,
					"rttvar":	152,
					"pmtu":	9000,
					"omitted":	false,
					"sender":	true
				}],
			"sum":	{
				"start":	60.000068,
				"end":	80.000078,
				"seconds":	20.000009536743164,
				"bytes":	2353659904,
				"bits_per_second":	941463512.675214,
				"retransmits":	0,
				"omitted":	false,
				"sender":	true
			}
		}],
	"end":	{
		"streams":	[{
				"sender":	{
					"socket":	5,
					"start":	0,
					"end":	80.000078,
					"seconds":	80.000078,
					"bytes":	9416343552,
					"bits_per_second":	941633437.10739875,
					"retransmits":	0,
					"max_snd_cwnd":	398200,
					"max_rtt":	2234,
					"min_rtt":	2186,
					"mean_rtt":	2210,
					"sender":	true
				},
				"receiver":	{
					"socket":	5,
					"start":	0,
					"end":	80.0435960292816,
					"seconds":	80.000078,
					"bytes":	9414951776,
					"bits_per_second":	940982388.902749,
					"sender":	true
				}
			}],
		"sum_sent":	{
			"start":	0,
			"end":	80.000078,
			"seconds":	80.000078,
			"bytes":	9416343552,
			"bits_per_second":	941633437.10739875,
			"retransmits":	0,
			"sender":	true
		},
		"sum_received":	{
			"start":	0,
			"end":	80.0435960292816,
			"seconds":	80.0435960292816,
			"bytes":	9414951776,
			"bits_per_second":	940982388.902749,
			"sender":	true
		},
		"cpu_utilization_percent":	{
			"host_total":	8.79499052171298,
			"host_user":	0.24518903917587911,
			"host_system":	8.5498027312081071,
			"remote_total":	26.231933887882143,
			"remote_user":	2.80391866226923,
			"remote_system":	23.428013977513647
		},
		"sender_tcp_congestion":	"cubic",
		"receiver_tcp_congestion":	"cubic"
	}
}
