{
	"start":	{
		"connected":	[{
				"socket":	5,
				"local_host":	"10.10.10.2",
				"local_port":	37818,
				"remote_host":	"10.10.10.4",
				"remote_port":	5201
			}],
		"version":	"iperf 3.9",
		"system_info":	"Linux zelda 5.10.0-18-amd64 #1 SMP Debian 5.10.140-1 (2022-09-02) x86_64",
		"timestamp":	{
			"time":	"Mon, 29 Jan 2024 20:24:06 GMT",
			"timesecs":	1706559846
		},
		"connecting_to":	{
			"host":	"10.10.10.4",
			"port":	5201
		},
		"cookie":	"bedv2cyia7a2jzykpmu6727paoykqill4fdq",
		"tcp_mss_default":	1448,
		"target_bitrate":	7000000000,
		"sock_bufsize":	0,
		"sndbuf_actual":	1000000,
		"rcvbuf_actual":	1000000,
		"test_start":	{
			"protocol":	"TCP",
			"num_streams":	1,
			"blksize":	131072,
			"omit":	0,
			"duration":	40,
			"bytes":	0,
			"blocks":	0,
			"reverse":	0,
			"tos":	0
		}
	},
	"intervals":	[{
			"streams":	[{
					"socket":	5,
					"start":	0,
					"end":	40.000025,
					"seconds":	40.000026702880859,
					"bytes":	4709023744,
					"bits_per_second":	941804120.07791972,
					"retransmits":	0,
					"snd_cwnd":	399648,
					"rtt":	2257,
					"rttvar":	100,
					"pmtu":	9000,
					"omitted":	false,
					"sender":	true
				}],
			"sum":	{
				"start":	0,
				"end":	40.000025,
				"seconds":	40.000026702880859,
				"bytes":	4709023744,
				"bits_per_second":	941804120.07791972,
				"retransmits":	0,
				"omitted":	false,
				"sender":	true
			}
		}],
	"end":	{
		"streams":	[{
				"sender":	{
					"socket":	5,
					"start":	0,
					"end":	40.000025,
					"seconds":	40.000025,
					"bytes":	4709023744,
					"bits_per_second":	941804160.1724,
					"retransmits":	0,
					"max_snd_cwnd":	399648,
					"max_rtt":	2257,
					"min_rtt":	2257,
					"mean_rtt":	2257,
					"sender":	true
				},
				"receiver":	{
					"socket":	5,
					"start":	0,
					"end":	40.0438780784607,
					"seconds":	40.000025,
					"bytes":	4707595000,
					"bits_per_second":	940487330.57794034,
					"sender":	true
				}
			}],
		"sum_sent":	{
			"start":	0,
			"end":	40.000025,
			"seconds":	40.000025,
			"bytes":	4709023744,
			"bits_per_second":	941804160.1724,
			"retransmits":	0,
			"sender":	true
		},
		"sum_received":	{
			"start":	0,
			"end":	40.0438780784607,
			"seconds":	40.0438780784607,
			"bytes":	4707595000,
			"bits_per_second":	940487330.57794034,
			"sender":	true
		},
		"cpu_utilization_percent":	{
			"host_total":	8.51845456527046,
			"host_user":	0.32042434341934078,
			"host_system":	8.19803271641584,
			"remote_total":	25.194911004686578,
			"remote_user":	2.5396180125857435,
			"remote_system":	22.655292992100833
		},
		"sender_tcp_congestion":	"cubic",
		"receiver_tcp_congestion":	"cubic"
	}
}
