{
	"start":	{
		"connected":	[{
				"socket":	5,
				"local_host":	"10.10.10.2",
				"local_port":	33178,
				"remote_host":	"10.10.10.4",
				"remote_port":	5201
			}],
		"version":	"iperf 3.9",
		"system_info":	"Linux zelda 5.10.0-18-amd64 #1 SMP Debian 5.10.140-1 (2022-09-02) x86_64",
		"timestamp":	{
			"time":	"Mon, 29 Jan 2024 14:57:29 GMT",
			"timesecs":	1706540249
		},
		"connecting_to":	{
			"host":	"10.10.10.4",
			"port":	5201
		},
		"cookie":	"pabvgpz2ck2rnq5oncrj2vubgyw44q7vnqo5",
		"tcp_mss_default":	1448,
		"target_bitrate":	3000000000,
		"sock_bufsize":	0,
		"sndbuf_actual":	1000000,
		"rcvbuf_actual":	1000000,
		"test_start":	{
			"protocol":	"TCP",
			"num_streams":	1,
			"blksize":	131072,
			"omit":	0,
			"duration":	80,
			"bytes":	0,
			"blocks":	0,
			"reverse":	0,
			"tos":	0
		}
	},
	"intervals":	[{
			"streams":	[{
					"socket":	5,
					"start":	0,
					"end":	60.00007,
					"seconds":	60.000068664550781,
					"bytes":	7061110784,
					"bits_per_second":	941480360.42789972,
					"retransmits":	105,
					"snd_cwnd":	421368,
					"rtt":	2194,
					"rttvar":	95,
					"pmtu":	9000,
					"omitted":	false,
					"sender":	true
				}],
			"sum":	{
				"start":	0,
				"end":	60.00007,
				"seconds":	60.000068664550781,
				"bytes":	7061110784,
				"bits_per_second":	941480360.42789972,
				"retransmits":	105,
				"omitted":	false,
				"sender":	true
			}
		}, {
			"streams":	[{
					"socket":	5,
					"start":	60.00007,
					"end":	80.000041,
					"seconds":	19.999971389770508,
					"bytes":	2353790976,
					"bits_per_second":	941517737.25192666,
					"retransmits":	0,
					"snd_cwnd":	421368,
					"rtt":	2194,
					"rttvar":	157,
					"pmtu":	9000,
					"omitted":	false,
					"sender":	true
				}],
			"sum":	{
				"start":	60.00007,
				"end":	80.000041,
				"seconds":	19.999971389770508,
				"bytes":	2353790976,
				"bits_per_second":	941517737.25192666,
				"retransmits":	0,
				"omitted":	false,
				"sender":	true
			}
		}],
	"end":	{
		"streams":	[{
				"sender":	{
					"socket":	5,
					"start":	0,
					"end":	80.000041,
					"seconds":	80.000041,
					"bytes":	9414901760,
					"bits_per_second":	941489693.486532,
					"retransmits":	105,
					"max_snd_cwnd":	421368,
					"max_rtt":	2194,
					"min_rtt":	2194,
					"mean_rtt":	2194,
					"sender":	true
				},
				"receiver":	{
					"socket":	5,
					"start":	0,
					"end":	80.043533086776733,
					"seconds":	80.000041,
					"bytes":	9413060688,
					"bits_per_second":	940794122.89761066,
					"sender":	true
				}
			}],
		"sum_sent":	{
			"start":	0,
			"end":	80.000041,
			"seconds":	80.000041,
			"bytes":	9414901760,
			"bits_per_second":	941489693.486532,
			"retransmits":	105,
			"sender":	true
		},
		"sum_received":	{
			"start":	0,
			"end":	80.043533086776733,
			"seconds":	80.043533086776733,
			"bytes":	9413060688,
			"bits_per_second":	940794122.89761066,
			"sender":	true
		},
		"cpu_utilization_percent":	{
			"host_total":	9.10636375177215,
			"host_user":	0.29436844401646012,
			"host_system":	8.8119965563970268,
			"remote_total":	23.783441119731837,
			"remote_user":	2.3713860496991752,
			"remote_system":	21.412056318070807
		},
		"sender_tcp_congestion":	"cubic",
		"receiver_tcp_congestion":	"cubic"
	}
}
