{
	"start":	{
		"connected":	[{
				"socket":	5,
				"local_host":	"10.10.10.2",
				"local_port":	45628,
				"remote_host":	"10.10.10.4",
				"remote_port":	5201
			}],
		"version":	"iperf 3.9",
		"system_info":	"Linux zelda 5.10.0-18-amd64 #1 SMP Debian 5.10.140-1 (2022-09-02) x86_64",
		"timestamp":	{
			"time":	"Mon, 29 Jan 2024 20:14:03 GMT",
			"timesecs":	1706559243
		},
		"connecting_to":	{
			"host":	"10.10.10.4",
			"port":	5201
		},
		"cookie":	"2ruz7josra6hb2ixaunezbz4xzgbdvahfsth",
		"tcp_mss_default":	1448,
		"target_bitrate":	7000000000,
		"sock_bufsize":	0,
		"sndbuf_actual":	1000000,
		"rcvbuf_actual":	1000000,
		"test_start":	{
			"protocol":	"TCP",
			"num_streams":	1,
			"blksize":	131072,
			"omit":	0,
			"duration":	30,
			"bytes":	0,
			"blocks":	0,
			"reverse":	0,
			"tos":	0
		}
	},
	"intervals":	[{
			"streams":	[{
					"socket":	5,
					"start":	0,
					"end":	30.000077,
					"seconds":	30.000076293945312,
					"bytes":	3531997184,
					"bits_per_second":	941863520.450536,
					"retransmits":	0,
					"snd_cwnd":	363448,
					"rtt":	1702,
					"rttvar":	108,
					"pmtu":	9000,
					"omitted":	false,
					"sender":	true
				}],
			"sum":	{
				"start":	0,
				"end":	30.000077,
				"seconds":	30.000076293945312,
				"bytes":	3531997184,
				"bits_per_second":	941863520.450536,
				"retransmits":	0,
				"omitted":	false,
				"sender":	true
			}
		}],
	"end":	{
		"streams":	[{
				"sender":	{
					"socket":	5,
					"start":	0,
					"end":	30.000077,
					"seconds":	30.000077,
					"bytes":	3531997184,
					"bits_per_second":	941863498.28368771,
					"retransmits":	0,
					"max_snd_cwnd":	363448,
					"max_rtt":	1702,
					"min_rtt":	1702,
					"mean_rtt":	1702,
					"sender":	true
				},
				"receiver":	{
					"socket":	5,
					"start":	0,
					"end":	30.043828010559082,
					"seconds":	30.000077,
					"bytes":	3530741688,
					"bits_per_second":	940157608.879694,
					"sender":	true
				}
			}],
		"sum_sent":	{
			"start":	0,
			"end":	30.000077,
			"seconds":	30.000077,
			"bytes":	3531997184,
			"bits_per_second":	941863498.28368771,
			"retransmits":	0,
			"sender":	true
		},
		"sum_received":	{
			"start":	0,
			"end":	30.043828010559082,
			"seconds":	30.043828010559082,
			"bytes":	3530741688,
			"bits_per_second":	940157608.879694,
			"sender":	true
		},
		"cpu_utilization_percent":	{
			"host_total":	10.141165354089942,
			"host_user":	0.33393972599825877,
			"host_system":	9.8072256280916843,
			"remote_total":	27.210109328071848,
			"remote_user":	2.7158180485589782,
			"remote_system":	24.494294598922387
		},
		"sender_tcp_congestion":	"cubic",
		"receiver_tcp_congestion":	"cubic"
	}
}
