{
	"start":	{
		"connected":	[{
				"socket":	5,
				"local_host":	"10.10.10.2",
				"local_port":	55668,
				"remote_host":	"10.10.10.4",
				"remote_port":	5201
			}],
		"version":	"iperf 3.9",
		"system_info":	"Linux zelda 5.10.0-18-amd64 #1 SMP Debian 5.10.140-1 (2022-09-02) x86_64",
		"timestamp":	{
			"time":	"Mon, 29 Jan 2024 12:17:50 GMT",
			"timesecs":	1706530670
		},
		"connecting_to":	{
			"host":	"10.10.10.4",
			"port":	5201
		},
		"cookie":	"y6polfr3sooryp6irsffkzet4q4zp4qgfanu",
		"tcp_mss_default":	1448,
		"target_bitrate":	1000000000,
		"sock_bufsize":	0,
		"sndbuf_actual":	1000000,
		"rcvbuf_actual":	1000000,
		"test_start":	{
			"protocol":	"TCP",
			"num_streams":	1,
			"blksize":	131072,
			"omit":	0,
			"duration":	100,
			"bytes":	0,
			"blocks":	0,
			"reverse":	0,
			"tos":	0
		}
	},
	"intervals":	[{
			"streams":	[{
					"socket":	5,
					"start":	0,
					"end":	60.000068,
					"seconds":	60.000068664550781,
					"bytes":	7062945792,
					"bits_per_second":	941725027.88123333,
					"retransmits":	0,
					"snd_cwnd":	499560,
					"rtt":	2200,
					"rttvar":	87,
					"pmtu":	9000,
					"omitted":	false,
					"sender":	true
				}],
			"sum":	{
				"start":	0,
				"end":	60.000068,
				"seconds":	60.000068664550781,
				"bytes":	7062945792,
				"bits_per_second":	941725027.88123333,
				"retransmits":	0,
				"omitted":	false,
				"sender":	true
			}
		}, {
			"streams":	[{
					"socket":	5,
					"start":	60.000068,
					"end":	100.000092,
					"seconds":	40.0000228881836,
					"bytes":	4707319808,
					"bits_per_second":	941463422.89030826,
					"retransmits":	0,
					"snd_cwnd":	499560,
					"rtt":	2439,
					"rttvar":	181,
					"pmtu":	9000,
					"omitted":	false,
					"sender":	true
				}],
			"sum":	{
				"start":	60.000068,
				"end":	100.000092,
				"seconds":	40.0000228881836,
				"bytes":	4707319808,
				"bits_per_second":	941463422.89030826,
				"retransmits":	0,
				"omitted":	false,
				"sender":	true
			}
		}],
	"end":	{
		"streams":	[{
				"sender":	{
					"socket":	5,
					"start":	0,
					"end":	100.000092,
					"seconds":	100.000092,
					"bytes":	11770265600,
					"bits_per_second":	941620381.709249,
					"retransmits":	0,
					"max_snd_cwnd":	499560,
					"max_rtt":	2439,
					"min_rtt":	2200,
					"mean_rtt":	2319,
					"sender":	true
				},
				"receiver":	{
					"socket":	5,
					"start":	0,
					"end":	100.04127812385559,
					"seconds":	100.000092,
					"bytes":	11768565952,
					"bits_per_second":	941096809.053558,
					"sender":	true
				}
			}],
		"sum_sent":	{
			"start":	0,
			"end":	100.000092,
			"seconds":	100.000092,
			"bytes":	11770265600,
			"bits_per_second":	941620381.709249,
			"retransmits":	0,
			"sender":	true
		},
		"sum_received":	{
			"start":	0,
			"end":	100.04127812385559,
			"seconds":	100.04127812385559,
			"bytes":	11768565952,
			"bits_per_second":	941096809.053558,
			"sender":	true
		},
		"cpu_utilization_percent":	{
			"host_total":	8.8938920006881439,
			"host_user":	0.349456687024313,
			"host_system":	8.54444830276156,
			"remote_total":	26.49282227911635,
			"remote_user":	2.5127316632966457,
			"remote_system":	23.980089617038537
		},
		"sender_tcp_congestion":	"cubic",
		"receiver_tcp_congestion":	"cubic"
	}
}
