{
	"start":	{
		"connected":	[{
				"socket":	5,
				"local_host":	"10.10.10.2",
				"local_port":	39704,
				"remote_host":	"10.10.10.4",
				"remote_port":	5201
			}],
		"version":	"iperf 3.9",
		"system_info":	"Linux zelda 5.10.0-18-amd64 #1 SMP Debian 5.10.140-1 (2022-09-02) x86_64",
		"timestamp":	{
			"time":	"Mon, 29 Jan 2024 21:24:57 GMT",
			"timesecs":	1706563497
		},
		"connecting_to":	{
			"host":	"10.10.10.4",
			"port":	5201
		},
		"cookie":	"is7f7lbkfwlxvymcs43jnfly3skakqxvcvdx",
		"tcp_mss_default":	1448,
		"target_bitrate":	7000000000,
		"sock_bufsize":	0,
		"sndbuf_actual":	1000000,
		"rcvbuf_actual":	1000000,
		"test_start":	{
			"protocol":	"TCP",
			"num_streams":	1,
			"blksize":	131072,
			"omit":	0,
			"duration":	100,
			"bytes":	0,
			"blocks":	0,
			"reverse":	0,
			"tos":	0
		}
	},
	"intervals":	[{
			"streams":	[{
					"socket":	5,
					"start":	0,
					"end":	60.00007,
					"seconds":	60.000068664550781,
					"bytes":	7062552576,
					"bits_per_second":	941672599.14123333,
					"retransmits":	0,
					"snd_cwnd":	379376,
					"rtt":	2174,
					"rttvar":	95,
					"pmtu":	9000,
					"omitted":	false,
					"sender":	true
				}],
			"sum":	{
				"start":	0,
				"end":	60.00007,
				"seconds":	60.000068664550781,
				"bytes":	7062552576,
				"bits_per_second":	941672599.14123333,
				"retransmits":	0,
				"omitted":	false,
				"sender":	true
			}
		}, {
			"streams":	[{
					"socket":	5,
					"start":	60.00007,
					"end":	100.000077,
					"seconds":	40.000007629394531,
					"bytes":	4706795520,
					"bits_per_second":	941358924.45003426,
					"retransmits":	0,
					"snd_cwnd":	379376,
					"rtt":	2182,
					"rttvar":	96,
					"pmtu":	9000,
					"omitted":	false,
					"sender":	true
				}],
			"sum":	{
				"start":	60.00007,
				"end":	100.000077,
				"seconds":	40.000007629394531,
				"bytes":	4706795520,
				"bits_per_second":	941358924.45003426,
				"retransmits":	0,
				"omitted":	false,
				"sender":	true
			}
		}],
	"end":	{
		"streams":	[{
				"sender":	{
					"socket":	5,
					"start":	0,
					"end":	100.000077,
					"seconds":	100.000077,
					"bytes":	11769348096,
					"bits_per_second":	941547122.68871546,
					"retransmits":	0,
					"max_snd_cwnd":	379376,
					"max_rtt":	2182,
					"min_rtt":	2174,
					"mean_rtt":	2178,
					"sender":	true
				},
				"receiver":	{
					"socket":	5,
					"start":	0,
					"end":	100.04808902740479,
					"seconds":	100.000077,
					"bytes":	11768138568,
					"bits_per_second":	940998568.3805728,
					"sender":	true
				}
			}],
		"sum_sent":	{
			"start":	0,
			"end":	100.000077,
			"seconds":	100.000077,
			"bytes":	11769348096,
			"bits_per_second":	941547122.68871546,
			"retransmits":	0,
			"sender":	true
		},
		"sum_received":	{
			"start":	0,
			"end":	100.04808902740479,
			"seconds":	100.04808902740479,
			"bytes":	11768138568,
			"bits_per_second":	940998568.3805728,
			"sender":	true
		},
		"cpu_utilization_percent":	{
			"host_total":	8.68466815756052,
			"host_user":	0.29889377860865712,
			"host_system":	8.38577437895186,
			"remote_total":	24.993601326977124,
			"remote_user":	2.4823146150525552,
			"remote_system":	22.51128571322424
		},
		"sender_tcp_congestion":	"cubic",
		"receiver_tcp_congestion":	"cubic"
	}
}
