{
	"start":	{
		"connected":	[{
				"socket":	5,
				"local_host":	"10.10.10.2",
				"local_port":	56958,
				"remote_host":	"10.10.10.4",
				"remote_port":	5201
			}],
		"version":	"iperf 3.9",
		"system_info":	"Linux zelda 5.10.0-18-amd64 #1 SMP Debian 5.10.140-1 (2022-09-02) x86_64",
		"timestamp":	{
			"time":	"Mon, 29 Jan 2024 18:54:25 GMT",
			"timesecs":	1706554465
		},
		"connecting_to":	{
			"host":	"10.10.10.4",
			"port":	5201
		},
		"cookie":	"yugip3lcuh2swhnu4pu7ua2tv3sb2xh5ojlf",
		"tcp_mss_default":	1448,
		"target_bitrate":	6000000000,
		"sock_bufsize":	0,
		"sndbuf_actual":	1000000,
		"rcvbuf_actual":	1000000,
		"test_start":	{
			"protocol":	"TCP",
			"num_streams":	1,
			"blksize":	131072,
			"omit":	0,
			"duration":	50,
			"bytes":	0,
			"blocks":	0,
			"reverse":	0,
			"tos":	0
		}
	},
	"intervals":	[{
			"streams":	[{
					"socket":	5,
					"start":	0,
					"end":	50.000085,
					"seconds":	50.000083923339844,
					"bytes":	5885657088,
					"bits_per_second":	941703553.461853,
					"retransmits":	0,
					"snd_cwnd":	362000,
					"rtt":	2209,
					"rttvar":	105,
					"pmtu":	9000,
					"omitted":	false,
					"sender":	true
				}],
			"sum":	{
				"start":	0,
				"end":	50.000085,
				"seconds":	50.000083923339844,
				"bytes":	5885657088,
				"bits_per_second":	941703553.461853,
				"retransmits":	0,
				"omitted":	false,
				"sender":	true
			}
		}],
	"end":	{
		"streams":	[{
				"sender":	{
					"socket":	5,
					"start":	0,
					"end":	50.000085,
					"seconds":	50.000085,
					"bytes":	5885657088,
					"bits_per_second":	941703533.18399358,
					"retransmits":	0,
					"max_snd_cwnd":	362000,
					"max_rtt":	2209,
					"min_rtt":	2209,
					"mean_rtt":	2209,
					"sender":	true
				},
				"receiver":	{
					"socket":	5,
					"start":	0,
					"end":	50.043405055999756,
					"seconds":	50.000085,
					"bytes":	5884381368,
					"bits_per_second":	940684409.69038582,
					"sender":	true
				}
			}],
		"sum_sent":	{
			"start":	0,
			"end":	50.000085,
			"seconds":	50.000085,
			"bytes":	5885657088,
			"bits_per_second":	941703533.18399358,
			"retransmits":	0,
			"sender":	true
		},
		"sum_received":	{
			"start":	0,
			"end":	50.043405055999756,
			"seconds":	50.043405055999756,
			"bytes":	5884381368,
			"bits_per_second":	940684409.69038582,
			"sender":	true
		},
		"cpu_utilization_percent":	{
			"host_total":	9.13568820329205,
			"host_user":	0.33033884204884073,
			"host_system":	8.80535335448393,
			"remote_total":	26.679498017507814,
			"remote_user":	2.6907549810601274,
			"remote_system":	23.988741041296262
		},
		"sender_tcp_congestion":	"cubic",
		"receiver_tcp_congestion":	"cubic"
	}
}
