{
	"start":	{
		"connected":	[{
				"socket":	5,
				"local_host":	"10.10.10.2",
				"local_port":	56976,
				"remote_host":	"10.10.10.4",
				"remote_port":	5201
			}],
		"version":	"iperf 3.9",
		"system_info":	"Linux zelda 5.10.0-18-amd64 #1 SMP Debian 5.10.140-1 (2022-09-02) x86_64",
		"timestamp":	{
			"time":	"Tue, 30 Jan 2024 01:53:20 GMT",
			"timesecs":	1706579600
		},
		"connecting_to":	{
			"host":	"10.10.10.4",
			"port":	5201
		},
		"cookie":	"4dxunjiezafue7auo75oegoapzrmnummg2ns",
		"tcp_mss_default":	1448,
		"target_bitrate":	10000000000,
		"sock_bufsize":	0,
		"sndbuf_actual":	1000000,
		"rcvbuf_actual":	1000000,
		"test_start":	{
			"protocol":	"TCP",
			"num_streams":	1,
			"blksize":	131072,
			"omit":	0,
			"duration":	90,
			"bytes":	0,
			"blocks":	0,
			"reverse":	0,
			"tos":	0
		}
	},
	"intervals":	[{
			"streams":	[{
					"socket":	5,
					"start":	0,
					"end":	60.000071,
					"seconds":	60.000072479248047,
					"bytes":	7062552576,
					"bits_per_second":	941672539.271374,
					"retransmits":	0,
					"snd_cwnd":	379376,
					"rtt":	2206,
					"rttvar":	118,
					"pmtu":	9000,
					"omitted":	false,
					"sender":	true
				}],
			"sum":	{
				"start":	0,
				"end":	60.000071,
				"seconds":	60.000072479248047,
				"bytes":	7062552576,
				"bits_per_second":	941672539.271374,
				"retransmits":	0,
				"omitted":	false,
				"sender":	true
			}
		}, {
			"streams":	[{
					"socket":	5,
					"start":	60.000071,
					"end":	90.00009,
					"seconds":	30.000019073486328,
					"bytes":	3531079680,
					"bits_per_second":	941620649.333714,
					"retransmits":	0,
					"snd_cwnd":	514040,
					"rtt":	2263,
					"rttvar":	99,
					"pmtu":	9000,
					"omitted":	false,
					"sender":	true
				}],
			"sum":	{
				"start":	60.000071,
				"end":	90.00009,
				"seconds":	30.000019073486328,
				"bytes":	3531079680,
				"bits_per_second":	941620649.333714,
				"retransmits":	0,
				"omitted":	false,
				"sender":	true
			}
		}],
	"end":	{
		"streams":	[{
				"sender":	{
					"socket":	5,
					"start":	0,
					"end":	90.00009,
					"seconds":	90.00009,
					"bytes":	10593632256,
					"bits_per_second":	941655258.87807441,
					"retransmits":	0,
					"max_snd_cwnd":	514040,
					"max_rtt":	2263,
					"min_rtt":	2206,
					"mean_rtt":	2234,
					"sender":	true
				},
				"receiver":	{
					"socket":	5,
					"start":	0,
					"end":	90.048938035964966,
					"seconds":	90.00009,
					"bytes":	10591876040,
					"bits_per_second":	940988424.38494253,
					"sender":	true
				}
			}],
		"sum_sent":	{
			"start":	0,
			"end":	90.00009,
			"seconds":	90.00009,
			"bytes":	10593632256,
			"bits_per_second":	941655258.87807441,
			"retransmits":	0,
			"sender":	true
		},
		"sum_received":	{
			"start":	0,
			"end":	90.048938035964966,
			"seconds":	90.048938035964966,
			"bytes":	10591876040,
			"bits_per_second":	940988424.38494253,
			"sender":	true
		},
		"cpu_utilization_percent":	{
			"host_total":	8.8677971676423066,
			"host_user":	0.26776022088314611,
			"host_system":	8.6000380567381054,
			"remote_total":	21.969412046180054,
			"remote_user":	2.1040510209450263,
			"remote_system":	19.865359915732867
		},
		"sender_tcp_congestion":	"cubic",
		"receiver_tcp_congestion":	"cubic"
	}
}
