{
	"start":	{
		"connected":	[{
				"socket":	5,
				"local_host":	"10.10.10.2",
				"local_port":	40430,
				"remote_host":	"10.10.10.4",
				"remote_port":	5201
			}],
		"version":	"iperf 3.9",
		"system_info":	"Linux zelda 5.10.0-18-amd64 #1 SMP Debian 5.10.140-1 (2022-09-02) x86_64",
		"timestamp":	{
			"time":	"Mon, 29 Jan 2024 14:12:39 GMT",
			"timesecs":	1706537559
		},
		"connecting_to":	{
			"host":	"10.10.10.4",
			"port":	5201
		},
		"cookie":	"ixj4w2adobafj6ehc5izqbinkeov2lmmdusl",
		"tcp_mss_default":	1448,
		"target_bitrate":	3000000000,
		"sock_bufsize":	0,
		"sndbuf_actual":	1000000,
		"rcvbuf_actual":	1000000,
		"test_start":	{
			"protocol":	"TCP",
			"num_streams":	1,
			"blksize":	131072,
			"omit":	0,
			"duration":	40,
			"bytes":	0,
			"blocks":	0,
			"reverse":	0,
			"tos":	0
		}
	},
	"intervals":	[{
			"streams":	[{
					"socket":	5,
					"start":	0,
					"end":	40.000077,
					"seconds":	40.000076293945312,
					"bytes":	4709416960,
					"bits_per_second":	941881595.50342655,
					"retransmits":	0,
					"snd_cwnd":	502456,
					"rtt":	2228,
					"rttvar":	115,
					"pmtu":	9000,
					"omitted":	false,
					"sender":	true
				}],
			"sum":	{
				"start":	0,
				"end":	40.000077,
				"seconds":	40.000076293945312,
				"bytes":	4709416960,
				"bits_per_second":	941881595.50342655,
				"retransmits":	0,
				"omitted":	false,
				"sender":	true
			}
		}],
	"end":	{
		"streams":	[{
				"sender":	{
					"socket":	5,
					"start":	0,
					"end":	40.000077,
					"seconds":	40.000077,
					"bytes":	4709416960,
					"bits_per_second":	941881578.87796068,
					"retransmits":	0,
					"max_snd_cwnd":	502456,
					"max_rtt":	2228,
					"min_rtt":	2228,
					"mean_rtt":	2228,
					"sender":	true
				},
				"receiver":	{
					"socket":	5,
					"start":	0,
					"end":	40.0445191860199,
					"seconds":	40.000077,
					"bytes":	4707661608,
					"bits_per_second":	940485580.28755367,
					"sender":	true
				}
			}],
		"sum_sent":	{
			"start":	0,
			"end":	40.000077,
			"seconds":	40.000077,
			"bytes":	4709416960,
			"bits_per_second":	941881578.87796068,
			"retransmits":	0,
			"sender":	true
		},
		"sum_received":	{
			"start":	0,
			"end":	40.0445191860199,
			"seconds":	40.0445191860199,
			"bytes":	4707661608,
			"bits_per_second":	940485580.28755367,
			"sender":	true
		},
		"cpu_utilization_percent":	{
			"host_total":	9.036348633626984,
			"host_user":	0.22627026179095083,
			"host_system":	8.81008086654675,
			"remote_total":	25.271835831420734,
			"remote_user":	2.4177194866070617,
			"remote_system":	22.8541138524504
		},
		"sender_tcp_congestion":	"cubic",
		"receiver_tcp_congestion":	"cubic"
	}
}
