{
	"start":	{
		"connected":	[{
				"socket":	5,
				"local_host":	"10.10.10.2",
				"local_port":	56370,
				"remote_host":	"10.10.10.4",
				"remote_port":	5201
			}],
		"version":	"iperf 3.9",
		"system_info":	"Linux zelda 5.10.0-18-amd64 #1 SMP Debian 5.10.140-1 (2022-09-02) x86_64",
		"timestamp":	{
			"time":	"Mon, 29 Jan 2024 23:20:37 GMT",
			"timesecs":	1706570437
		},
		"connecting_to":	{
			"host":	"10.10.10.4",
			"port":	5201
		},
		"cookie":	"lxqrzejt4wtdlwkrccbc3iomkd2uzl73q57y",
		"tcp_mss_default":	1448,
		"target_bitrate":	9000000000,
		"sock_bufsize":	0,
		"sndbuf_actual":	1000000,
		"rcvbuf_actual":	1000000,
		"test_start":	{
			"protocol":	"TCP",
			"num_streams":	1,
			"blksize":	131072,
			"omit":	0,
			"duration":	30,
			"bytes":	0,
			"blocks":	0,
			"reverse":	0,
			"tos":	0
		}
	},
	"intervals":	[{
			"streams":	[{
					"socket":	5,
					"start":	0,
					"end":	30.00008,
					"seconds":	30.000080108642578,
					"bytes":	3531997184,
					"bits_per_second":	941863400.686716,
					"retransmits":	0,
					"snd_cwnd":	362000,
					"rtt":	2114,
					"rttvar":	271,
					"pmtu":	9000,
					"omitted":	false,
					"sender":	true
				}],
			"sum":	{
				"start":	0,
				"end":	30.00008,
				"seconds":	30.000080108642578,
				"bytes":	3531997184,
				"bits_per_second":	941863400.686716,
				"retransmits":	0,
				"omitted":	false,
				"sender":	true
			}
		}],
	"end":	{
		"streams":	[{
				"sender":	{
					"socket":	5,
					"start":	0,
					"end":	30.00008,
					"seconds":	30.00008,
					"bytes":	3531997184,
					"bits_per_second":	941863404.097589,
					"retransmits":	0,
					"max_snd_cwnd":	362000,
					"max_rtt":	2114,
					"min_rtt":	2114,
					"mean_rtt":	2114,
					"sender":	true
				},
				"receiver":	{
					"socket":	5,
					"start":	0,
					"end":	30.044079065322876,
					"seconds":	30.00008,
					"bytes":	3530741688,
					"bits_per_second":	940149752.721217,
					"sender":	true
				}
			}],
		"sum_sent":	{
			"start":	0,
			"end":	30.00008,
			"seconds":	30.00008,
			"bytes":	3531997184,
			"bits_per_second":	941863404.097589,
			"retransmits":	0,
			"sender":	true
		},
		"sum_received":	{
			"start":	0,
			"end":	30.044079065322876,
			"seconds":	30.044079065322876,
			"bytes":	3530741688,
			"bits_per_second":	940149752.721217,
			"sender":	true
		},
		"cpu_utilization_percent":	{
			"host_total":	11.331264347057397,
			"host_user":	0.18721778865118741,
			"host_system":	11.144049881936571,
			"remote_total":	26.478949922443682,
			"remote_user":	2.64220585835069,
			"remote_system":	23.83674074468469
		},
		"sender_tcp_congestion":	"cubic",
		"receiver_tcp_congestion":	"cubic"
	}
}
