{
	"start":	{
		"connected":	[{
				"socket":	5,
				"local_host":	"10.10.10.2",
				"local_port":	54174,
				"remote_host":	"10.10.10.4",
				"remote_port":	5201
			}],
		"version":	"iperf 3.9",
		"system_info":	"Linux zelda 5.10.0-18-amd64 #1 SMP Debian 5.10.140-1 (2022-09-02) x86_64",
		"timestamp":	{
			"time":	"Mon, 29 Jan 2024 12:55:02 GMT",
			"timesecs":	1706532902
		},
		"connecting_to":	{
			"host":	"10.10.10.4",
			"port":	5201
		},
		"cookie":	"wrumhihksybhfjf24f7turjybq4fpz2ep2lu",
		"tcp_mss_default":	1448,
		"target_bitrate":	2000000000,
		"sock_bufsize":	0,
		"sndbuf_actual":	1000000,
		"rcvbuf_actual":	1000000,
		"test_start":	{
			"protocol":	"TCP",
			"num_streams":	1,
			"blksize":	131072,
			"omit":	0,
			"duration":	60,
			"bytes":	0,
			"blocks":	0,
			"reverse":	0,
			"tos":	0
		}
	},
	"intervals":	[{
			"streams":	[{
					"socket":	5,
					"start":	0,
					"end":	60.00008,
					"seconds":	60.000080108642578,
					"bytes":	7062421504,
					"bits_per_second":	941654943.28834522,
					"retransmits":	0,
					"snd_cwnd":	363448,
					"rtt":	2186,
					"rttvar":	164,
					"pmtu":	9000,
					"omitted":	false,
					"sender":	true
				}],
			"sum":	{
				"start":	0,
				"end":	60.00008,
				"seconds":	60.000080108642578,
				"bytes":	7062421504,
				"bits_per_second":	941654943.28834522,
				"retransmits":	0,
				"omitted":	false,
				"sender":	true
			}
		}],
	"end":	{
		"streams":	[{
				"sender":	{
					"socket":	5,
					"start":	0,
					"end":	60.00008,
					"seconds":	60.00008,
					"bytes":	7062421504,
					"bits_per_second":	941654944.99340677,
					"retransmits":	0,
					"max_snd_cwnd":	363448,
					"max_rtt":	2186,
					"min_rtt":	2186,
					"mean_rtt":	2186,
					"sender":	true
				},
				"receiver":	{
					"socket":	5,
					"start":	0,
					"end":	60.040266990661621,
					"seconds":	60.00008,
					"bytes":	7061110488,
					"bits_per_second":	940849978.445066,
					"sender":	true
				}
			}],
		"sum_sent":	{
			"start":	0,
			"end":	60.00008,
			"seconds":	60.00008,
			"bytes":	7062421504,
			"bits_per_second":	941654944.99340677,
			"retransmits":	0,
			"sender":	true
		},
		"sum_received":	{
			"start":	0,
			"end":	60.040266990661621,
			"seconds":	60.040266990661621,
			"bytes":	7061110488,
			"bits_per_second":	940849978.445066,
			"sender":	true
		},
		"cpu_utilization_percent":	{
			"host_total":	7.9107199283254177,
			"host_user":	0.35076035245994758,
			"host_system":	7.55995957586547,
			"remote_total":	25.696575760137247,
			"remote_user":	2.5171971457576592,
			"remote_system":	23.179376951075952
		},
		"sender_tcp_congestion":	"cubic",
		"receiver_tcp_congestion":	"cubic"
	}
}
