{
	"start":	{
		"connected":	[{
				"socket":	5,
				"local_host":	"10.10.10.2",
				"local_port":	50980,
				"remote_host":	"10.10.10.4",
				"remote_port":	5201
			}],
		"version":	"iperf 3.9",
		"system_info":	"Linux zelda 5.10.0-18-amd64 #1 SMP Debian 5.10.140-1 (2022-09-02) x86_64",
		"timestamp":	{
			"time":	"Mon, 29 Jan 2024 14:29:04 GMT",
			"timesecs":	1706538544
		},
		"connecting_to":	{
			"host":	"10.10.10.4",
			"port":	5201
		},
		"cookie":	"5zzcky6jm3hyz6h5u4kqp25tv6ilmtobaj4s",
		"tcp_mss_default":	1448,
		"target_bitrate":	3000000000,
		"sock_bufsize":	0,
		"sndbuf_actual":	1000000,
		"rcvbuf_actual":	1000000,
		"test_start":	{
			"protocol":	"TCP",
			"num_streams":	1,
			"blksize":	131072,
			"omit":	0,
			"duration":	60,
			"bytes":	0,
			"blocks":	0,
			"reverse":	0,
			"tos":	0
		}
	},
	"intervals":	[{
			"streams":	[{
					"socket":	5,
					"start":	0,
					"end":	60.000081,
					"seconds":	60.000080108642578,
					"bytes":	7062552576,
					"bits_per_second":	941672419.53167868,
					"retransmits":	0,
					"snd_cwnd":	380824,
					"rtt":	2180,
					"rttvar":	98,
					"pmtu":	9000,
					"omitted":	false,
					"sender":	true
				}],
			"sum":	{
				"start":	0,
				"end":	60.000081,
				"seconds":	60.000080108642578,
				"bytes":	7062552576,
				"bits_per_second":	941672419.53167868,
				"retransmits":	0,
				"omitted":	false,
				"sender":	true
			}
		}],
	"end":	{
		"streams":	[{
				"sender":	{
					"socket":	5,
					"start":	0,
					"end":	60.000081,
					"seconds":	60.000081,
					"bytes":	7062552576,
					"bits_per_second":	941672405.54225254,
					"retransmits":	0,
					"max_snd_cwnd":	380824,
					"max_rtt":	2180,
					"min_rtt":	2180,
					"mean_rtt":	2180,
					"sender":	true
				},
				"receiver":	{
					"socket":	5,
					"start":	0,
					"end":	60.0479679107666,
					"seconds":	60.000081,
					"bytes":	7061305968,
					"bits_per_second":	940755361.246309,
					"sender":	true
				}
			}],
		"sum_sent":	{
			"start":	0,
			"end":	60.000081,
			"seconds":	60.000081,
			"bytes":	7062552576,
			"bits_per_second":	941672405.54225254,
			"retransmits":	0,
			"sender":	true
		},
		"sum_received":	{
			"start":	0,
			"end":	60.0479679107666,
			"seconds":	60.0479679107666,
			"bytes":	7061305968,
			"bits_per_second":	940755361.246309,
			"sender":	true
		},
		"cpu_utilization_percent":	{
			"host_total":	8.81614042771864,
			"host_user":	0.27268261381245773,
			"host_system":	8.54346114214509,
			"remote_total":	25.5417594258747,
			"remote_user":	2.5204527598958721,
			"remote_system":	23.021306665978823
		},
		"sender_tcp_congestion":	"cubic",
		"receiver_tcp_congestion":	"cubic"
	}
}
