{
	"start":	{
		"connected":	[{
				"socket":	5,
				"local_host":	"10.10.10.2",
				"local_port":	56118,
				"remote_host":	"10.10.10.4",
				"remote_port":	5201
			}],
		"version":	"iperf 3.9",
		"system_info":	"Linux zelda 5.10.0-18-amd64 #1 SMP Debian 5.10.140-1 (2022-09-02) x86_64",
		"timestamp":	{
			"time":	"Mon, 29 Jan 2024 20:10:41 GMT",
			"timesecs":	1706559041
		},
		"connecting_to":	{
			"host":	"10.10.10.4",
			"port":	5201
		},
		"cookie":	"tnyk42ttmpezx6l3rnq4o4jydyn4jargj3bs",
		"tcp_mss_default":	1448,
		"target_bitrate":	7000000000,
		"sock_bufsize":	0,
		"sndbuf_actual":	1000000,
		"rcvbuf_actual":	1000000,
		"test_start":	{
			"protocol":	"TCP",
			"num_streams":	1,
			"blksize":	131072,
			"omit":	0,
			"duration":	20,
			"bytes":	0,
			"blocks":	0,
			"reverse":	0,
			"tos":	0
		}
	},
	"intervals":	[{
			"streams":	[{
					"socket":	5,
					"start":	0,
					"end":	20.000078,
					"seconds":	20.000078201293945,
					"bytes":	2355757056,
					"bits_per_second":	942299137.94940639,
					"retransmits":	0,
					"snd_cwnd":	524176,
					"rtt":	2555,
					"rttvar":	198,
					"pmtu":	9000,
					"omitted":	false,
					"sender":	true
				}],
			"sum":	{
				"start":	0,
				"end":	20.000078,
				"seconds":	20.000078201293945,
				"bytes":	2355757056,
				"bits_per_second":	942299137.94940639,
				"retransmits":	0,
				"omitted":	false,
				"sender":	true
			}
		}],
	"end":	{
		"streams":	[{
				"sender":	{
					"socket":	5,
					"start":	0,
					"end":	20.000078,
					"seconds":	20.000078,
					"bytes":	2355757056,
					"bits_per_second":	942299147.433325,
					"retransmits":	0,
					"max_snd_cwnd":	524176,
					"max_rtt":	2555,
					"min_rtt":	2555,
					"mean_rtt":	2555,
					"sender":	true
				},
				"receiver":	{
					"socket":	5,
					"start":	0,
					"end":	20.043715000152588,
					"seconds":	20.000078,
					"bytes":	2353886928,
					"bits_per_second":	939501256.3218267,
					"sender":	true
				}
			}],
		"sum_sent":	{
			"start":	0,
			"end":	20.000078,
			"seconds":	20.000078,
			"bytes":	2355757056,
			"bits_per_second":	942299147.433325,
			"retransmits":	0,
			"sender":	true
		},
		"sum_received":	{
			"start":	0,
			"end":	20.043715000152588,
			"seconds":	20.043715000152588,
			"bytes":	2353886928,
			"bits_per_second":	939501256.3218267,
			"sender":	true
		},
		"cpu_utilization_percent":	{
			"host_total":	8.86485963829924,
			"host_user":	0.33477552319815929,
			"host_system":	8.530079136137946,
			"remote_total":	27.477772841170118,
			"remote_user":	2.35599932013967,
			"remote_system":	25.12176855129119
		},
		"sender_tcp_congestion":	"cubic",
		"receiver_tcp_congestion":	"cubic"
	}
}
