{
	"start":	{
		"connected":	[{
				"socket":	5,
				"local_host":	"10.10.10.2",
				"local_port":	48202,
				"remote_host":	"10.10.10.4",
				"remote_port":	5201
			}],
		"version":	"iperf 3.9",
		"system_info":	"Linux zelda 5.10.0-18-amd64 #1 SMP Debian 5.10.140-1 (2022-09-02) x86_64",
		"timestamp":	{
			"time":	"Mon, 29 Jan 2024 18:08:43 GMT",
			"timesecs":	1706551723
		},
		"connecting_to":	{
			"host":	"10.10.10.4",
			"port":	5201
		},
		"cookie":	"hslxxqr5fbqowktesopg6746t7zleu4xom6g",
		"tcp_mss_default":	1448,
		"target_bitrate":	5000000000,
		"sock_bufsize":	0,
		"sndbuf_actual":	1000000,
		"rcvbuf_actual":	1000000,
		"test_start":	{
			"protocol":	"TCP",
			"num_streams":	1,
			"blksize":	131072,
			"omit":	0,
			"duration":	90,
			"bytes":	0,
			"blocks":	0,
			"reverse":	0,
			"tos":	0
		}
	},
	"intervals":	[{
			"streams":	[{
					"socket":	5,
					"start":	0,
					"end":	60.000074,
					"seconds":	60.000072479248047,
					"bytes":	7063076864,
					"bits_per_second":	941742444.25359643,
					"retransmits":	0,
					"snd_cwnd":	522728,
					"rtt":	2476,
					"rttvar":	215,
					"pmtu":	9000,
					"omitted":	false,
					"sender":	true
				}],
			"sum":	{
				"start":	0,
				"end":	60.000074,
				"seconds":	60.000072479248047,
				"bytes":	7063076864,
				"bits_per_second":	941742444.25359643,
				"retransmits":	0,
				"omitted":	false,
				"sender":	true
			}
		}, {
			"streams":	[{
					"socket":	5,
					"start":	60.000074,
					"end":	90.000093,
					"seconds":	30.000019073486328,
					"bytes":	3530555392,
					"bits_per_second":	941480839.28926945,
					"retransmits":	0,
					"snd_cwnd":	522728,
					"rtt":	2444,
					"rttvar":	147,
					"pmtu":	9000,
					"omitted":	false,
					"sender":	true
				}],
			"sum":	{
				"start":	60.000074,
				"end":	90.000093,
				"seconds":	30.000019073486328,
				"bytes":	3530555392,
				"bits_per_second":	941480839.28926945,
				"retransmits":	0,
				"omitted":	false,
				"sender":	true
			}
		}],
	"end":	{
		"streams":	[{
				"sender":	{
					"socket":	5,
					"start":	0,
					"end":	90.000093,
					"seconds":	90.000093,
					"bytes":	10593632256,
					"bits_per_second":	941655227.489598,
					"retransmits":	0,
					"max_snd_cwnd":	522728,
					"max_rtt":	2476,
					"min_rtt":	2444,
					"mean_rtt":	2460,
					"sender":	true
				},
				"receiver":	{
					"socket":	5,
					"start":	0,
					"end":	90.047736883163452,
					"seconds":	90.000093,
					"bytes":	10591800744,
					"bits_per_second":	940994286.863006,
					"sender":	true
				}
			}],
		"sum_sent":	{
			"start":	0,
			"end":	90.000093,
			"seconds":	90.000093,
			"bytes":	10593632256,
			"bits_per_second":	941655227.489598,
			"retransmits":	0,
			"sender":	true
		},
		"sum_received":	{
			"start":	0,
			"end":	90.047736883163452,
			"seconds":	90.047736883163452,
			"bytes":	10591800744,
			"bits_per_second":	940994286.863006,
			"sender":	true
		},
		"cpu_utilization_percent":	{
			"host_total":	8.7730887669709663,
			"host_user":	0.31120904445152764,
			"host_system":	8.46187972251944,
			"remote_total":	23.112014118370041,
			"remote_user":	2.1399612211039591,
			"remote_system":	20.972051787756989
		},
		"sender_tcp_congestion":	"cubic",
		"receiver_tcp_congestion":	"cubic"
	}
}
