{
	"start":	{
		"connected":	[{
				"socket":	5,
				"local_host":	"10.10.10.2",
				"local_port":	52732,
				"remote_host":	"10.10.10.4",
				"remote_port":	5201
			}],
		"version":	"iperf 3.9",
		"system_info":	"Linux zelda 5.10.0-18-amd64 #1 SMP Debian 5.10.140-1 (2022-09-02) x86_64",
		"timestamp":	{
			"time":	"Mon, 29 Jan 2024 22:46:17 GMT",
			"timesecs":	1706568377
		},
		"connecting_to":	{
			"host":	"10.10.10.4",
			"port":	5201
		},
		"cookie":	"3mehvbvpr34ccknmmaxotk6a3ecbe7aicuxa",
		"tcp_mss_default":	1448,
		"target_bitrate":	8000000000,
		"sock_bufsize":	0,
		"sndbuf_actual":	1000000,
		"rcvbuf_actual":	1000000,
		"test_start":	{
			"protocol":	"TCP",
			"num_streams":	1,
			"blksize":	131072,
			"omit":	0,
			"duration":	90,
			"bytes":	0,
			"blocks":	0,
			"reverse":	0,
			"tos":	0
		}
	},
	"intervals":	[{
			"streams":	[{
					"socket":	5,
					"start":	0,
					"end":	60.000067,
					"seconds":	60.000068664550781,
					"bytes":	7062552576,
					"bits_per_second":	941672599.14123333,
					"retransmits":	0,
					"snd_cwnd":	363448,
					"rtt":	1657,
					"rttvar":	110,
					"pmtu":	9000,
					"omitted":	false,
					"sender":	true
				}],
			"sum":	{
				"start":	0,
				"end":	60.000067,
				"seconds":	60.000068664550781,
				"bytes":	7062552576,
				"bits_per_second":	941672599.14123333,
				"retransmits":	0,
				"omitted":	false,
				"sender":	true
			}
		}, {
			"streams":	[{
					"socket":	5,
					"start":	60.000067,
					"end":	90.000091,
					"seconds":	30.000024795532227,
					"bytes":	3531079680,
					"bits_per_second":	941620469.7339766,
					"retransmits":	0,
					"snd_cwnd":	503904,
					"rtt":	2774,
					"rttvar":	139,
					"pmtu":	9000,
					"omitted":	false,
					"sender":	true
				}],
			"sum":	{
				"start":	60.000067,
				"end":	90.000091,
				"seconds":	30.000024795532227,
				"bytes":	3531079680,
				"bits_per_second":	941620469.7339766,
				"retransmits":	0,
				"omitted":	false,
				"sender":	true
			}
		}],
	"end":	{
		"streams":	[{
				"sender":	{
					"socket":	5,
					"start":	0,
					"end":	90.000091,
					"seconds":	90.000091,
					"bytes":	10593632256,
					"bits_per_second":	941655248.415249,
					"retransmits":	0,
					"max_snd_cwnd":	503904,
					"max_rtt":	2774,
					"min_rtt":	1657,
					"mean_rtt":	2215,
					"sender":	true
				},
				"receiver":	{
					"socket":	5,
					"start":	0,
					"end":	90.0442190170288,
					"seconds":	90.000091,
					"bytes":	10591805088,
					"bits_per_second":	941031435.765747,
					"sender":	true
				}
			}],
		"sum_sent":	{
			"start":	0,
			"end":	90.000091,
			"seconds":	90.000091,
			"bytes":	10593632256,
			"bits_per_second":	941655248.415249,
			"retransmits":	0,
			"sender":	true
		},
		"sum_received":	{
			"start":	0,
			"end":	90.0442190170288,
			"seconds":	90.0442190170288,
			"bytes":	10591805088,
			"bits_per_second":	941031435.765747,
			"sender":	true
		},
		"cpu_utilization_percent":	{
			"host_total":	9.41317235012651,
			"host_user":	0.306776098771962,
			"host_system":	9.10639736142228,
			"remote_total":	24.829092219153516,
			"remote_user":	2.3983179954939744,
			"remote_system":	22.430773114052492
		},
		"sender_tcp_congestion":	"cubic",
		"receiver_tcp_congestion":	"cubic"
	}
}
