{
	"start":	{
		"connected":	[{
				"socket":	5,
				"local_host":	"10.10.10.2",
				"local_port":	52680,
				"remote_host":	"10.10.10.4",
				"remote_port":	5201
			}],
		"version":	"iperf 3.9",
		"system_info":	"Linux zelda 5.10.0-18-amd64 #1 SMP Debian 5.10.140-1 (2022-09-02) x86_64",
		"timestamp":	{
			"time":	"Mon, 29 Jan 2024 23:45:13 GMT",
			"timesecs":	1706571913
		},
		"connecting_to":	{
			"host":	"10.10.10.4",
			"port":	5201
		},
		"cookie":	"ow57kmcpsmcayt2f4wdbnlwhdufwlojwtk54",
		"tcp_mss_default":	1448,
		"target_bitrate":	9000000000,
		"sock_bufsize":	0,
		"sndbuf_actual":	1000000,
		"rcvbuf_actual":	1000000,
		"test_start":	{
			"protocol":	"TCP",
			"num_streams":	1,
			"blksize":	131072,
			"omit":	0,
			"duration":	60,
			"bytes":	0,
			"blocks":	0,
			"reverse":	0,
			"tos":	0
		}
	},
	"intervals":	[{
			"streams":	[{
					"socket":	5,
					"start":	0,
					"end":	60.000079,
					"seconds":	60.000080108642578,
					"bytes":	7063076864,
					"bits_per_second":	941742324.505012,
					"retransmits":	0,
					"snd_cwnd":	519832,
					"rtt":	2179,
					"rttvar":	93,
					"pmtu":	9000,
					"omitted":	false,
					"sender":	true
				}],
			"sum":	{
				"start":	0,
				"end":	60.000079,
				"seconds":	60.000080108642578,
				"bytes":	7063076864,
				"bits_per_second":	941742324.505012,
				"retransmits":	0,
				"omitted":	false,
				"sender":	true
			}
		}],
	"end":	{
		"streams":	[{
				"sender":	{
					"socket":	5,
					"start":	0,
					"end":	60.000079,
					"seconds":	60.000079,
					"bytes":	7063076864,
					"bits_per_second":	941742341.90591645,
					"retransmits":	0,
					"max_snd_cwnd":	519832,
					"max_rtt":	2179,
					"min_rtt":	2179,
					"mean_rtt":	2179,
					"sender":	true
				},
				"receiver":	{
					"socket":	5,
					"start":	0,
					"end":	60.045106172561646,
					"seconds":	60.000079,
					"bytes":	7061371128,
					"bits_per_second":	940808878.93931723,
					"sender":	true
				}
			}],
		"sum_sent":	{
			"start":	0,
			"end":	60.000079,
			"seconds":	60.000079,
			"bytes":	7063076864,
			"bits_per_second":	941742341.90591645,
			"retransmits":	0,
			"sender":	true
		},
		"sum_received":	{
			"start":	0,
			"end":	60.045106172561646,
			"seconds":	60.045106172561646,
			"bytes":	7061371128,
			"bits_per_second":	940808878.93931723,
			"sender":	true
		},
		"cpu_utilization_percent":	{
			"host_total":	8.632694898666097,
			"host_user":	0.24115509194899148,
			"host_system":	8.3915431352898047,
			"remote_total":	23.463738907117882,
			"remote_user":	2.086766169260148,
			"remote_system":	21.376971074594877
		},
		"sender_tcp_congestion":	"cubic",
		"receiver_tcp_congestion":	"cubic"
	}
}
