{
	"start":	{
		"connected":	[{
				"socket":	5,
				"local_host":	"10.10.10.2",
				"local_port":	57626,
				"remote_host":	"10.10.10.4",
				"remote_port":	5201
			}],
		"version":	"iperf 3.9",
		"system_info":	"Linux zelda 5.10.0-18-amd64 #1 SMP Debian 5.10.140-1 (2022-09-02) x86_64",
		"timestamp":	{
			"time":	"Mon, 29 Jan 2024 17:13:31 GMT",
			"timesecs":	1706548411
		},
		"connecting_to":	{
			"host":	"10.10.10.4",
			"port":	5201
		},
		"cookie":	"rh4zfpvztli4dec6lai6va75disirwh3u7ub",
		"tcp_mss_default":	1448,
		"target_bitrate":	5000000000,
		"sock_bufsize":	0,
		"sndbuf_actual":	1000000,
		"rcvbuf_actual":	1000000,
		"test_start":	{
			"protocol":	"TCP",
			"num_streams":	1,
			"blksize":	131072,
			"omit":	0,
			"duration":	30,
			"bytes":	0,
			"blocks":	0,
			"reverse":	0,
			"tos":	0
		}
	},
	"intervals":	[{
			"streams":	[{
					"socket":	5,
					"start":	0,
					"end":	30.00008,
					"seconds":	30.000080108642578,
					"bytes":	3531997184,
					"bits_per_second":	941863400.686716,
					"retransmits":	0,
					"snd_cwnd":	362000,
					"rtt":	1869,
					"rttvar":	173,
					"pmtu":	9000,
					"omitted":	false,
					"sender":	true
				}],
			"sum":	{
				"start":	0,
				"end":	30.00008,
				"seconds":	30.000080108642578,
				"bytes":	3531997184,
				"bits_per_second":	941863400.686716,
				"retransmits":	0,
				"omitted":	false,
				"sender":	true
			}
		}],
	"end":	{
		"streams":	[{
				"sender":	{
					"socket":	5,
					"start":	0,
					"end":	30.00008,
					"seconds":	30.00008,
					"bytes":	3531997184,
					"bits_per_second":	941863404.097589,
					"retransmits":	0,
					"max_snd_cwnd":	362000,
					"max_rtt":	1869,
					"min_rtt":	1869,
					"mean_rtt":	1869,
					"sender":	true
				},
				"receiver":	{
					"socket":	5,
					"start":	0,
					"end":	30.043612003326416,
					"seconds":	30.00008,
					"bytes":	3530744584,
					"bits_per_second":	940165139.560204,
					"sender":	true
				}
			}],
		"sum_sent":	{
			"start":	0,
			"end":	30.00008,
			"seconds":	30.00008,
			"bytes":	3531997184,
			"bits_per_second":	941863404.097589,
			"retransmits":	0,
			"sender":	true
		},
		"sum_received":	{
			"start":	0,
			"end":	30.043612003326416,
			"seconds":	30.043612003326416,
			"bytes":	3530744584,
			"bits_per_second":	940165139.560204,
			"sender":	true
		},
		"cpu_utilization_percent":	{
			"host_total":	9.59434489499877,
			"host_user":	0.40084081415192119,
			"host_system":	9.19350740448568,
			"remote_total":	27.586861020607511,
			"remote_user":	2.6901107078863564,
			"remote_system":	24.896750312721153
		},
		"sender_tcp_congestion":	"cubic",
		"receiver_tcp_congestion":	"cubic"
	}
}
