{
	"start":	{
		"connected":	[{
				"socket":	5,
				"local_host":	"10.10.10.2",
				"local_port":	60708,
				"remote_host":	"10.10.10.4",
				"remote_port":	5201
			}],
		"version":	"iperf 3.9",
		"system_info":	"Linux zelda 5.10.0-18-amd64 #1 SMP Debian 5.10.140-1 (2022-09-02) x86_64",
		"timestamp":	{
			"time":	"Mon, 29 Jan 2024 20:11:41 GMT",
			"timesecs":	1706559101
		},
		"connecting_to":	{
			"host":	"10.10.10.4",
			"port":	5201
		},
		"cookie":	"mh6we3twhrd6gqliuwxoloyiskglrhghw4kg",
		"tcp_mss_default":	1448,
		"target_bitrate":	7000000000,
		"sock_bufsize":	0,
		"sndbuf_actual":	1000000,
		"rcvbuf_actual":	1000000,
		"test_start":	{
			"protocol":	"TCP",
			"num_streams":	1,
			"blksize":	131072,
			"omit":	0,
			"duration":	20,
			"bytes":	0,
			"blocks":	0,
			"reverse":	0,
			"tos":	0
		}
	},
	"intervals":	[{
			"streams":	[{
					"socket":	5,
					"start":	0,
					"end":	20.000077,
					"seconds":	20.000076293945312,
					"bytes":	2355101696,
					"bits_per_second":	942037084.81370842,
					"retransmits":	0,
					"snd_cwnd":	363448,
					"rtt":	1712,
					"rttvar":	116,
					"pmtu":	9000,
					"omitted":	false,
					"sender":	true
				}],
			"sum":	{
				"start":	0,
				"end":	20.000077,
				"seconds":	20.000076293945312,
				"bytes":	2355101696,
				"bits_per_second":	942037084.81370842,
				"retransmits":	0,
				"omitted":	false,
				"sender":	true
			}
		}],
	"end":	{
		"streams":	[{
				"sender":	{
					"socket":	5,
					"start":	0,
					"end":	20.000077,
					"seconds":	20.000077,
					"bytes":	2355101696,
					"bits_per_second":	942037051.55735147,
					"retransmits":	0,
					"max_snd_cwnd":	363448,
					"max_rtt":	1712,
					"min_rtt":	1712,
					"mean_rtt":	1712,
					"sender":	true
				},
				"receiver":	{
					"socket":	5,
					"start":	0,
					"end":	20.04374098777771,
					"seconds":	20.000077,
					"bytes":	2353888376,
					"bits_per_second":	939500616.151588,
					"sender":	true
				}
			}],
		"sum_sent":	{
			"start":	0,
			"end":	20.000077,
			"seconds":	20.000077,
			"bytes":	2355101696,
			"bits_per_second":	942037051.55735147,
			"retransmits":	0,
			"sender":	true
		},
		"sum_received":	{
			"start":	0,
			"end":	20.04374098777771,
			"seconds":	20.04374098777771,
			"bytes":	2353888376,
			"bits_per_second":	939500616.151588,
			"sender":	true
		},
		"cpu_utilization_percent":	{
			"host_total":	9.2114496919026365,
			"host_user":	0.26723362907739273,
			"host_system":	8.9442110839969651,
			"remote_total":	27.267040990536078,
			"remote_user":	2.354283473076527,
			"remote_system":	24.912752547723013
		},
		"sender_tcp_congestion":	"cubic",
		"receiver_tcp_congestion":	"cubic"
	}
}
