{
	"start":	{
		"connected":	[{
				"socket":	5,
				"local_host":	"10.10.10.2",
				"local_port":	54674,
				"remote_host":	"10.10.10.4",
				"remote_port":	5201
			}],
		"version":	"iperf 3.9",
		"system_info":	"Linux zelda 5.10.0-18-amd64 #1 SMP Debian 5.10.140-1 (2022-09-02) x86_64",
		"timestamp":	{
			"time":	"Mon, 29 Jan 2024 17:12:31 GMT",
			"timesecs":	1706548351
		},
		"connecting_to":	{
			"host":	"10.10.10.4",
			"port":	5201
		},
		"cookie":	"bcawkd4xiimws2nz5qif6uekup5ewk3e4iiv",
		"tcp_mss_default":	1448,
		"target_bitrate":	5000000000,
		"sock_bufsize":	0,
		"sndbuf_actual":	1000000,
		"rcvbuf_actual":	1000000,
		"test_start":	{
			"protocol":	"TCP",
			"num_streams":	1,
			"blksize":	131072,
			"omit":	0,
			"duration":	30,
			"bytes":	0,
			"blocks":	0,
			"reverse":	0,
			"tos":	0
		}
	},
	"intervals":	[{
			"streams":	[{
					"socket":	5,
					"start":	0,
					"end":	30.000078,
					"seconds":	30.000078201293945,
					"bytes":	3532521472,
					"bits_per_second":	942003270.337512,
					"retransmits":	0,
					"snd_cwnd":	496664,
					"rtt":	2177,
					"rttvar":	149,
					"pmtu":	9000,
					"omitted":	false,
					"sender":	true
				}],
			"sum":	{
				"start":	0,
				"end":	30.000078,
				"seconds":	30.000078201293945,
				"bytes":	3532521472,
				"bits_per_second":	942003270.337512,
				"retransmits":	0,
				"omitted":	false,
				"sender":	true
			}
		}],
	"end":	{
		"streams":	[{
				"sender":	{
					"socket":	5,
					"start":	0,
					"end":	30.000078,
					"seconds":	30.000078,
					"bytes":	3532521472,
					"bits_per_second":	942003276.65814745,
					"retransmits":	0,
					"max_snd_cwnd":	496664,
					"max_rtt":	2177,
					"min_rtt":	2177,
					"mean_rtt":	2177,
					"sender":	true
				},
				"receiver":	{
					"socket":	5,
					"start":	0,
					"end":	30.044113874435425,
					"seconds":	30.000078,
					"bytes":	3530799272,
					"bits_per_second":	940163996.65010238,
					"sender":	true
				}
			}],
		"sum_sent":	{
			"start":	0,
			"end":	30.000078,
			"seconds":	30.000078,
			"bytes":	3532521472,
			"bits_per_second":	942003276.65814745,
			"retransmits":	0,
			"sender":	true
		},
		"sum_received":	{
			"start":	0,
			"end":	30.044113874435425,
			"seconds":	30.044113874435425,
			"bytes":	3530799272,
			"bits_per_second":	940163996.65010238,
			"sender":	true
		},
		"cpu_utilization_percent":	{
			"host_total":	8.74252566151049,
			"host_user":	0.25360885089039958,
			"host_system":	8.48891681062009,
			"remote_total":	26.4293022779526,
			"remote_user":	2.4121372636852172,
			"remote_system":	24.017165014267388
		},
		"sender_tcp_congestion":	"cubic",
		"receiver_tcp_congestion":	"cubic"
	}
}
