{
	"start":	{
		"connected":	[{
				"socket":	5,
				"local_host":	"10.10.10.2",
				"local_port":	46146,
				"remote_host":	"10.10.10.4",
				"remote_port":	5201
			}],
		"version":	"iperf 3.9",
		"system_info":	"Linux zelda 5.10.0-18-amd64 #1 SMP Debian 5.10.140-1 (2022-09-02) x86_64",
		"timestamp":	{
			"time":	"Mon, 29 Jan 2024 16:09:27 GMT",
			"timesecs":	1706544567
		},
		"connecting_to":	{
			"host":	"10.10.10.4",
			"port":	5201
		},
		"cookie":	"aeruxhxnm3ask4nupr26b7teh5lk567ytfkp",
		"tcp_mss_default":	1448,
		"target_bitrate":	4000000000,
		"sock_bufsize":	0,
		"sndbuf_actual":	1000000,
		"rcvbuf_actual":	1000000,
		"test_start":	{
			"protocol":	"TCP",
			"num_streams":	1,
			"blksize":	131072,
			"omit":	0,
			"duration":	70,
			"bytes":	0,
			"blocks":	0,
			"reverse":	0,
			"tos":	0
		}
	},
	"intervals":	[{
			"streams":	[{
					"socket":	5,
					"start":	0,
					"end":	60.00007,
					"seconds":	60.000068664550781,
					"bytes":	7062552576,
					"bits_per_second":	941672599.14123333,
					"retransmits":	0,
					"snd_cwnd":	386616,
					"rtt":	2214,
					"rttvar":	116,
					"pmtu":	9000,
					"omitted":	false,
					"sender":	true
				}],
			"sum":	{
				"start":	0,
				"end":	60.00007,
				"seconds":	60.000068664550781,
				"bytes":	7062552576,
				"bits_per_second":	941672599.14123333,
				"retransmits":	0,
				"omitted":	false,
				"sender":	true
			}
		}, {
			"streams":	[{
					"socket":	5,
					"start":	60.00007,
					"end":	70.000078,
					"seconds":	10.000007629394531,
					"bytes":	1176895488,
					"bits_per_second":	941515672.080548,
					"retransmits":	0,
					"snd_cwnd":	386616,
					"rtt":	2178,
					"rttvar":	148,
					"pmtu":	9000,
					"omitted":	false,
					"sender":	true
				}],
			"sum":	{
				"start":	60.00007,
				"end":	70.000078,
				"seconds":	10.000007629394531,
				"bytes":	1176895488,
				"bits_per_second":	941515672.080548,
				"retransmits":	0,
				"omitted":	false,
				"sender":	true
			}
		}],
	"end":	{
		"streams":	[{
				"sender":	{
					"socket":	5,
					"start":	0,
					"end":	70.000078,
					"seconds":	70.000078,
					"bytes":	8239448064,
					"bits_per_second":	941650158.04696667,
					"retransmits":	0,
					"max_snd_cwnd":	386616,
					"max_rtt":	2214,
					"min_rtt":	2178,
					"mean_rtt":	2196,
					"sender":	true
				},
				"receiver":	{
					"socket":	5,
					"start":	0,
					"end":	70.0433850288391,
					"seconds":	70.000078,
					"bytes":	8238095568,
					"bits_per_second":	940913471.227367,
					"sender":	true
				}
			}],
		"sum_sent":	{
			"start":	0,
			"end":	70.000078,
			"seconds":	70.000078,
			"bytes":	8239448064,
			"bits_per_second":	941650158.04696667,
			"retransmits":	0,
			"sender":	true
		},
		"sum_received":	{
			"start":	0,
			"end":	70.0433850288391,
			"seconds":	70.0433850288391,
			"bytes":	8238095568,
			"bits_per_second":	940913471.227367,
			"sender":	true
		},
		"cpu_utilization_percent":	{
			"host_total":	9.20464571333571,
			"host_user":	0.2333549122884816,
			"host_system":	8.97129222784934,
			"remote_total":	27.512326638222216,
			"remote_user":	2.5281355786597,
			"remote_system":	24.9841924856543
		},
		"sender_tcp_congestion":	"cubic",
		"receiver_tcp_congestion":	"cubic"
	}
}
