{
	"start":	{
		"connected":	[{
				"socket":	5,
				"local_host":	"10.10.10.2",
				"local_port":	41380,
				"remote_host":	"10.10.10.4",
				"remote_port":	5201
			}],
		"version":	"iperf 3.9",
		"system_info":	"Linux zelda 5.10.0-18-amd64 #1 SMP Debian 5.10.140-1 (2022-09-02) x86_64",
		"timestamp":	{
			"time":	"Mon, 29 Jan 2024 16:57:14 GMT",
			"timesecs":	1706547434
		},
		"connecting_to":	{
			"host":	"10.10.10.4",
			"port":	5201
		},
		"cookie":	"4ajbnieb72yanbgnjfgbj6vaeibj6keb6c7o",
		"tcp_mss_default":	1448,
		"target_bitrate":	4000000000,
		"sock_bufsize":	0,
		"sndbuf_actual":	1000000,
		"rcvbuf_actual":	1000000,
		"test_start":	{
			"protocol":	"TCP",
			"num_streams":	1,
			"blksize":	131072,
			"omit":	0,
			"duration":	100,
			"bytes":	0,
			"blocks":	0,
			"reverse":	0,
			"tos":	0
		}
	},
	"intervals":	[{
			"streams":	[{
					"socket":	5,
					"start":	0,
					"end":	60.000108,
					"seconds":	60.000106811523438,
					"bytes":	7063076864,
					"bits_per_second":	941741905.3852067,
					"retransmits":	0,
					"snd_cwnd":	502456,
					"rtt":	2678,
					"rttvar":	136,
					"pmtu":	9000,
					"omitted":	false,
					"sender":	true
				}],
			"sum":	{
				"start":	0,
				"end":	60.000108,
				"seconds":	60.000106811523438,
				"bytes":	7063076864,
				"bits_per_second":	941741905.3852067,
				"retransmits":	0,
				"omitted":	false,
				"sender":	true
			}
		}, {
			"streams":	[{
					"socket":	5,
					"start":	60.000108,
					"end":	100.000128,
					"seconds":	40.000019073486328,
					"bytes":	4707319808,
					"bits_per_second":	941463512.675214,
					"retransmits":	0,
					"snd_cwnd":	502456,
					"rtt":	2256,
					"rttvar":	104,
					"pmtu":	9000,
					"omitted":	false,
					"sender":	true
				}],
			"sum":	{
				"start":	60.000108,
				"end":	100.000128,
				"seconds":	40.000019073486328,
				"bytes":	4707319808,
				"bits_per_second":	941463512.675214,
				"retransmits":	0,
				"omitted":	false,
				"sender":	true
			}
		}],
	"end":	{
		"streams":	[{
				"sender":	{
					"socket":	5,
					"start":	0,
					"end":	100.000128,
					"seconds":	100.000128,
					"bytes":	11770396672,
					"bits_per_second":	941630528.47292352,
					"retransmits":	0,
					"max_snd_cwnd":	502456,
					"max_rtt":	2678,
					"min_rtt":	2256,
					"mean_rtt":	2467,
					"sender":	true
				},
				"receiver":	{
					"socket":	5,
					"start":	0,
					"end":	100.04392290115356,
					"seconds":	100.000128,
					"bytes":	11768665640,
					"bits_per_second":	941079901.605042,
					"sender":	true
				}
			}],
		"sum_sent":	{
			"start":	0,
			"end":	100.000128,
			"seconds":	100.000128,
			"bytes":	11770396672,
			"bits_per_second":	941630528.47292352,
			"retransmits":	0,
			"sender":	true
		},
		"sum_received":	{
			"start":	0,
			"end":	100.04392290115356,
			"seconds":	100.04392290115356,
			"bytes":	11768665640,
			"bits_per_second":	941079901.605042,
			"sender":	true
		},
		"cpu_utilization_percent":	{
			"host_total":	9.4799196871211944,
			"host_user":	0.30884211896280978,
			"host_system":	9.1710775681583847,
			"remote_total":	24.924147847226664,
			"remote_user":	2.3248719406444867,
			"remote_system":	22.59927690532345
		},
		"sender_tcp_congestion":	"cubic",
		"receiver_tcp_congestion":	"cubic"
	}
}
