{
	"start":	{
		"connected":	[{
				"socket":	5,
				"local_host":	"10.10.10.2",
				"local_port":	38878,
				"remote_host":	"10.10.10.4",
				"remote_port":	5201
			}],
		"version":	"iperf 3.9",
		"system_info":	"Linux zelda 5.10.0-18-amd64 #1 SMP Debian 5.10.140-1 (2022-09-02) x86_64",
		"timestamp":	{
			"time":	"Mon, 29 Jan 2024 20:30:38 GMT",
			"timesecs":	1706560238
		},
		"connecting_to":	{
			"host":	"10.10.10.4",
			"port":	5201
		},
		"cookie":	"d3ehwj772tuia4vknevvib6wwjh3svzcbonq",
		"tcp_mss_default":	1448,
		"target_bitrate":	7000000000,
		"sock_bufsize":	0,
		"sndbuf_actual":	1000000,
		"rcvbuf_actual":	1000000,
		"test_start":	{
			"protocol":	"TCP",
			"num_streams":	1,
			"blksize":	131072,
			"omit":	0,
			"duration":	50,
			"bytes":	0,
			"blocks":	0,
			"reverse":	0,
			"tos":	0
		}
	},
	"intervals":	[{
			"streams":	[{
					"socket":	5,
					"start":	0,
					"end":	50.000085,
					"seconds":	50.000083923339844,
					"bytes":	5885526016,
					"bits_per_second":	941682581.977053,
					"retransmits":	0,
					"snd_cwnd":	437296,
					"rtt":	2177,
					"rttvar":	115,
					"pmtu":	9000,
					"omitted":	false,
					"sender":	true
				}],
			"sum":	{
				"start":	0,
				"end":	50.000085,
				"seconds":	50.000083923339844,
				"bytes":	5885526016,
				"bits_per_second":	941682581.977053,
				"retransmits":	0,
				"omitted":	false,
				"sender":	true
			}
		}],
	"end":	{
		"streams":	[{
				"sender":	{
					"socket":	5,
					"start":	0,
					"end":	50.000085,
					"seconds":	50.000085,
					"bytes":	5885526016,
					"bits_per_second":	941682561.699645,
					"retransmits":	0,
					"max_snd_cwnd":	437296,
					"max_rtt":	2177,
					"min_rtt":	2177,
					"mean_rtt":	2177,
					"sender":	true
				},
				"receiver":	{
					"socket":	5,
					"start":	0,
					"end":	50.043673038482666,
					"seconds":	50.000085,
					"bytes":	5883923848,
					"bits_per_second":	940606233.035752,
					"sender":	true
				}
			}],
		"sum_sent":	{
			"start":	0,
			"end":	50.000085,
			"seconds":	50.000085,
			"bytes":	5885526016,
			"bits_per_second":	941682561.699645,
			"retransmits":	0,
			"sender":	true
		},
		"sum_received":	{
			"start":	0,
			"end":	50.043673038482666,
			"seconds":	50.043673038482666,
			"bytes":	5883923848,
			"bits_per_second":	940606233.035752,
			"sender":	true
		},
		"cpu_utilization_percent":	{
			"host_total":	10.321162569876384,
			"host_user":	0.35103736376801881,
			"host_system":	9.9701272027262142,
			"remote_total":	27.368887811510689,
			"remote_user":	2.7618490403602833,
			"remote_system":	24.607038771150407
		},
		"sender_tcp_congestion":	"cubic",
		"receiver_tcp_congestion":	"cubic"
	}
}
