{
	"start":	{
		"connected":	[{
				"socket":	5,
				"local_host":	"10.10.10.2",
				"local_port":	52370,
				"remote_host":	"10.10.10.4",
				"remote_port":	5201
			}],
		"version":	"iperf 3.9",
		"system_info":	"Linux zelda 5.10.0-18-amd64 #1 SMP Debian 5.10.140-1 (2022-09-02) x86_64",
		"timestamp":	{
			"time":	"Mon, 29 Jan 2024 21:50:06 GMT",
			"timesecs":	1706565006
		},
		"connecting_to":	{
			"host":	"10.10.10.4",
			"port":	5201
		},
		"cookie":	"rgtwlu6dh6hasm4ombtubqozl754zh2446a2",
		"tcp_mss_default":	1448,
		"target_bitrate":	8000000000,
		"sock_bufsize":	0,
		"sndbuf_actual":	1000000,
		"rcvbuf_actual":	1000000,
		"test_start":	{
			"protocol":	"TCP",
			"num_streams":	1,
			"blksize":	131072,
			"omit":	0,
			"duration":	40,
			"bytes":	0,
			"blocks":	0,
			"reverse":	0,
			"tos":	0
		}
	},
	"intervals":	[{
			"streams":	[{
					"socket":	5,
					"start":	0,
					"end":	40.000078,
					"seconds":	40.000076293945312,
					"bytes":	4708892672,
					"bits_per_second":	941776738.10342622,
					"retransmits":	0,
					"snd_cwnd":	377928,
					"rtt":	2261,
					"rttvar":	146,
					"pmtu":	9000,
					"omitted":	false,
					"sender":	true
				}],
			"sum":	{
				"start":	0,
				"end":	40.000078,
				"seconds":	40.000076293945312,
				"bytes":	4708892672,
				"bits_per_second":	941776738.10342622,
				"retransmits":	0,
				"omitted":	false,
				"sender":	true
			}
		}],
	"end":	{
		"streams":	[{
				"sender":	{
					"socket":	5,
					"start":	0,
					"end":	40.000078,
					"seconds":	40.000078,
					"bytes":	4708892672,
					"bits_per_second":	941776697.935439,
					"retransmits":	0,
					"max_snd_cwnd":	377928,
					"max_rtt":	2261,
					"min_rtt":	2261,
					"mean_rtt":	2261,
					"sender":	true
				},
				"receiver":	{
					"socket":	5,
					"start":	0,
					"end":	40.0479109287262,
					"seconds":	40.000078,
					"bytes":	4707596448,
					"bits_per_second":	940392912.15527773,
					"sender":	true
				}
			}],
		"sum_sent":	{
			"start":	0,
			"end":	40.000078,
			"seconds":	40.000078,
			"bytes":	4708892672,
			"bits_per_second":	941776697.935439,
			"retransmits":	0,
			"sender":	true
		},
		"sum_received":	{
			"start":	0,
			"end":	40.0479109287262,
			"seconds":	40.0479109287262,
			"bytes":	4707596448,
			"bits_per_second":	940392912.15527773,
			"sender":	true
		},
		"cpu_utilization_percent":	{
			"host_total":	8.8341353469282531,
			"host_user":	0.27049499943825123,
			"host_system":	8.5636428419338753,
			"remote_total":	25.385720464483214,
			"remote_user":	2.404061617581768,
			"remote_system":	22.981658846901446
		},
		"sender_tcp_congestion":	"cubic",
		"receiver_tcp_congestion":	"cubic"
	}
}
