{
	"start":	{
		"connected":	[{
				"socket":	5,
				"local_host":	"10.10.10.2",
				"local_port":	37014,
				"remote_host":	"10.10.10.4",
				"remote_port":	5201
			}],
		"version":	"iperf 3.9",
		"system_info":	"Linux zelda 5.10.0-18-amd64 #1 SMP Debian 5.10.140-1 (2022-09-02) x86_64",
		"timestamp":	{
			"time":	"Mon, 29 Jan 2024 22:05:10 GMT",
			"timesecs":	1706565910
		},
		"connecting_to":	{
			"host":	"10.10.10.4",
			"port":	5201
		},
		"cookie":	"34cnosqdcwxl6dytd4mhgqtxkyfc7rtaz2mc",
		"tcp_mss_default":	1448,
		"target_bitrate":	8000000000,
		"sock_bufsize":	0,
		"sndbuf_actual":	1000000,
		"rcvbuf_actual":	1000000,
		"test_start":	{
			"protocol":	"TCP",
			"num_streams":	1,
			"blksize":	131072,
			"omit":	0,
			"duration":	60,
			"bytes":	0,
			"blocks":	0,
			"reverse":	0,
			"tos":	0
		}
	},
	"intervals":	[{
			"streams":	[{
					"socket":	5,
					"start":	0,
					"end":	60.000078,
					"seconds":	60.000076293945312,
					"bytes":	7063470080,
					"bits_per_second":	941794813.112634,
					"retransmits":	0,
					"snd_cwnd":	616848,
					"rtt":	2302,
					"rttvar":	118,
					"pmtu":	9000,
					"omitted":	false,
					"sender":	true
				}],
			"sum":	{
				"start":	0,
				"end":	60.000078,
				"seconds":	60.000076293945312,
				"bytes":	7063470080,
				"bits_per_second":	941794813.112634,
				"retransmits":	0,
				"omitted":	false,
				"sender":	true
			}
		}],
	"end":	{
		"streams":	[{
				"sender":	{
					"socket":	5,
					"start":	0,
					"end":	60.000078,
					"seconds":	60.000078,
					"bytes":	7063470080,
					"bits_per_second":	941794786.33344436,
					"retransmits":	0,
					"max_snd_cwnd":	616848,
					"max_rtt":	2302,
					"min_rtt":	2302,
					"mean_rtt":	2302,
					"sender":	true
				},
				"receiver":	{
					"socket":	5,
					"start":	0,
					"end":	60.044213056564331,
					"seconds":	60.000078,
					"bytes":	7061305968,
					"bits_per_second":	940814191.21578753,
					"sender":	true
				}
			}],
		"sum_sent":	{
			"start":	0,
			"end":	60.000078,
			"seconds":	60.000078,
			"bytes":	7063470080,
			"bits_per_second":	941794786.33344436,
			"retransmits":	0,
			"sender":	true
		},
		"sum_received":	{
			"start":	0,
			"end":	60.044213056564331,
			"seconds":	60.044213056564331,
			"bytes":	7061305968,
			"bits_per_second":	940814191.21578753,
			"sender":	true
		},
		"cpu_utilization_percent":	{
			"host_total":	9.0792546904547748,
			"host_user":	0.23921659274468923,
			"host_system":	8.8400380977100852,
			"remote_total":	23.92857809267797,
			"remote_user":	2.3411417291341321,
			"remote_system":	21.587436363543837
		},
		"sender_tcp_congestion":	"cubic",
		"receiver_tcp_congestion":	"cubic"
	}
}
