{
	"start":	{
		"connected":	[{
				"socket":	5,
				"local_host":	"10.10.10.2",
				"local_port":	49334,
				"remote_host":	"10.10.10.4",
				"remote_port":	5201
			}],
		"version":	"iperf 3.9",
		"system_info":	"Linux zelda 5.10.0-18-amd64 #1 SMP Debian 5.10.140-1 (2022-09-02) x86_64",
		"timestamp":	{
			"time":	"Mon, 29 Jan 2024 11:18:30 GMT",
			"timesecs":	1706527110
		},
		"connecting_to":	{
			"host":	"10.10.10.4",
			"port":	5201
		},
		"cookie":	"g5howij2lbjvizb6cdlukm76uel67sqtxbi2",
		"tcp_mss_default":	1448,
		"target_bitrate":	1000000000,
		"sock_bufsize":	0,
		"sndbuf_actual":	1000000,
		"rcvbuf_actual":	1000000,
		"test_start":	{
			"protocol":	"TCP",
			"num_streams":	1,
			"blksize":	131072,
			"omit":	0,
			"duration":	50,
			"bytes":	0,
			"blocks":	0,
			"reverse":	0,
			"tos":	0
		}
	},
	"intervals":	[{
			"streams":	[{
					"socket":	5,
					"start":	0,
					"end":	50.000091,
					"seconds":	50.000091552734375,
					"bytes":	5886181376,
					"bits_per_second":	941787295.69595754,
					"retransmits":	0,
					"snd_cwnd":	524176,
					"rtt":	2736,
					"rttvar":	166,
					"pmtu":	9000,
					"omitted":	false,
					"sender":	true
				}],
			"sum":	{
				"start":	0,
				"end":	50.000091,
				"seconds":	50.000091552734375,
				"bytes":	5886181376,
				"bits_per_second":	941787295.69595754,
				"retransmits":	0,
				"omitted":	false,
				"sender":	true
			}
		}],
	"end":	{
		"streams":	[{
				"sender":	{
					"socket":	5,
					"start":	0,
					"end":	50.000091,
					"seconds":	50.000091,
					"bytes":	5886181376,
					"bits_per_second":	941787306.107103,
					"retransmits":	0,
					"max_snd_cwnd":	524176,
					"max_rtt":	2736,
					"min_rtt":	2736,
					"mean_rtt":	2736,
					"sender":	true
				},
				"receiver":	{
					"socket":	5,
					"start":	0,
					"end":	50.041336059570312,
					"seconds":	50.000091,
					"bytes":	5884355864,
					"bits_per_second":	940719225.7209332,
					"sender":	true
				}
			}],
		"sum_sent":	{
			"start":	0,
			"end":	50.000091,
			"seconds":	50.000091,
			"bytes":	5886181376,
			"bits_per_second":	941787306.107103,
			"retransmits":	0,
			"sender":	true
		},
		"sum_received":	{
			"start":	0,
			"end":	50.041336059570312,
			"seconds":	50.041336059570312,
			"bytes":	5884355864,
			"bits_per_second":	940719225.7209332,
			"sender":	true
		},
		"cpu_utilization_percent":	{
			"host_total":	8.34417644849829,
			"host_user":	0.25170709181262013,
			"host_system":	8.092473349976304,
			"remote_total":	22.664220799815936,
			"remote_user":	2.3305444840936156,
			"remote_system":	20.333676315722322
		},
		"sender_tcp_congestion":	"cubic",
		"receiver_tcp_congestion":	"cubic"
	}
}
