{
	"start":	{
		"connected":	[{
				"socket":	5,
				"local_host":	"10.10.10.2",
				"local_port":	37218,
				"remote_host":	"10.10.10.4",
				"remote_port":	5201
			}],
		"version":	"iperf 3.9",
		"system_info":	"Linux zelda 5.10.0-18-amd64 #1 SMP Debian 5.10.140-1 (2022-09-02) x86_64",
		"timestamp":	{
			"time":	"Mon, 29 Jan 2024 19:14:40 GMT",
			"timesecs":	1706555680
		},
		"connecting_to":	{
			"host":	"10.10.10.4",
			"port":	5201
		},
		"cookie":	"74fixfdjvnd7te46w4gtuw2g243xybdzczs3",
		"tcp_mss_default":	1448,
		"target_bitrate":	6000000000,
		"sock_bufsize":	0,
		"sndbuf_actual":	1000000,
		"rcvbuf_actual":	1000000,
		"test_start":	{
			"protocol":	"TCP",
			"num_streams":	1,
			"blksize":	131072,
			"omit":	0,
			"duration":	70,
			"bytes":	0,
			"blocks":	0,
			"reverse":	0,
			"tos":	0
		}
	},
	"intervals":	[{
			"streams":	[{
					"socket":	5,
					"start":	0,
					"end":	60.000071,
					"seconds":	60.000072479248047,
					"bytes":	7062683648,
					"bits_per_second":	941690015.51692975,
					"retransmits":	0,
					"snd_cwnd":	415576,
					"rtt":	2171,
					"rttvar":	95,
					"pmtu":	9000,
					"omitted":	false,
					"sender":	true
				}],
			"sum":	{
				"start":	0,
				"end":	60.000071,
				"seconds":	60.000072479248047,
				"bytes":	7062683648,
				"bits_per_second":	941690015.51692975,
				"retransmits":	0,
				"omitted":	false,
				"sender":	true
			}
		}, {
			"streams":	[{
					"socket":	5,
					"start":	60.000071,
					"end":	70.000078,
					"seconds":	10.000006675720215,
					"bytes":	1176895488,
					"bits_per_second":	941515761.87041962,
					"retransmits":	0,
					"snd_cwnd":	415576,
					"rtt":	2228,
					"rttvar":	143,
					"pmtu":	9000,
					"omitted":	false,
					"sender":	true
				}],
			"sum":	{
				"start":	60.000071,
				"end":	70.000078,
				"seconds":	10.000006675720215,
				"bytes":	1176895488,
				"bits_per_second":	941515761.87041962,
				"retransmits":	0,
				"omitted":	false,
				"sender":	true
			}
		}],
	"end":	{
		"streams":	[{
				"sender":	{
					"socket":	5,
					"start":	0,
					"end":	70.000078,
					"seconds":	70.000078,
					"bytes":	8239579136,
					"bits_per_second":	941665137.687418,
					"retransmits":	0,
					"max_snd_cwnd":	415576,
					"max_rtt":	2228,
					"min_rtt":	2171,
					"mean_rtt":	2199,
					"sender":	true
				},
				"receiver":	{
					"socket":	5,
					"start":	0,
					"end":	70.0436589717865,
					"seconds":	70.000078,
					"bytes":	8238095568,
					"bits_per_second":	940909791.28526628,
					"sender":	true
				}
			}],
		"sum_sent":	{
			"start":	0,
			"end":	70.000078,
			"seconds":	70.000078,
			"bytes":	8239579136,
			"bits_per_second":	941665137.687418,
			"retransmits":	0,
			"sender":	true
		},
		"sum_received":	{
			"start":	0,
			"end":	70.0436589717865,
			"seconds":	70.0436589717865,
			"bytes":	8238095568,
			"bits_per_second":	940909791.28526628,
			"sender":	true
		},
		"cpu_utilization_percent":	{
			"host_total":	8.8297052160180431,
			"host_user":	0.29130331215801031,
			"host_system":	8.5384019038600343,
			"remote_total":	22.72100881680791,
			"remote_user":	2.387940974091491,
			"remote_system":	20.333066416625371
		},
		"sender_tcp_congestion":	"cubic",
		"receiver_tcp_congestion":	"cubic"
	}
}
