{
	"start":	{
		"connected":	[{
				"socket":	5,
				"local_host":	"10.10.10.2",
				"local_port":	48924,
				"remote_host":	"10.10.10.4",
				"remote_port":	5201
			}],
		"version":	"iperf 3.9",
		"system_info":	"Linux zelda 5.10.0-18-amd64 #1 SMP Debian 5.10.140-1 (2022-09-02) x86_64",
		"timestamp":	{
			"time":	"Mon, 29 Jan 2024 12:44:39 GMT",
			"timesecs":	1706532279
		},
		"connecting_to":	{
			"host":	"10.10.10.4",
			"port":	5201
		},
		"cookie":	"trdvavsebt5akmuexhtaawex422pqjxv5han",
		"tcp_mss_default":	1448,
		"target_bitrate":	2000000000,
		"sock_bufsize":	0,
		"sndbuf_actual":	1000000,
		"rcvbuf_actual":	1000000,
		"test_start":	{
			"protocol":	"TCP",
			"num_streams":	1,
			"blksize":	131072,
			"omit":	0,
			"duration":	50,
			"bytes":	0,
			"blocks":	0,
			"reverse":	0,
			"tos":	0
		}
	},
	"intervals":	[{
			"streams":	[{
					"socket":	5,
					"start":	0,
					"end":	50.000072,
					"seconds":	50.000072479248047,
					"bytes":	5885788160,
					"bits_per_second":	941724740.48997879,
					"retransmits":	0,
					"snd_cwnd":	379376,
					"rtt":	2192,
					"rttvar":	93,
					"pmtu":	9000,
					"omitted":	false,
					"sender":	true
				}],
			"sum":	{
				"start":	0,
				"end":	50.000072,
				"seconds":	50.000072479248047,
				"bytes":	5885788160,
				"bits_per_second":	941724740.48997879,
				"retransmits":	0,
				"omitted":	false,
				"sender":	true
			}
		}],
	"end":	{
		"streams":	[{
				"sender":	{
					"socket":	5,
					"start":	0,
					"end":	50.000072,
					"seconds":	50.000072,
					"bytes":	5885788160,
					"bits_per_second":	941724749.51636064,
					"retransmits":	0,
					"max_snd_cwnd":	379376,
					"max_rtt":	2192,
					"min_rtt":	2192,
					"mean_rtt":	2192,
					"sender":	true
				},
				"receiver":	{
					"socket":	5,
					"start":	0,
					"end":	50.041136026382446,
					"seconds":	50.000072,
					"bytes":	5884451208,
					"bits_per_second":	940738228.62816358,
					"sender":	true
				}
			}],
		"sum_sent":	{
			"start":	0,
			"end":	50.000072,
			"seconds":	50.000072,
			"bytes":	5885788160,
			"bits_per_second":	941724749.51636064,
			"retransmits":	0,
			"sender":	true
		},
		"sum_received":	{
			"start":	0,
			"end":	50.041136026382446,
			"seconds":	50.041136026382446,
			"bytes":	5884451208,
			"bits_per_second":	940738228.62816358,
			"sender":	true
		},
		"cpu_utilization_percent":	{
			"host_total":	8.8614265835828867,
			"host_user":	0.254001997064944,
			"host_system":	8.60742458651794,
			"remote_total":	26.226504863463955,
			"remote_user":	2.6429122341765452,
			"remote_system":	23.583594624575142
		},
		"sender_tcp_congestion":	"cubic",
		"receiver_tcp_congestion":	"cubic"
	}
}
