{
	"start":	{
		"connected":	[{
				"socket":	5,
				"local_host":	"10.10.10.2",
				"local_port":	59420,
				"remote_host":	"10.10.10.4",
				"remote_port":	5201
			}],
		"version":	"iperf 3.9",
		"system_info":	"Linux zelda 5.10.0-18-amd64 #1 SMP Debian 5.10.140-1 (2022-09-02) x86_64",
		"timestamp":	{
			"time":	"Mon, 29 Jan 2024 21:53:27 GMT",
			"timesecs":	1706565207
		},
		"connecting_to":	{
			"host":	"10.10.10.4",
			"port":	5201
		},
		"cookie":	"7f6eoez4fkxekb6tmrnmj4o5bmsutovttxvp",
		"tcp_mss_default":	1448,
		"target_bitrate":	8000000000,
		"sock_bufsize":	0,
		"sndbuf_actual":	1000000,
		"rcvbuf_actual":	1000000,
		"test_start":	{
			"protocol":	"TCP",
			"num_streams":	1,
			"blksize":	131072,
			"omit":	0,
			"duration":	40,
			"bytes":	0,
			"blocks":	0,
			"reverse":	0,
			"tos":	0
		}
	},
	"intervals":	[{
			"streams":	[{
					"socket":	5,
					"start":	0,
					"end":	40.00008,
					"seconds":	40.000080108642578,
					"bytes":	4708368384,
					"bits_per_second":	941671790.898777,
					"retransmits":	54,
					"snd_cwnd":	366344,
					"rtt":	1693,
					"rttvar":	81,
					"pmtu":	9000,
					"omitted":	false,
					"sender":	true
				}],
			"sum":	{
				"start":	0,
				"end":	40.00008,
				"seconds":	40.000080108642578,
				"bytes":	4708368384,
				"bits_per_second":	941671790.898777,
				"retransmits":	54,
				"omitted":	false,
				"sender":	true
			}
		}],
	"end":	{
		"streams":	[{
				"sender":	{
					"socket":	5,
					"start":	0,
					"end":	40.00008,
					"seconds":	40.00008,
					"bytes":	4708368384,
					"bits_per_second":	941671793.456413,
					"retransmits":	54,
					"max_snd_cwnd":	366344,
					"max_rtt":	1693,
					"min_rtt":	1693,
					"mean_rtt":	1693,
					"sender":	true
				},
				"receiver":	{
					"socket":	5,
					"start":	0,
					"end":	40.044157981872559,
					"seconds":	40.00008,
					"bytes":	4706596992,
					"bits_per_second":	940281375.20196819,
					"sender":	true
				}
			}],
		"sum_sent":	{
			"start":	0,
			"end":	40.00008,
			"seconds":	40.00008,
			"bytes":	4708368384,
			"bits_per_second":	941671793.456413,
			"retransmits":	54,
			"sender":	true
		},
		"sum_received":	{
			"start":	0,
			"end":	40.044157981872559,
			"seconds":	40.044157981872559,
			"bytes":	4706596992,
			"bits_per_second":	940281375.20196819,
			"sender":	true
		},
		"cpu_utilization_percent":	{
			"host_total":	8.90224503908274,
			"host_user":	0.24334525488601935,
			"host_system":	8.65890227871508,
			"remote_total":	26.3392555749934,
			"remote_user":	2.8388017193059762,
			"remote_system":	23.500451363549558
		},
		"sender_tcp_congestion":	"cubic",
		"receiver_tcp_congestion":	"cubic"
	}
}
