{
	"start":	{
		"connected":	[{
				"socket":	5,
				"local_host":	"10.10.10.2",
				"local_port":	57504,
				"remote_host":	"10.10.10.4",
				"remote_port":	5201
			}],
		"version":	"iperf 3.9",
		"system_info":	"Linux zelda 5.10.0-18-amd64 #1 SMP Debian 5.10.140-1 (2022-09-02) x86_64",
		"timestamp":	{
			"time":	"Tue, 30 Jan 2024 01:12:13 GMT",
			"timesecs":	1706577133
		},
		"connecting_to":	{
			"host":	"10.10.10.4",
			"port":	5201
		},
		"cookie":	"ca2objne4w5bnbwprbikqspylqnt546ppdz4",
		"tcp_mss_default":	1448,
		"target_bitrate":	10000000000,
		"sock_bufsize":	0,
		"sndbuf_actual":	1000000,
		"rcvbuf_actual":	1000000,
		"test_start":	{
			"protocol":	"TCP",
			"num_streams":	1,
			"blksize":	131072,
			"omit":	0,
			"duration":	60,
			"bytes":	0,
			"blocks":	0,
			"reverse":	0,
			"tos":	0
		}
	},
	"intervals":	[{
			"streams":	[{
					"socket":	5,
					"start":	0,
					"end":	60.000081,
					"seconds":	60.000080108642578,
					"bytes":	7063076864,
					"bits_per_second":	941742324.505012,
					"retransmits":	0,
					"snd_cwnd":	499560,
					"rtt":	2176,
					"rttvar":	116,
					"pmtu":	9000,
					"omitted":	false,
					"sender":	true
				}],
			"sum":	{
				"start":	0,
				"end":	60.000081,
				"seconds":	60.000080108642578,
				"bytes":	7063076864,
				"bits_per_second":	941742324.505012,
				"retransmits":	0,
				"omitted":	false,
				"sender":	true
			}
		}],
	"end":	{
		"streams":	[{
				"sender":	{
					"socket":	5,
					"start":	0,
					"end":	60.000081,
					"seconds":	60.000081,
					"bytes":	7063076864,
					"bits_per_second":	941742310.51454747,
					"retransmits":	0,
					"max_snd_cwnd":	499560,
					"max_rtt":	2176,
					"min_rtt":	2176,
					"mean_rtt":	2176,
					"sender":	true
				},
				"receiver":	{
					"socket":	5,
					"start":	0,
					"end":	60.0414080619812,
					"seconds":	60.000081,
					"bytes":	7061371128,
					"bits_per_second":	940866825.869306,
					"sender":	true
				}
			}],
		"sum_sent":	{
			"start":	0,
			"end":	60.000081,
			"seconds":	60.000081,
			"bytes":	7063076864,
			"bits_per_second":	941742310.51454747,
			"retransmits":	0,
			"sender":	true
		},
		"sum_received":	{
			"start":	0,
			"end":	60.0414080619812,
			"seconds":	60.0414080619812,
			"bytes":	7061371128,
			"bits_per_second":	940866825.869306,
			"sender":	true
		},
		"cpu_utilization_percent":	{
			"host_total":	9.52416902087313,
			"host_user":	0.38108852382183989,
			"host_system":	9.14308216138955,
			"remote_total":	26.761614351804379,
			"remote_user":	2.8130320267361664,
			"remote_system":	23.948582325068216
		},
		"sender_tcp_congestion":	"cubic",
		"receiver_tcp_congestion":	"cubic"
	}
}
