{
	"start":	{
		"connected":	[{
				"socket":	5,
				"local_host":	"10.10.10.2",
				"local_port":	59206,
				"remote_host":	"10.10.10.4",
				"remote_port":	5201
			}],
		"version":	"iperf 3.9",
		"system_info":	"Linux zelda 5.10.0-18-amd64 #1 SMP Debian 5.10.140-1 (2022-09-02) x86_64",
		"timestamp":	{
			"time":	"Mon, 29 Jan 2024 14:13:20 GMT",
			"timesecs":	1706537600
		},
		"connecting_to":	{
			"host":	"10.10.10.4",
			"port":	5201
		},
		"cookie":	"45xmsfwucirfob4hmij7uhm3lf4pj5tlzddk",
		"tcp_mss_default":	1448,
		"target_bitrate":	3000000000,
		"sock_bufsize":	0,
		"sndbuf_actual":	1000000,
		"rcvbuf_actual":	1000000,
		"test_start":	{
			"protocol":	"TCP",
			"num_streams":	1,
			"blksize":	131072,
			"omit":	0,
			"duration":	40,
			"bytes":	0,
			"blocks":	0,
			"reverse":	0,
			"tos":	0
		}
	},
	"intervals":	[{
			"streams":	[{
					"socket":	5,
					"start":	0,
					"end":	40.000083,
					"seconds":	40.000083923339844,
					"bytes":	4708892672,
					"bits_per_second":	941776558.47414565,
					"retransmits":	0,
					"snd_cwnd":	390960,
					"rtt":	2266,
					"rttvar":	124,
					"pmtu":	9000,
					"omitted":	false,
					"sender":	true
				}],
			"sum":	{
				"start":	0,
				"end":	40.000083,
				"seconds":	40.000083923339844,
				"bytes":	4708892672,
				"bits_per_second":	941776558.47414565,
				"retransmits":	0,
				"omitted":	false,
				"sender":	true
			}
		}],
	"end":	{
		"streams":	[{
				"sender":	{
					"socket":	5,
					"start":	0,
					"end":	40.000083,
					"seconds":	40.000083,
					"bytes":	4708892672,
					"bits_per_second":	941776580.213596,
					"retransmits":	0,
					"max_snd_cwnd":	390960,
					"max_rtt":	2266,
					"min_rtt":	2266,
					"mean_rtt":	2266,
					"sender":	true
				},
				"receiver":	{
					"socket":	5,
					"start":	0,
					"end":	40.043916940689087,
					"seconds":	40.000083,
					"bytes":	4707599008,
					"bits_per_second":	940487218.56508577,
					"sender":	true
				}
			}],
		"sum_sent":	{
			"start":	0,
			"end":	40.000083,
			"seconds":	40.000083,
			"bytes":	4708892672,
			"bits_per_second":	941776580.213596,
			"retransmits":	0,
			"sender":	true
		},
		"sum_received":	{
			"start":	0,
			"end":	40.043916940689087,
			"seconds":	40.043916940689087,
			"bytes":	4707599008,
			"bits_per_second":	940487218.56508577,
			"sender":	true
		},
		"cpu_utilization_percent":	{
			"host_total":	8.81777914466517,
			"host_user":	0.20529089700147313,
			"host_system":	8.6124907423884132,
			"remote_total":	25.9889084337138,
			"remote_user":	2.4893190810750885,
			"remote_system":	23.499586860241521
		},
		"sender_tcp_congestion":	"cubic",
		"receiver_tcp_congestion":	"cubic"
	}
}
