{
	"start":	{
		"connected":	[{
				"socket":	5,
				"local_host":	"10.10.10.2",
				"local_port":	52494,
				"remote_host":	"10.10.10.4",
				"remote_port":	5201
			}],
		"version":	"iperf 3.9",
		"system_info":	"Linux zelda 5.10.0-18-amd64 #1 SMP Debian 5.10.140-1 (2022-09-02) x86_64",
		"timestamp":	{
			"time":	"Mon, 29 Jan 2024 22:04:20 GMT",
			"timesecs":	1706565860
		},
		"connecting_to":	{
			"host":	"10.10.10.4",
			"port":	5201
		},
		"cookie":	"r3k3szvqjzewx7yawtcmbc4fby5whdiwrvgl",
		"tcp_mss_default":	1448,
		"target_bitrate":	8000000000,
		"sock_bufsize":	0,
		"sndbuf_actual":	1000000,
		"rcvbuf_actual":	1000000,
		"test_start":	{
			"protocol":	"TCP",
			"num_streams":	1,
			"blksize":	131072,
			"omit":	0,
			"duration":	50,
			"bytes":	0,
			"blocks":	0,
			"reverse":	0,
			"tos":	0
		}
	},
	"intervals":	[{
			"streams":	[{
					"socket":	5,
					"start":	0,
					"end":	50.000085,
					"seconds":	50.000083923339844,
					"bytes":	5886181376,
					"bits_per_second":	941787439.40105331,
					"retransmits":	0,
					"snd_cwnd":	503904,
					"rtt":	2498,
					"rttvar":	236,
					"pmtu":	9000,
					"omitted":	false,
					"sender":	true
				}],
			"sum":	{
				"start":	0,
				"end":	50.000085,
				"seconds":	50.000083923339844,
				"bytes":	5886181376,
				"bits_per_second":	941787439.40105331,
				"retransmits":	0,
				"omitted":	false,
				"sender":	true
			}
		}],
	"end":	{
		"streams":	[{
				"sender":	{
					"socket":	5,
					"start":	0,
					"end":	50.000085,
					"seconds":	50.000085,
					"bytes":	5886181376,
					"bits_per_second":	941787419.12138748,
					"retransmits":	0,
					"max_snd_cwnd":	503904,
					"max_rtt":	2498,
					"min_rtt":	2498,
					"mean_rtt":	2498,
					"sender":	true
				},
				"receiver":	{
					"socket":	5,
					"start":	0,
					"end":	50.0443410873413,
					"seconds":	50.000085,
					"bytes":	5884469696,
					"bits_per_second":	940680935.049973,
					"sender":	true
				}
			}],
		"sum_sent":	{
			"start":	0,
			"end":	50.000085,
			"seconds":	50.000085,
			"bytes":	5886181376,
			"bits_per_second":	941787419.12138748,
			"retransmits":	0,
			"sender":	true
		},
		"sum_received":	{
			"start":	0,
			"end":	50.0443410873413,
			"seconds":	50.0443410873413,
			"bytes":	5884469696,
			"bits_per_second":	940680935.049973,
			"sender":	true
		},
		"cpu_utilization_percent":	{
			"host_total":	9.03205787769923,
			"host_user":	0.22769476036105796,
			"host_system":	8.8043870763806673,
			"remote_total":	25.724230169203942,
			"remote_user":	2.438017483618709,
			"remote_system":	23.286210690458052
		},
		"sender_tcp_congestion":	"cubic",
		"receiver_tcp_congestion":	"cubic"
	}
}
