{
	"start":	{
		"connected":	[{
				"socket":	5,
				"local_host":	"10.10.10.2",
				"local_port":	47986,
				"remote_host":	"10.10.10.4",
				"remote_port":	5201
			}],
		"version":	"iperf 3.9",
		"system_info":	"Linux zelda 5.10.0-18-amd64 #1 SMP Debian 5.10.140-1 (2022-09-02) x86_64",
		"timestamp":	{
			"time":	"Mon, 29 Jan 2024 20:54:53 GMT",
			"timesecs":	1706561693
		},
		"connecting_to":	{
			"host":	"10.10.10.4",
			"port":	5201
		},
		"cookie":	"siprorahiax2iazyej5pme3mubvdkj7igm2d",
		"tcp_mss_default":	1448,
		"target_bitrate":	7000000000,
		"sock_bufsize":	0,
		"sndbuf_actual":	1000000,
		"rcvbuf_actual":	1000000,
		"test_start":	{
			"protocol":	"TCP",
			"num_streams":	1,
			"blksize":	131072,
			"omit":	0,
			"duration":	80,
			"bytes":	0,
			"blocks":	0,
			"reverse":	0,
			"tos":	0
		}
	},
	"intervals":	[{
			"streams":	[{
					"socket":	5,
					"start":	0,
					"end":	60.000068,
					"seconds":	60.000068664550781,
					"bytes":	7063076864,
					"bits_per_second":	941742504.1279,
					"retransmits":	0,
					"snd_cwnd":	499560,
					"rtt":	2174,
					"rttvar":	92,
					"pmtu":	9000,
					"omitted":	false,
					"sender":	true
				}],
			"sum":	{
				"start":	0,
				"end":	60.000068,
				"seconds":	60.000068664550781,
				"bytes":	7063076864,
				"bits_per_second":	941742504.1279,
				"retransmits":	0,
				"omitted":	false,
				"sender":	true
			}
		}, {
			"streams":	[{
					"socket":	5,
					"start":	60.000068,
					"end":	80.000077,
					"seconds":	20.000009536743164,
					"bytes":	2353659904,
					"bits_per_second":	941463512.675214,
					"retransmits":	0,
					"snd_cwnd":	499560,
					"rtt":	2310,
					"rttvar":	163,
					"pmtu":	9000,
					"omitted":	false,
					"sender":	true
				}],
			"sum":	{
				"start":	60.000068,
				"end":	80.000077,
				"seconds":	20.000009536743164,
				"bytes":	2353659904,
				"bits_per_second":	941463512.675214,
				"retransmits":	0,
				"omitted":	false,
				"sender":	true
			}
		}],
	"end":	{
		"streams":	[{
				"sender":	{
					"socket":	5,
					"start":	0,
					"end":	80.000077,
					"seconds":	80.000077,
					"bytes":	9416736768,
					"bits_per_second":	941672770.43995845,
					"retransmits":	0,
					"max_snd_cwnd":	499560,
					"max_rtt":	2310,
					"min_rtt":	2174,
					"mean_rtt":	2242,
					"sender":	true
				},
				"receiver":	{
					"socket":	5,
					"start":	0,
					"end":	80.0437960624695,
					"seconds":	80.000077,
					"bytes":	9414948544,
					"bits_per_second":	940979714.32061374,
					"sender":	true
				}
			}],
		"sum_sent":	{
			"start":	0,
			"end":	80.000077,
			"seconds":	80.000077,
			"bytes":	9416736768,
			"bits_per_second":	941672770.43995845,
			"retransmits":	0,
			"sender":	true
		},
		"sum_received":	{
			"start":	0,
			"end":	80.0437960624695,
			"seconds":	80.0437960624695,
			"bytes":	9414948544,
			"bits_per_second":	940979714.32061374,
			"sender":	true
		},
		"cpu_utilization_percent":	{
			"host_total":	8.40075174550254,
			"host_user":	0.24352614550949411,
			"host_system":	8.15722559999305,
			"remote_total":	25.022175119645553,
			"remote_user":	2.3189174587832073,
			"remote_system":	22.703256412825446
		},
		"sender_tcp_congestion":	"cubic",
		"receiver_tcp_congestion":	"cubic"
	}
}
