{
	"start":	{
		"connected":	[{
				"socket":	5,
				"local_host":	"10.10.10.2",
				"local_port":	33060,
				"remote_host":	"10.10.10.4",
				"remote_port":	5201
			}],
		"version":	"iperf 3.9",
		"system_info":	"Linux zelda 5.10.0-18-amd64 #1 SMP Debian 5.10.140-1 (2022-09-02) x86_64",
		"timestamp":	{
			"time":	"Mon, 29 Jan 2024 23:30:30 GMT",
			"timesecs":	1706571030
		},
		"connecting_to":	{
			"host":	"10.10.10.4",
			"port":	5201
		},
		"cookie":	"hwub2hghxcwttq3lb6s5wxlait7pqldlpp57",
		"tcp_mss_default":	1448,
		"target_bitrate":	9000000000,
		"sock_bufsize":	0,
		"sndbuf_actual":	1000000,
		"rcvbuf_actual":	1000000,
		"test_start":	{
			"protocol":	"TCP",
			"num_streams":	1,
			"blksize":	131072,
			"omit":	0,
			"duration":	50,
			"bytes":	0,
			"blocks":	0,
			"reverse":	0,
			"tos":	0
		}
	},
	"intervals":	[{
			"streams":	[{
					"socket":	5,
					"start":	0,
					"end":	50.000077,
					"seconds":	50.000076293945312,
					"bytes":	5885657088,
					"bits_per_second":	941703697.15419257,
					"retransmits":	0,
					"snd_cwnd":	377928,
					"rtt":	2221,
					"rttvar":	152,
					"pmtu":	9000,
					"omitted":	false,
					"sender":	true
				}],
			"sum":	{
				"start":	0,
				"end":	50.000077,
				"seconds":	50.000076293945312,
				"bytes":	5885657088,
				"bits_per_second":	941703697.15419257,
				"retransmits":	0,
				"omitted":	false,
				"sender":	true
			}
		}],
	"end":	{
		"streams":	[{
				"sender":	{
					"socket":	5,
					"start":	0,
					"end":	50.000077,
					"seconds":	50.000077,
					"bytes":	5885657088,
					"bits_per_second":	941703683.856327,
					"retransmits":	0,
					"max_snd_cwnd":	377928,
					"max_rtt":	2221,
					"min_rtt":	2221,
					"mean_rtt":	2221,
					"sender":	true
				},
				"receiver":	{
					"socket":	5,
					"start":	0,
					"end":	50.044017791748047,
					"seconds":	50.000077,
					"bytes":	5884420672,
					"bits_per_second":	940679175.11935747,
					"sender":	true
				}
			}],
		"sum_sent":	{
			"start":	0,
			"end":	50.000077,
			"seconds":	50.000077,
			"bytes":	5885657088,
			"bits_per_second":	941703683.856327,
			"retransmits":	0,
			"sender":	true
		},
		"sum_received":	{
			"start":	0,
			"end":	50.044017791748047,
			"seconds":	50.044017791748047,
			"bytes":	5884420672,
			"bits_per_second":	940679175.11935747,
			"sender":	true
		},
		"cpu_utilization_percent":	{
			"host_total":	8.5791112054312251,
			"host_user":	0.368090035856618,
			"host_system":	8.21102516280552,
			"remote_total":	24.3114546545052,
			"remote_user":	2.3966784450351031,
			"remote_system":	21.914772219192493
		},
		"sender_tcp_congestion":	"cubic",
		"receiver_tcp_congestion":	"cubic"
	}
}
