{
	"start":	{
		"connected":	[{
				"socket":	5,
				"local_host":	"10.10.10.2",
				"local_port":	38676,
				"remote_host":	"10.10.10.4",
				"remote_port":	5201
			}],
		"version":	"iperf 3.9",
		"system_info":	"Linux zelda 5.10.0-18-amd64 #1 SMP Debian 5.10.140-1 (2022-09-02) x86_64",
		"timestamp":	{
			"time":	"Mon, 29 Jan 2024 17:46:09 GMT",
			"timesecs":	1706550369
		},
		"connecting_to":	{
			"host":	"10.10.10.4",
			"port":	5201
		},
		"cookie":	"zhtpadjht2cdrmdnbvkrq6kf6yxsaq6usxiy",
		"tcp_mss_default":	1448,
		"target_bitrate":	5000000000,
		"sock_bufsize":	0,
		"sndbuf_actual":	1000000,
		"rcvbuf_actual":	1000000,
		"test_start":	{
			"protocol":	"TCP",
			"num_streams":	1,
			"blksize":	131072,
			"omit":	0,
			"duration":	70,
			"bytes":	0,
			"blocks":	0,
			"reverse":	0,
			"tos":	0
		}
	},
	"intervals":	[{
			"streams":	[{
					"socket":	5,
					"start":	0,
					"end":	60.000073,
					"seconds":	60.000072479248047,
					"bytes":	7063470080,
					"bits_per_second":	941794872.99026322,
					"retransmits":	0,
					"snd_cwnd":	916584,
					"rtt":	3291,
					"rttvar":	92,
					"pmtu":	9000,
					"omitted":	false,
					"sender":	true
				}],
			"sum":	{
				"start":	0,
				"end":	60.000073,
				"seconds":	60.000072479248047,
				"bytes":	7063470080,
				"bits_per_second":	941794872.99026322,
				"retransmits":	0,
				"omitted":	false,
				"sender":	true
			}
		}, {
			"streams":	[{
					"socket":	5,
					"start":	60.000073,
					"end":	70.00008,
					"seconds":	10.000006675720215,
					"bytes":	1176895488,
					"bits_per_second":	941515761.87041962,
					"retransmits":	0,
					"snd_cwnd":	916584,
					"rtt":	3286,
					"rttvar":	119,
					"pmtu":	9000,
					"omitted":	false,
					"sender":	true
				}],
			"sum":	{
				"start":	60.000073,
				"end":	70.00008,
				"seconds":	10.000006675720215,
				"bytes":	1176895488,
				"bits_per_second":	941515761.87041962,
				"retransmits":	0,
				"omitted":	false,
				"sender":	true
			}
		}],
	"end":	{
		"streams":	[{
				"sender":	{
					"socket":	5,
					"start":	0,
					"end":	70.00008,
					"seconds":	70.00008,
					"bytes":	8240365568,
					"bits_per_second":	941754988.62287021,
					"retransmits":	0,
					"max_snd_cwnd":	916584,
					"max_rtt":	3291,
					"min_rtt":	3286,
					"mean_rtt":	3288,
					"sender":	true
				},
				"receiver":	{
					"socket":	5,
					"start":	0,
					"end":	70.044090986251831,
					"seconds":	70.00008,
					"bytes":	8237834928,
					"bits_per_second":	940874219.31045258,
					"sender":	true
				}
			}],
		"sum_sent":	{
			"start":	0,
			"end":	70.00008,
			"seconds":	70.00008,
			"bytes":	8240365568,
			"bits_per_second":	941754988.62287021,
			"retransmits":	0,
			"sender":	true
		},
		"sum_received":	{
			"start":	0,
			"end":	70.044090986251831,
			"seconds":	70.044090986251831,
			"bytes":	8237834928,
			"bits_per_second":	940874219.31045258,
			"sender":	true
		},
		"cpu_utilization_percent":	{
			"host_total":	9.2053515729299171,
			"host_user":	0.314178904175955,
			"host_system":	8.89117409560113,
			"remote_total":	25.107777164356825,
			"remote_user":	2.4080709128627387,
			"remote_system":	22.69970482541278
		},
		"sender_tcp_congestion":	"cubic",
		"receiver_tcp_congestion":	"cubic"
	}
}
