{
	"start":	{
		"connected":	[{
				"socket":	5,
				"local_host":	"10.10.10.2",
				"local_port":	58254,
				"remote_host":	"10.10.10.4",
				"remote_port":	5201
			}],
		"version":	"iperf 3.9",
		"system_info":	"Linux zelda 5.10.0-18-amd64 #1 SMP Debian 5.10.140-1 (2022-09-02) x86_64",
		"timestamp":	{
			"time":	"Mon, 29 Jan 2024 20:24:46 GMT",
			"timesecs":	1706559886
		},
		"connecting_to":	{
			"host":	"10.10.10.4",
			"port":	5201
		},
		"cookie":	"xq5vahfzvm7n23nkirgr2hpqii63hswdbwvd",
		"tcp_mss_default":	1448,
		"target_bitrate":	7000000000,
		"sock_bufsize":	0,
		"sndbuf_actual":	1000000,
		"rcvbuf_actual":	1000000,
		"test_start":	{
			"protocol":	"TCP",
			"num_streams":	1,
			"blksize":	131072,
			"omit":	0,
			"duration":	50,
			"bytes":	0,
			"blocks":	0,
			"reverse":	0,
			"tos":	0
		}
	},
	"intervals":	[{
			"streams":	[{
					"socket":	5,
					"start":	0,
					"end":	50.000076,
					"seconds":	50.000076293945312,
					"bytes":	5885657088,
					"bits_per_second":	941703697.15419257,
					"retransmits":	0,
					"snd_cwnd":	362000,
					"rtt":	1725,
					"rttvar":	83,
					"pmtu":	9000,
					"omitted":	false,
					"sender":	true
				}],
			"sum":	{
				"start":	0,
				"end":	50.000076,
				"seconds":	50.000076293945312,
				"bytes":	5885657088,
				"bits_per_second":	941703697.15419257,
				"retransmits":	0,
				"omitted":	false,
				"sender":	true
			}
		}],
	"end":	{
		"streams":	[{
				"sender":	{
					"socket":	5,
					"start":	0,
					"end":	50.000076,
					"seconds":	50.000076,
					"bytes":	5885657088,
					"bits_per_second":	941703702.690372,
					"retransmits":	0,
					"max_snd_cwnd":	362000,
					"max_rtt":	1725,
					"min_rtt":	1725,
					"mean_rtt":	1725,
					"sender":	true
				},
				"receiver":	{
					"socket":	5,
					"start":	0,
					"end":	50.043977022171021,
					"seconds":	50.000076,
					"bytes":	5884451208,
					"bits_per_second":	940684822.933718,
					"sender":	true
				}
			}],
		"sum_sent":	{
			"start":	0,
			"end":	50.000076,
			"seconds":	50.000076,
			"bytes":	5885657088,
			"bits_per_second":	941703702.690372,
			"retransmits":	0,
			"sender":	true
		},
		"sum_received":	{
			"start":	0,
			"end":	50.043977022171021,
			"seconds":	50.043977022171021,
			"bytes":	5884451208,
			"bits_per_second":	940684822.933718,
			"sender":	true
		},
		"cpu_utilization_percent":	{
			"host_total":	8.6912411288363849,
			"host_user":	0.29866987077258628,
			"host_system":	8.3925712580638,
			"remote_total":	24.096886640405934,
			"remote_user":	2.4785957575267661,
			"remote_system":	21.61828888790825
		},
		"sender_tcp_congestion":	"cubic",
		"receiver_tcp_congestion":	"cubic"
	}
}
