{
	"start":	{
		"connected":	[{
				"socket":	5,
				"local_host":	"10.10.10.2",
				"local_port":	55352,
				"remote_host":	"10.10.10.4",
				"remote_port":	5201
			}],
		"version":	"iperf 3.9",
		"system_info":	"Linux zelda 5.10.0-18-amd64 #1 SMP Debian 5.10.140-1 (2022-09-02) x86_64",
		"timestamp":	{
			"time":	"Mon, 29 Jan 2024 15:15:11 GMT",
			"timesecs":	1706541311
		},
		"connecting_to":	{
			"host":	"10.10.10.4",
			"port":	5201
		},
		"cookie":	"ruwpzpfziuc4cw4a2jshrw35eoyg25gxdqrp",
		"tcp_mss_default":	1448,
		"target_bitrate":	3000000000,
		"sock_bufsize":	0,
		"sndbuf_actual":	1000000,
		"rcvbuf_actual":	1000000,
		"test_start":	{
			"protocol":	"TCP",
			"num_streams":	1,
			"blksize":	131072,
			"omit":	0,
			"duration":	100,
			"bytes":	0,
			"blocks":	0,
			"reverse":	0,
			"tos":	0
		}
	},
	"intervals":	[{
			"streams":	[{
					"socket":	5,
					"start":	0,
					"end":	60.000068,
					"seconds":	60.000068664550781,
					"bytes":	7062945792,
					"bits_per_second":	941725027.88123333,
					"retransmits":	0,
					"snd_cwnd":	503904,
					"rtt":	2267,
					"rttvar":	110,
					"pmtu":	9000,
					"omitted":	false,
					"sender":	true
				}],
			"sum":	{
				"start":	0,
				"end":	60.000068,
				"seconds":	60.000068664550781,
				"bytes":	7062945792,
				"bits_per_second":	941725027.88123333,
				"retransmits":	0,
				"omitted":	false,
				"sender":	true
			}
		}, {
			"streams":	[{
					"socket":	5,
					"start":	60.000068,
					"end":	100.00008,
					"seconds":	40.0000114440918,
					"bytes":	4707319808,
					"bits_per_second":	941463692.245077,
					"retransmits":	0,
					"snd_cwnd":	503904,
					"rtt":	2282,
					"rttvar":	123,
					"pmtu":	9000,
					"omitted":	false,
					"sender":	true
				}],
			"sum":	{
				"start":	60.000068,
				"end":	100.00008,
				"seconds":	40.0000114440918,
				"bytes":	4707319808,
				"bits_per_second":	941463692.245077,
				"retransmits":	0,
				"omitted":	false,
				"sender":	true
			}
		}],
	"end":	{
		"streams":	[{
				"sender":	{
					"socket":	5,
					"start":	0,
					"end":	100.00008,
					"seconds":	100.00008,
					"bytes":	11770265600,
					"bits_per_second":	941620494.70360422,
					"retransmits":	0,
					"max_snd_cwnd":	503904,
					"max_rtt":	2282,
					"min_rtt":	2267,
					"mean_rtt":	2274,
					"sender":	true
				},
				"receiver":	{
					"socket":	5,
					"start":	0,
					"end":	100.0476508140564,
					"seconds":	100.00008,
					"bytes":	11768470160,
					"bits_per_second":	941029204.723441,
					"sender":	true
				}
			}],
		"sum_sent":	{
			"start":	0,
			"end":	100.00008,
			"seconds":	100.00008,
			"bytes":	11770265600,
			"bits_per_second":	941620494.70360422,
			"retransmits":	0,
			"sender":	true
		},
		"sum_received":	{
			"start":	0,
			"end":	100.0476508140564,
			"seconds":	100.0476508140564,
			"bytes":	11768470160,
			"bits_per_second":	941029204.723441,
			"sender":	true
		},
		"cpu_utilization_percent":	{
			"host_total":	8.7334372674879255,
			"host_user":	0.25988101136503233,
			"host_system":	8.47355625612289,
			"remote_total":	26.038761875457094,
			"remote_user":	2.5717361150018929,
			"remote_system":	23.467024761751816
		},
		"sender_tcp_congestion":	"cubic",
		"receiver_tcp_congestion":	"cubic"
	}
}
