{
	"start":	{
		"connected":	[{
				"socket":	5,
				"local_host":	"10.10.10.2",
				"local_port":	57600,
				"remote_host":	"10.10.10.4",
				"remote_port":	5201
			}],
		"version":	"iperf 3.9",
		"system_info":	"Linux zelda 5.10.0-18-amd64 #1 SMP Debian 5.10.140-1 (2022-09-02) x86_64",
		"timestamp":	{
			"time":	"Mon, 29 Jan 2024 18:11:43 GMT",
			"timesecs":	1706551903
		},
		"connecting_to":	{
			"host":	"10.10.10.4",
			"port":	5201
		},
		"cookie":	"ew5qpgeaybpiulttfu5bbx7yzvkn5hlmf4ci",
		"tcp_mss_default":	1448,
		"target_bitrate":	5000000000,
		"sock_bufsize":	0,
		"sndbuf_actual":	1000000,
		"rcvbuf_actual":	1000000,
		"test_start":	{
			"protocol":	"TCP",
			"num_streams":	1,
			"blksize":	131072,
			"omit":	0,
			"duration":	90,
			"bytes":	0,
			"blocks":	0,
			"reverse":	0,
			"tos":	0
		}
	},
	"intervals":	[{
			"streams":	[{
					"socket":	5,
					"start":	0,
					"end":	60.000073,
					"seconds":	60.000072479248047,
					"bytes":	7063076864,
					"bits_per_second":	941742444.25359643,
					"retransmits":	0,
					"snd_cwnd":	514040,
					"rtt":	2676,
					"rttvar":	132,
					"pmtu":	9000,
					"omitted":	false,
					"sender":	true
				}],
			"sum":	{
				"start":	0,
				"end":	60.000073,
				"seconds":	60.000072479248047,
				"bytes":	7063076864,
				"bits_per_second":	941742444.25359643,
				"retransmits":	0,
				"omitted":	false,
				"sender":	true
			}
		}, {
			"streams":	[{
					"socket":	5,
					"start":	60.000073,
					"end":	90.000078,
					"seconds":	30.0000057220459,
					"bytes":	3530555392,
					"bits_per_second":	941481258.29336762,
					"retransmits":	0,
					"snd_cwnd":	514040,
					"rtt":	2811,
					"rttvar":	149,
					"pmtu":	9000,
					"omitted":	false,
					"sender":	true
				}],
			"sum":	{
				"start":	60.000073,
				"end":	90.000078,
				"seconds":	30.0000057220459,
				"bytes":	3530555392,
				"bits_per_second":	941481258.29336762,
				"retransmits":	0,
				"omitted":	false,
				"sender":	true
			}
		}],
	"end":	{
		"streams":	[{
				"sender":	{
					"socket":	5,
					"start":	0,
					"end":	90.000078,
					"seconds":	90.000078,
					"bytes":	10593632256,
					"bits_per_second":	941655384.432,
					"retransmits":	0,
					"max_snd_cwnd":	514040,
					"max_rtt":	2811,
					"min_rtt":	2676,
					"mean_rtt":	2743,
					"sender":	true
				},
				"receiver":	{
					"socket":	5,
					"start":	0,
					"end":	90.043723106384277,
					"seconds":	90.000078,
					"bytes":	10591797512,
					"bits_per_second":	941035945.347224,
					"sender":	true
				}
			}],
		"sum_sent":	{
			"start":	0,
			"end":	90.000078,
			"seconds":	90.000078,
			"bytes":	10593632256,
			"bits_per_second":	941655384.432,
			"retransmits":	0,
			"sender":	true
		},
		"sum_received":	{
			"start":	0,
			"end":	90.043723106384277,
			"seconds":	90.043723106384277,
			"bytes":	10591797512,
			"bits_per_second":	941035945.347224,
			"sender":	true
		},
		"cpu_utilization_percent":	{
			"host_total":	9.90645011305053,
			"host_user":	0.372303143300445,
			"host_system":	9.5341480797972036,
			"remote_total":	26.2483665079495,
			"remote_user":	2.550755201033363,
			"remote_system":	23.697611306916137
		},
		"sender_tcp_congestion":	"cubic",
		"receiver_tcp_congestion":	"cubic"
	}
}
