{
	"start":	{
		"connected":	[{
				"socket":	5,
				"local_host":	"10.10.10.2",
				"local_port":	57220,
				"remote_host":	"10.10.10.4",
				"remote_port":	5201
			}],
		"version":	"iperf 3.9",
		"system_info":	"Linux zelda 5.10.0-18-amd64 #1 SMP Debian 5.10.140-1 (2022-09-02) x86_64",
		"timestamp":	{
			"time":	"Mon, 29 Jan 2024 17:07:38 GMT",
			"timesecs":	1706548058
		},
		"connecting_to":	{
			"host":	"10.10.10.4",
			"port":	5201
		},
		"cookie":	"34gotkhdtnf3d55zecmapi4da5nkmrs7vzls",
		"tcp_mss_default":	1448,
		"target_bitrate":	5000000000,
		"sock_bufsize":	0,
		"sndbuf_actual":	1000000,
		"rcvbuf_actual":	1000000,
		"test_start":	{
			"protocol":	"TCP",
			"num_streams":	1,
			"blksize":	131072,
			"omit":	0,
			"duration":	20,
			"bytes":	0,
			"blocks":	0,
			"reverse":	0,
			"tos":	0
		}
	},
	"intervals":	[{
			"streams":	[{
					"socket":	5,
					"start":	0,
					"end":	20.000077,
					"seconds":	20.000076293945312,
					"bytes":	2355232768,
					"bits_per_second":	942089513.413709,
					"retransmits":	0,
					"snd_cwnd":	379376,
					"rtt":	2180,
					"rttvar":	145,
					"pmtu":	9000,
					"omitted":	false,
					"sender":	true
				}],
			"sum":	{
				"start":	0,
				"end":	20.000077,
				"seconds":	20.000076293945312,
				"bytes":	2355232768,
				"bits_per_second":	942089513.413709,
				"retransmits":	0,
				"omitted":	false,
				"sender":	true
			}
		}],
	"end":	{
		"streams":	[{
				"sender":	{
					"socket":	5,
					"start":	0,
					"end":	20.000077,
					"seconds":	20.000077,
					"bytes":	2355232768,
					"bits_per_second":	942089480.15550137,
					"retransmits":	0,
					"max_snd_cwnd":	379376,
					"max_rtt":	2180,
					"min_rtt":	2180,
					"mean_rtt":	2180,
					"sender":	true
				},
				"receiver":	{
					"socket":	5,
					"start":	0,
					"end":	20.0434730052948,
					"seconds":	20.000077,
					"bytes":	2353886928,
					"bits_per_second":	939512599.38961,
					"sender":	true
				}
			}],
		"sum_sent":	{
			"start":	0,
			"end":	20.000077,
			"seconds":	20.000077,
			"bytes":	2355232768,
			"bits_per_second":	942089480.15550137,
			"retransmits":	0,
			"sender":	true
		},
		"sum_received":	{
			"start":	0,
			"end":	20.0434730052948,
			"seconds":	20.0434730052948,
			"bytes":	2353886928,
			"bits_per_second":	939512599.38961,
			"sender":	true
		},
		"cpu_utilization_percent":	{
			"host_total":	8.4071523587746757,
			"host_user":	0.30763368731252982,
			"host_system":	8.09952364967574,
			"remote_total":	26.803938023027534,
			"remote_user":	2.70526792738431,
			"remote_system":	24.0986651268801
		},
		"sender_tcp_congestion":	"cubic",
		"receiver_tcp_congestion":	"cubic"
	}
}
