{
	"start":	{
		"connected":	[{
				"socket":	5,
				"local_host":	"10.10.10.2",
				"local_port":	53632,
				"remote_host":	"10.10.10.4",
				"remote_port":	5201
			}],
		"version":	"iperf 3.9",
		"system_info":	"Linux zelda 5.10.0-18-amd64 #1 SMP Debian 5.10.140-1 (2022-09-02) x86_64",
		"timestamp":	{
			"time":	"Mon, 29 Jan 2024 22:30:55 GMT",
			"timesecs":	1706567455
		},
		"connecting_to":	{
			"host":	"10.10.10.4",
			"port":	5201
		},
		"cookie":	"qssrtxtyfldfxxxsnan56t3khhtgrkdzjhuv",
		"tcp_mss_default":	1448,
		"target_bitrate":	8000000000,
		"sock_bufsize":	0,
		"sndbuf_actual":	1000000,
		"rcvbuf_actual":	1000000,
		"test_start":	{
			"protocol":	"TCP",
			"num_streams":	1,
			"blksize":	131072,
			"omit":	0,
			"duration":	80,
			"bytes":	0,
			"blocks":	0,
			"reverse":	0,
			"tos":	0
		}
	},
	"intervals":	[{
			"streams":	[{
					"socket":	5,
					"start":	0,
					"end":	60.000023,
					"seconds":	60.0000228881836,
					"bytes":	7063076864,
					"bits_per_second":	941743222.620137,
					"retransmits":	0,
					"snd_cwnd":	498112,
					"rtt":	2180,
					"rttvar":	136,
					"pmtu":	9000,
					"omitted":	false,
					"sender":	true
				}],
			"sum":	{
				"start":	0,
				"end":	60.000023,
				"seconds":	60.0000228881836,
				"bytes":	7063076864,
				"bits_per_second":	941743222.620137,
				"retransmits":	0,
				"omitted":	false,
				"sender":	true
			}
		}, {
			"streams":	[{
					"socket":	5,
					"start":	60.000023,
					"end":	80.000077,
					"seconds":	20.000053405761719,
					"bytes":	2353659904,
					"bits_per_second":	941461447.626713,
					"retransmits":	0,
					"snd_cwnd":	498112,
					"rtt":	2261,
					"rttvar":	147,
					"pmtu":	9000,
					"omitted":	false,
					"sender":	true
				}],
			"sum":	{
				"start":	60.000023,
				"end":	80.000077,
				"seconds":	20.000053405761719,
				"bytes":	2353659904,
				"bits_per_second":	941461447.626713,
				"retransmits":	0,
				"omitted":	false,
				"sender":	true
			}
		}],
	"end":	{
		"streams":	[{
				"sender":	{
					"socket":	5,
					"start":	0,
					"end":	80.000077,
					"seconds":	80.000077,
					"bytes":	9416736768,
					"bits_per_second":	941672770.43995845,
					"retransmits":	0,
					"max_snd_cwnd":	498112,
					"max_rtt":	2261,
					"min_rtt":	2180,
					"mean_rtt":	2220,
					"sender":	true
				},
				"receiver":	{
					"socket":	5,
					"start":	0,
					"end":	80.044623851776123,
					"seconds":	80.000077,
					"bytes":	9415015488,
					"bits_per_second":	940976673.75481975,
					"sender":	true
				}
			}],
		"sum_sent":	{
			"start":	0,
			"end":	80.000077,
			"seconds":	80.000077,
			"bytes":	9416736768,
			"bits_per_second":	941672770.43995845,
			"retransmits":	0,
			"sender":	true
		},
		"sum_received":	{
			"start":	0,
			"end":	80.044623851776123,
			"seconds":	80.044623851776123,
			"bytes":	9415015488,
			"bits_per_second":	940976673.75481975,
			"sender":	true
		},
		"cpu_utilization_percent":	{
			"host_total":	8.5680299241501245,
			"host_user":	0.22508292129439816,
			"host_system":	8.3429495001559868,
			"remote_total":	26.631508594141657,
			"remote_user":	2.4879671208905028,
			"remote_system":	24.143540225224612
		},
		"sender_tcp_congestion":	"cubic",
		"receiver_tcp_congestion":	"cubic"
	}
}
