{
	"start":	{
		"connected":	[{
				"socket":	5,
				"local_host":	"10.10.10.2",
				"local_port":	42768,
				"remote_host":	"10.10.10.4",
				"remote_port":	5201
			}],
		"version":	"iperf 3.9",
		"system_info":	"Linux zelda 5.10.0-18-amd64 #1 SMP Debian 5.10.140-1 (2022-09-02) x86_64",
		"timestamp":	{
			"time":	"Mon, 29 Jan 2024 18:45:02 GMT",
			"timesecs":	1706553902
		},
		"connecting_to":	{
			"host":	"10.10.10.4",
			"port":	5201
		},
		"cookie":	"kw46dxdkcxlrwxlo62ium7ngte55ebgf5pti",
		"tcp_mss_default":	1448,
		"target_bitrate":	6000000000,
		"sock_bufsize":	0,
		"sndbuf_actual":	1000000,
		"rcvbuf_actual":	1000000,
		"test_start":	{
			"protocol":	"TCP",
			"num_streams":	1,
			"blksize":	131072,
			"omit":	0,
			"duration":	30,
			"bytes":	0,
			"blocks":	0,
			"reverse":	0,
			"tos":	0
		}
	},
	"intervals":	[{
			"streams":	[{
					"socket":	5,
					"start":	0,
					"end":	30.000105,
					"seconds":	30.0001049041748,
					"bytes":	3532128256,
					"bits_per_second":	941897574.63373947,
					"retransmits":	0,
					"snd_cwnd":	396752,
					"rtt":	2272,
					"rttvar":	150,
					"pmtu":	9000,
					"omitted":	false,
					"sender":	true
				}],
			"sum":	{
				"start":	0,
				"end":	30.000105,
				"seconds":	30.0001049041748,
				"bytes":	3532128256,
				"bits_per_second":	941897574.63373947,
				"retransmits":	0,
				"omitted":	false,
				"sender":	true
			}
		}],
	"end":	{
		"streams":	[{
				"sender":	{
					"socket":	5,
					"start":	0,
					"end":	30.000105,
					"seconds":	30.000105,
					"bytes":	3532128256,
					"bits_per_second":	941897571.625166,
					"retransmits":	0,
					"max_snd_cwnd":	396752,
					"max_rtt":	2272,
					"min_rtt":	2272,
					"mean_rtt":	2272,
					"sender":	true
				},
				"receiver":	{
					"socket":	5,
					"start":	0,
					"end":	30.047680854797363,
					"seconds":	30.000105,
					"bytes":	3530747480,
					"bits_per_second":	940038599.86719382,
					"sender":	true
				}
			}],
		"sum_sent":	{
			"start":	0,
			"end":	30.000105,
			"seconds":	30.000105,
			"bytes":	3532128256,
			"bits_per_second":	941897571.625166,
			"retransmits":	0,
			"sender":	true
		},
		"sum_received":	{
			"start":	0,
			"end":	30.047680854797363,
			"seconds":	30.047680854797363,
			"bytes":	3530747480,
			"bits_per_second":	940038599.86719382,
			"sender":	true
		},
		"cpu_utilization_percent":	{
			"host_total":	9.09206049952233,
			"host_user":	0.361885521608012,
			"host_system":	8.7301783013188672,
			"remote_total":	24.9945876937999,
			"remote_user":	2.1887923934940789,
			"remote_system":	22.805795300305817
		},
		"sender_tcp_congestion":	"cubic",
		"receiver_tcp_congestion":	"cubic"
	}
}
