{
	"start":	{
		"connected":	[{
				"socket":	5,
				"local_host":	"10.10.10.2",
				"local_port":	36660,
				"remote_host":	"10.10.10.4",
				"remote_port":	5201
			}],
		"version":	"iperf 3.9",
		"system_info":	"Linux zelda 5.10.0-18-amd64 #1 SMP Debian 5.10.140-1 (2022-09-02) x86_64",
		"timestamp":	{
			"time":	"Mon, 29 Jan 2024 13:13:36 GMT",
			"timesecs":	1706534016
		},
		"connecting_to":	{
			"host":	"10.10.10.4",
			"port":	5201
		},
		"cookie":	"pphw4zclmwz4oh6loefrd6x4naklc3u7deuy",
		"tcp_mss_default":	1448,
		"target_bitrate":	2000000000,
		"sock_bufsize":	0,
		"sndbuf_actual":	1000000,
		"rcvbuf_actual":	1000000,
		"test_start":	{
			"protocol":	"TCP",
			"num_streams":	1,
			"blksize":	131072,
			"omit":	0,
			"duration":	70,
			"bytes":	0,
			"blocks":	0,
			"reverse":	0,
			"tos":	0
		}
	},
	"intervals":	[{
			"streams":	[{
					"socket":	5,
					"start":	0,
					"end":	60.000071,
					"seconds":	60.000072479248047,
					"bytes":	7062552576,
					"bits_per_second":	941672539.271374,
					"retransmits":	0,
					"snd_cwnd":	379376,
					"rtt":	2194,
					"rttvar":	116,
					"pmtu":	9000,
					"omitted":	false,
					"sender":	true
				}],
			"sum":	{
				"start":	0,
				"end":	60.000071,
				"seconds":	60.000072479248047,
				"bytes":	7062552576,
				"bits_per_second":	941672539.271374,
				"retransmits":	0,
				"omitted":	false,
				"sender":	true
			}
		}, {
			"streams":	[{
					"socket":	5,
					"start":	60.000071,
					"end":	70.000077,
					"seconds":	10.0000057220459,
					"bytes":	1176895488,
					"bits_per_second":	941515851.66030824,
					"retransmits":	0,
					"snd_cwnd":	379376,
					"rtt":	2232,
					"rttvar":	153,
					"pmtu":	9000,
					"omitted":	false,
					"sender":	true
				}],
			"sum":	{
				"start":	60.000071,
				"end":	70.000077,
				"seconds":	10.0000057220459,
				"bytes":	1176895488,
				"bits_per_second":	941515851.66030824,
				"retransmits":	0,
				"omitted":	false,
				"sender":	true
			}
		}],
	"end":	{
		"streams":	[{
				"sender":	{
					"socket":	5,
					"start":	0,
					"end":	70.000077,
					"seconds":	70.000077,
					"bytes":	8239448064,
					"bits_per_second":	941650171.499097,
					"retransmits":	0,
					"max_snd_cwnd":	379376,
					"max_rtt":	2232,
					"min_rtt":	2194,
					"mean_rtt":	2213,
					"sender":	true
				},
				"receiver":	{
					"socket":	5,
					"start":	0,
					"end":	70.040555000305176,
					"seconds":	70.000077,
					"bytes":	8238092672,
					"bits_per_second":	940951158.592516,
					"sender":	true
				}
			}],
		"sum_sent":	{
			"start":	0,
			"end":	70.000077,
			"seconds":	70.000077,
			"bytes":	8239448064,
			"bits_per_second":	941650171.499097,
			"retransmits":	0,
			"sender":	true
		},
		"sum_received":	{
			"start":	0,
			"end":	70.040555000305176,
			"seconds":	70.040555000305176,
			"bytes":	8238092672,
			"bits_per_second":	940951158.592516,
			"sender":	true
		},
		"cpu_utilization_percent":	{
			"host_total":	8.81020540731329,
			"host_user":	0.25653583122860324,
			"host_system":	8.55366957608469,
			"remote_total":	27.500329534097183,
			"remote_user":	2.6198983946872842,
			"remote_system":	24.880429713318382
		},
		"sender_tcp_congestion":	"cubic",
		"receiver_tcp_congestion":	"cubic"
	}
}
