{
	"start":	{
		"connected":	[{
				"socket":	5,
				"local_host":	"10.10.10.2",
				"local_port":	48152,
				"remote_host":	"10.10.10.4",
				"remote_port":	5201
			}],
		"version":	"iperf 3.9",
		"system_info":	"Linux zelda 5.10.0-18-amd64 #1 SMP Debian 5.10.140-1 (2022-09-02) x86_64",
		"timestamp":	{
			"time":	"Mon, 29 Jan 2024 17:08:59 GMT",
			"timesecs":	1706548139
		},
		"connecting_to":	{
			"host":	"10.10.10.4",
			"port":	5201
		},
		"cookie":	"kexardlpvsf456nocrevfedz2pg6ta4a4xuj",
		"tcp_mss_default":	1448,
		"target_bitrate":	5000000000,
		"sock_bufsize":	0,
		"sndbuf_actual":	1000000,
		"rcvbuf_actual":	1000000,
		"test_start":	{
			"protocol":	"TCP",
			"num_streams":	1,
			"blksize":	131072,
			"omit":	0,
			"duration":	30,
			"bytes":	0,
			"blocks":	0,
			"reverse":	0,
			"tos":	0
		}
	},
	"intervals":	[{
			"streams":	[{
					"socket":	5,
					"start":	0,
					"end":	30.000075,
					"seconds":	30.00007438659668,
					"bytes":	3531997184,
					"bits_per_second":	941863580.33245742,
					"retransmits":	0,
					"snd_cwnd":	379376,
					"rtt":	2256,
					"rttvar":	152,
					"pmtu":	9000,
					"omitted":	false,
					"sender":	true
				}],
			"sum":	{
				"start":	0,
				"end":	30.000075,
				"seconds":	30.00007438659668,
				"bytes":	3531997184,
				"bits_per_second":	941863580.33245742,
				"retransmits":	0,
				"omitted":	false,
				"sender":	true
			}
		}],
	"end":	{
		"streams":	[{
				"sender":	{
					"socket":	5,
					"start":	0,
					"end":	30.000075,
					"seconds":	30.000075,
					"bytes":	3531997184,
					"bits_per_second":	941863561.0744307,
					"retransmits":	0,
					"max_snd_cwnd":	379376,
					"max_rtt":	2256,
					"min_rtt":	2256,
					"mean_rtt":	2256,
					"sender":	true
				},
				"receiver":	{
					"socket":	5,
					"start":	0,
					"end":	30.0435791015625,
					"seconds":	30.000075,
					"bytes":	3530746032,
					"bits_per_second":	940166554.74084282,
					"sender":	true
				}
			}],
		"sum_sent":	{
			"start":	0,
			"end":	30.000075,
			"seconds":	30.000075,
			"bytes":	3531997184,
			"bits_per_second":	941863561.0744307,
			"retransmits":	0,
			"sender":	true
		},
		"sum_received":	{
			"start":	0,
			"end":	30.0435791015625,
			"seconds":	30.0435791015625,
			"bytes":	3530746032,
			"bits_per_second":	940166554.74084282,
			"sender":	true
		},
		"cpu_utilization_percent":	{
			"host_total":	8.5599194929547853,
			"host_user":	0.31493724837185921,
			"host_system":	8.2449822445829266,
			"remote_total":	26.398804799576286,
			"remote_user":	2.50992288145062,
			"remote_system":	23.8888785987146
		},
		"sender_tcp_congestion":	"cubic",
		"receiver_tcp_congestion":	"cubic"
	}
}
