{
	"start":	{
		"connected":	[{
				"socket":	5,
				"local_host":	"10.10.10.2",
				"local_port":	48728,
				"remote_host":	"10.10.10.4",
				"remote_port":	5201
			}],
		"version":	"iperf 3.9",
		"system_info":	"Linux zelda 5.10.0-18-amd64 #1 SMP Debian 5.10.140-1 (2022-09-02) x86_64",
		"timestamp":	{
			"time":	"Mon, 29 Jan 2024 18:20:54 GMT",
			"timesecs":	1706552454
		},
		"connecting_to":	{
			"host":	"10.10.10.4",
			"port":	5201
		},
		"cookie":	"66vdpycj75ycycpu3szlkbvppbzud4v3tama",
		"tcp_mss_default":	1448,
		"target_bitrate":	5000000000,
		"sock_bufsize":	0,
		"sndbuf_actual":	1000000,
		"rcvbuf_actual":	1000000,
		"test_start":	{
			"protocol":	"TCP",
			"num_streams":	1,
			"blksize":	131072,
			"omit":	0,
			"duration":	100,
			"bytes":	0,
			"blocks":	0,
			"reverse":	0,
			"tos":	0
		}
	},
	"intervals":	[{
			"streams":	[{
					"socket":	5,
					"start":	0,
					"end":	60.000085,
					"seconds":	60.000083923339844,
					"bytes":	7062814720,
					"bits_per_second":	941707312.146287,
					"retransmits":	0,
					"snd_cwnd":	428608,
					"rtt":	2192,
					"rttvar":	107,
					"pmtu":	9000,
					"omitted":	false,
					"sender":	true
				}],
			"sum":	{
				"start":	0,
				"end":	60.000085,
				"seconds":	60.000083923339844,
				"bytes":	7062814720,
				"bits_per_second":	941707312.146287,
				"retransmits":	0,
				"omitted":	false,
				"sender":	true
			}
		}, {
			"streams":	[{
					"socket":	5,
					"start":	60.000085,
					"end":	100.000077,
					"seconds":	39.999992370605469,
					"bytes":	4707319808,
					"bits_per_second":	941464141.17003429,
					"retransmits":	0,
					"snd_cwnd":	428608,
					"rtt":	2208,
					"rttvar":	93,
					"pmtu":	9000,
					"omitted":	false,
					"sender":	true
				}],
			"sum":	{
				"start":	60.000085,
				"end":	100.000077,
				"seconds":	39.999992370605469,
				"bytes":	4707319808,
				"bits_per_second":	941464141.17003429,
				"retransmits":	0,
				"omitted":	false,
				"sender":	true
			}
		}],
	"end":	{
		"streams":	[{
				"sender":	{
					"socket":	5,
					"start":	0,
					"end":	100.000077,
					"seconds":	100.000077,
					"bytes":	11770134528,
					"bits_per_second":	941610037.20027137,
					"retransmits":	0,
					"max_snd_cwnd":	428608,
					"max_rtt":	2208,
					"min_rtt":	2192,
					"mean_rtt":	2200,
					"sender":	true
				},
				"receiver":	{
					"socket":	5,
					"start":	0,
					"end":	100.04786896705627,
					"seconds":	100.000077,
					"bytes":	11768655504,
					"bits_per_second":	941041973.24784029,
					"sender":	true
				}
			}],
		"sum_sent":	{
			"start":	0,
			"end":	100.000077,
			"seconds":	100.000077,
			"bytes":	11770134528,
			"bits_per_second":	941610037.20027137,
			"retransmits":	0,
			"sender":	true
		},
		"sum_received":	{
			"start":	0,
			"end":	100.04786896705627,
			"seconds":	100.04786896705627,
			"bytes":	11768655504,
			"bits_per_second":	941041973.24784029,
			"sender":	true
		},
		"cpu_utilization_percent":	{
			"host_total":	8.91611358659377,
			"host_user":	0.29050822209113947,
			"host_system":	8.62560536450263,
			"remote_total":	22.518051221137693,
			"remote_user":	2.0478244357129567,
			"remote_system":	20.470226785424732
		},
		"sender_tcp_congestion":	"cubic",
		"receiver_tcp_congestion":	"cubic"
	}
}
