{
	"start":	{
		"connected":	[{
				"socket":	5,
				"local_host":	"10.10.10.2",
				"local_port":	35910,
				"remote_host":	"10.10.10.4",
				"remote_port":	5201
			}],
		"version":	"iperf 3.9",
		"system_info":	"Linux zelda 5.10.0-18-amd64 #1 SMP Debian 5.10.140-1 (2022-09-02) x86_64",
		"timestamp":	{
			"time":	"Mon, 29 Jan 2024 12:09:39 GMT",
			"timesecs":	1706530179
		},
		"connecting_to":	{
			"host":	"10.10.10.4",
			"port":	5201
		},
		"cookie":	"agg5lsmkcndtijpyferxsaxkovusodi4avi2",
		"tcp_mss_default":	1448,
		"target_bitrate":	1000000000,
		"sock_bufsize":	0,
		"sndbuf_actual":	1000000,
		"rcvbuf_actual":	1000000,
		"test_start":	{
			"protocol":	"TCP",
			"num_streams":	1,
			"blksize":	131072,
			"omit":	0,
			"duration":	90,
			"bytes":	0,
			"blocks":	0,
			"reverse":	0,
			"tos":	0
		}
	},
	"intervals":	[{
			"streams":	[{
					"socket":	5,
					"start":	0,
					"end":	60.000072,
					"seconds":	60.000072479248047,
					"bytes":	7062814720,
					"bits_per_second":	941707491.76248527,
					"retransmits":	16,
					"snd_cwnd":	448880,
					"rtt":	2181,
					"rttvar":	93,
					"pmtu":	9000,
					"omitted":	false,
					"sender":	true
				}],
			"sum":	{
				"start":	0,
				"end":	60.000072,
				"seconds":	60.000072479248047,
				"bytes":	7062814720,
				"bits_per_second":	941707491.76248527,
				"retransmits":	16,
				"omitted":	false,
				"sender":	true
			}
		}, {
			"streams":	[{
					"socket":	5,
					"start":	60.000072,
					"end":	90.00009,
					"seconds":	30.0000171661377,
					"bytes":	3530555392,
					"bits_per_second":	941480899.146975,
					"retransmits":	0,
					"snd_cwnd":	448880,
					"rtt":	2197,
					"rttvar":	151,
					"pmtu":	9000,
					"omitted":	false,
					"sender":	true
				}],
			"sum":	{
				"start":	60.000072,
				"end":	90.00009,
				"seconds":	30.0000171661377,
				"bytes":	3530555392,
				"bits_per_second":	941480899.146975,
				"retransmits":	0,
				"omitted":	false,
				"sender":	true
			}
		}],
	"end":	{
		"streams":	[{
				"sender":	{
					"socket":	5,
					"start":	0,
					"end":	90.00009,
					"seconds":	90.00009,
					"bytes":	10593370112,
					"bits_per_second":	941631957.21248722,
					"retransmits":	16,
					"max_snd_cwnd":	448880,
					"max_rtt":	2197,
					"min_rtt":	2181,
					"mean_rtt":	2189,
					"sender":	true
				},
				"receiver":	{
					"socket":	5,
					"start":	0,
					"end":	90.041049003601074,
					"seconds":	90.00009,
					"bytes":	10591449104,
					"bits_per_second":	941032937.417369,
					"sender":	true
				}
			}],
		"sum_sent":	{
			"start":	0,
			"end":	90.00009,
			"seconds":	90.00009,
			"bytes":	10593370112,
			"bits_per_second":	941631957.21248722,
			"retransmits":	16,
			"sender":	true
		},
		"sum_received":	{
			"start":	0,
			"end":	90.041049003601074,
			"seconds":	90.041049003601074,
			"bytes":	10591449104,
			"bits_per_second":	941032937.417369,
			"sender":	true
		},
		"cpu_utilization_percent":	{
			"host_total":	8.4414135346789045,
			"host_user":	0.24221420983888692,
			"host_system":	8.19920043490615,
			"remote_total":	26.617690031672108,
			"remote_user":	2.4810854766297887,
			"remote_system":	24.136603445433927
		},
		"sender_tcp_congestion":	"cubic",
		"receiver_tcp_congestion":	"cubic"
	}
}
