{
	"start":	{
		"connected":	[{
				"socket":	5,
				"local_host":	"10.10.10.2",
				"local_port":	54564,
				"remote_host":	"10.10.10.4",
				"remote_port":	5201
			}],
		"version":	"iperf 3.9",
		"system_info":	"Linux zelda 5.10.0-18-amd64 #1 SMP Debian 5.10.140-1 (2022-09-02) x86_64",
		"timestamp":	{
			"time":	"Mon, 29 Jan 2024 14:01:14 GMT",
			"timesecs":	1706536874
		},
		"connecting_to":	{
			"host":	"10.10.10.4",
			"port":	5201
		},
		"cookie":	"qtcwirmmlvn65lfatcwb7iyseh5evilwjy3b",
		"tcp_mss_default":	1448,
		"target_bitrate":	3000000000,
		"sock_bufsize":	0,
		"sndbuf_actual":	1000000,
		"rcvbuf_actual":	1000000,
		"test_start":	{
			"protocol":	"TCP",
			"num_streams":	1,
			"blksize":	131072,
			"omit":	0,
			"duration":	10,
			"bytes":	0,
			"blocks":	0,
			"reverse":	0,
			"tos":	0
		}
	},
	"intervals":	[{
			"streams":	[{
					"socket":	5,
					"start":	0,
					"end":	10.000078,
					"seconds":	10.000078201293945,
					"bytes":	1178337280,
					"bits_per_second":	942662452.257648,
					"retransmits":	0,
					"snd_cwnd":	375032,
					"rtt":	2185,
					"rttvar":	95,
					"pmtu":	9000,
					"omitted":	false,
					"sender":	true
				}],
			"sum":	{
				"start":	0,
				"end":	10.000078,
				"seconds":	10.000078201293945,
				"bytes":	1178337280,
				"bits_per_second":	942662452.257648,
				"retransmits":	0,
				"omitted":	false,
				"sender":	true
			}
		}],
	"end":	{
		"streams":	[{
				"sender":	{
					"socket":	5,
					"start":	0,
					"end":	10.000078,
					"seconds":	10.000078,
					"bytes":	1178337280,
					"bits_per_second":	942662471.23272431,
					"retransmits":	0,
					"max_snd_cwnd":	375032,
					"max_rtt":	2185,
					"min_rtt":	2185,
					"mean_rtt":	2185,
					"sender":	true
				},
				"receiver":	{
					"socket":	5,
					"start":	0,
					"end":	10.044279098510742,
					"seconds":	10.000078,
					"bytes":	1177104232,
					"bits_per_second":	937532078.07579,
					"sender":	true
				}
			}],
		"sum_sent":	{
			"start":	0,
			"end":	10.000078,
			"seconds":	10.000078,
			"bytes":	1178337280,
			"bits_per_second":	942662471.23272431,
			"retransmits":	0,
			"sender":	true
		},
		"sum_received":	{
			"start":	0,
			"end":	10.044279098510742,
			"seconds":	10.044279098510742,
			"bytes":	1177104232,
			"bits_per_second":	937532078.07579,
			"sender":	true
		},
		"cpu_utilization_percent":	{
			"host_total":	7.9431814227328434,
			"host_user":	0.30797070377001629,
			"host_system":	7.6352107189628278,
			"remote_total":	26.353953675435228,
			"remote_user":	2.7568345147477484,
			"remote_system":	23.597109281401483
		},
		"sender_tcp_congestion":	"cubic",
		"receiver_tcp_congestion":	"cubic"
	}
}
