{
	"start":	{
		"connected":	[{
				"socket":	5,
				"local_host":	"10.10.10.2",
				"local_port":	36520,
				"remote_host":	"10.10.10.4",
				"remote_port":	5201
			}],
		"version":	"iperf 3.9",
		"system_info":	"Linux zelda 5.10.0-18-amd64 #1 SMP Debian 5.10.140-1 (2022-09-02) x86_64",
		"timestamp":	{
			"time":	"Mon, 29 Jan 2024 11:16:00 GMT",
			"timesecs":	1706526960
		},
		"connecting_to":	{
			"host":	"10.10.10.4",
			"port":	5201
		},
		"cookie":	"cb6xkkdiwhrlikmt54446nmbsozjtwvqhnp3",
		"tcp_mss_default":	1448,
		"target_bitrate":	1000000000,
		"sock_bufsize":	0,
		"sndbuf_actual":	1000000,
		"rcvbuf_actual":	1000000,
		"test_start":	{
			"protocol":	"TCP",
			"num_streams":	1,
			"blksize":	131072,
			"omit":	0,
			"duration":	50,
			"bytes":	0,
			"blocks":	0,
			"reverse":	0,
			"tos":	0
		}
	},
	"intervals":	[{
			"streams":	[{
					"socket":	5,
					"start":	0,
					"end":	50.000079,
					"seconds":	50.000080108642578,
					"bytes":	5885788160,
					"bits_per_second":	941724596.79441738,
					"retransmits":	0,
					"snd_cwnd":	405440,
					"rtt":	2264,
					"rttvar":	122,
					"pmtu":	9000,
					"omitted":	false,
					"sender":	true
				}],
			"sum":	{
				"start":	0,
				"end":	50.000079,
				"seconds":	50.000080108642578,
				"bytes":	5885788160,
				"bits_per_second":	941724596.79441738,
				"retransmits":	0,
				"omitted":	false,
				"sender":	true
			}
		}],
	"end":	{
		"streams":	[{
				"sender":	{
					"socket":	5,
					"start":	0,
					"end":	50.000079,
					"seconds":	50.000079,
					"bytes":	5885788160,
					"bits_per_second":	941724617.675104,
					"retransmits":	0,
					"max_snd_cwnd":	405440,
					"max_rtt":	2264,
					"min_rtt":	2264,
					"mean_rtt":	2264,
					"sender":	true
				},
				"receiver":	{
					"socket":	5,
					"start":	0,
					"end":	50.041075944900513,
					"seconds":	50.000079,
					"bytes":	5884353776,
					"bits_per_second":	940723781.79544735,
					"sender":	true
				}
			}],
		"sum_sent":	{
			"start":	0,
			"end":	50.000079,
			"seconds":	50.000079,
			"bytes":	5885788160,
			"bits_per_second":	941724617.675104,
			"retransmits":	0,
			"sender":	true
		},
		"sum_received":	{
			"start":	0,
			"end":	50.041075944900513,
			"seconds":	50.041075944900513,
			"bytes":	5884353776,
			"bits_per_second":	940723781.79544735,
			"sender":	true
		},
		"cpu_utilization_percent":	{
			"host_total":	8.66544903720339,
			"host_user":	0.21422723277092445,
			"host_system":	8.4512218044324641,
			"remote_total":	25.485551012987891,
			"remote_user":	2.2983117048065318,
			"remote_system":	23.187239308181358
		},
		"sender_tcp_congestion":	"cubic",
		"receiver_tcp_congestion":	"cubic"
	}
}
