{
	"start":	{
		"connected":	[{
				"socket":	5,
				"local_host":	"10.10.10.2",
				"local_port":	37308,
				"remote_host":	"10.10.10.4",
				"remote_port":	5201
			}],
		"version":	"iperf 3.9",
		"system_info":	"Linux zelda 5.10.0-18-amd64 #1 SMP Debian 5.10.140-1 (2022-09-02) x86_64",
		"timestamp":	{
			"time":	"Mon, 29 Jan 2024 14:21:42 GMT",
			"timesecs":	1706538102
		},
		"connecting_to":	{
			"host":	"10.10.10.4",
			"port":	5201
		},
		"cookie":	"pq3v3r53vv26l5fg3bjelkykhgdh263v6xlm",
		"tcp_mss_default":	1448,
		"target_bitrate":	3000000000,
		"sock_bufsize":	0,
		"sndbuf_actual":	1000000,
		"rcvbuf_actual":	1000000,
		"test_start":	{
			"protocol":	"TCP",
			"num_streams":	1,
			"blksize":	131072,
			"omit":	0,
			"duration":	50,
			"bytes":	0,
			"blocks":	0,
			"reverse":	0,
			"tos":	0
		}
	},
	"intervals":	[{
			"streams":	[{
					"socket":	5,
					"start":	0,
					"end":	50.000078,
					"seconds":	50.000076293945312,
					"bytes":	5886574592,
					"bits_per_second":	941850497.570193,
					"retransmits":	0,
					"snd_cwnd":	584992,
					"rtt":	2441,
					"rttvar":	204,
					"pmtu":	9000,
					"omitted":	false,
					"sender":	true
				}],
			"sum":	{
				"start":	0,
				"end":	50.000078,
				"seconds":	50.000076293945312,
				"bytes":	5886574592,
				"bits_per_second":	941850497.570193,
				"retransmits":	0,
				"omitted":	false,
				"sender":	true
			}
		}],
	"end":	{
		"streams":	[{
				"sender":	{
					"socket":	5,
					"start":	0,
					"end":	50.000078,
					"seconds":	50.000078,
					"bytes":	5886574592,
					"bits_per_second":	941850465.433274,
					"retransmits":	0,
					"max_snd_cwnd":	584992,
					"max_rtt":	2441,
					"min_rtt":	2441,
					"mean_rtt":	2441,
					"sender":	true
				},
				"receiver":	{
					"socket":	5,
					"start":	0,
					"end":	50.044547080993652,
					"seconds":	50.000078,
					"bytes":	5884516368,
					"bits_per_second":	940684523.886499,
					"sender":	true
				}
			}],
		"sum_sent":	{
			"start":	0,
			"end":	50.000078,
			"seconds":	50.000078,
			"bytes":	5886574592,
			"bits_per_second":	941850465.433274,
			"retransmits":	0,
			"sender":	true
		},
		"sum_received":	{
			"start":	0,
			"end":	50.044547080993652,
			"seconds":	50.044547080993652,
			"bytes":	5884516368,
			"bits_per_second":	940684523.886499,
			"sender":	true
		},
		"cpu_utilization_percent":	{
			"host_total":	8.9389060744807445,
			"host_user":	0.27772516293757282,
			"host_system":	8.6611829081008267,
			"remote_total":	23.423682050298822,
			"remote_user":	2.232154747619564,
			"remote_system":	21.191525307573052
		},
		"sender_tcp_congestion":	"cubic",
		"receiver_tcp_congestion":	"cubic"
	}
}
