{
	"start":	{
		"connected":	[{
				"socket":	5,
				"local_host":	"10.10.10.2",
				"local_port":	41990,
				"remote_host":	"10.10.10.4",
				"remote_port":	5201
			}],
		"version":	"iperf 3.9",
		"system_info":	"Linux zelda 5.10.0-18-amd64 #1 SMP Debian 5.10.140-1 (2022-09-02) x86_64",
		"timestamp":	{
			"time":	"Tue, 30 Jan 2024 01:50:20 GMT",
			"timesecs":	1706579420
		},
		"connecting_to":	{
			"host":	"10.10.10.4",
			"port":	5201
		},
		"cookie":	"j7ku2mvssu3u7skmxulocnrzfrujnwkg73dw",
		"tcp_mss_default":	1448,
		"target_bitrate":	10000000000,
		"sock_bufsize":	0,
		"sndbuf_actual":	1000000,
		"rcvbuf_actual":	1000000,
		"test_start":	{
			"protocol":	"TCP",
			"num_streams":	1,
			"blksize":	131072,
			"omit":	0,
			"duration":	90,
			"bytes":	0,
			"blocks":	0,
			"reverse":	0,
			"tos":	0
		}
	},
	"intervals":	[{
			"streams":	[{
					"socket":	5,
					"start":	0,
					"end":	60.000069,
					"seconds":	60.000068664550781,
					"bytes":	7063076864,
					"bits_per_second":	941742504.1279,
					"retransmits":	0,
					"snd_cwnd":	516936,
					"rtt":	2173,
					"rttvar":	118,
					"pmtu":	9000,
					"omitted":	false,
					"sender":	true
				}],
			"sum":	{
				"start":	0,
				"end":	60.000069,
				"seconds":	60.000068664550781,
				"bytes":	7063076864,
				"bits_per_second":	941742504.1279,
				"retransmits":	0,
				"omitted":	false,
				"sender":	true
			}
		}, {
			"streams":	[{
					"socket":	5,
					"start":	60.000069,
					"end":	90.000078,
					"seconds":	30.000009536743164,
					"bytes":	3530555392,
					"bits_per_second":	941481138.577873,
					"retransmits":	0,
					"snd_cwnd":	516936,
					"rtt":	2234,
					"rttvar":	116,
					"pmtu":	9000,
					"omitted":	false,
					"sender":	true
				}],
			"sum":	{
				"start":	60.000069,
				"end":	90.000078,
				"seconds":	30.000009536743164,
				"bytes":	3530555392,
				"bits_per_second":	941481138.577873,
				"retransmits":	0,
				"omitted":	false,
				"sender":	true
			}
		}],
	"end":	{
		"streams":	[{
				"sender":	{
					"socket":	5,
					"start":	0,
					"end":	90.000078,
					"seconds":	90.000078,
					"bytes":	10593632256,
					"bits_per_second":	941655384.432,
					"retransmits":	0,
					"max_snd_cwnd":	516936,
					"max_rtt":	2234,
					"min_rtt":	2173,
					"mean_rtt":	2203,
					"sender":	true
				},
				"receiver":	{
					"socket":	5,
					"start":	0,
					"end":	90.0489709377289,
					"seconds":	90.000078,
					"bytes":	10591870248,
					"bits_per_second":	940987566.005572,
					"sender":	true
				}
			}],
		"sum_sent":	{
			"start":	0,
			"end":	90.000078,
			"seconds":	90.000078,
			"bytes":	10593632256,
			"bits_per_second":	941655384.432,
			"retransmits":	0,
			"sender":	true
		},
		"sum_received":	{
			"start":	0,
			"end":	90.0489709377289,
			"seconds":	90.0489709377289,
			"bytes":	10591870248,
			"bits_per_second":	940987566.005572,
			"sender":	true
		},
		"cpu_utilization_percent":	{
			"host_total":	9.1562939703679955,
			"host_user":	0.25747959686124,
			"host_system":	8.898814373506756,
			"remote_total":	22.943496489635649,
			"remote_user":	2.322240433900149,
			"remote_system":	20.6212560557355
		},
		"sender_tcp_congestion":	"cubic",
		"receiver_tcp_congestion":	"cubic"
	}
}
