{
	"start":	{
		"connected":	[{
				"socket":	5,
				"local_host":	"10.10.10.2",
				"local_port":	60064,
				"remote_host":	"10.10.10.4",
				"remote_port":	5201
			}],
		"version":	"iperf 3.9",
		"system_info":	"Linux zelda 5.10.0-18-amd64 #1 SMP Debian 5.10.140-1 (2022-09-02) x86_64",
		"timestamp":	{
			"time":	"Tue, 30 Jan 2024 00:13:48 GMT",
			"timesecs":	1706573628
		},
		"connecting_to":	{
			"host":	"10.10.10.4",
			"port":	5201
		},
		"cookie":	"7oxclb2x5motbyinqh3camxlhzukr5kv7avh",
		"tcp_mss_default":	1448,
		"target_bitrate":	9000000000,
		"sock_bufsize":	0,
		"sndbuf_actual":	1000000,
		"rcvbuf_actual":	1000000,
		"test_start":	{
			"protocol":	"TCP",
			"num_streams":	1,
			"blksize":	131072,
			"omit":	0,
			"duration":	90,
			"bytes":	0,
			"blocks":	0,
			"reverse":	0,
			"tos":	0
		}
	},
	"intervals":	[{
			"streams":	[{
					"socket":	5,
					"start":	0,
					"end":	60.000068,
					"seconds":	60.000068664550781,
					"bytes":	7063339008,
					"bits_per_second":	941777456.62123346,
					"retransmits":	0,
					"snd_cwnd":	580648,
					"rtt":	2203,
					"rttvar":	109,
					"pmtu":	9000,
					"omitted":	false,
					"sender":	true
				}],
			"sum":	{
				"start":	0,
				"end":	60.000068,
				"seconds":	60.000068664550781,
				"bytes":	7063339008,
				"bits_per_second":	941777456.62123346,
				"retransmits":	0,
				"omitted":	false,
				"sender":	true
			}
		}, {
			"streams":	[{
					"socket":	5,
					"start":	60.000068,
					"end":	90.000087,
					"seconds":	30.000019073486328,
					"bytes":	3530555392,
					"bits_per_second":	941480839.28926945,
					"retransmits":	0,
					"snd_cwnd":	580648,
					"rtt":	2776,
					"rttvar":	121,
					"pmtu":	9000,
					"omitted":	false,
					"sender":	true
				}],
			"sum":	{
				"start":	60.000068,
				"end":	90.000087,
				"seconds":	30.000019073486328,
				"bytes":	3530555392,
				"bits_per_second":	941480839.28926945,
				"retransmits":	0,
				"omitted":	false,
				"sender":	true
			}
		}],
	"end":	{
		"streams":	[{
				"sender":	{
					"socket":	5,
					"start":	0,
					"end":	90.000087,
					"seconds":	90.000087,
					"bytes":	10593894400,
					"bits_per_second":	941678591.93291676,
					"retransmits":	0,
					"max_snd_cwnd":	580648,
					"max_rtt":	2776,
					"min_rtt":	2203,
					"mean_rtt":	2489,
					"sender":	true
				},
				"receiver":	{
					"socket":	5,
					"start":	0,
					"end":	90.04075288772583,
					"seconds":	90.000087,
					"bytes":	10591804752,
					"bits_per_second":	941067631.02767,
					"sender":	true
				}
			}],
		"sum_sent":	{
			"start":	0,
			"end":	90.000087,
			"seconds":	90.000087,
			"bytes":	10593894400,
			"bits_per_second":	941678591.93291676,
			"retransmits":	0,
			"sender":	true
		},
		"sum_received":	{
			"start":	0,
			"end":	90.04075288772583,
			"seconds":	90.04075288772583,
			"bytes":	10591804752,
			"bits_per_second":	941067631.02767,
			"sender":	true
		},
		"cpu_utilization_percent":	{
			"host_total":	8.5529805968460266,
			"host_user":	0.31316021310959569,
			"host_system":	8.2398214938163772,
			"remote_total":	26.045588260000279,
			"remote_user":	2.59369085603362,
			"remote_system":	23.451897403966658
		},
		"sender_tcp_congestion":	"cubic",
		"receiver_tcp_congestion":	"cubic"
	}
}
