{
	"start":	{
		"connected":	[{
				"socket":	5,
				"local_host":	"10.10.10.2",
				"local_port":	57788,
				"remote_host":	"10.10.10.4",
				"remote_port":	5201
			}],
		"version":	"iperf 3.9",
		"system_info":	"Linux zelda 5.10.0-18-amd64 #1 SMP Debian 5.10.140-1 (2022-09-02) x86_64",
		"timestamp":	{
			"time":	"Mon, 29 Jan 2024 19:49:46 GMT",
			"timesecs":	1706557786
		},
		"connecting_to":	{
			"host":	"10.10.10.4",
			"port":	5201
		},
		"cookie":	"rvoemdly4uys2j3whbt3x4fdvejh4bfkq2oj",
		"tcp_mss_default":	1448,
		"target_bitrate":	6000000000,
		"sock_bufsize":	0,
		"sndbuf_actual":	1000000,
		"rcvbuf_actual":	1000000,
		"test_start":	{
			"protocol":	"TCP",
			"num_streams":	1,
			"blksize":	131072,
			"omit":	0,
			"duration":	90,
			"bytes":	0,
			"blocks":	0,
			"reverse":	0,
			"tos":	0
		}
	},
	"intervals":	[{
			"streams":	[{
					"socket":	5,
					"start":	0,
					"end":	60.000068,
					"seconds":	60.000068664550781,
					"bytes":	7063076864,
					"bits_per_second":	941742504.1279,
					"retransmits":	0,
					"snd_cwnd":	521280,
					"rtt":	2433,
					"rttvar":	204,
					"pmtu":	9000,
					"omitted":	false,
					"sender":	true
				}],
			"sum":	{
				"start":	0,
				"end":	60.000068,
				"seconds":	60.000068664550781,
				"bytes":	7063076864,
				"bits_per_second":	941742504.1279,
				"retransmits":	0,
				"omitted":	false,
				"sender":	true
			}
		}, {
			"streams":	[{
					"socket":	5,
					"start":	60.000068,
					"end":	90.000074,
					"seconds":	30.0000057220459,
					"bytes":	3530555392,
					"bits_per_second":	941481258.29336762,
					"retransmits":	0,
					"snd_cwnd":	521280,
					"rtt":	2772,
					"rttvar":	202,
					"pmtu":	9000,
					"omitted":	false,
					"sender":	true
				}],
			"sum":	{
				"start":	60.000068,
				"end":	90.000074,
				"seconds":	30.0000057220459,
				"bytes":	3530555392,
				"bits_per_second":	941481258.29336762,
				"retransmits":	0,
				"omitted":	false,
				"sender":	true
			}
		}],
	"end":	{
		"streams":	[{
				"sender":	{
					"socket":	5,
					"start":	0,
					"end":	90.000074,
					"seconds":	90.000074,
					"bytes":	10593632256,
					"bits_per_second":	941655426.283316,
					"retransmits":	0,
					"max_snd_cwnd":	521280,
					"max_rtt":	2772,
					"min_rtt":	2433,
					"mean_rtt":	2602,
					"sender":	true
				},
				"receiver":	{
					"socket":	5,
					"start":	0,
					"end":	90.043970108032227,
					"seconds":	90.000074,
					"bytes":	10591805088,
					"bits_per_second":	941034037.063648,
					"sender":	true
				}
			}],
		"sum_sent":	{
			"start":	0,
			"end":	90.000074,
			"seconds":	90.000074,
			"bytes":	10593632256,
			"bits_per_second":	941655426.283316,
			"retransmits":	0,
			"sender":	true
		},
		"sum_received":	{
			"start":	0,
			"end":	90.043970108032227,
			"seconds":	90.043970108032227,
			"bytes":	10591805088,
			"bits_per_second":	941034037.063648,
			"sender":	true
		},
		"cpu_utilization_percent":	{
			"host_total":	8.82736072647993,
			"host_user":	0.31054599272567673,
			"host_system":	8.51681473375425,
			"remote_total":	25.5704240036579,
			"remote_user":	2.5598413738950083,
			"remote_system":	23.0105826297629
		},
		"sender_tcp_congestion":	"cubic",
		"receiver_tcp_congestion":	"cubic"
	}
}
