{
	"start":	{
		"connected":	[{
				"socket":	5,
				"local_host":	"10.10.10.2",
				"local_port":	38082,
				"remote_host":	"10.10.10.4",
				"remote_port":	5201
			}],
		"version":	"iperf 3.9",
		"system_info":	"Linux zelda 5.10.0-18-amd64 #1 SMP Debian 5.10.140-1 (2022-09-02) x86_64",
		"timestamp":	{
			"time":	"Mon, 29 Jan 2024 11:49:26 GMT",
			"timesecs":	1706528966
		},
		"connecting_to":	{
			"host":	"10.10.10.4",
			"port":	5201
		},
		"cookie":	"a3qsonk2yjvx5odzjz4fq2dxtgj3wefge2es",
		"tcp_mss_default":	1448,
		"target_bitrate":	1000000000,
		"sock_bufsize":	0,
		"sndbuf_actual":	1000000,
		"rcvbuf_actual":	1000000,
		"test_start":	{
			"protocol":	"TCP",
			"num_streams":	1,
			"blksize":	131072,
			"omit":	0,
			"duration":	80,
			"bytes":	0,
			"blocks":	0,
			"reverse":	0,
			"tos":	0
		}
	},
	"intervals":	[{
			"streams":	[{
					"socket":	5,
					"start":	0,
					"end":	60.00013,
					"seconds":	60.000129699707031,
					"bytes":	7063076864,
					"bits_per_second":	941741546.139956,
					"retransmits":	0,
					"snd_cwnd":	515488,
					"rtt":	2744,
					"rttvar":	97,
					"pmtu":	9000,
					"omitted":	false,
					"sender":	true
				}],
			"sum":	{
				"start":	0,
				"end":	60.00013,
				"seconds":	60.000129699707031,
				"bytes":	7063076864,
				"bits_per_second":	941741546.139956,
				"retransmits":	0,
				"omitted":	false,
				"sender":	true
			}
		}, {
			"streams":	[{
					"socket":	5,
					"start":	60.00013,
					"end":	80.000076,
					"seconds":	19.999946594238281,
					"bytes":	2353659904,
					"bits_per_second":	941466475.586713,
					"retransmits":	0,
					"snd_cwnd":	515488,
					"rtt":	2839,
					"rttvar":	151,
					"pmtu":	9000,
					"omitted":	false,
					"sender":	true
				}],
			"sum":	{
				"start":	60.00013,
				"end":	80.000076,
				"seconds":	19.999946594238281,
				"bytes":	2353659904,
				"bits_per_second":	941466475.586713,
				"retransmits":	0,
				"omitted":	false,
				"sender":	true
			}
		}],
	"end":	{
		"streams":	[{
				"sender":	{
					"socket":	5,
					"start":	0,
					"end":	80.000076,
					"seconds":	80.000076,
					"bytes":	9416736768,
					"bits_per_second":	941672782.2108568,
					"retransmits":	0,
					"max_snd_cwnd":	515488,
					"max_rtt":	2839,
					"min_rtt":	2744,
					"mean_rtt":	2791,
					"sender":	true
				},
				"receiver":	{
					"socket":	5,
					"start":	0,
					"end":	80.0411319732666,
					"seconds":	80.000076,
					"bytes":	9414862224,
					"bits_per_second":	941002406.32723927,
					"sender":	true
				}
			}],
		"sum_sent":	{
			"start":	0,
			"end":	80.000076,
			"seconds":	80.000076,
			"bytes":	9416736768,
			"bits_per_second":	941672782.2108568,
			"retransmits":	0,
			"sender":	true
		},
		"sum_received":	{
			"start":	0,
			"end":	80.0411319732666,
			"seconds":	80.0411319732666,
			"bytes":	9414862224,
			"bits_per_second":	941002406.32723927,
			"sender":	true
		},
		"cpu_utilization_percent":	{
			"host_total":	8.83419475517983,
			"host_user":	0.25628320205360211,
			"host_system":	8.57791280180196,
			"remote_total":	26.228404283870077,
			"remote_user":	2.5515598734732179,
			"remote_system":	23.676843162297885
		},
		"sender_tcp_congestion":	"cubic",
		"receiver_tcp_congestion":	"cubic"
	}
}
