{
	"start":	{
		"connected":	[{
				"socket":	5,
				"local_host":	"10.10.10.2",
				"local_port":	39684,
				"remote_host":	"10.10.10.4",
				"remote_port":	5201
			}],
		"version":	"iperf 3.9",
		"system_info":	"Linux zelda 5.10.0-18-amd64 #1 SMP Debian 5.10.140-1 (2022-09-02) x86_64",
		"timestamp":	{
			"time":	"Mon, 29 Jan 2024 22:43:17 GMT",
			"timesecs":	1706568197
		},
		"connecting_to":	{
			"host":	"10.10.10.4",
			"port":	5201
		},
		"cookie":	"q3y7ptcp4rdw7fueisxnz653zxwxctyhkehe",
		"tcp_mss_default":	1448,
		"target_bitrate":	8000000000,
		"sock_bufsize":	0,
		"sndbuf_actual":	1000000,
		"rcvbuf_actual":	1000000,
		"test_start":	{
			"protocol":	"TCP",
			"num_streams":	1,
			"blksize":	131072,
			"omit":	0,
			"duration":	90,
			"bytes":	0,
			"blocks":	0,
			"reverse":	0,
			"tos":	0
		}
	},
	"intervals":	[{
			"streams":	[{
					"socket":	5,
					"start":	0,
					"end":	60.000069,
					"seconds":	60.000068664550781,
					"bytes":	7063470080,
					"bits_per_second":	941794932.8679,
					"retransmits":	0,
					"snd_cwnd":	611056,
					"rtt":	2269,
					"rttvar":	86,
					"pmtu":	9000,
					"omitted":	false,
					"sender":	true
				}],
			"sum":	{
				"start":	0,
				"end":	60.000069,
				"seconds":	60.000068664550781,
				"bytes":	7063470080,
				"bits_per_second":	941794932.8679,
				"retransmits":	0,
				"omitted":	false,
				"sender":	true
			}
		}, {
			"streams":	[{
					"socket":	5,
					"start":	60.000069,
					"end":	90.000076,
					"seconds":	30.000007629394531,
					"bytes":	3530555392,
					"bits_per_second":	941481198.43561649,
					"retransmits":	0,
					"snd_cwnd":	611056,
					"rtt":	2787,
					"rttvar":	104,
					"pmtu":	9000,
					"omitted":	false,
					"sender":	true
				}],
			"sum":	{
				"start":	60.000069,
				"end":	90.000076,
				"seconds":	30.000007629394531,
				"bytes":	3530555392,
				"bits_per_second":	941481198.43561649,
				"retransmits":	0,
				"omitted":	false,
				"sender":	true
			}
		}],
	"end":	{
		"streams":	[{
				"sender":	{
					"socket":	5,
					"start":	0,
					"end":	90.000076,
					"seconds":	90.000076,
					"bytes":	10594025472,
					"bits_per_second":	941690357.86147547,
					"retransmits":	0,
					"max_snd_cwnd":	611056,
					"max_rtt":	2787,
					"min_rtt":	2269,
					"mean_rtt":	2528,
					"sender":	true
				},
				"receiver":	{
					"socket":	5,
					"start":	0,
					"end":	90.0441679954529,
					"seconds":	90.000076,
					"bytes":	10591807984,
					"bits_per_second":	941032226.27676439,
					"sender":	true
				}
			}],
		"sum_sent":	{
			"start":	0,
			"end":	90.000076,
			"seconds":	90.000076,
			"bytes":	10594025472,
			"bits_per_second":	941690357.86147547,
			"retransmits":	0,
			"sender":	true
		},
		"sum_received":	{
			"start":	0,
			"end":	90.0441679954529,
			"seconds":	90.0441679954529,
			"bytes":	10591807984,
			"bits_per_second":	941032226.27676439,
			"sender":	true
		},
		"cpu_utilization_percent":	{
			"host_total":	9.1835093212027132,
			"host_user":	0.29901705488814151,
			"host_system":	8.88449337634232,
			"remote_total":	26.907268017256918,
			"remote_user":	2.455968053943367,
			"remote_system":	24.451299963313556
		},
		"sender_tcp_congestion":	"cubic",
		"receiver_tcp_congestion":	"cubic"
	}
}
