{
	"start":	{
		"connected":	[{
				"socket":	5,
				"local_host":	"10.10.10.2",
				"local_port":	33946,
				"remote_host":	"10.10.10.4",
				"remote_port":	5201
			}],
		"version":	"iperf 3.9",
		"system_info":	"Linux zelda 5.10.0-18-amd64 #1 SMP Debian 5.10.140-1 (2022-09-02) x86_64",
		"timestamp":	{
			"time":	"Mon, 29 Jan 2024 19:36:14 GMT",
			"timesecs":	1706556974
		},
		"connecting_to":	{
			"host":	"10.10.10.4",
			"port":	5201
		},
		"cookie":	"u7hfuc43g7zp6bxjhriwniekqs66ahb4szsh",
		"tcp_mss_default":	1448,
		"target_bitrate":	6000000000,
		"sock_bufsize":	0,
		"sndbuf_actual":	1000000,
		"rcvbuf_actual":	1000000,
		"test_start":	{
			"protocol":	"TCP",
			"num_streams":	1,
			"blksize":	131072,
			"omit":	0,
			"duration":	90,
			"bytes":	0,
			"blocks":	0,
			"reverse":	0,
			"tos":	0
		}
	},
	"intervals":	[{
			"streams":	[{
					"socket":	5,
					"start":	0,
					"end":	60.000064,
					"seconds":	60.000064849853516,
					"bytes":	7063076864,
					"bits_per_second":	941742564.00221121,
					"retransmits":	0,
					"snd_cwnd":	525624,
					"rtt":	2194,
					"rttvar":	87,
					"pmtu":	9000,
					"omitted":	false,
					"sender":	true
				}],
			"sum":	{
				"start":	0,
				"end":	60.000064,
				"seconds":	60.000064849853516,
				"bytes":	7063076864,
				"bits_per_second":	941742564.00221121,
				"retransmits":	0,
				"omitted":	false,
				"sender":	true
			}
		}, {
			"streams":	[{
					"socket":	5,
					"start":	60.000064,
					"end":	90.000073,
					"seconds":	30.000009536743164,
					"bytes":	3530555392,
					"bits_per_second":	941481138.577873,
					"retransmits":	0,
					"snd_cwnd":	525624,
					"rtt":	2779,
					"rttvar":	129,
					"pmtu":	9000,
					"omitted":	false,
					"sender":	true
				}],
			"sum":	{
				"start":	60.000064,
				"end":	90.000073,
				"seconds":	30.000009536743164,
				"bytes":	3530555392,
				"bits_per_second":	941481138.577873,
				"retransmits":	0,
				"omitted":	false,
				"sender":	true
			}
		}],
	"end":	{
		"streams":	[{
				"sender":	{
					"socket":	5,
					"start":	0,
					"end":	90.000073,
					"seconds":	90.000073,
					"bytes":	10593632256,
					"bits_per_second":	941655436.74614573,
					"retransmits":	0,
					"max_snd_cwnd":	525624,
					"max_rtt":	2779,
					"min_rtt":	2194,
					"mean_rtt":	2486,
					"sender":	true
				},
				"receiver":	{
					"socket":	5,
					"start":	0,
					"end":	90.044116973876953,
					"seconds":	90.000073,
					"bytes":	10591805088,
					"bits_per_second":	941032502.19648039,
					"sender":	true
				}
			}],
		"sum_sent":	{
			"start":	0,
			"end":	90.000073,
			"seconds":	90.000073,
			"bytes":	10593632256,
			"bits_per_second":	941655436.74614573,
			"retransmits":	0,
			"sender":	true
		},
		"sum_received":	{
			"start":	0,
			"end":	90.044116973876953,
			"seconds":	90.044116973876953,
			"bytes":	10591805088,
			"bits_per_second":	941032502.19648039,
			"sender":	true
		},
		"cpu_utilization_percent":	{
			"host_total":	8.9628047016055667,
			"host_user":	0.27371965816079624,
			"host_system":	8.6890861534910755,
			"remote_total":	26.193267071943033,
			"remote_user":	2.755094315802737,
			"remote_system":	23.438171646582433
		},
		"sender_tcp_congestion":	"cubic",
		"receiver_tcp_congestion":	"cubic"
	}
}
