{
	"start":	{
		"connected":	[{
				"socket":	5,
				"local_host":	"10.10.10.2",
				"local_port":	45852,
				"remote_host":	"10.10.10.4",
				"remote_port":	5201
			}],
		"version":	"iperf 3.9",
		"system_info":	"Linux zelda 5.10.0-18-amd64 #1 SMP Debian 5.10.140-1 (2022-09-02) x86_64",
		"timestamp":	{
			"time":	"Mon, 29 Jan 2024 17:07:18 GMT",
			"timesecs":	1706548038
		},
		"connecting_to":	{
			"host":	"10.10.10.4",
			"port":	5201
		},
		"cookie":	"qc6y6ih7syhhrugd7xa2sjtjm5rv6ezsygzb",
		"tcp_mss_default":	1448,
		"target_bitrate":	5000000000,
		"sock_bufsize":	0,
		"sndbuf_actual":	1000000,
		"rcvbuf_actual":	1000000,
		"test_start":	{
			"protocol":	"TCP",
			"num_streams":	1,
			"blksize":	131072,
			"omit":	0,
			"duration":	20,
			"bytes":	0,
			"blocks":	0,
			"reverse":	0,
			"tos":	0
		}
	},
	"intervals":	[{
			"streams":	[{
					"socket":	5,
					"start":	0,
					"end":	20.000075,
					"seconds":	20.00007438659668,
					"bytes":	2355232768,
					"bits_per_second":	942089603.25803232,
					"retransmits":	0,
					"snd_cwnd":	382272,
					"rtt":	2210,
					"rttvar":	122,
					"pmtu":	9000,
					"omitted":	false,
					"sender":	true
				}],
			"sum":	{
				"start":	0,
				"end":	20.000075,
				"seconds":	20.00007438659668,
				"bytes":	2355232768,
				"bits_per_second":	942089603.25803232,
				"retransmits":	0,
				"omitted":	false,
				"sender":	true
			}
		}],
	"end":	{
		"streams":	[{
				"sender":	{
					"socket":	5,
					"start":	0,
					"end":	20.000075,
					"seconds":	20.000075,
					"bytes":	2355232768,
					"bits_per_second":	942089574.364096,
					"retransmits":	0,
					"max_snd_cwnd":	382272,
					"max_rtt":	2210,
					"min_rtt":	2210,
					"mean_rtt":	2210,
					"sender":	true
				},
				"receiver":	{
					"socket":	5,
					"start":	0,
					"end":	20.043386936187744,
					"seconds":	20.000075,
					"bytes":	2353884032,
					"bits_per_second":	939515477.89565718,
					"sender":	true
				}
			}],
		"sum_sent":	{
			"start":	0,
			"end":	20.000075,
			"seconds":	20.000075,
			"bytes":	2355232768,
			"bits_per_second":	942089574.364096,
			"retransmits":	0,
			"sender":	true
		},
		"sum_received":	{
			"start":	0,
			"end":	20.043386936187744,
			"seconds":	20.043386936187744,
			"bytes":	2353884032,
			"bits_per_second":	939515477.89565718,
			"sender":	true
		},
		"cpu_utilization_percent":	{
			"host_total":	8.6450196126849441,
			"host_user":	0.37038825598698427,
			"host_system":	8.2746363351685641,
			"remote_total":	26.954396350205457,
			"remote_user":	1.9769521703324906,
			"remote_system":	24.977444179872965
		},
		"sender_tcp_congestion":	"cubic",
		"receiver_tcp_congestion":	"cubic"
	}
}
