{
	"start":	{
		"connected":	[{
				"socket":	5,
				"local_host":	"10.10.10.2",
				"local_port":	56014,
				"remote_host":	"10.10.10.4",
				"remote_port":	5201
			}],
		"version":	"iperf 3.9",
		"system_info":	"Linux zelda 5.10.0-18-amd64 #1 SMP Debian 5.10.140-1 (2022-09-02) x86_64",
		"timestamp":	{
			"time":	"Mon, 29 Jan 2024 17:38:08 GMT",
			"timesecs":	1706549888
		},
		"connecting_to":	{
			"host":	"10.10.10.4",
			"port":	5201
		},
		"cookie":	"mmh4bovl4lwvcex26z23ugp7we5ohuntaijk",
		"tcp_mss_default":	1448,
		"target_bitrate":	5000000000,
		"sock_bufsize":	0,
		"sndbuf_actual":	1000000,
		"rcvbuf_actual":	1000000,
		"test_start":	{
			"protocol":	"TCP",
			"num_streams":	1,
			"blksize":	131072,
			"omit":	0,
			"duration":	60,
			"bytes":	0,
			"blocks":	0,
			"reverse":	0,
			"tos":	0
		}
	},
	"intervals":	[{
			"streams":	[{
					"socket":	5,
					"start":	0,
					"end":	60.000079,
					"seconds":	60.000080108642578,
					"bytes":	7063076864,
					"bits_per_second":	941742324.505012,
					"retransmits":	0,
					"snd_cwnd":	508248,
					"rtt":	2455,
					"rttvar":	245,
					"pmtu":	9000,
					"omitted":	false,
					"sender":	true
				}],
			"sum":	{
				"start":	0,
				"end":	60.000079,
				"seconds":	60.000080108642578,
				"bytes":	7063076864,
				"bits_per_second":	941742324.505012,
				"retransmits":	0,
				"omitted":	false,
				"sender":	true
			}
		}],
	"end":	{
		"streams":	[{
				"sender":	{
					"socket":	5,
					"start":	0,
					"end":	60.000079,
					"seconds":	60.000079,
					"bytes":	7063076864,
					"bits_per_second":	941742341.90591645,
					"retransmits":	0,
					"max_snd_cwnd":	508248,
					"max_rtt":	2455,
					"min_rtt":	2455,
					"mean_rtt":	2455,
					"sender":	true
				},
				"receiver":	{
					"socket":	5,
					"start":	0,
					"end":	60.04402494430542,
					"seconds":	60.000079,
					"bytes":	7061310312,
					"bits_per_second":	940817717.47311151,
					"sender":	true
				}
			}],
		"sum_sent":	{
			"start":	0,
			"end":	60.000079,
			"seconds":	60.000079,
			"bytes":	7063076864,
			"bits_per_second":	941742341.90591645,
			"retransmits":	0,
			"sender":	true
		},
		"sum_received":	{
			"start":	0,
			"end":	60.04402494430542,
			"seconds":	60.04402494430542,
			"bytes":	7061310312,
			"bits_per_second":	940817717.47311151,
			"sender":	true
		},
		"cpu_utilization_percent":	{
			"host_total":	9.0152756133666347,
			"host_user":	0.30395946674531082,
			"host_system":	8.7113194752399448,
			"remote_total":	22.151929073237621,
			"remote_user":	2.1894313689791653,
			"remote_system":	19.962496040978948
		},
		"sender_tcp_congestion":	"cubic",
		"receiver_tcp_congestion":	"cubic"
	}
}
