{
	"start":	{
		"connected":	[{
				"socket":	5,
				"local_host":	"10.10.10.2",
				"local_port":	43444,
				"remote_host":	"10.10.10.4",
				"remote_port":	5201
			}],
		"version":	"iperf 3.9",
		"system_info":	"Linux zelda 5.10.0-18-amd64 #1 SMP Debian 5.10.140-1 (2022-09-02) x86_64",
		"timestamp":	{
			"time":	"Tue, 30 Jan 2024 22:49:55 GMT",
			"timesecs":	1706654995
		},
		"connecting_to":	{
			"host":	"10.10.10.4",
			"port":	5201
		},
		"cookie":	"uzbq7kjtnengcnda7hvqxqotg4gvtkpbefyu",
		"tcp_mss_default":	1448,
		"target_bitrate":	10000000000,
		"sock_bufsize":	0,
		"sndbuf_actual":	1000000,
		"rcvbuf_actual":	1000000,
		"test_start":	{
			"protocol":	"TCP",
			"num_streams":	1,
			"blksize":	131072,
			"omit":	0,
			"duration":	70,
			"bytes":	0,
			"blocks":	0,
			"reverse":	0,
			"tos":	0
		}
	},
	"intervals":	[{
			"streams":	[{
					"socket":	5,
					"start":	0,
					"end":	60.00009,
					"seconds":	60.000091552734375,
					"bytes":	7058358272,
					"bits_per_second":	941113000.2421912,
					"retransmits":	253,
					"snd_cwnd":	379376,
					"rtt":	2126,
					"rttvar":	172,
					"pmtu":	9000,
					"omitted":	false,
					"sender":	true
				}],
			"sum":	{
				"start":	0,
				"end":	60.00009,
				"seconds":	60.000091552734375,
				"bytes":	7058358272,
				"bits_per_second":	941113000.2421912,
				"retransmits":	253,
				"omitted":	false,
				"sender":	true
			}
		}, {
			"streams":	[{
					"socket":	5,
					"start":	60.00009,
					"end":	70.000075,
					"seconds":	9.99998474121094,
					"bytes":	1175977984,
					"bits_per_second":	940783822.72219038,
					"retransmits":	45,
					"snd_cwnd":	470600,
					"rtt":	2177,
					"rttvar":	93,
					"pmtu":	9000,
					"omitted":	false,
					"sender":	true
				}],
			"sum":	{
				"start":	60.00009,
				"end":	70.000075,
				"seconds":	9.99998474121094,
				"bytes":	1175977984,
				"bits_per_second":	940783822.72219038,
				"retransmits":	45,
				"omitted":	false,
				"sender":	true
			}
		}],
	"end":	{
		"streams":	[{
				"sender":	{
					"socket":	5,
					"start":	0,
					"end":	70.000075,
					"seconds":	70.000075,
					"bytes":	8234336256,
					"bits_per_second":	941065992.4007225,
					"retransmits":	298,
					"max_snd_cwnd":	470600,
					"max_rtt":	2177,
					"min_rtt":	2126,
					"mean_rtt":	2151,
					"sender":	true
				},
				"receiver":	{
					"socket":	5,
					"start":	0,
					"end":	70.041239976882935,
					"seconds":	70.000075,
					"bytes":	8232096168,
					"bits_per_second":	940257045.21701765,
					"sender":	true
				}
			}],
		"sum_sent":	{
			"start":	0,
			"end":	70.000075,
			"seconds":	70.000075,
			"bytes":	8234336256,
			"bits_per_second":	941065992.4007225,
			"retransmits":	298,
			"sender":	true
		},
		"sum_received":	{
			"start":	0,
			"end":	70.041239976882935,
			"seconds":	70.041239976882935,
			"bytes":	8232096168,
			"bits_per_second":	940257045.21701765,
			"sender":	true
		},
		"cpu_utilization_percent":	{
			"host_total":	16.1977050055561,
			"host_user":	0.550729718303661,
			"host_system":	15.646973860343641,
			"remote_total":	25.847378819509576,
			"remote_user":	2.8073825115611575,
			"remote_system":	23.039994881785109
		},
		"sender_tcp_congestion":	"cubic",
		"receiver_tcp_congestion":	"cubic"
	}
}
