{
	"start":	{
		"connected":	[{
				"socket":	5,
				"local_host":	"10.10.10.2",
				"local_port":	46598,
				"remote_host":	"10.10.10.4",
				"remote_port":	5201
			}],
		"version":	"iperf 3.9",
		"system_info":	"Linux zelda 5.10.0-18-amd64 #1 SMP Debian 5.10.140-1 (2022-09-02) x86_64",
		"timestamp":	{
			"time":	"Tue, 30 Jan 2024 10:02:19 GMT",
			"timesecs":	1706608939
		},
		"connecting_to":	{
			"host":	"10.10.10.4",
			"port":	5201
		},
		"cookie":	"hj2eilqhdhuzyf6eczlnd7ybwazkbfmsjy3t",
		"tcp_mss_default":	1448,
		"target_bitrate":	2000000000,
		"sock_bufsize":	0,
		"sndbuf_actual":	1000000,
		"rcvbuf_actual":	1000000,
		"test_start":	{
			"protocol":	"TCP",
			"num_streams":	1,
			"blksize":	131072,
			"omit":	0,
			"duration":	30,
			"bytes":	0,
			"blocks":	0,
			"reverse":	0,
			"tos":	0
		}
	},
	"intervals":	[{
			"streams":	[{
					"socket":	5,
					"start":	0,
					"end":	30.000082,
					"seconds":	30.000082015991211,
					"bytes":	3532259328,
					"bits_per_second":	941933245.68037331,
					"retransmits":	0,
					"snd_cwnd":	448880,
					"rtt":	2220,
					"rttvar":	104,
					"pmtu":	9000,
					"omitted":	false,
					"sender":	true
				}],
			"sum":	{
				"start":	0,
				"end":	30.000082,
				"seconds":	30.000082015991211,
				"bytes":	3532259328,
				"bits_per_second":	941933245.68037331,
				"retransmits":	0,
				"omitted":	false,
				"sender":	true
			}
		}],
	"end":	{
		"streams":	[{
				"sender":	{
					"socket":	5,
					"start":	0,
					"end":	30.000082,
					"seconds":	30.000082,
					"bytes":	3532259328,
					"bits_per_second":	941933246.18246043,
					"retransmits":	0,
					"max_snd_cwnd":	448880,
					"max_rtt":	2220,
					"min_rtt":	2220,
					"mean_rtt":	2220,
					"sender":	true
				},
				"receiver":	{
					"socket":	5,
					"start":	0,
					"end":	30.04115104675293,
					"seconds":	30.000082,
					"bytes":	3530737344,
					"bits_per_second":	940240229.412016,
					"sender":	true
				}
			}],
		"sum_sent":	{
			"start":	0,
			"end":	30.000082,
			"seconds":	30.000082,
			"bytes":	3532259328,
			"bits_per_second":	941933246.18246043,
			"retransmits":	0,
			"sender":	true
		},
		"sum_received":	{
			"start":	0,
			"end":	30.04115104675293,
			"seconds":	30.04115104675293,
			"bytes":	3530737344,
			"bits_per_second":	940240229.412016,
			"sender":	true
		},
		"cpu_utilization_percent":	{
			"host_total":	16.438293915114606,
			"host_user":	0.56170857804375163,
			"host_system":	15.876588661282,
			"remote_total":	23.695235899436909,
			"remote_user":	2.09276564966541,
			"remote_system":	21.602510092938171
		},
		"sender_tcp_congestion":	"cubic",
		"receiver_tcp_congestion":	"cubic"
	}
}
