{
	"start":	{
		"connected":	[{
				"socket":	5,
				"local_host":	"10.10.10.2",
				"local_port":	38326,
				"remote_host":	"10.10.10.4",
				"remote_port":	5201
			}],
		"version":	"iperf 3.9",
		"system_info":	"Linux zelda 5.10.0-18-amd64 #1 SMP Debian 5.10.140-1 (2022-09-02) x86_64",
		"timestamp":	{
			"time":	"Tue, 30 Jan 2024 15:35:04 GMT",
			"timesecs":	1706628904
		},
		"connecting_to":	{
			"host":	"10.10.10.4",
			"port":	5201
		},
		"cookie":	"vimk2frmez7g6n3wswsv3av3osmptf56efgh",
		"tcp_mss_default":	1448,
		"target_bitrate":	5000000000,
		"sock_bufsize":	0,
		"sndbuf_actual":	1000000,
		"rcvbuf_actual":	1000000,
		"test_start":	{
			"protocol":	"TCP",
			"num_streams":	1,
			"blksize":	131072,
			"omit":	0,
			"duration":	90,
			"bytes":	0,
			"blocks":	0,
			"reverse":	0,
			"tos":	0
		}
	},
	"intervals":	[{
			"streams":	[{
					"socket":	5,
					"start":	0,
					"end":	60.000076,
					"seconds":	60.000076293945312,
					"bytes":	7063076864,
					"bits_per_second":	941742384.37930048,
					"retransmits":	0,
					"snd_cwnd":	511144,
					"rtt":	2582,
					"rttvar":	217,
					"pmtu":	9000,
					"omitted":	false,
					"sender":	true
				}],
			"sum":	{
				"start":	0,
				"end":	60.000076,
				"seconds":	60.000076293945312,
				"bytes":	7063076864,
				"bits_per_second":	941742384.37930048,
				"retransmits":	0,
				"omitted":	false,
				"sender":	true
			}
		}, {
			"streams":	[{
					"socket":	5,
					"start":	60.000076,
					"end":	90.000075,
					"seconds":	29.999998092651367,
					"bytes":	3530555392,
					"bits_per_second":	941481497.7244482,
					"retransmits":	0,
					"snd_cwnd":	511144,
					"rtt":	2290,
					"rttvar":	90,
					"pmtu":	9000,
					"omitted":	false,
					"sender":	true
				}],
			"sum":	{
				"start":	60.000076,
				"end":	90.000075,
				"seconds":	29.999998092651367,
				"bytes":	3530555392,
				"bits_per_second":	941481497.7244482,
				"retransmits":	0,
				"omitted":	false,
				"sender":	true
			}
		}],
	"end":	{
		"streams":	[{
				"sender":	{
					"socket":	5,
					"start":	0,
					"end":	90.000075,
					"seconds":	90.000075,
					"bytes":	10593632256,
					"bits_per_second":	941655415.820487,
					"retransmits":	0,
					"max_snd_cwnd":	511144,
					"max_rtt":	2582,
					"min_rtt":	2290,
					"mean_rtt":	2436,
					"sender":	true
				},
				"receiver":	{
					"socket":	5,
					"start":	0,
					"end":	90.043787002563477,
					"seconds":	90.000075,
					"bytes":	10591807984,
					"bits_per_second":	941036207.96832633,
					"sender":	true
				}
			}],
		"sum_sent":	{
			"start":	0,
			"end":	90.000075,
			"seconds":	90.000075,
			"bytes":	10593632256,
			"bits_per_second":	941655415.820487,
			"retransmits":	0,
			"sender":	true
		},
		"sum_received":	{
			"start":	0,
			"end":	90.043787002563477,
			"seconds":	90.043787002563477,
			"bytes":	10591807984,
			"bits_per_second":	941036207.96832633,
			"sender":	true
		},
		"cpu_utilization_percent":	{
			"host_total":	15.908351734719261,
			"host_user":	0.69647436797937168,
			"host_system":	15.211876256679055,
			"remote_total":	22.82112982572767,
			"remote_user":	2.2455501804726383,
			"remote_system":	20.575579645255033
		},
		"sender_tcp_congestion":	"cubic",
		"receiver_tcp_congestion":	"cubic"
	}
}
