{
	"start":	{
		"connected":	[{
				"socket":	5,
				"local_host":	"10.10.10.2",
				"local_port":	59866,
				"remote_host":	"10.10.10.4",
				"remote_port":	5201
			}],
		"version":	"iperf 3.9",
		"system_info":	"Linux zelda 5.10.0-18-amd64 #1 SMP Debian 5.10.140-1 (2022-09-02) x86_64",
		"timestamp":	{
			"time":	"Tue, 30 Jan 2024 15:52:26 GMT",
			"timesecs":	1706629946
		},
		"connecting_to":	{
			"host":	"10.10.10.4",
			"port":	5201
		},
		"cookie":	"eipwcw5sxpyvfpvypxuln2ozjwzmmced6gqx",
		"tcp_mss_default":	1448,
		"target_bitrate":	5000000000,
		"sock_bufsize":	0,
		"sndbuf_actual":	1000000,
		"rcvbuf_actual":	1000000,
		"test_start":	{
			"protocol":	"TCP",
			"num_streams":	1,
			"blksize":	131072,
			"omit":	0,
			"duration":	100,
			"bytes":	0,
			"blocks":	0,
			"reverse":	0,
			"tos":	0
		}
	},
	"intervals":	[{
			"streams":	[{
					"socket":	5,
					"start":	0,
					"end":	60.000079,
					"seconds":	60.000080108642578,
					"bytes":	7062683648,
					"bits_per_second":	941689895.775012,
					"retransmits":	0,
					"snd_cwnd":	424264,
					"rtt":	2171,
					"rttvar":	105,
					"pmtu":	9000,
					"omitted":	false,
					"sender":	true
				}],
			"sum":	{
				"start":	0,
				"end":	60.000079,
				"seconds":	60.000080108642578,
				"bytes":	7062683648,
				"bits_per_second":	941689895.775012,
				"retransmits":	0,
				"omitted":	false,
				"sender":	true
			}
		}, {
			"streams":	[{
					"socket":	5,
					"start":	60.000079,
					"end":	100.000072,
					"seconds":	39.999992370605469,
					"bytes":	4707450880,
					"bits_per_second":	941490355.57503426,
					"retransmits":	0,
					"snd_cwnd":	424264,
					"rtt":	2221,
					"rttvar":	89,
					"pmtu":	9000,
					"omitted":	false,
					"sender":	true
				}],
			"sum":	{
				"start":	60.000079,
				"end":	100.000072,
				"seconds":	39.999992370605469,
				"bytes":	4707450880,
				"bits_per_second":	941490355.57503426,
				"retransmits":	0,
				"omitted":	false,
				"sender":	true
			}
		}],
	"end":	{
		"streams":	[{
				"sender":	{
					"socket":	5,
					"start":	0,
					"end":	100.000072,
					"seconds":	100.000072,
					"bytes":	11770134528,
					"bits_per_second":	941610084.28073931,
					"retransmits":	0,
					"max_snd_cwnd":	424264,
					"max_rtt":	2221,
					"min_rtt":	2171,
					"mean_rtt":	2196,
					"sender":	true
				},
				"receiver":	{
					"socket":	5,
					"start":	0,
					"end":	100.04368901252747,
					"seconds":	100.000072,
					"bytes":	11768656952,
					"bits_per_second":	941081406.9862082,
					"sender":	true
				}
			}],
		"sum_sent":	{
			"start":	0,
			"end":	100.000072,
			"seconds":	100.000072,
			"bytes":	11770134528,
			"bits_per_second":	941610084.28073931,
			"retransmits":	0,
			"sender":	true
		},
		"sum_received":	{
			"start":	0,
			"end":	100.04368901252747,
			"seconds":	100.04368901252747,
			"bytes":	11768656952,
			"bits_per_second":	941081406.9862082,
			"sender":	true
		},
		"cpu_utilization_percent":	{
			"host_total":	15.93390653021153,
			"host_user":	0.64078081133710774,
			"host_system":	15.293125718874423,
			"remote_total":	25.188881582145438,
			"remote_user":	2.385166163526117,
			"remote_system":	22.8037134210588
		},
		"sender_tcp_congestion":	"cubic",
		"receiver_tcp_congestion":	"cubic"
	}
}
