{
	"start":	{
		"connected":	[{
				"socket":	5,
				"local_host":	"10.10.10.2",
				"local_port":	57498,
				"remote_host":	"10.10.10.4",
				"remote_port":	5201
			}],
		"version":	"iperf 3.9",
		"system_info":	"Linux zelda 5.10.0-18-amd64 #1 SMP Debian 5.10.140-1 (2022-09-02) x86_64",
		"timestamp":	{
			"time":	"Tue, 30 Jan 2024 23:09:08 GMT",
			"timesecs":	1706656148
		},
		"connecting_to":	{
			"host":	"10.10.10.4",
			"port":	5201
		},
		"cookie":	"klcfr6wwga2aiivokmigtpwoajrgpacgb4ep",
		"tcp_mss_default":	1448,
		"target_bitrate":	10000000000,
		"sock_bufsize":	0,
		"sndbuf_actual":	1000000,
		"rcvbuf_actual":	1000000,
		"test_start":	{
			"protocol":	"TCP",
			"num_streams":	1,
			"blksize":	131072,
			"omit":	0,
			"duration":	90,
			"bytes":	0,
			"blocks":	0,
			"reverse":	0,
			"tos":	0
		}
	},
	"intervals":	[{
			"streams":	[{
					"socket":	5,
					"start":	0,
					"end":	60.000112,
					"seconds":	60.0001106262207,
					"bytes":	7062683648,
					"bits_per_second":	941689416.80764568,
					"retransmits":	0,
					"snd_cwnd":	424264,
					"rtt":	2185,
					"rttvar":	97,
					"pmtu":	9000,
					"omitted":	false,
					"sender":	true
				}],
			"sum":	{
				"start":	0,
				"end":	60.000112,
				"seconds":	60.0001106262207,
				"bytes":	7062683648,
				"bits_per_second":	941689416.80764568,
				"retransmits":	0,
				"omitted":	false,
				"sender":	true
			}
		}, {
			"streams":	[{
					"socket":	5,
					"start":	60.000112,
					"end":	90.000076,
					"seconds":	29.999963760375977,
					"bytes":	3530555392,
					"bits_per_second":	941482575.16581833,
					"retransmits":	0,
					"snd_cwnd":	424264,
					"rtt":	2202,
					"rttvar":	101,
					"pmtu":	9000,
					"omitted":	false,
					"sender":	true
				}],
			"sum":	{
				"start":	60.000112,
				"end":	90.000076,
				"seconds":	29.999963760375977,
				"bytes":	3530555392,
				"bits_per_second":	941482575.16581833,
				"retransmits":	0,
				"omitted":	false,
				"sender":	true
			}
		}],
	"end":	{
		"streams":	[{
				"sender":	{
					"socket":	5,
					"start":	0,
					"end":	90.000076,
					"seconds":	90.000076,
					"bytes":	10593239040,
					"bits_per_second":	941620452.85383976,
					"retransmits":	0,
					"max_snd_cwnd":	424264,
					"max_rtt":	2202,
					"min_rtt":	2185,
					"mean_rtt":	2193,
					"sender":	true
				},
				"receiver":	{
					"socket":	5,
					"start":	0,
					"end":	90.040982007980347,
					"seconds":	90.000076,
					"bytes":	10591805088,
					"bits_per_second":	941065266.219442,
					"sender":	true
				}
			}],
		"sum_sent":	{
			"start":	0,
			"end":	90.000076,
			"seconds":	90.000076,
			"bytes":	10593239040,
			"bits_per_second":	941620452.85383976,
			"retransmits":	0,
			"sender":	true
		},
		"sum_received":	{
			"start":	0,
			"end":	90.040982007980347,
			"seconds":	90.040982007980347,
			"bytes":	10591805088,
			"bits_per_second":	941065266.219442,
			"sender":	true
		},
		"cpu_utilization_percent":	{
			"host_total":	16.129914248613868,
			"host_user":	0.657103478170411,
			"host_system":	15.472810770443457,
			"remote_total":	26.007040500577332,
			"remote_user":	2.5160327527820625,
			"remote_system":	23.491006638139336
		},
		"sender_tcp_congestion":	"cubic",
		"receiver_tcp_congestion":	"cubic"
	}
}
