{
	"start":	{
		"connected":	[{
				"socket":	5,
				"local_host":	"10.10.10.2",
				"local_port":	35598,
				"remote_host":	"10.10.10.4",
				"remote_port":	5201
			}],
		"version":	"iperf 3.9",
		"system_info":	"Linux zelda 5.10.0-18-amd64 #1 SMP Debian 5.10.140-1 (2022-09-02) x86_64",
		"timestamp":	{
			"time":	"Tue, 30 Jan 2024 10:12:52 GMT",
			"timesecs":	1706609572
		},
		"connecting_to":	{
			"host":	"10.10.10.4",
			"port":	5201
		},
		"cookie":	"vpkewowbwima52fbeev55zvkzuupvxtifrma",
		"tcp_mss_default":	1448,
		"target_bitrate":	2000000000,
		"sock_bufsize":	0,
		"sndbuf_actual":	1000000,
		"rcvbuf_actual":	1000000,
		"test_start":	{
			"protocol":	"TCP",
			"num_streams":	1,
			"blksize":	131072,
			"omit":	0,
			"duration":	50,
			"bytes":	0,
			"blocks":	0,
			"reverse":	0,
			"tos":	0
		}
	},
	"intervals":	[{
			"streams":	[{
					"socket":	5,
					"start":	0,
					"end":	50.000079,
					"seconds":	50.000080108642578,
					"bytes":	5886705664,
					"bits_per_second":	941871397.1992178,
					"retransmits":	0,
					"snd_cwnd":	618296,
					"rtt":	2698,
					"rttvar":	132,
					"pmtu":	9000,
					"omitted":	false,
					"sender":	true
				}],
			"sum":	{
				"start":	0,
				"end":	50.000079,
				"seconds":	50.000080108642578,
				"bytes":	5886705664,
				"bits_per_second":	941871397.1992178,
				"retransmits":	0,
				"omitted":	false,
				"sender":	true
			}
		}],
	"end":	{
		"streams":	[{
				"sender":	{
					"socket":	5,
					"start":	0,
					"end":	50.000079,
					"seconds":	50.000079,
					"bytes":	5886705664,
					"bits_per_second":	941871418.08315945,
					"retransmits":	0,
					"max_snd_cwnd":	618296,
					"max_rtt":	2698,
					"min_rtt":	2698,
					"mean_rtt":	2698,
					"sender":	true
				},
				"receiver":	{
					"socket":	5,
					"start":	0,
					"end":	50.041696071624756,
					"seconds":	50.000079,
					"bytes":	5884516368,
					"bits_per_second":	940738117.20170045,
					"sender":	true
				}
			}],
		"sum_sent":	{
			"start":	0,
			"end":	50.000079,
			"seconds":	50.000079,
			"bytes":	5886705664,
			"bits_per_second":	941871418.08315945,
			"retransmits":	0,
			"sender":	true
		},
		"sum_received":	{
			"start":	0,
			"end":	50.041696071624756,
			"seconds":	50.041696071624756,
			"bytes":	5884516368,
			"bits_per_second":	940738117.20170045,
			"sender":	true
		},
		"cpu_utilization_percent":	{
			"host_total":	16.090137198480928,
			"host_user":	0.72082372917877457,
			"host_system":	15.369317462575244,
			"remote_total":	27.670020855880217,
			"remote_user":	2.9167106206365729,
			"remote_system":	24.753308239981152
		},
		"sender_tcp_congestion":	"cubic",
		"receiver_tcp_congestion":	"cubic"
	}
}
