{
	"start":	{
		"connected":	[{
				"socket":	5,
				"local_host":	"10.10.10.2",
				"local_port":	35284,
				"remote_host":	"10.10.10.4",
				"remote_port":	5201
			}],
		"version":	"iperf 3.9",
		"system_info":	"Linux zelda 5.10.0-18-amd64 #1 SMP Debian 5.10.140-1 (2022-09-02) x86_64",
		"timestamp":	{
			"time":	"Tue, 30 Jan 2024 15:22:22 GMT",
			"timesecs":	1706628142
		},
		"connecting_to":	{
			"host":	"10.10.10.4",
			"port":	5201
		},
		"cookie":	"2lxor7s34kklkkj3tshhydmifg3yxr54kd2l",
		"tcp_mss_default":	1448,
		"target_bitrate":	5000000000,
		"sock_bufsize":	0,
		"sndbuf_actual":	1000000,
		"rcvbuf_actual":	1000000,
		"test_start":	{
			"protocol":	"TCP",
			"num_streams":	1,
			"blksize":	131072,
			"omit":	0,
			"duration":	80,
			"bytes":	0,
			"blocks":	0,
			"reverse":	0,
			"tos":	0
		}
	},
	"intervals":	[{
			"streams":	[{
					"socket":	5,
					"start":	0,
					"end":	60.000083,
					"seconds":	60.000083923339844,
					"bytes":	7063732224,
					"bits_per_second":	941829645.84184265,
					"retransmits":	0,
					"snd_cwnd":	948440,
					"rtt":	2869,
					"rttvar":	91,
					"pmtu":	9000,
					"omitted":	false,
					"sender":	true
				}],
			"sum":	{
				"start":	0,
				"end":	60.000083,
				"seconds":	60.000083923339844,
				"bytes":	7063732224,
				"bits_per_second":	941829645.84184265,
				"retransmits":	0,
				"omitted":	false,
				"sender":	true
			}
		}, {
			"streams":	[{
					"socket":	5,
					"start":	60.000083,
					"end":	80.000074,
					"seconds":	19.999990463256836,
					"bytes":	2353659904,
					"bits_per_second":	941464410.525214,
					"retransmits":	0,
					"snd_cwnd":	948440,
					"rtt":	3292,
					"rttvar":	140,
					"pmtu":	9000,
					"omitted":	false,
					"sender":	true
				}],
			"sum":	{
				"start":	60.000083,
				"end":	80.000074,
				"seconds":	19.999990463256836,
				"bytes":	2353659904,
				"bits_per_second":	941464410.525214,
				"retransmits":	0,
				"omitted":	false,
				"sender":	true
			}
		}],
	"end":	{
		"streams":	[{
				"sender":	{
					"socket":	5,
					"start":	0,
					"end":	80.000074,
					"seconds":	80.000074,
					"bytes":	9417392128,
					"bits_per_second":	941738341.692034,
					"retransmits":	0,
					"max_snd_cwnd":	948440,
					"max_rtt":	3292,
					"min_rtt":	2869,
					"mean_rtt":	3080,
					"sender":	true
				},
				"receiver":	{
					"socket":	5,
					"start":	0,
					"end":	80.044358968734741,
					"seconds":	80.000074,
					"bytes":	9415009696,
					"bits_per_second":	940979208.758733,
					"sender":	true
				}
			}],
		"sum_sent":	{
			"start":	0,
			"end":	80.000074,
			"seconds":	80.000074,
			"bytes":	9417392128,
			"bits_per_second":	941738341.692034,
			"retransmits":	0,
			"sender":	true
		},
		"sum_received":	{
			"start":	0,
			"end":	80.044358968734741,
			"seconds":	80.044358968734741,
			"bytes":	9415009696,
			"bits_per_second":	940979208.758733,
			"sender":	true
		},
		"cpu_utilization_percent":	{
			"host_total":	16.121318148315982,
			"host_user":	0.52769730003162063,
			"host_system":	15.593620848284365,
			"remote_total":	24.409569316938846,
			"remote_user":	2.4606547195641144,
			"remote_system":	21.948914597374731
		},
		"sender_tcp_congestion":	"cubic",
		"receiver_tcp_congestion":	"cubic"
	}
}
