{
	"start":	{
		"connected":	[{
				"socket":	5,
				"local_host":	"10.10.10.2",
				"local_port":	45838,
				"remote_host":	"10.10.10.4",
				"remote_port":	5201
			}],
		"version":	"iperf 3.9",
		"system_info":	"Linux zelda 5.10.0-18-amd64 #1 SMP Debian 5.10.140-1 (2022-09-02) x86_64",
		"timestamp":	{
			"time":	"Tue, 30 Jan 2024 22:51:05 GMT",
			"timesecs":	1706655065
		},
		"connecting_to":	{
			"host":	"10.10.10.4",
			"port":	5201
		},
		"cookie":	"afhvda27tipxespoo5llfodgr4twdwltcbz5",
		"tcp_mss_default":	1448,
		"target_bitrate":	10000000000,
		"sock_bufsize":	0,
		"sndbuf_actual":	1000000,
		"rcvbuf_actual":	1000000,
		"test_start":	{
			"protocol":	"TCP",
			"num_streams":	1,
			"blksize":	131072,
			"omit":	0,
			"duration":	70,
			"bytes":	0,
			"blocks":	0,
			"reverse":	0,
			"tos":	0
		}
	},
	"intervals":	[{
			"streams":	[{
					"socket":	5,
					"start":	0,
					"end":	60.00015,
					"seconds":	60.000148773193359,
					"bytes":	7063207936,
					"bits_per_second":	941758722.99245679,
					"retransmits":	0,
					"snd_cwnd":	531416,
					"rtt":	2329,
					"rttvar":	124,
					"pmtu":	9000,
					"omitted":	false,
					"sender":	true
				}],
			"sum":	{
				"start":	0,
				"end":	60.00015,
				"seconds":	60.000148773193359,
				"bytes":	7063207936,
				"bits_per_second":	941758722.99245679,
				"retransmits":	0,
				"omitted":	false,
				"sender":	true
			}
		}, {
			"streams":	[{
					"socket":	5,
					"start":	60.00015,
					"end":	70.000103,
					"seconds":	9.9999532699584961,
					"bytes":	1176764416,
					"bits_per_second":	941415932.04055762,
					"retransmits":	0,
					"snd_cwnd":	531416,
					"rtt":	2725,
					"rttvar":	140,
					"pmtu":	9000,
					"omitted":	false,
					"sender":	true
				}],
			"sum":	{
				"start":	60.00015,
				"end":	70.000103,
				"seconds":	9.9999532699584961,
				"bytes":	1176764416,
				"bits_per_second":	941415932.04055762,
				"retransmits":	0,
				"omitted":	false,
				"sender":	true
			}
		}],
	"end":	{
		"streams":	[{
				"sender":	{
					"socket":	5,
					"start":	0,
					"end":	70.000103,
					"seconds":	70.000103,
					"bytes":	8239972352,
					"bits_per_second":	941709740.28423941,
					"retransmits":	0,
					"max_snd_cwnd":	531416,
					"max_rtt":	2725,
					"min_rtt":	2329,
					"mean_rtt":	2527,
					"sender":	true
				},
				"receiver":	{
					"socket":	5,
					"start":	0,
					"end":	70.0407440662384,
					"seconds":	70.000103,
					"bytes":	8238090888,
					"bits_per_second":	940948414.84940648,
					"sender":	true
				}
			}],
		"sum_sent":	{
			"start":	0,
			"end":	70.000103,
			"seconds":	70.000103,
			"bytes":	8239972352,
			"bits_per_second":	941709740.28423941,
			"retransmits":	0,
			"sender":	true
		},
		"sum_received":	{
			"start":	0,
			"end":	70.0407440662384,
			"seconds":	70.0407440662384,
			"bytes":	8238090888,
			"bits_per_second":	940948414.84940648,
			"sender":	true
		},
		"cpu_utilization_percent":	{
			"host_total":	16.501458397357268,
			"host_user":	0.56954846456274633,
			"host_system":	15.931909932794522,
			"remote_total":	26.37662379039779,
			"remote_user":	2.5627954613463388,
			"remote_system":	23.813826902881814
		},
		"sender_tcp_congestion":	"cubic",
		"receiver_tcp_congestion":	"cubic"
	}
}
