{
	"start":	{
		"connected":	[{
				"socket":	5,
				"local_host":	"10.10.10.2",
				"local_port":	42480,
				"remote_host":	"10.10.10.4",
				"remote_port":	5201
			}],
		"version":	"iperf 3.9",
		"system_info":	"Linux zelda 5.10.0-18-amd64 #1 SMP Debian 5.10.140-1 (2022-09-02) x86_64",
		"timestamp":	{
			"time":	"Tue, 30 Jan 2024 10:00:49 GMT",
			"timesecs":	1706608849
		},
		"connecting_to":	{
			"host":	"10.10.10.4",
			"port":	5201
		},
		"cookie":	"mpjf7mftkhze6ttq2vshqngvejaysttv6jl2",
		"tcp_mss_default":	1448,
		"target_bitrate":	2000000000,
		"sock_bufsize":	0,
		"sndbuf_actual":	1000000,
		"rcvbuf_actual":	1000000,
		"test_start":	{
			"protocol":	"TCP",
			"num_streams":	1,
			"blksize":	131072,
			"omit":	0,
			"duration":	30,
			"bytes":	0,
			"blocks":	0,
			"reverse":	0,
			"tos":	0
		}
	},
	"intervals":	[{
			"streams":	[{
					"socket":	5,
					"start":	0,
					"end":	30.000056,
					"seconds":	30.000055313110352,
					"bytes":	3533045760,
					"bits_per_second":	942143798.90320277,
					"retransmits":	0,
					"snd_cwnd":	619744,
					"rtt":	2793,
					"rttvar":	169,
					"pmtu":	9000,
					"omitted":	false,
					"sender":	true
				}],
			"sum":	{
				"start":	0,
				"end":	30.000056,
				"seconds":	30.000055313110352,
				"bytes":	3533045760,
				"bits_per_second":	942143798.90320277,
				"retransmits":	0,
				"omitted":	false,
				"sender":	true
			}
		}],
	"end":	{
		"streams":	[{
				"sender":	{
					"socket":	5,
					"start":	0,
					"end":	30.000056,
					"seconds":	30.000056,
					"bytes":	3533045760,
					"bits_per_second":	942143777.33161557,
					"retransmits":	0,
					"max_snd_cwnd":	619744,
					"max_rtt":	2793,
					"min_rtt":	2793,
					"mean_rtt":	2793,
					"sender":	true
				},
				"receiver":	{
					"socket":	5,
					"start":	0,
					"end":	30.041612863540649,
					"seconds":	30.000056,
					"bytes":	3530799608,
					"bits_per_second":	940242356.23782456,
					"sender":	true
				}
			}],
		"sum_sent":	{
			"start":	0,
			"end":	30.000056,
			"seconds":	30.000056,
			"bytes":	3533045760,
			"bits_per_second":	942143777.33161557,
			"retransmits":	0,
			"sender":	true
		},
		"sum_received":	{
			"start":	0,
			"end":	30.041612863540649,
			"seconds":	30.041612863540649,
			"bytes":	3530799608,
			"bits_per_second":	940242356.23782456,
			"sender":	true
		},
		"cpu_utilization_percent":	{
			"host_total":	15.880612840451727,
			"host_user":	0.634813234504456,
			"host_system":	15.245799605947271,
			"remote_total":	22.98197428802877,
			"remote_user":	2.3277580744436079,
			"remote_system":	20.654212893358093
		},
		"sender_tcp_congestion":	"cubic",
		"receiver_tcp_congestion":	"cubic"
	}
}
