{
	"start":	{
		"connected":	[{
				"socket":	5,
				"local_host":	"10.10.10.2",
				"local_port":	49948,
				"remote_host":	"10.10.10.4",
				"remote_port":	5201
			}],
		"version":	"iperf 3.9",
		"system_info":	"Linux zelda 5.10.0-18-amd64 #1 SMP Debian 5.10.140-1 (2022-09-02) x86_64",
		"timestamp":	{
			"time":	"Tue, 30 Jan 2024 21:11:03 GMT",
			"timesecs":	1706649063
		},
		"connecting_to":	{
			"host":	"10.10.10.4",
			"port":	5201
		},
		"cookie":	"xsu4iawtr5kdi5c6kjmzvwkovkytcibx5whd",
		"tcp_mss_default":	1448,
		"target_bitrate":	9000000000,
		"sock_bufsize":	0,
		"sndbuf_actual":	1000000,
		"rcvbuf_actual":	1000000,
		"test_start":	{
			"protocol":	"TCP",
			"num_streams":	1,
			"blksize":	131072,
			"omit":	0,
			"duration":	60,
			"bytes":	0,
			"blocks":	0,
			"reverse":	0,
			"tos":	0
		}
	},
	"intervals":	[{
			"streams":	[{
					"socket":	5,
					"start":	0,
					"end":	60.000107,
					"seconds":	60.000106811523438,
					"bytes":	7063076864,
					"bits_per_second":	941741905.3852067,
					"retransmits":	0,
					"snd_cwnd":	506800,
					"rtt":	2705,
					"rttvar":	126,
					"pmtu":	9000,
					"omitted":	false,
					"sender":	true
				}],
			"sum":	{
				"start":	0,
				"end":	60.000107,
				"seconds":	60.000106811523438,
				"bytes":	7063076864,
				"bits_per_second":	941741905.3852067,
				"retransmits":	0,
				"omitted":	false,
				"sender":	true
			}
		}],
	"end":	{
		"streams":	[{
				"sender":	{
					"socket":	5,
					"start":	0,
					"end":	60.000107,
					"seconds":	60.000107,
					"bytes":	7063076864,
					"bits_per_second":	941741902.42694068,
					"retransmits":	0,
					"max_snd_cwnd":	506800,
					"max_rtt":	2705,
					"min_rtt":	2705,
					"mean_rtt":	2705,
					"sender":	true
				},
				"receiver":	{
					"socket":	5,
					"start":	0,
					"end":	60.044661998748779,
					"seconds":	60.000107,
					"bytes":	7061305968,
					"bits_per_second":	940807156.93223751,
					"sender":	true
				}
			}],
		"sum_sent":	{
			"start":	0,
			"end":	60.000107,
			"seconds":	60.000107,
			"bytes":	7063076864,
			"bits_per_second":	941741902.42694068,
			"retransmits":	0,
			"sender":	true
		},
		"sum_received":	{
			"start":	0,
			"end":	60.044661998748779,
			"seconds":	60.044661998748779,
			"bytes":	7061305968,
			"bits_per_second":	940807156.93223751,
			"sender":	true
		},
		"cpu_utilization_percent":	{
			"host_total":	16.1200116267966,
			"host_user":	0.6065558530745957,
			"host_system":	15.513454109517754,
			"remote_total":	24.452443646228087,
			"remote_user":	2.31686056331078,
			"remote_system":	22.135583082917307
		},
		"sender_tcp_congestion":	"cubic",
		"receiver_tcp_congestion":	"cubic"
	}
}
