{
	"start":	{
		"connected":	[{
				"socket":	5,
				"local_host":	"10.10.10.2",
				"local_port":	57572,
				"remote_host":	"10.10.10.4",
				"remote_port":	5201
			}],
		"version":	"iperf 3.9",
		"system_info":	"Linux zelda 5.10.0-18-amd64 #1 SMP Debian 5.10.140-1 (2022-09-02) x86_64",
		"timestamp":	{
			"time":	"Tue, 30 Jan 2024 19:18:57 GMT",
			"timesecs":	1706642337
		},
		"connecting_to":	{
			"host":	"10.10.10.4",
			"port":	5201
		},
		"cookie":	"h6co527kqwqikggksjruuwc7ib2qqraauup4",
		"tcp_mss_default":	1448,
		"target_bitrate":	8000000000,
		"sock_bufsize":	0,
		"sndbuf_actual":	1000000,
		"rcvbuf_actual":	1000000,
		"test_start":	{
			"protocol":	"TCP",
			"num_streams":	1,
			"blksize":	131072,
			"omit":	0,
			"duration":	40,
			"bytes":	0,
			"blocks":	0,
			"reverse":	0,
			"tos":	0
		}
	},
	"intervals":	[{
			"streams":	[{
					"socket":	5,
					"start":	0,
					"end":	40.000081,
					"seconds":	40.000080108642578,
					"bytes":	4708892672,
					"bits_per_second":	941776648.28877735,
					"retransmits":	22,
					"snd_cwnd":	482184,
					"rtt":	2254,
					"rttvar":	149,
					"pmtu":	9000,
					"omitted":	false,
					"sender":	true
				}],
			"sum":	{
				"start":	0,
				"end":	40.000081,
				"seconds":	40.000080108642578,
				"bytes":	4708892672,
				"bits_per_second":	941776648.28877735,
				"retransmits":	22,
				"omitted":	false,
				"sender":	true
			}
		}],
	"end":	{
		"streams":	[{
				"sender":	{
					"socket":	5,
					"start":	0,
					"end":	40.000081,
					"seconds":	40.000081,
					"bytes":	4708892672,
					"bits_per_second":	941776627.30232966,
					"retransmits":	22,
					"max_snd_cwnd":	482184,
					"max_rtt":	2254,
					"min_rtt":	2254,
					"mean_rtt":	2254,
					"sender":	true
				},
				"receiver":	{
					"socket":	5,
					"start":	0,
					"end":	40.043761014938354,
					"seconds":	40.000081,
					"bytes":	4707205488,
					"bits_per_second":	940412262.723069,
					"sender":	true
				}
			}],
		"sum_sent":	{
			"start":	0,
			"end":	40.000081,
			"seconds":	40.000081,
			"bytes":	4708892672,
			"bits_per_second":	941776627.30232966,
			"retransmits":	22,
			"sender":	true
		},
		"sum_received":	{
			"start":	0,
			"end":	40.043761014938354,
			"seconds":	40.043761014938354,
			"bytes":	4707205488,
			"bits_per_second":	940412262.723069,
			"sender":	true
		},
		"cpu_utilization_percent":	{
			"host_total":	15.902779366390169,
			"host_user":	0.68879267434550817,
			"host_system":	15.21399168136166,
			"remote_total":	26.142720388447465,
			"remote_user":	2.4950067264882465,
			"remote_system":	23.647711169559546
		},
		"sender_tcp_congestion":	"cubic",
		"receiver_tcp_congestion":	"cubic"
	}
}
