{
	"start":	{
		"connected":	[{
				"socket":	5,
				"local_host":	"10.10.10.2",
				"local_port":	37026,
				"remote_host":	"10.10.10.4",
				"remote_port":	5201
			}],
		"version":	"iperf 3.9",
		"system_info":	"Linux zelda 5.10.0-18-amd64 #1 SMP Debian 5.10.140-1 (2022-09-02) x86_64",
		"timestamp":	{
			"time":	"Tue, 30 Jan 2024 14:37:52 GMT",
			"timesecs":	1706625472
		},
		"connecting_to":	{
			"host":	"10.10.10.4",
			"port":	5201
		},
		"cookie":	"eswbwy3mqy7swusxdy57e4wyx6ojrgy2rqni",
		"tcp_mss_default":	1448,
		"target_bitrate":	5000000000,
		"sock_bufsize":	0,
		"sndbuf_actual":	1000000,
		"rcvbuf_actual":	1000000,
		"test_start":	{
			"protocol":	"TCP",
			"num_streams":	1,
			"blksize":	131072,
			"omit":	0,
			"duration":	30,
			"bytes":	0,
			"blocks":	0,
			"reverse":	0,
			"tos":	0
		}
	},
	"intervals":	[{
			"streams":	[{
					"socket":	5,
					"start":	0,
					"end":	30.000081,
					"seconds":	30.000080108642578,
					"bytes":	3532128256,
					"bits_per_second":	941898353.126716,
					"retransmits":	0,
					"snd_cwnd":	417024,
					"rtt":	2251,
					"rttvar":	147,
					"pmtu":	9000,
					"omitted":	false,
					"sender":	true
				}],
			"sum":	{
				"start":	0,
				"end":	30.000081,
				"seconds":	30.000080108642578,
				"bytes":	3532128256,
				"bits_per_second":	941898353.126716,
				"retransmits":	0,
				"omitted":	false,
				"sender":	true
			}
		}],
	"end":	{
		"streams":	[{
				"sender":	{
					"socket":	5,
					"start":	0,
					"end":	30.000081,
					"seconds":	30.000081,
					"bytes":	3532128256,
					"bits_per_second":	941898325.14118874,
					"retransmits":	0,
					"max_snd_cwnd":	417024,
					"max_rtt":	2251,
					"min_rtt":	2251,
					"mean_rtt":	2251,
					"sender":	true
				},
				"receiver":	{
					"socket":	5,
					"start":	0,
					"end":	30.043573141098022,
					"seconds":	30.000081,
					"bytes":	3530741688,
					"bits_per_second":	940165584.544305,
					"sender":	true
				}
			}],
		"sum_sent":	{
			"start":	0,
			"end":	30.000081,
			"seconds":	30.000081,
			"bytes":	3532128256,
			"bits_per_second":	941898325.14118874,
			"retransmits":	0,
			"sender":	true
		},
		"sum_received":	{
			"start":	0,
			"end":	30.043573141098022,
			"seconds":	30.043573141098022,
			"bytes":	3530741688,
			"bits_per_second":	940165584.544305,
			"sender":	true
		},
		"cpu_utilization_percent":	{
			"host_total":	16.632706147288321,
			"host_user":	0.65848418908036577,
			"host_system":	15.974225282022324,
			"remote_total":	24.1107293844795,
			"remote_user":	2.48634009037609,
			"remote_system":	21.624389294103409
		},
		"sender_tcp_congestion":	"cubic",
		"receiver_tcp_congestion":	"cubic"
	}
}
