{
	"start":	{
		"connected":	[{
				"socket":	5,
				"local_host":	"10.10.10.2",
				"local_port":	40490,
				"remote_host":	"10.10.10.4",
				"remote_port":	5201
			}],
		"version":	"iperf 3.9",
		"system_info":	"Linux zelda 5.10.0-18-amd64 #1 SMP Debian 5.10.140-1 (2022-09-02) x86_64",
		"timestamp":	{
			"time":	"Tue, 30 Jan 2024 22:33:12 GMT",
			"timesecs":	1706653992
		},
		"connecting_to":	{
			"host":	"10.10.10.4",
			"port":	5201
		},
		"cookie":	"x24e2ipyi4lrlhozh5osyqla6hurhn3kojcy",
		"tcp_mss_default":	1448,
		"target_bitrate":	10000000000,
		"sock_bufsize":	0,
		"sndbuf_actual":	1000000,
		"rcvbuf_actual":	1000000,
		"test_start":	{
			"protocol":	"TCP",
			"num_streams":	1,
			"blksize":	131072,
			"omit":	0,
			"duration":	50,
			"bytes":	0,
			"blocks":	0,
			"reverse":	0,
			"tos":	0
		}
	},
	"intervals":	[{
			"streams":	[{
					"socket":	5,
					"start":	0,
					"end":	50.000073,
					"seconds":	50.000072479248047,
					"bytes":	5886705664,
					"bits_per_second":	941871540.917179,
					"retransmits":	0,
					"snd_cwnd":	635672,
					"rtt":	2746,
					"rttvar":	93,
					"pmtu":	9000,
					"omitted":	false,
					"sender":	true
				}],
			"sum":	{
				"start":	0,
				"end":	50.000073,
				"seconds":	50.000072479248047,
				"bytes":	5886705664,
				"bits_per_second":	941871540.917179,
				"retransmits":	0,
				"omitted":	false,
				"sender":	true
			}
		}],
	"end":	{
		"streams":	[{
				"sender":	{
					"socket":	5,
					"start":	0,
					"end":	50.000073,
					"seconds":	50.000073,
					"bytes":	5886705664,
					"bits_per_second":	941871531.10756457,
					"retransmits":	0,
					"max_snd_cwnd":	635672,
					"max_rtt":	2746,
					"min_rtt":	2746,
					"mean_rtt":	2746,
					"sender":	true
				},
				"receiver":	{
					"socket":	5,
					"start":	0,
					"end":	50.0417218208313,
					"seconds":	50.000073,
					"bytes":	5884517816,
					"bits_per_second":	940737864.627256,
					"sender":	true
				}
			}],
		"sum_sent":	{
			"start":	0,
			"end":	50.000073,
			"seconds":	50.000073,
			"bytes":	5886705664,
			"bits_per_second":	941871531.10756457,
			"retransmits":	0,
			"sender":	true
		},
		"sum_received":	{
			"start":	0,
			"end":	50.0417218208313,
			"seconds":	50.0417218208313,
			"bytes":	5884517816,
			"bits_per_second":	940737864.627256,
			"sender":	true
		},
		"cpu_utilization_percent":	{
			"host_total":	15.9472142586918,
			"host_user":	0.49013015164459139,
			"host_system":	15.457084107047207,
			"remote_total":	23.348183790297178,
			"remote_user":	2.2185399913629169,
			"remote_system":	21.1296398084135
		},
		"sender_tcp_congestion":	"cubic",
		"receiver_tcp_congestion":	"cubic"
	}
}
