{
	"start":	{
		"connected":	[{
				"socket":	5,
				"local_host":	"10.10.10.2",
				"local_port":	38146,
				"remote_host":	"10.10.10.4",
				"remote_port":	5201
			}],
		"version":	"iperf 3.9",
		"system_info":	"Linux zelda 5.10.0-18-amd64 #1 SMP Debian 5.10.140-1 (2022-09-02) x86_64",
		"timestamp":	{
			"time":	"Tue, 30 Jan 2024 12:38:33 GMT",
			"timesecs":	1706618313
		},
		"connecting_to":	{
			"host":	"10.10.10.4",
			"port":	5201
		},
		"cookie":	"dj5iw2uav72d4biyaishzwb3gllt3emurjzs",
		"tcp_mss_default":	1448,
		"target_bitrate":	3000000000,
		"sock_bufsize":	0,
		"sndbuf_actual":	1000000,
		"rcvbuf_actual":	1000000,
		"test_start":	{
			"protocol":	"TCP",
			"num_streams":	1,
			"blksize":	131072,
			"omit":	0,
			"duration":	90,
			"bytes":	0,
			"blocks":	0,
			"reverse":	0,
			"tos":	0
		}
	},
	"intervals":	[{
			"streams":	[{
					"socket":	5,
					"start":	0,
					"end":	60.000083,
					"seconds":	60.000083923339844,
					"bytes":	7063076864,
					"bits_per_second":	941742264.63073134,
					"retransmits":	0,
					"snd_cwnd":	512592,
					"rtt":	2712,
					"rttvar":	120,
					"pmtu":	9000,
					"omitted":	false,
					"sender":	true
				}],
			"sum":	{
				"start":	0,
				"end":	60.000083,
				"seconds":	60.000083923339844,
				"bytes":	7063076864,
				"bits_per_second":	941742264.63073134,
				"retransmits":	0,
				"omitted":	false,
				"sender":	true
			}
		}, {
			"streams":	[{
					"socket":	5,
					"start":	60.000083,
					"end":	90.00008,
					"seconds":	29.999996185302734,
					"bytes":	3530555392,
					"bits_per_second":	941481557.58223748,
					"retransmits":	0,
					"snd_cwnd":	512592,
					"rtt":	2274,
					"rttvar":	85,
					"pmtu":	9000,
					"omitted":	false,
					"sender":	true
				}],
			"sum":	{
				"start":	60.000083,
				"end":	90.00008,
				"seconds":	29.999996185302734,
				"bytes":	3530555392,
				"bits_per_second":	941481557.58223748,
				"retransmits":	0,
				"omitted":	false,
				"sender":	true
			}
		}],
	"end":	{
		"streams":	[{
				"sender":	{
					"socket":	5,
					"start":	0,
					"end":	90.00008,
					"seconds":	90.00008,
					"bytes":	10593632256,
					"bits_per_second":	941655363.5063436,
					"retransmits":	0,
					"max_snd_cwnd":	512592,
					"max_rtt":	2712,
					"min_rtt":	2274,
					"mean_rtt":	2493,
					"sender":	true
				},
				"receiver":	{
					"socket":	5,
					"start":	0,
					"end":	90.0440402030945,
					"seconds":	90.00008,
					"bytes":	10591805088,
					"bits_per_second":	941033304.51278424,
					"sender":	true
				}
			}],
		"sum_sent":	{
			"start":	0,
			"end":	90.00008,
			"seconds":	90.00008,
			"bytes":	10593632256,
			"bits_per_second":	941655363.5063436,
			"retransmits":	0,
			"sender":	true
		},
		"sum_received":	{
			"start":	0,
			"end":	90.0440402030945,
			"seconds":	90.0440402030945,
			"bytes":	10591805088,
			"bits_per_second":	941033304.51278424,
			"sender":	true
		},
		"cpu_utilization_percent":	{
			"host_total":	16.375440718481489,
			"host_user":	0.64191331024483145,
			"host_system":	15.733527408236657,
			"remote_total":	24.810852416233992,
			"remote_user":	2.3831705095777465,
			"remote_system":	22.427681906656243
		},
		"sender_tcp_congestion":	"cubic",
		"receiver_tcp_congestion":	"cubic"
	}
}
