{
	"start":	{
		"connected":	[{
				"socket":	5,
				"local_host":	"10.10.10.2",
				"local_port":	60784,
				"remote_host":	"10.10.10.4",
				"remote_port":	5201
			}],
		"version":	"iperf 3.9",
		"system_info":	"Linux zelda 5.10.0-18-amd64 #1 SMP Debian 5.10.140-1 (2022-09-02) x86_64",
		"timestamp":	{
			"time":	"Tue, 30 Jan 2024 19:43:33 GMT",
			"timesecs":	1706643813
		},
		"connecting_to":	{
			"host":	"10.10.10.4",
			"port":	5201
		},
		"cookie":	"dbzyfdybnvol3aemi4d4ep235eqtsckzhqdd",
		"tcp_mss_default":	1448,
		"target_bitrate":	8000000000,
		"sock_bufsize":	0,
		"sndbuf_actual":	1000000,
		"rcvbuf_actual":	1000000,
		"test_start":	{
			"protocol":	"TCP",
			"num_streams":	1,
			"blksize":	131072,
			"omit":	0,
			"duration":	70,
			"bytes":	0,
			"blocks":	0,
			"reverse":	0,
			"tos":	0
		}
	},
	"intervals":	[{
			"streams":	[{
					"socket":	5,
					"start":	0,
					"end":	60.000038,
					"seconds":	60.000038146972656,
					"bytes":	7063076864,
					"bits_per_second":	941742983.122603,
					"retransmits":	0,
					"snd_cwnd":	499560,
					"rtt":	2238,
					"rttvar":	116,
					"pmtu":	9000,
					"omitted":	false,
					"sender":	true
				}],
			"sum":	{
				"start":	0,
				"end":	60.000038,
				"seconds":	60.000038146972656,
				"bytes":	7063076864,
				"bits_per_second":	941742983.122603,
				"retransmits":	0,
				"omitted":	false,
				"sender":	true
			}
		}, {
			"streams":	[{
					"socket":	5,
					"start":	60.000038,
					"end":	70.000072,
					"seconds":	10.000034332275391,
					"bytes":	1176764416,
					"bits_per_second":	941408300.73109639,
					"retransmits":	0,
					"snd_cwnd":	499560,
					"rtt":	2394,
					"rttvar":	186,
					"pmtu":	9000,
					"omitted":	false,
					"sender":	true
				}],
			"sum":	{
				"start":	60.000038,
				"end":	70.000072,
				"seconds":	10.000034332275391,
				"bytes":	1176764416,
				"bits_per_second":	941408300.73109639,
				"retransmits":	0,
				"omitted":	false,
				"sender":	true
			}
		}],
	"end":	{
		"streams":	[{
				"sender":	{
					"socket":	5,
					"start":	0,
					"end":	70.000072,
					"seconds":	70.000072,
					"bytes":	8239841280,
					"bits_per_second":	941695177.68496,
					"retransmits":	0,
					"max_snd_cwnd":	499560,
					"max_rtt":	2394,
					"min_rtt":	2238,
					"mean_rtt":	2316,
					"sender":	true
				},
				"receiver":	{
					"socket":	5,
					"start":	0,
					"end":	70.043694019317627,
					"seconds":	70.000072,
					"bytes":	8238095568,
					"bits_per_second":	940909320.485351,
					"sender":	true
				}
			}],
		"sum_sent":	{
			"start":	0,
			"end":	70.000072,
			"seconds":	70.000072,
			"bytes":	8239841280,
			"bits_per_second":	941695177.68496,
			"retransmits":	0,
			"sender":	true
		},
		"sum_received":	{
			"start":	0,
			"end":	70.043694019317627,
			"seconds":	70.043694019317627,
			"bytes":	8238095568,
			"bits_per_second":	940909320.485351,
			"sender":	true
		},
		"cpu_utilization_percent":	{
			"host_total":	16.206241784742982,
			"host_user":	0.69476216200467578,
			"host_system":	15.51147819595203,
			"remote_total":	25.2474116254222,
			"remote_user":	2.59637922046674,
			"remote_system":	22.651030978865546
		},
		"sender_tcp_congestion":	"cubic",
		"receiver_tcp_congestion":	"cubic"
	}
}
