{
	"start":	{
		"connected":	[{
				"socket":	5,
				"local_host":	"10.10.10.2",
				"local_port":	43930,
				"remote_host":	"10.10.10.4",
				"remote_port":	5201
			}],
		"version":	"iperf 3.9",
		"system_info":	"Linux zelda 5.10.0-18-amd64 #1 SMP Debian 5.10.140-1 (2022-09-02) x86_64",
		"timestamp":	{
			"time":	"Tue, 30 Jan 2024 20:42:55 GMT",
			"timesecs":	1706647375
		},
		"connecting_to":	{
			"host":	"10.10.10.4",
			"port":	5201
		},
		"cookie":	"lntsmbvak25l4naw37kx2gak7fpvz2loissq",
		"tcp_mss_default":	1448,
		"target_bitrate":	9000000000,
		"sock_bufsize":	0,
		"sndbuf_actual":	1000000,
		"rcvbuf_actual":	1000000,
		"test_start":	{
			"protocol":	"TCP",
			"num_streams":	1,
			"blksize":	131072,
			"omit":	0,
			"duration":	30,
			"bytes":	0,
			"blocks":	0,
			"reverse":	0,
			"tos":	0
		}
	},
	"intervals":	[{
			"streams":	[{
					"socket":	5,
					"start":	0,
					"end":	30.000094,
					"seconds":	30.000093460083008,
					"bytes":	3532390400,
					"bits_per_second":	941967838.78692,
					"retransmits":	0,
					"snd_cwnd":	456120,
					"rtt":	2299,
					"rttvar":	147,
					"pmtu":	9000,
					"omitted":	false,
					"sender":	true
				}],
			"sum":	{
				"start":	0,
				"end":	30.000094,
				"seconds":	30.000093460083008,
				"bytes":	3532390400,
				"bits_per_second":	941967838.78692,
				"retransmits":	0,
				"omitted":	false,
				"sender":	true
			}
		}],
	"end":	{
		"streams":	[{
				"sender":	{
					"socket":	5,
					"start":	0,
					"end":	30.000094,
					"seconds":	30.000094,
					"bytes":	3532390400,
					"bits_per_second":	941967821.83415818,
					"retransmits":	0,
					"max_snd_cwnd":	456120,
					"max_rtt":	2299,
					"min_rtt":	2299,
					"mean_rtt":	2299,
					"sender":	true
				},
				"receiver":	{
					"socket":	5,
					"start":	0,
					"end":	30.043910980224609,
					"seconds":	30.000094,
					"bytes":	3530746032,
					"bits_per_second":	940156169.234823,
					"sender":	true
				}
			}],
		"sum_sent":	{
			"start":	0,
			"end":	30.000094,
			"seconds":	30.000094,
			"bytes":	3532390400,
			"bits_per_second":	941967821.83415818,
			"retransmits":	0,
			"sender":	true
		},
		"sum_received":	{
			"start":	0,
			"end":	30.043910980224609,
			"seconds":	30.043910980224609,
			"bytes":	3530746032,
			"bits_per_second":	940156169.234823,
			"sender":	true
		},
		"cpu_utilization_percent":	{
			"host_total":	16.295667158830408,
			"host_user":	0.56167487447331976,
			"host_system":	15.734048784865177,
			"remote_total":	24.43367738730873,
			"remote_user":	2.684224555266578,
			"remote_system":	21.749452832042156
		},
		"sender_tcp_congestion":	"cubic",
		"receiver_tcp_congestion":	"cubic"
	}
}
