{
	"start":	{
		"connected":	[{
				"socket":	5,
				"local_host":	"10.10.10.2",
				"local_port":	60368,
				"remote_host":	"10.10.10.4",
				"remote_port":	5201
			}],
		"version":	"iperf 3.9",
		"system_info":	"Linux zelda 5.10.0-18-amd64 #1 SMP Debian 5.10.140-1 (2022-09-02) x86_64",
		"timestamp":	{
			"time":	"Tue, 30 Jan 2024 17:32:48 GMT",
			"timesecs":	1706635968
		},
		"connecting_to":	{
			"host":	"10.10.10.4",
			"port":	5201
		},
		"cookie":	"x3crqo5uiakg6rlcdecclmqdoy3fmjqnxtsl",
		"tcp_mss_default":	1448,
		"target_bitrate":	7000000000,
		"sock_bufsize":	0,
		"sndbuf_actual":	1000000,
		"rcvbuf_actual":	1000000,
		"test_start":	{
			"protocol":	"TCP",
			"num_streams":	1,
			"blksize":	131072,
			"omit":	0,
			"duration":	10,
			"bytes":	0,
			"blocks":	0,
			"reverse":	0,
			"tos":	0
		}
	},
	"intervals":	[{
			"streams":	[{
					"socket":	5,
					"start":	0,
					"end":	10.000078,
					"seconds":	10.000078201293945,
					"bytes":	1178599424,
					"bits_per_second":	942872165.81766081,
					"retransmits":	0,
					"snd_cwnd":	438744,
					"rtt":	2176,
					"rttvar":	95,
					"pmtu":	9000,
					"omitted":	false,
					"sender":	true
				}],
			"sum":	{
				"start":	0,
				"end":	10.000078,
				"seconds":	10.000078201293945,
				"bytes":	1178599424,
				"bits_per_second":	942872165.81766081,
				"retransmits":	0,
				"omitted":	false,
				"sender":	true
			}
		}],
	"end":	{
		"streams":	[{
				"sender":	{
					"socket":	5,
					"start":	0,
					"end":	10.000078,
					"seconds":	10.000078,
					"bytes":	1178599424,
					"bits_per_second":	942872184.79695857,
					"retransmits":	0,
					"max_snd_cwnd":	438744,
					"max_rtt":	2176,
					"min_rtt":	2176,
					"mean_rtt":	2176,
					"sender":	true
				},
				"receiver":	{
					"socket":	5,
					"start":	0,
					"end":	10.043961048126221,
					"seconds":	10.000078,
					"bytes":	1177092984,
					"bits_per_second":	937552806.7939657,
					"sender":	true
				}
			}],
		"sum_sent":	{
			"start":	0,
			"end":	10.000078,
			"seconds":	10.000078,
			"bytes":	1178599424,
			"bits_per_second":	942872184.79695857,
			"retransmits":	0,
			"sender":	true
		},
		"sum_received":	{
			"start":	0,
			"end":	10.043961048126221,
			"seconds":	10.043961048126221,
			"bytes":	1177092984,
			"bits_per_second":	937552806.7939657,
			"sender":	true
		},
		"cpu_utilization_percent":	{
			"host_total":	15.698227599316272,
			"host_user":	0.45851435519336808,
			"host_system":	15.239723158375526,
			"remote_total":	26.860754589073121,
			"remote_user":	2.4058976605104929,
			"remote_system":	24.454856928562631
		},
		"sender_tcp_congestion":	"cubic",
		"receiver_tcp_congestion":	"cubic"
	}
}
