{
	"start":	{
		"connected":	[{
				"socket":	5,
				"local_host":	"10.10.10.2",
				"local_port":	34510,
				"remote_host":	"10.10.10.4",
				"remote_port":	5201
			}],
		"version":	"iperf 3.9",
		"system_info":	"Linux zelda 5.10.0-18-amd64 #1 SMP Debian 5.10.140-1 (2022-09-02) x86_64",
		"timestamp":	{
			"time":	"Tue, 30 Jan 2024 16:13:34 GMT",
			"timesecs":	1706631214
		},
		"connecting_to":	{
			"host":	"10.10.10.4",
			"port":	5201
		},
		"cookie":	"cy7oanrehll5cbyad4wuoxc3p6f2cts7ehk5",
		"tcp_mss_default":	1448,
		"target_bitrate":	6000000000,
		"sock_bufsize":	0,
		"sndbuf_actual":	1000000,
		"rcvbuf_actual":	1000000,
		"test_start":	{
			"protocol":	"TCP",
			"num_streams":	1,
			"blksize":	131072,
			"omit":	0,
			"duration":	40,
			"bytes":	0,
			"blocks":	0,
			"reverse":	0,
			"tos":	0
		}
	},
	"intervals":	[{
			"streams":	[{
					"socket":	5,
					"start":	0,
					"end":	40.000073,
					"seconds":	40.000072479248047,
					"bytes":	4709810176,
					"bits_per_second":	941960328.3855927,
					"retransmits":	0,
					"snd_cwnd":	613952,
					"rtt":	2661,
					"rttvar":	262,
					"pmtu":	9000,
					"omitted":	false,
					"sender":	true
				}],
			"sum":	{
				"start":	0,
				"end":	40.000073,
				"seconds":	40.000072479248047,
				"bytes":	4709810176,
				"bits_per_second":	941960328.3855927,
				"retransmits":	0,
				"omitted":	false,
				"sender":	true
			}
		}],
	"end":	{
		"streams":	[{
				"sender":	{
					"socket":	5,
					"start":	0,
					"end":	40.000073,
					"seconds":	40.000073,
					"bytes":	4709810176,
					"bits_per_second":	941960316.122423,
					"retransmits":	0,
					"max_snd_cwnd":	613952,
					"max_rtt":	2661,
					"min_rtt":	2661,
					"mean_rtt":	2661,
					"sender":	true
				},
				"receiver":	{
					"socket":	5,
					"start":	0,
					"end":	40.044242143630981,
					"seconds":	40.000073,
					"bytes":	4707661608,
					"bits_per_second":	940492086.9501338,
					"sender":	true
				}
			}],
		"sum_sent":	{
			"start":	0,
			"end":	40.000073,
			"seconds":	40.000073,
			"bytes":	4709810176,
			"bits_per_second":	941960316.122423,
			"retransmits":	0,
			"sender":	true
		},
		"sum_received":	{
			"start":	0,
			"end":	40.044242143630981,
			"seconds":	40.044242143630981,
			"bytes":	4707661608,
			"bits_per_second":	940492086.9501338,
			"sender":	true
		},
		"cpu_utilization_percent":	{
			"host_total":	15.950294025672143,
			"host_user":	0.63784472706510953,
			"host_system":	15.312449298607033,
			"remote_total":	24.51005894852414,
			"remote_user":	2.3161067221086911,
			"remote_system":	22.193952226415451
		},
		"sender_tcp_congestion":	"cubic",
		"receiver_tcp_congestion":	"cubic"
	}
}
