{
	"start":	{
		"connected":	[{
				"socket":	5,
				"local_host":	"10.10.10.2",
				"local_port":	33162,
				"remote_host":	"10.10.10.4",
				"remote_port":	5201
			}],
		"version":	"iperf 3.9",
		"system_info":	"Linux zelda 5.10.0-18-amd64 #1 SMP Debian 5.10.140-1 (2022-09-02) x86_64",
		"timestamp":	{
			"time":	"Tue, 30 Jan 2024 12:57:26 GMT",
			"timesecs":	1706619446
		},
		"connecting_to":	{
			"host":	"10.10.10.4",
			"port":	5201
		},
		"cookie":	"4sskgkk5gpxyq2qgomao777v3hhtnptboiai",
		"tcp_mss_default":	1448,
		"target_bitrate":	4000000000,
		"sock_bufsize":	0,
		"sndbuf_actual":	1000000,
		"rcvbuf_actual":	1000000,
		"test_start":	{
			"protocol":	"TCP",
			"num_streams":	1,
			"blksize":	131072,
			"omit":	0,
			"duration":	10,
			"bytes":	0,
			"blocks":	0,
			"reverse":	0,
			"tos":	0
		}
	},
	"intervals":	[{
			"streams":	[{
					"socket":	5,
					"start":	0,
					"end":	10.000078,
					"seconds":	10.000078201293945,
					"bytes":	1178599424,
					"bits_per_second":	942872165.81766081,
					"retransmits":	0,
					"snd_cwnd":	443088,
					"rtt":	2223,
					"rttvar":	119,
					"pmtu":	9000,
					"omitted":	false,
					"sender":	true
				}],
			"sum":	{
				"start":	0,
				"end":	10.000078,
				"seconds":	10.000078201293945,
				"bytes":	1178599424,
				"bits_per_second":	942872165.81766081,
				"retransmits":	0,
				"omitted":	false,
				"sender":	true
			}
		}],
	"end":	{
		"streams":	[{
				"sender":	{
					"socket":	5,
					"start":	0,
					"end":	10.000078,
					"seconds":	10.000078,
					"bytes":	1178599424,
					"bits_per_second":	942872184.79695857,
					"retransmits":	0,
					"max_snd_cwnd":	443088,
					"max_rtt":	2223,
					"min_rtt":	2223,
					"mean_rtt":	2223,
					"sender":	true
				},
				"receiver":	{
					"socket":	5,
					"start":	0,
					"end":	10.044015884399414,
					"seconds":	10.000078,
					"bytes":	1177095880,
					"bits_per_second":	937549994.78110433,
					"sender":	true
				}
			}],
		"sum_sent":	{
			"start":	0,
			"end":	10.000078,
			"seconds":	10.000078,
			"bytes":	1178599424,
			"bits_per_second":	942872184.79695857,
			"retransmits":	0,
			"sender":	true
		},
		"sum_received":	{
			"start":	0,
			"end":	10.044015884399414,
			"seconds":	10.044015884399414,
			"bytes":	1177095880,
			"bits_per_second":	937549994.78110433,
			"sender":	true
		},
		"cpu_utilization_percent":	{
			"host_total":	15.63906765285075,
			"host_user":	0.68368104919546546,
			"host_system":	14.955396519836775,
			"remote_total":	26.691280977617339,
			"remote_user":	2.6936224931764272,
			"remote_system":	23.99764860129234
		},
		"sender_tcp_congestion":	"cubic",
		"receiver_tcp_congestion":	"cubic"
	}
}
