{
	"start":	{
		"connected":	[{
				"socket":	5,
				"local_host":	"10.10.10.2",
				"local_port":	42398,
				"remote_host":	"10.10.10.4",
				"remote_port":	5201
			}],
		"version":	"iperf 3.9",
		"system_info":	"Linux zelda 5.10.0-18-amd64 #1 SMP Debian 5.10.140-1 (2022-09-02) x86_64",
		"timestamp":	{
			"time":	"Tue, 30 Jan 2024 22:10:24 GMT",
			"timesecs":	1706652624
		},
		"connecting_to":	{
			"host":	"10.10.10.4",
			"port":	5201
		},
		"cookie":	"havtplnjnlnfods3bhgmlavuj7naqfgtlzra",
		"tcp_mss_default":	1448,
		"target_bitrate":	10000000000,
		"sock_bufsize":	0,
		"sndbuf_actual":	1000000,
		"rcvbuf_actual":	1000000,
		"test_start":	{
			"protocol":	"TCP",
			"num_streams":	1,
			"blksize":	131072,
			"omit":	0,
			"duration":	10,
			"bytes":	0,
			"blocks":	0,
			"reverse":	0,
			"tos":	0
		}
	},
	"intervals":	[{
			"streams":	[{
					"socket":	5,
					"start":	0,
					"end":	10.000079,
					"seconds":	10.000079154968262,
					"bytes":	1178468352,
					"bits_per_second":	942767219.12906921,
					"retransmits":	0,
					"snd_cwnd":	401096,
					"rtt":	2201,
					"rttvar":	116,
					"pmtu":	9000,
					"omitted":	false,
					"sender":	true
				}],
			"sum":	{
				"start":	0,
				"end":	10.000079,
				"seconds":	10.000079154968262,
				"bytes":	1178468352,
				"bits_per_second":	942767219.12906921,
				"retransmits":	0,
				"omitted":	false,
				"sender":	true
			}
		}],
	"end":	{
		"streams":	[{
				"sender":	{
					"socket":	5,
					"start":	0,
					"end":	10.000079,
					"seconds":	10.000079,
					"bytes":	1178468352,
					"bits_per_second":	942767233.73885345,
					"retransmits":	0,
					"max_snd_cwnd":	401096,
					"max_rtt":	2201,
					"min_rtt":	2201,
					"mean_rtt":	2201,
					"sender":	true
				},
				"receiver":	{
					"socket":	5,
					"start":	0,
					"end":	10.041169881820679,
					"seconds":	10.000079,
					"bytes":	1177100224,
					"bits_per_second":	937819188.68327451,
					"sender":	true
				}
			}],
		"sum_sent":	{
			"start":	0,
			"end":	10.000079,
			"seconds":	10.000079,
			"bytes":	1178468352,
			"bits_per_second":	942767233.73885345,
			"retransmits":	0,
			"sender":	true
		},
		"sum_received":	{
			"start":	0,
			"end":	10.041169881820679,
			"seconds":	10.041169881820679,
			"bytes":	1177100224,
			"bits_per_second":	937819188.68327451,
			"sender":	true
		},
		"cpu_utilization_percent":	{
			"host_total":	18.872170079860169,
			"host_user":	0.76696821608268173,
			"host_system":	18.10521178023038,
			"remote_total":	26.3810849791069,
			"remote_user":	1.9243564740258605,
			"remote_system":	24.456728505081038
		},
		"sender_tcp_congestion":	"cubic",
		"receiver_tcp_congestion":	"cubic"
	}
}
