{
	"start":	{
		"connected":	[{
				"socket":	5,
				"local_host":	"10.10.10.2",
				"local_port":	49036,
				"remote_host":	"10.10.10.4",
				"remote_port":	5201
			}],
		"version":	"iperf 3.9",
		"system_info":	"Linux zelda 5.10.0-18-amd64 #1 SMP Debian 5.10.140-1 (2022-09-02) x86_64",
		"timestamp":	{
			"time":	"Tue, 30 Jan 2024 17:29:28 GMT",
			"timesecs":	1706635768
		},
		"connecting_to":	{
			"host":	"10.10.10.4",
			"port":	5201
		},
		"cookie":	"t4chtdic7t7o6wzrxjstuoklorwuntzjnzbd",
		"tcp_mss_default":	1448,
		"target_bitrate":	6000000000,
		"sock_bufsize":	0,
		"sndbuf_actual":	1000000,
		"rcvbuf_actual":	1000000,
		"test_start":	{
			"protocol":	"TCP",
			"num_streams":	1,
			"blksize":	131072,
			"omit":	0,
			"duration":	100,
			"bytes":	0,
			"blocks":	0,
			"reverse":	0,
			"tos":	0
		}
	},
	"intervals":	[{
			"streams":	[{
					"socket":	5,
					"start":	0,
					"end":	60.000229,
					"seconds":	60.000228881835938,
					"bytes":	7063601152,
					"bits_per_second":	941809894.21370518,
					"retransmits":	0,
					"snd_cwnd":	628432,
					"rtt":	2549,
					"rttvar":	199,
					"pmtu":	9000,
					"omitted":	false,
					"sender":	true
				}],
			"sum":	{
				"start":	0,
				"end":	60.000229,
				"seconds":	60.000228881835938,
				"bytes":	7063601152,
				"bits_per_second":	941809894.21370518,
				"retransmits":	0,
				"omitted":	false,
				"sender":	true
			}
		}, {
			"streams":	[{
					"socket":	5,
					"start":	60.000229,
					"end":	100.000074,
					"seconds":	39.9998435974121,
					"bytes":	4707319808,
					"bits_per_second":	941467642.79939377,
					"retransmits":	0,
					"snd_cwnd":	628432,
					"rtt":	2736,
					"rttvar":	96,
					"pmtu":	9000,
					"omitted":	false,
					"sender":	true
				}],
			"sum":	{
				"start":	60.000229,
				"end":	100.000074,
				"seconds":	39.9998435974121,
				"bytes":	4707319808,
				"bits_per_second":	941467642.79939377,
				"retransmits":	0,
				"omitted":	false,
				"sender":	true
			}
		}],
	"end":	{
		"streams":	[{
				"sender":	{
					"socket":	5,
					"start":	0,
					"end":	100.000074,
					"seconds":	100.000074,
					"bytes":	11770920960,
					"bits_per_second":	941672979.961995,
					"retransmits":	0,
					"max_snd_cwnd":	628432,
					"max_rtt":	2736,
					"min_rtt":	2549,
					"mean_rtt":	2642,
					"sender":	true
				},
				"receiver":	{
					"socket":	5,
					"start":	0,
					"end":	100.04446911811829,
					"seconds":	100.000074,
					"bytes":	11768725008,
					"bits_per_second":	941079510.88071942,
					"sender":	true
				}
			}],
		"sum_sent":	{
			"start":	0,
			"end":	100.000074,
			"seconds":	100.000074,
			"bytes":	11770920960,
			"bits_per_second":	941672979.961995,
			"retransmits":	0,
			"sender":	true
		},
		"sum_received":	{
			"start":	0,
			"end":	100.04446911811829,
			"seconds":	100.04446911811829,
			"bytes":	11768725008,
			"bits_per_second":	941079510.88071942,
			"sender":	true
		},
		"cpu_utilization_percent":	{
			"host_total":	15.847517221755735,
			"host_user":	0.630775894035053,
			"host_system":	15.216741327720682,
			"remote_total":	26.594201988797529,
			"remote_user":	2.4032889001577273,
			"remote_system":	24.1909130886398
		},
		"sender_tcp_congestion":	"cubic",
		"receiver_tcp_congestion":	"cubic"
	}
}
