{
	"start":	{
		"connected":	[{
				"socket":	5,
				"local_host":	"10.10.10.2",
				"local_port":	50772,
				"remote_host":	"10.10.10.4",
				"remote_port":	5201
			}],
		"version":	"iperf 3.9",
		"system_info":	"Linux zelda 5.10.0-18-amd64 #1 SMP Debian 5.10.140-1 (2022-09-02) x86_64",
		"timestamp":	{
			"time":	"Tue, 30 Jan 2024 11:32:19 GMT",
			"timesecs":	1706614339
		},
		"connecting_to":	{
			"host":	"10.10.10.4",
			"port":	5201
		},
		"cookie":	"abkfjbrxbrodru5tlsrb3axttiy7bergflf7",
		"tcp_mss_default":	1448,
		"target_bitrate":	3000000000,
		"sock_bufsize":	0,
		"sndbuf_actual":	1000000,
		"rcvbuf_actual":	1000000,
		"test_start":	{
			"protocol":	"TCP",
			"num_streams":	1,
			"blksize":	131072,
			"omit":	0,
			"duration":	30,
			"bytes":	0,
			"blocks":	0,
			"reverse":	0,
			"tos":	0
		}
	},
	"intervals":	[{
			"streams":	[{
					"socket":	5,
					"start":	0,
					"end":	30.000108,
					"seconds":	30.00010871887207,
					"bytes":	3532390400,
					"bits_per_second":	941967359.67903757,
					"retransmits":	0,
					"snd_cwnd":	463360,
					"rtt":	2222,
					"rttvar":	154,
					"pmtu":	9000,
					"omitted":	false,
					"sender":	true
				}],
			"sum":	{
				"start":	0,
				"end":	30.000108,
				"seconds":	30.00010871887207,
				"bytes":	3532390400,
				"bits_per_second":	941967359.67903757,
				"retransmits":	0,
				"omitted":	false,
				"sender":	true
			}
		}],
	"end":	{
		"streams":	[{
				"sender":	{
					"socket":	5,
					"start":	0,
					"end":	30.000108,
					"seconds":	30.000108,
					"bytes":	3532390400,
					"bits_per_second":	941967382.25075722,
					"retransmits":	0,
					"max_snd_cwnd":	463360,
					"max_rtt":	2222,
					"min_rtt":	2222,
					"mean_rtt":	2222,
					"sender":	true
				},
				"receiver":	{
					"socket":	5,
					"start":	0,
					"end":	30.0439920425415,
					"seconds":	30.000108,
					"bytes":	3530741688,
					"bits_per_second":	940152475.876192,
					"sender":	true
				}
			}],
		"sum_sent":	{
			"start":	0,
			"end":	30.000108,
			"seconds":	30.000108,
			"bytes":	3532390400,
			"bits_per_second":	941967382.25075722,
			"retransmits":	0,
			"sender":	true
		},
		"sum_received":	{
			"start":	0,
			"end":	30.0439920425415,
			"seconds":	30.0439920425415,
			"bytes":	3530741688,
			"bits_per_second":	940152475.876192,
			"sender":	true
		},
		"cpu_utilization_percent":	{
			"host_total":	16.677479436763644,
			"host_user":	0.89109213321035829,
			"host_system":	15.786437160067896,
			"remote_total":	27.189565522932273,
			"remote_user":	2.7576569508602242,
			"remote_system":	24.431908572072054
		},
		"sender_tcp_congestion":	"cubic",
		"receiver_tcp_congestion":	"cubic"
	}
}
