{
	"start":	{
		"connected":	[{
				"socket":	5,
				"local_host":	"10.10.10.2",
				"local_port":	44592,
				"remote_host":	"10.10.10.4",
				"remote_port":	5201
			}],
		"version":	"iperf 3.9",
		"system_info":	"Linux zelda 5.10.0-18-amd64 #1 SMP Debian 5.10.140-1 (2022-09-02) x86_64",
		"timestamp":	{
			"time":	"Tue, 30 Jan 2024 22:12:35 GMT",
			"timesecs":	1706652755
		},
		"connecting_to":	{
			"host":	"10.10.10.4",
			"port":	5201
		},
		"cookie":	"swihq63nwvwp2xaovzfklym7hxqw54gdc7c4",
		"tcp_mss_default":	1448,
		"target_bitrate":	10000000000,
		"sock_bufsize":	0,
		"sndbuf_actual":	1000000,
		"rcvbuf_actual":	1000000,
		"test_start":	{
			"protocol":	"TCP",
			"num_streams":	1,
			"blksize":	131072,
			"omit":	0,
			"duration":	20,
			"bytes":	0,
			"blocks":	0,
			"reverse":	0,
			"tos":	0
		}
	},
	"intervals":	[{
			"streams":	[{
					"socket":	5,
					"start":	0,
					"end":	20.000073,
					"seconds":	20.000072479248047,
					"bytes":	2355363840,
					"bits_per_second":	942142121.71237326,
					"retransmits":	0,
					"snd_cwnd":	418472,
					"rtt":	2185,
					"rttvar":	145,
					"pmtu":	9000,
					"omitted":	false,
					"sender":	true
				}],
			"sum":	{
				"start":	0,
				"end":	20.000073,
				"seconds":	20.000072479248047,
				"bytes":	2355363840,
				"bits_per_second":	942142121.71237326,
				"retransmits":	0,
				"omitted":	false,
				"sender":	true
			}
		}],
	"end":	{
		"streams":	[{
				"sender":	{
					"socket":	5,
					"start":	0,
					"end":	20.000073,
					"seconds":	20.000073,
					"bytes":	2355363840,
					"bits_per_second":	942142097.18134522,
					"retransmits":	0,
					"max_snd_cwnd":	418472,
					"max_rtt":	2185,
					"min_rtt":	2185,
					"mean_rtt":	2185,
					"sender":	true
				},
				"receiver":	{
					"socket":	5,
					"start":	0,
					"end":	20.040682792663574,
					"seconds":	20.000073,
					"bytes":	2353886928,
					"bits_per_second":	939643405.30820751,
					"sender":	true
				}
			}],
		"sum_sent":	{
			"start":	0,
			"end":	20.000073,
			"seconds":	20.000073,
			"bytes":	2355363840,
			"bits_per_second":	942142097.18134522,
			"retransmits":	0,
			"sender":	true
		},
		"sum_received":	{
			"start":	0,
			"end":	20.040682792663574,
			"seconds":	20.040682792663574,
			"bytes":	2353886928,
			"bits_per_second":	939643405.30820751,
			"sender":	true
		},
		"cpu_utilization_percent":	{
			"host_total":	15.737807416956464,
			"host_user":	0.651158325946801,
			"host_system":	15.086649091009663,
			"remote_total":	28.125529383413966,
			"remote_user":	2.643745740079007,
			"remote_system":	25.48178364333496
		},
		"sender_tcp_congestion":	"cubic",
		"receiver_tcp_congestion":	"cubic"
	}
}
