{
	"start":	{
		"connected":	[{
				"socket":	5,
				"local_host":	"10.10.10.2",
				"local_port":	44288,
				"remote_host":	"10.10.10.4",
				"remote_port":	5201
			}],
		"version":	"iperf 3.9",
		"system_info":	"Linux zelda 5.10.0-18-amd64 #1 SMP Debian 5.10.140-1 (2022-09-02) x86_64",
		"timestamp":	{
			"time":	"Tue, 30 Jan 2024 12:21:00 GMT",
			"timesecs":	1706617260
		},
		"connecting_to":	{
			"host":	"10.10.10.4",
			"port":	5201
		},
		"cookie":	"vzkggjqztbklinqj4e5elbaiovqwaq3sadex",
		"tcp_mss_default":	1448,
		"target_bitrate":	3000000000,
		"sock_bufsize":	0,
		"sndbuf_actual":	1000000,
		"rcvbuf_actual":	1000000,
		"test_start":	{
			"protocol":	"TCP",
			"num_streams":	1,
			"blksize":	131072,
			"omit":	0,
			"duration":	80,
			"bytes":	0,
			"blocks":	0,
			"reverse":	0,
			"tos":	0
		}
	},
	"intervals":	[{
			"streams":	[{
					"socket":	5,
					"start":	0,
					"end":	60.000072,
					"seconds":	60.000072479248047,
					"bytes":	7063076864,
					"bits_per_second":	941742444.25359643,
					"retransmits":	0,
					"snd_cwnd":	503904,
					"rtt":	2415,
					"rttvar":	217,
					"pmtu":	9000,
					"omitted":	false,
					"sender":	true
				}],
			"sum":	{
				"start":	0,
				"end":	60.000072,
				"seconds":	60.000072479248047,
				"bytes":	7063076864,
				"bits_per_second":	941742444.25359643,
				"retransmits":	0,
				"omitted":	false,
				"sender":	true
			}
		}, {
			"streams":	[{
					"socket":	5,
					"start":	60.000072,
					"end":	80.000073,
					"seconds":	20.000001907348633,
					"bytes":	2353659904,
					"bits_per_second":	941463871.81500852,
					"retransmits":	0,
					"snd_cwnd":	503904,
					"rtt":	2232,
					"rttvar":	123,
					"pmtu":	9000,
					"omitted":	false,
					"sender":	true
				}],
			"sum":	{
				"start":	60.000072,
				"end":	80.000073,
				"seconds":	20.000001907348633,
				"bytes":	2353659904,
				"bits_per_second":	941463871.81500852,
				"retransmits":	0,
				"omitted":	false,
				"sender":	true
			}
		}],
	"end":	{
		"streams":	[{
				"sender":	{
					"socket":	5,
					"start":	0,
					"end":	80.000073,
					"seconds":	80.000073,
					"bytes":	9416736768,
					"bits_per_second":	941672817.523554,
					"retransmits":	0,
					"max_snd_cwnd":	503904,
					"max_rtt":	2415,
					"min_rtt":	2232,
					"mean_rtt":	2323,
					"sender":	true
				},
				"receiver":	{
					"socket":	5,
					"start":	0,
					"end":	80.0484709739685,
					"seconds":	80.000073,
					"bytes":	9415015488,
					"bits_per_second":	940931450.501957,
					"sender":	true
				}
			}],
		"sum_sent":	{
			"start":	0,
			"end":	80.000073,
			"seconds":	80.000073,
			"bytes":	9416736768,
			"bits_per_second":	941672817.523554,
			"retransmits":	0,
			"sender":	true
		},
		"sum_received":	{
			"start":	0,
			"end":	80.0484709739685,
			"seconds":	80.0484709739685,
			"bytes":	9415015488,
			"bits_per_second":	940931450.501957,
			"sender":	true
		},
		"cpu_utilization_percent":	{
			"host_total":	16.295915581804131,
			"host_user":	0.58127328287383251,
			"host_system":	15.714642298930295,
			"remote_total":	25.836456796313968,
			"remote_user":	2.4227756041091424,
			"remote_system":	23.413679944117646
		},
		"sender_tcp_congestion":	"cubic",
		"receiver_tcp_congestion":	"cubic"
	}
}
