{
	"start":	{
		"connected":	[{
				"socket":	5,
				"local_host":	"10.10.10.2",
				"local_port":	48484,
				"remote_host":	"10.10.10.4",
				"remote_port":	5201
			}],
		"version":	"iperf 3.9",
		"system_info":	"Linux zelda 5.10.0-18-amd64 #1 SMP Debian 5.10.140-1 (2022-09-02) x86_64",
		"timestamp":	{
			"time":	"Tue, 30 Jan 2024 08:58:15 GMT",
			"timesecs":	1706605095
		},
		"connecting_to":	{
			"host":	"10.10.10.4",
			"port":	5201
		},
		"cookie":	"kkwfko2mjlmb3gllakwlr2oruy2cqq4ii2jb",
		"tcp_mss_default":	1448,
		"target_bitrate":	1000000000,
		"sock_bufsize":	0,
		"sndbuf_actual":	1000000,
		"rcvbuf_actual":	1000000,
		"test_start":	{
			"protocol":	"TCP",
			"num_streams":	1,
			"blksize":	131072,
			"omit":	0,
			"duration":	70,
			"bytes":	0,
			"blocks":	0,
			"reverse":	0,
			"tos":	0
		}
	},
	"intervals":	[{
			"streams":	[{
					"socket":	5,
					"start":	0,
					"end":	60.000088,
					"seconds":	60.0000877380371,
					"bytes":	7062814720,
					"bits_per_second":	941707252.274236,
					"retransmits":	0,
					"snd_cwnd":	479288,
					"rtt":	2179,
					"rttvar":	93,
					"pmtu":	9000,
					"omitted":	false,
					"sender":	true
				}],
			"sum":	{
				"start":	0,
				"end":	60.000088,
				"seconds":	60.0000877380371,
				"bytes":	7062814720,
				"bits_per_second":	941707252.274236,
				"retransmits":	0,
				"omitted":	false,
				"sender":	true
			}
		}, {
			"streams":	[{
					"socket":	5,
					"start":	60.000088,
					"end":	70.000092,
					"seconds":	10.000003814697266,
					"bytes":	1176895488,
					"bits_per_second":	941516031.240137,
					"retransmits":	0,
					"snd_cwnd":	479288,
					"rtt":	2183,
					"rttvar":	97,
					"pmtu":	9000,
					"omitted":	false,
					"sender":	true
				}],
			"sum":	{
				"start":	60.000088,
				"end":	70.000092,
				"seconds":	10.000003814697266,
				"bytes":	1176895488,
				"bits_per_second":	941516031.240137,
				"retransmits":	0,
				"omitted":	false,
				"sender":	true
			}
		}],
	"end":	{
		"streams":	[{
				"sender":	{
					"socket":	5,
					"start":	0,
					"end":	70.000092,
					"seconds":	70.000092,
					"bytes":	8239710208,
					"bits_per_second":	941679928.99209344,
					"retransmits":	0,
					"max_snd_cwnd":	479288,
					"max_rtt":	2183,
					"min_rtt":	2179,
					"mean_rtt":	2181,
					"sender":	true
				},
				"receiver":	{
					"socket":	5,
					"start":	0,
					"end":	70.0414900779724,
					"seconds":	70.000092,
					"bytes":	8238069088,
					"bits_per_second":	940935902.85747719,
					"sender":	true
				}
			}],
		"sum_sent":	{
			"start":	0,
			"end":	70.000092,
			"seconds":	70.000092,
			"bytes":	8239710208,
			"bits_per_second":	941679928.99209344,
			"retransmits":	0,
			"sender":	true
		},
		"sum_received":	{
			"start":	0,
			"end":	70.0414900779724,
			"seconds":	70.0414900779724,
			"bytes":	8238069088,
			"bits_per_second":	940935902.85747719,
			"sender":	true
		},
		"cpu_utilization_percent":	{
			"host_total":	16.214845092946458,
			"host_user":	0.60015890390833926,
			"host_system":	15.614686189038117,
			"remote_total":	26.0252473882574,
			"remote_user":	2.49273002825528,
			"remote_system":	23.532514507676556
		},
		"sender_tcp_congestion":	"cubic",
		"receiver_tcp_congestion":	"cubic"
	}
}
