{
	"start":	{
		"connected":	[{
				"socket":	5,
				"local_host":	"10.10.10.2",
				"local_port":	43976,
				"remote_host":	"10.10.10.4",
				"remote_port":	5201
			}],
		"version":	"iperf 3.9",
		"system_info":	"Linux zelda 5.10.0-18-amd64 #1 SMP Debian 5.10.140-1 (2022-09-02) x86_64",
		"timestamp":	{
			"time":	"Tue, 30 Jan 2024 20:50:58 GMT",
			"timesecs":	1706647858
		},
		"connecting_to":	{
			"host":	"10.10.10.4",
			"port":	5201
		},
		"cookie":	"jar7uhnlc4wq6piqw6owo4payht7wk6deofb",
		"tcp_mss_default":	1448,
		"target_bitrate":	9000000000,
		"sock_bufsize":	0,
		"sndbuf_actual":	1000000,
		"rcvbuf_actual":	1000000,
		"test_start":	{
			"protocol":	"TCP",
			"num_streams":	1,
			"blksize":	131072,
			"omit":	0,
			"duration":	40,
			"bytes":	0,
			"blocks":	0,
			"reverse":	0,
			"tos":	0
		}
	},
	"intervals":	[{
			"streams":	[{
					"socket":	5,
					"start":	0,
					"end":	40.00008,
					"seconds":	40.000080108642578,
					"bytes":	4709154816,
					"bits_per_second":	941829076.98377752,
					"retransmits":	0,
					"snd_cwnd":	461912,
					"rtt":	2232,
					"rttvar":	104,
					"pmtu":	9000,
					"omitted":	false,
					"sender":	true
				}],
			"sum":	{
				"start":	0,
				"end":	40.00008,
				"seconds":	40.000080108642578,
				"bytes":	4709154816,
				"bits_per_second":	941829076.98377752,
				"retransmits":	0,
				"omitted":	false,
				"sender":	true
			}
		}],
	"end":	{
		"streams":	[{
				"sender":	{
					"socket":	5,
					"start":	0,
					"end":	40.00008,
					"seconds":	40.00008,
					"bytes":	4709154816,
					"bits_per_second":	941829079.541841,
					"retransmits":	0,
					"max_snd_cwnd":	461912,
					"max_rtt":	2232,
					"min_rtt":	2232,
					"mean_rtt":	2232,
					"sender":	true
				},
				"receiver":	{
					"socket":	5,
					"start":	0,
					"end":	40.0440502166748,
					"seconds":	40.00008,
					"bytes":	4707597896,
					"bits_per_second":	940483866.24781561,
					"sender":	true
				}
			}],
		"sum_sent":	{
			"start":	0,
			"end":	40.00008,
			"seconds":	40.00008,
			"bytes":	4709154816,
			"bits_per_second":	941829079.541841,
			"retransmits":	0,
			"sender":	true
		},
		"sum_received":	{
			"start":	0,
			"end":	40.0440502166748,
			"seconds":	40.0440502166748,
			"bytes":	4707597896,
			"bits_per_second":	940483866.24781561,
			"sender":	true
		},
		"cpu_utilization_percent":	{
			"host_total":	16.242481093894558,
			"host_user":	0.578363097056293,
			"host_system":	15.664120491384747,
			"remote_total":	27.063375796948293,
			"remote_user":	2.5743011488696825,
			"remote_system":	24.48907215567775
		},
		"sender_tcp_congestion":	"cubic",
		"receiver_tcp_congestion":	"cubic"
	}
}
