{
	"start":	{
		"connected":	[{
				"socket":	5,
				"local_host":	"10.10.10.2",
				"local_port":	52772,
				"remote_host":	"10.10.10.4",
				"remote_port":	5201
			}],
		"version":	"iperf 3.9",
		"system_info":	"Linux zelda 5.10.0-18-amd64 #1 SMP Debian 5.10.140-1 (2022-09-02) x86_64",
		"timestamp":	{
			"time":	"Tue, 30 Jan 2024 12:32:32 GMT",
			"timesecs":	1706617952
		},
		"connecting_to":	{
			"host":	"10.10.10.4",
			"port":	5201
		},
		"cookie":	"wlabwcaxcio36cpcdhymc5anq4wx6haqanzf",
		"tcp_mss_default":	1448,
		"target_bitrate":	3000000000,
		"sock_bufsize":	0,
		"sndbuf_actual":	1000000,
		"rcvbuf_actual":	1000000,
		"test_start":	{
			"protocol":	"TCP",
			"num_streams":	1,
			"blksize":	131072,
			"omit":	0,
			"duration":	90,
			"bytes":	0,
			"blocks":	0,
			"reverse":	0,
			"tos":	0
		}
	},
	"intervals":	[{
			"streams":	[{
					"socket":	5,
					"start":	0,
					"end":	60.000216,
					"seconds":	60.000217437744141,
					"bytes":	7062814720,
					"bits_per_second":	941705216.629034,
					"retransmits":	0,
					"snd_cwnd":	430056,
					"rtt":	2194,
					"rttvar":	131,
					"pmtu":	9000,
					"omitted":	false,
					"sender":	true
				}],
			"sum":	{
				"start":	0,
				"end":	60.000216,
				"seconds":	60.000217437744141,
				"bytes":	7062814720,
				"bits_per_second":	941705216.629034,
				"retransmits":	0,
				"omitted":	false,
				"sender":	true
			}
		}, {
			"streams":	[{
					"socket":	5,
					"start":	60.000216,
					"end":	90.000081,
					"seconds":	29.99986457824707,
					"bytes":	3530424320,
					"bits_per_second":	941450735.0969615,
					"retransmits":	0,
					"snd_cwnd":	430056,
					"rtt":	2259,
					"rttvar":	147,
					"pmtu":	9000,
					"omitted":	false,
					"sender":	true
				}],
			"sum":	{
				"start":	60.000216,
				"end":	90.000081,
				"seconds":	29.99986457824707,
				"bytes":	3530424320,
				"bits_per_second":	941450735.0969615,
				"retransmits":	0,
				"omitted":	false,
				"sender":	true
			}
		}],
	"end":	{
		"streams":	[{
				"sender":	{
					"socket":	5,
					"start":	0,
					"end":	90.000081,
					"seconds":	90.000081,
					"bytes":	10593239040,
					"bits_per_second":	941620400.54163957,
					"retransmits":	0,
					"max_snd_cwnd":	430056,
					"max_rtt":	2259,
					"min_rtt":	2194,
					"mean_rtt":	2226,
					"sender":	true
				},
				"receiver":	{
					"socket":	5,
					"start":	0,
					"end":	90.043783903121948,
					"seconds":	90.000081,
					"bytes":	10591786136,
					"bits_per_second":	941034299.26007521,
					"sender":	true
				}
			}],
		"sum_sent":	{
			"start":	0,
			"end":	90.000081,
			"seconds":	90.000081,
			"bytes":	10593239040,
			"bits_per_second":	941620400.54163957,
			"retransmits":	0,
			"sender":	true
		},
		"sum_received":	{
			"start":	0,
			"end":	90.043783903121948,
			"seconds":	90.043783903121948,
			"bytes":	10591786136,
			"bits_per_second":	941034299.26007521,
			"sender":	true
		},
		"cpu_utilization_percent":	{
			"host_total":	15.919946528390996,
			"host_user":	0.6583358288208736,
			"host_system":	15.261612919672467,
			"remote_total":	24.10445469273586,
			"remote_user":	2.18792310051676,
			"remote_system":	21.916530482610966
		},
		"sender_tcp_congestion":	"cubic",
		"receiver_tcp_congestion":	"cubic"
	}
}
