{
	"start":	{
		"connected":	[{
				"socket":	5,
				"local_host":	"10.10.10.2",
				"local_port":	33242,
				"remote_host":	"10.10.10.4",
				"remote_port":	5201
			}],
		"version":	"iperf 3.9",
		"system_info":	"Linux zelda 5.10.0-18-amd64 #1 SMP Debian 5.10.140-1 (2022-09-02) x86_64",
		"timestamp":	{
			"time":	"Tue, 30 Jan 2024 16:06:22 GMT",
			"timesecs":	1706630782
		},
		"connecting_to":	{
			"host":	"10.10.10.4",
			"port":	5201
		},
		"cookie":	"47uct45oa37lqhgqy5yvw3g4iqafat7kcyrn",
		"tcp_mss_default":	1448,
		"target_bitrate":	6000000000,
		"sock_bufsize":	0,
		"sndbuf_actual":	1000000,
		"rcvbuf_actual":	1000000,
		"test_start":	{
			"protocol":	"TCP",
			"num_streams":	1,
			"blksize":	131072,
			"omit":	0,
			"duration":	30,
			"bytes":	0,
			"blocks":	0,
			"reverse":	0,
			"tos":	0
		}
	},
	"intervals":	[{
			"streams":	[{
					"socket":	5,
					"start":	0,
					"end":	30.000066,
					"seconds":	30.000066757202148,
					"bytes":	3532521472,
					"bits_per_second":	942003629.68244231,
					"retransmits":	0,
					"snd_cwnd":	503904,
					"rtt":	2204,
					"rttvar":	153,
					"pmtu":	9000,
					"omitted":	false,
					"sender":	true
				}],
			"sum":	{
				"start":	0,
				"end":	30.000066,
				"seconds":	30.000066757202148,
				"bytes":	3532521472,
				"bits_per_second":	942003629.68244231,
				"retransmits":	0,
				"omitted":	false,
				"sender":	true
			}
		}],
	"end":	{
		"streams":	[{
				"sender":	{
					"socket":	5,
					"start":	0,
					"end":	30.000066,
					"seconds":	30.000066,
					"bytes":	3532521472,
					"bits_per_second":	942003653.458629,
					"retransmits":	0,
					"max_snd_cwnd":	503904,
					"max_rtt":	2204,
					"min_rtt":	2204,
					"mean_rtt":	2204,
					"sender":	true
				},
				"receiver":	{
					"socket":	5,
					"start":	0,
					"end":	30.04415488243103,
					"seconds":	30.000066,
					"bytes":	3530806848,
					"bits_per_second":	940164730.695012,
					"sender":	true
				}
			}],
		"sum_sent":	{
			"start":	0,
			"end":	30.000066,
			"seconds":	30.000066,
			"bytes":	3532521472,
			"bits_per_second":	942003653.458629,
			"retransmits":	0,
			"sender":	true
		},
		"sum_received":	{
			"start":	0,
			"end":	30.04415488243103,
			"seconds":	30.04415488243103,
			"bytes":	3530806848,
			"bits_per_second":	940164730.695012,
			"sender":	true
		},
		"cpu_utilization_percent":	{
			"host_total":	16.453496627240476,
			"host_user":	0.678763035225654,
			"host_system":	15.774730268313132,
			"remote_total":	25.448167890956491,
			"remote_user":	2.48977163509859,
			"remote_system":	22.958392936065007
		},
		"sender_tcp_congestion":	"cubic",
		"receiver_tcp_congestion":	"cubic"
	}
}
