{
	"start":	{
		"connected":	[{
				"socket":	5,
				"local_host":	"10.10.10.2",
				"local_port":	33632,
				"remote_host":	"10.10.10.4",
				"remote_port":	5201
			}],
		"version":	"iperf 3.9",
		"system_info":	"Linux zelda 5.10.0-18-amd64 #1 SMP Debian 5.10.140-1 (2022-09-02) x86_64",
		"timestamp":	{
			"time":	"Tue, 30 Jan 2024 18:33:05 GMT",
			"timesecs":	1706639585
		},
		"connecting_to":	{
			"host":	"10.10.10.4",
			"port":	5201
		},
		"cookie":	"5u46ppzsqvyetfh6s253zmtlskj7ym7smeop",
		"tcp_mss_default":	1448,
		"target_bitrate":	7000000000,
		"sock_bufsize":	0,
		"sndbuf_actual":	1000000,
		"rcvbuf_actual":	1000000,
		"test_start":	{
			"protocol":	"TCP",
			"num_streams":	1,
			"blksize":	131072,
			"omit":	0,
			"duration":	90,
			"bytes":	0,
			"blocks":	0,
			"reverse":	0,
			"tos":	0
		}
	},
	"intervals":	[{
			"streams":	[{
					"socket":	5,
					"start":	0,
					"end":	60.000077,
					"seconds":	60.000076293945312,
					"bytes":	7062683648,
					"bits_per_second":	941689955.645967,
					"retransmits":	0,
					"snd_cwnd":	401096,
					"rtt":	2192,
					"rttvar":	130,
					"pmtu":	9000,
					"omitted":	false,
					"sender":	true
				}],
			"sum":	{
				"start":	0,
				"end":	60.000077,
				"seconds":	60.000076293945312,
				"bytes":	7062683648,
				"bits_per_second":	941689955.645967,
				"retransmits":	0,
				"omitted":	false,
				"sender":	true
			}
		}, {
			"streams":	[{
					"socket":	5,
					"start":	60.000077,
					"end":	90.000075,
					"seconds":	29.999998092651367,
					"bytes":	3530424320,
					"bits_per_second":	941446545.18889272,
					"retransmits":	0,
					"snd_cwnd":	401096,
					"rtt":	2209,
					"rttvar":	105,
					"pmtu":	9000,
					"omitted":	false,
					"sender":	true
				}],
			"sum":	{
				"start":	60.000077,
				"end":	90.000075,
				"seconds":	29.999998092651367,
				"bytes":	3530424320,
				"bits_per_second":	941446545.18889272,
				"retransmits":	0,
				"omitted":	false,
				"sender":	true
			}
		}],
	"end":	{
		"streams":	[{
				"sender":	{
					"socket":	5,
					"start":	0,
					"end":	90.000075,
					"seconds":	90.000075,
					"bytes":	10593107968,
					"bits_per_second":	941608812.48154521,
					"retransmits":	0,
					"max_snd_cwnd":	401096,
					"max_rtt":	2209,
					"min_rtt":	2192,
					"mean_rtt":	2200,
					"sender":	true
				},
				"receiver":	{
					"socket":	5,
					"start":	0,
					"end":	90.043998003006,
					"seconds":	90.000075,
					"bytes":	10591805088,
					"bits_per_second":	941033745.5381676,
					"sender":	true
				}
			}],
		"sum_sent":	{
			"start":	0,
			"end":	90.000075,
			"seconds":	90.000075,
			"bytes":	10593107968,
			"bits_per_second":	941608812.48154521,
			"retransmits":	0,
			"sender":	true
		},
		"sum_received":	{
			"start":	0,
			"end":	90.043998003006,
			"seconds":	90.043998003006,
			"bytes":	10591805088,
			"bits_per_second":	941033745.5381676,
			"sender":	true
		},
		"cpu_utilization_percent":	{
			"host_total":	16.078568394198786,
			"host_user":	0.677358337229952,
			"host_system":	15.401208946900189,
			"remote_total":	22.738415893034709,
			"remote_user":	2.23608092736769,
			"remote_system":	20.502334965667021
		},
		"sender_tcp_congestion":	"cubic",
		"receiver_tcp_congestion":	"cubic"
	}
}
