{
	"start":	{
		"connected":	[{
				"socket":	5,
				"local_host":	"10.10.10.2",
				"local_port":	59436,
				"remote_host":	"10.10.10.4",
				"remote_port":	5201
			}],
		"version":	"iperf 3.9",
		"system_info":	"Linux zelda 5.10.0-18-amd64 #1 SMP Debian 5.10.140-1 (2022-09-02) x86_64",
		"timestamp":	{
			"time":	"Tue, 30 Jan 2024 21:21:25 GMT",
			"timesecs":	1706649685
		},
		"connecting_to":	{
			"host":	"10.10.10.4",
			"port":	5201
		},
		"cookie":	"jikle7hyqft2i6t7kgafupsh6gkux3dgxiq2",
		"tcp_mss_default":	1448,
		"target_bitrate":	9000000000,
		"sock_bufsize":	0,
		"sndbuf_actual":	1000000,
		"rcvbuf_actual":	1000000,
		"test_start":	{
			"protocol":	"TCP",
			"num_streams":	1,
			"blksize":	131072,
			"omit":	0,
			"duration":	70,
			"bytes":	0,
			"blocks":	0,
			"reverse":	0,
			"tos":	0
		}
	},
	"intervals":	[{
			"streams":	[{
					"socket":	5,
					"start":	0,
					"end":	60.000075,
					"seconds":	60.000076293945312,
					"bytes":	7063470080,
					"bits_per_second":	941794813.112634,
					"retransmits":	0,
					"snd_cwnd":	624088,
					"rtt":	2746,
					"rttvar":	116,
					"pmtu":	9000,
					"omitted":	false,
					"sender":	true
				}],
			"sum":	{
				"start":	0,
				"end":	60.000075,
				"seconds":	60.000076293945312,
				"bytes":	7063470080,
				"bits_per_second":	941794813.112634,
				"retransmits":	0,
				"omitted":	false,
				"sender":	true
			}
		}, {
			"streams":	[{
					"socket":	5,
					"start":	60.000075,
					"end":	70.000072,
					"seconds":	9.99999713897705,
					"bytes":	1176895488,
					"bits_per_second":	941516659.770077,
					"retransmits":	0,
					"snd_cwnd":	624088,
					"rtt":	2774,
					"rttvar":	159,
					"pmtu":	9000,
					"omitted":	false,
					"sender":	true
				}],
			"sum":	{
				"start":	60.000075,
				"end":	70.000072,
				"seconds":	9.99999713897705,
				"bytes":	1176895488,
				"bits_per_second":	941516659.770077,
				"retransmits":	0,
				"omitted":	false,
				"sender":	true
			}
		}],
	"end":	{
		"streams":	[{
				"sender":	{
					"socket":	5,
					"start":	0,
					"end":	70.000072,
					"seconds":	70.000072,
					"bytes":	8240365568,
					"bits_per_second":	941755096.251901,
					"retransmits":	0,
					"max_snd_cwnd":	624088,
					"max_rtt":	2774,
					"min_rtt":	2746,
					"mean_rtt":	2760,
					"sender":	true
				},
				"receiver":	{
					"socket":	5,
					"start":	0,
					"end":	70.044394016265869,
					"seconds":	70.000072,
					"bytes":	8238091224,
					"bits_per_second":	940899421.25411856,
					"sender":	true
				}
			}],
		"sum_sent":	{
			"start":	0,
			"end":	70.000072,
			"seconds":	70.000072,
			"bytes":	8240365568,
			"bits_per_second":	941755096.251901,
			"retransmits":	0,
			"sender":	true
		},
		"sum_received":	{
			"start":	0,
			"end":	70.044394016265869,
			"seconds":	70.044394016265869,
			"bytes":	8238091224,
			"bits_per_second":	940899421.25411856,
			"sender":	true
		},
		"cpu_utilization_percent":	{
			"host_total":	16.151469462031219,
			"host_user":	0.63749554518452034,
			"host_system":	15.513973916846696,
			"remote_total":	23.767338681126848,
			"remote_user":	2.4713314719518928,
			"remote_system":	21.296005783084009
		},
		"sender_tcp_congestion":	"cubic",
		"receiver_tcp_congestion":	"cubic"
	}
}
