{
	"start":	{
		"connected":	[{
				"socket":	5,
				"local_host":	"10.10.10.2",
				"local_port":	51808,
				"remote_host":	"10.10.10.4",
				"remote_port":	5201
			}],
		"version":	"iperf 3.9",
		"system_info":	"Linux zelda 5.10.0-18-amd64 #1 SMP Debian 5.10.140-1 (2022-09-02) x86_64",
		"timestamp":	{
			"time":	"Tue, 30 Jan 2024 19:50:34 GMT",
			"timesecs":	1706644234
		},
		"connecting_to":	{
			"host":	"10.10.10.4",
			"port":	5201
		},
		"cookie":	"kwfx5ktpanl6lcskj6scs4gp7icustzp4slf",
		"tcp_mss_default":	1448,
		"target_bitrate":	8000000000,
		"sock_bufsize":	0,
		"sndbuf_actual":	1000000,
		"rcvbuf_actual":	1000000,
		"test_start":	{
			"protocol":	"TCP",
			"num_streams":	1,
			"blksize":	131072,
			"omit":	0,
			"duration":	70,
			"bytes":	0,
			"blocks":	0,
			"reverse":	0,
			"tos":	0
		}
	},
	"intervals":	[{
			"streams":	[{
					"socket":	5,
					"start":	0,
					"end":	60.000084,
					"seconds":	60.000083923339844,
					"bytes":	7062683648,
					"bits_per_second":	941689835.90406454,
					"retransmits":	0,
					"snd_cwnd":	418472,
					"rtt":	2178,
					"rttvar":	86,
					"pmtu":	9000,
					"omitted":	false,
					"sender":	true
				}],
			"sum":	{
				"start":	0,
				"end":	60.000084,
				"seconds":	60.000083923339844,
				"bytes":	7062683648,
				"bits_per_second":	941689835.90406454,
				"retransmits":	0,
				"omitted":	false,
				"sender":	true
			}
		}, {
			"streams":	[{
					"socket":	5,
					"start":	60.000084,
					"end":	70.000066,
					"seconds":	9.99998188018799,
					"bytes":	1176895488,
					"bits_per_second":	941518096.4130913,
					"retransmits":	0,
					"snd_cwnd":	418472,
					"rtt":	2165,
					"rttvar":	135,
					"pmtu":	9000,
					"omitted":	false,
					"sender":	true
				}],
			"sum":	{
				"start":	60.000084,
				"end":	70.000066,
				"seconds":	9.99998188018799,
				"bytes":	1176895488,
				"bits_per_second":	941518096.4130913,
				"retransmits":	0,
				"omitted":	false,
				"sender":	true
			}
		}],
	"end":	{
		"streams":	[{
				"sender":	{
					"socket":	5,
					"start":	0,
					"end":	70.000066,
					"seconds":	70.000066,
					"bytes":	8239579136,
					"bits_per_second":	941665299.115575,
					"retransmits":	0,
					"max_snd_cwnd":	418472,
					"max_rtt":	2178,
					"min_rtt":	2165,
					"mean_rtt":	2171,
					"sender":	true
				},
				"receiver":	{
					"socket":	5,
					"start":	0,
					"end":	70.0404019355774,
					"seconds":	70.000066,
					"bytes":	8238095568,
					"bits_per_second":	940953545.70664346,
					"sender":	true
				}
			}],
		"sum_sent":	{
			"start":	0,
			"end":	70.000066,
			"seconds":	70.000066,
			"bytes":	8239579136,
			"bits_per_second":	941665299.115575,
			"retransmits":	0,
			"sender":	true
		},
		"sum_received":	{
			"start":	0,
			"end":	70.0404019355774,
			"seconds":	70.0404019355774,
			"bytes":	8238095568,
			"bits_per_second":	940953545.70664346,
			"sender":	true
		},
		"cpu_utilization_percent":	{
			"host_total":	16.159864028859879,
			"host_user":	0.661469267489413,
			"host_system":	15.498393334517052,
			"remote_total":	23.605958563601938,
			"remote_user":	2.243502770296661,
			"remote_system":	21.362454367213861
		},
		"sender_tcp_congestion":	"cubic",
		"receiver_tcp_congestion":	"cubic"
	}
}
