{
	"start":	{
		"connected":	[{
				"socket":	5,
				"local_host":	"10.10.10.2",
				"local_port":	32798,
				"remote_host":	"10.10.10.4",
				"remote_port":	5201
			}],
		"version":	"iperf 3.9",
		"system_info":	"Linux zelda 5.10.0-18-amd64 #1 SMP Debian 5.10.140-1 (2022-09-02) x86_64",
		"timestamp":	{
			"time":	"Tue, 30 Jan 2024 18:07:01 GMT",
			"timesecs":	1706638021
		},
		"connecting_to":	{
			"host":	"10.10.10.4",
			"port":	5201
		},
		"cookie":	"s7sano2cxtoauhnxo3sirixehtxwcuj4h3ft",
		"tcp_mss_default":	1448,
		"target_bitrate":	7000000000,
		"sock_bufsize":	0,
		"sndbuf_actual":	1000000,
		"rcvbuf_actual":	1000000,
		"test_start":	{
			"protocol":	"TCP",
			"num_streams":	1,
			"blksize":	131072,
			"omit":	0,
			"duration":	60,
			"bytes":	0,
			"blocks":	0,
			"reverse":	0,
			"tos":	0
		}
	},
	"intervals":	[{
			"streams":	[{
					"socket":	5,
					"start":	0,
					"end":	60.000076,
					"seconds":	60.000076293945312,
					"bytes":	7062683648,
					"bits_per_second":	941689955.645967,
					"retransmits":	0,
					"snd_cwnd":	417024,
					"rtt":	2220,
					"rttvar":	140,
					"pmtu":	9000,
					"omitted":	false,
					"sender":	true
				}],
			"sum":	{
				"start":	0,
				"end":	60.000076,
				"seconds":	60.000076293945312,
				"bytes":	7062683648,
				"bits_per_second":	941689955.645967,
				"retransmits":	0,
				"omitted":	false,
				"sender":	true
			}
		}],
	"end":	{
		"streams":	[{
				"sender":	{
					"socket":	5,
					"start":	0,
					"end":	60.000076,
					"seconds":	60.000076,
					"bytes":	7062683648,
					"bits_per_second":	941689960.25938368,
					"retransmits":	0,
					"max_snd_cwnd":	417024,
					"max_rtt":	2220,
					"min_rtt":	2220,
					"mean_rtt":	2220,
					"sender":	true
				},
				"receiver":	{
					"socket":	5,
					"start":	0,
					"end":	60.04366397857666,
					"seconds":	60.000076,
					"bytes":	7061237912,
					"bits_per_second":	940813727.0929265,
					"sender":	true
				}
			}],
		"sum_sent":	{
			"start":	0,
			"end":	60.000076,
			"seconds":	60.000076,
			"bytes":	7062683648,
			"bits_per_second":	941689960.25938368,
			"retransmits":	0,
			"sender":	true
		},
		"sum_received":	{
			"start":	0,
			"end":	60.04366397857666,
			"seconds":	60.04366397857666,
			"bytes":	7061237912,
			"bits_per_second":	940813727.0929265,
			"sender":	true
		},
		"cpu_utilization_percent":	{
			"host_total":	15.173641527573711,
			"host_user":	0.56776016088440762,
			"host_system":	14.605881366689303,
			"remote_total":	22.766905624905469,
			"remote_user":	2.2536469549254807,
			"remote_system":	20.513257006577941
		},
		"sender_tcp_congestion":	"cubic",
		"receiver_tcp_congestion":	"cubic"
	}
}
