{
	"start":	{
		"connected":	[{
				"socket":	5,
				"local_host":	"10.10.10.2",
				"local_port":	47104,
				"remote_host":	"10.10.10.4",
				"remote_port":	5201
			}],
		"version":	"iperf 3.9",
		"system_info":	"Linux zelda 5.10.0-18-amd64 #1 SMP Debian 5.10.140-1 (2022-09-02) x86_64",
		"timestamp":	{
			"time":	"Tue, 30 Jan 2024 20:37:21 GMT",
			"timesecs":	1706647041
		},
		"connecting_to":	{
			"host":	"10.10.10.4",
			"port":	5201
		},
		"cookie":	"bs6croonqlfvruxzbhywsg2hwttw4eai4uut",
		"tcp_mss_default":	1448,
		"target_bitrate":	9000000000,
		"sock_bufsize":	0,
		"sndbuf_actual":	1000000,
		"rcvbuf_actual":	1000000,
		"test_start":	{
			"protocol":	"TCP",
			"num_streams":	1,
			"blksize":	131072,
			"omit":	0,
			"duration":	10,
			"bytes":	0,
			"blocks":	0,
			"reverse":	0,
			"tos":	0
		}
	},
	"intervals":	[{
			"streams":	[{
					"socket":	5,
					"start":	0,
					"end":	10.000075,
					"seconds":	10.000075340270996,
					"bytes":	1178599424,
					"bits_per_second":	942872435.573519,
					"retransmits":	0,
					"snd_cwnd":	454672,
					"rtt":	2178,
					"rttvar":	94,
					"pmtu":	9000,
					"omitted":	false,
					"sender":	true
				}],
			"sum":	{
				"start":	0,
				"end":	10.000075,
				"seconds":	10.000075340270996,
				"bytes":	1178599424,
				"bits_per_second":	942872435.573519,
				"retransmits":	0,
				"omitted":	false,
				"sender":	true
			}
		}],
	"end":	{
		"streams":	[{
				"sender":	{
					"socket":	5,
					"start":	0,
					"end":	10.000075,
					"seconds":	10.000075,
					"bytes":	1178599424,
					"bits_per_second":	942872467.65649247,
					"retransmits":	0,
					"max_snd_cwnd":	454672,
					"max_rtt":	2178,
					"min_rtt":	2178,
					"mean_rtt":	2178,
					"sender":	true
				},
				"receiver":	{
					"socket":	5,
					"start":	0,
					"end":	10.044270992279053,
					"seconds":	10.000075,
					"bytes":	1177097328,
					"bits_per_second":	937527335.855295,
					"sender":	true
				}
			}],
		"sum_sent":	{
			"start":	0,
			"end":	10.000075,
			"seconds":	10.000075,
			"bytes":	1178599424,
			"bits_per_second":	942872467.65649247,
			"retransmits":	0,
			"sender":	true
		},
		"sum_received":	{
			"start":	0,
			"end":	10.044270992279053,
			"seconds":	10.044270992279053,
			"bytes":	1177097328,
			"bits_per_second":	937527335.855295,
			"sender":	true
		},
		"cpu_utilization_percent":	{
			"host_total":	16.7178377803995,
			"host_user":	0.48564813318776645,
			"host_system":	16.23218964721173,
			"remote_total":	26.341706926288289,
			"remote_user":	3.09395628507507,
			"remote_system":	23.247750641213219
		},
		"sender_tcp_congestion":	"cubic",
		"receiver_tcp_congestion":	"cubic"
	}
}
