{
	"start":	{
		"connected":	[{
				"socket":	5,
				"local_host":	"10.10.10.2",
				"local_port":	33986,
				"remote_host":	"10.10.10.4",
				"remote_port":	5201
			}],
		"version":	"iperf 3.9",
		"system_info":	"Linux zelda 5.10.0-18-amd64 #1 SMP Debian 5.10.140-1 (2022-09-02) x86_64",
		"timestamp":	{
			"time":	"Tue, 30 Jan 2024 12:55:05 GMT",
			"timesecs":	1706619305
		},
		"connecting_to":	{
			"host":	"10.10.10.4",
			"port":	5201
		},
		"cookie":	"vjmdgem2gb4hjykjj6sdn7jkyumqatfsbztq",
		"tcp_mss_default":	1448,
		"target_bitrate":	3000000000,
		"sock_bufsize":	0,
		"sndbuf_actual":	1000000,
		"rcvbuf_actual":	1000000,
		"test_start":	{
			"protocol":	"TCP",
			"num_streams":	1,
			"blksize":	131072,
			"omit":	0,
			"duration":	100,
			"bytes":	0,
			"blocks":	0,
			"reverse":	0,
			"tos":	0
		}
	},
	"intervals":	[{
			"streams":	[{
					"socket":	5,
					"start":	0,
					"end":	60.000077,
					"seconds":	60.000076293945312,
					"bytes":	7063601152,
					"bits_per_second":	941812289.35707831,
					"retransmits":	0,
					"snd_cwnd":	635672,
					"rtt":	2567,
					"rttvar":	57,
					"pmtu":	9000,
					"omitted":	false,
					"sender":	true
				}],
			"sum":	{
				"start":	0,
				"end":	60.000077,
				"seconds":	60.000076293945312,
				"bytes":	7063601152,
				"bits_per_second":	941812289.35707831,
				"retransmits":	0,
				"omitted":	false,
				"sender":	true
			}
		}, {
			"streams":	[{
					"socket":	5,
					"start":	60.000077,
					"end":	100.00008,
					"seconds":	40.000003814697266,
					"bytes":	4707319808,
					"bits_per_second":	941463871.81500852,
					"retransmits":	0,
					"snd_cwnd":	635672,
					"rtt":	2784,
					"rttvar":	117,
					"pmtu":	9000,
					"omitted":	false,
					"sender":	true
				}],
			"sum":	{
				"start":	60.000077,
				"end":	100.00008,
				"seconds":	40.000003814697266,
				"bytes":	4707319808,
				"bits_per_second":	941463871.81500852,
				"retransmits":	0,
				"omitted":	false,
				"sender":	true
			}
		}],
	"end":	{
		"streams":	[{
				"sender":	{
					"socket":	5,
					"start":	0,
					"end":	100.00008,
					"seconds":	100.00008,
					"bytes":	11770920960,
					"bits_per_second":	941672923.46166122,
					"retransmits":	0,
					"max_snd_cwnd":	635672,
					"max_rtt":	2784,
					"min_rtt":	2567,
					"mean_rtt":	2675,
					"sender":	true
				},
				"receiver":	{
					"socket":	5,
					"start":	0,
					"end":	100.04452300071716,
					"seconds":	100.00008,
					"bytes":	11768730800,
					"bits_per_second":	941079467.18207741,
					"sender":	true
				}
			}],
		"sum_sent":	{
			"start":	0,
			"end":	100.00008,
			"seconds":	100.00008,
			"bytes":	11770920960,
			"bits_per_second":	941672923.46166122,
			"retransmits":	0,
			"sender":	true
		},
		"sum_received":	{
			"start":	0,
			"end":	100.04452300071716,
			"seconds":	100.04452300071716,
			"bytes":	11768730800,
			"bits_per_second":	941079467.18207741,
			"sender":	true
		},
		"cpu_utilization_percent":	{
			"host_total":	16.370443864460373,
			"host_user":	0.64269306147371874,
			"host_system":	15.727750802986657,
			"remote_total":	26.169505455443552,
			"remote_user":	2.605207160314857,
			"remote_system":	23.564299293902721
		},
		"sender_tcp_congestion":	"cubic",
		"receiver_tcp_congestion":	"cubic"
	}
}
