{
	"start":	{
		"connected":	[{
				"socket":	5,
				"local_host":	"10.10.10.2",
				"local_port":	44438,
				"remote_host":	"10.10.10.4",
				"remote_port":	5201
			}],
		"version":	"iperf 3.9",
		"system_info":	"Linux zelda 5.10.0-18-amd64 #1 SMP Debian 5.10.140-1 (2022-09-02) x86_64",
		"timestamp":	{
			"time":	"Tue, 30 Jan 2024 14:20:25 GMT",
			"timesecs":	1706624425
		},
		"connecting_to":	{
			"host":	"10.10.10.4",
			"port":	5201
		},
		"cookie":	"fdv5r4ajvjgh4o36tak75g5wg4i62jzo4a34",
		"tcp_mss_default":	1448,
		"target_bitrate":	4000000000,
		"sock_bufsize":	0,
		"sndbuf_actual":	1000000,
		"rcvbuf_actual":	1000000,
		"test_start":	{
			"protocol":	"TCP",
			"num_streams":	1,
			"blksize":	131072,
			"omit":	0,
			"duration":	100,
			"bytes":	0,
			"blocks":	0,
			"reverse":	0,
			"tos":	0
		}
	},
	"intervals":	[{
			"streams":	[{
					"socket":	5,
					"start":	0,
					"end":	60.000113,
					"seconds":	60.000114440917969,
					"bytes":	7062683648,
					"bits_per_second":	941689356.93675923,
					"retransmits":	0,
					"snd_cwnd":	419920,
					"rtt":	2213,
					"rttvar":	119,
					"pmtu":	9000,
					"omitted":	false,
					"sender":	true
				}],
			"sum":	{
				"start":	0,
				"end":	60.000113,
				"seconds":	60.000114440917969,
				"bytes":	7062683648,
				"bits_per_second":	941689356.93675923,
				"retransmits":	0,
				"omitted":	false,
				"sender":	true
			}
		}, {
			"streams":	[{
					"socket":	5,
					"start":	60.000113,
					"end":	100.000074,
					"seconds":	39.999961853027344,
					"bytes":	4708368384,
					"bits_per_second":	941674574.85085642,
					"retransmits":	0,
					"snd_cwnd":	981744,
					"rtt":	3333,
					"rttvar":	119,
					"pmtu":	9000,
					"omitted":	false,
					"sender":	true
				}],
			"sum":	{
				"start":	60.000113,
				"end":	100.000074,
				"seconds":	39.999961853027344,
				"bytes":	4708368384,
				"bits_per_second":	941674574.85085642,
				"retransmits":	0,
				"omitted":	false,
				"sender":	true
			}
		}],
	"end":	{
		"streams":	[{
				"sender":	{
					"socket":	5,
					"start":	0,
					"end":	100.000074,
					"seconds":	100.000074,
					"bytes":	11771052032,
					"bits_per_second":	941683465.71423542,
					"retransmits":	0,
					"max_snd_cwnd":	981744,
					"max_rtt":	3333,
					"min_rtt":	2213,
					"mean_rtt":	2773,
					"sender":	true
				},
				"receiver":	{
					"socket":	5,
					"start":	0,
					"end":	100.04497408866882,
					"seconds":	100.000074,
					"bytes":	11768661296,
					"bits_per_second":	941069666.17389953,
					"sender":	true
				}
			}],
		"sum_sent":	{
			"start":	0,
			"end":	100.000074,
			"seconds":	100.000074,
			"bytes":	11771052032,
			"bits_per_second":	941683465.71423542,
			"retransmits":	0,
			"sender":	true
		},
		"sum_received":	{
			"start":	0,
			"end":	100.04497408866882,
			"seconds":	100.04497408866882,
			"bytes":	11768661296,
			"bits_per_second":	941069666.17389953,
			"sender":	true
		},
		"cpu_utilization_percent":	{
			"host_total":	16.273306434752374,
			"host_user":	0.65126804919677683,
			"host_system":	15.62203738641311,
			"remote_total":	25.183331277700422,
			"remote_user":	2.6461633654973218,
			"remote_system":	22.53716691343417
		},
		"sender_tcp_congestion":	"cubic",
		"receiver_tcp_congestion":	"cubic"
	}
}
