{
	"start":	{
		"connected":	[{
				"socket":	5,
				"local_host":	"10.10.10.2",
				"local_port":	53930,
				"remote_host":	"10.10.10.4",
				"remote_port":	5201
			}],
		"version":	"iperf 3.9",
		"system_info":	"Linux zelda 5.10.0-18-amd64 #1 SMP Debian 5.10.140-1 (2022-09-02) x86_64",
		"timestamp":	{
			"time":	"Tue, 30 Jan 2024 19:13:25 GMT",
			"timesecs":	1706642005
		},
		"connecting_to":	{
			"host":	"10.10.10.4",
			"port":	5201
		},
		"cookie":	"qogn5kymbweliojtl53s7vksuazjblxo62p4",
		"tcp_mss_default":	1448,
		"target_bitrate":	8000000000,
		"sock_bufsize":	0,
		"sndbuf_actual":	1000000,
		"rcvbuf_actual":	1000000,
		"test_start":	{
			"protocol":	"TCP",
			"num_streams":	1,
			"blksize":	131072,
			"omit":	0,
			"duration":	30,
			"bytes":	0,
			"blocks":	0,
			"reverse":	0,
			"tos":	0
		}
	},
	"intervals":	[{
			"streams":	[{
					"socket":	5,
					"start":	0,
					"end":	30.000075,
					"seconds":	30.00007438659668,
					"bytes":	3532390400,
					"bits_per_second":	941968437.672458,
					"retransmits":	0,
					"snd_cwnd":	461912,
					"rtt":	2282,
					"rttvar":	124,
					"pmtu":	9000,
					"omitted":	false,
					"sender":	true
				}],
			"sum":	{
				"start":	0,
				"end":	30.000075,
				"seconds":	30.00007438659668,
				"bytes":	3532390400,
				"bits_per_second":	941968437.672458,
				"retransmits":	0,
				"omitted":	false,
				"sender":	true
			}
		}],
	"end":	{
		"streams":	[{
				"sender":	{
					"socket":	5,
					"start":	0,
					"end":	30.000075,
					"seconds":	30.000075,
					"bytes":	3532390400,
					"bits_per_second":	941968418.41228735,
					"retransmits":	0,
					"max_snd_cwnd":	461912,
					"max_rtt":	2282,
					"min_rtt":	2282,
					"mean_rtt":	2282,
					"sender":	true
				},
				"receiver":	{
					"socket":	5,
					"start":	0,
					"end":	30.043801069259644,
					"seconds":	30.000075,
					"bytes":	3530752936,
					"bits_per_second":	940161447.0447582,
					"sender":	true
				}
			}],
		"sum_sent":	{
			"start":	0,
			"end":	30.000075,
			"seconds":	30.000075,
			"bytes":	3532390400,
			"bits_per_second":	941968418.41228735,
			"retransmits":	0,
			"sender":	true
		},
		"sum_received":	{
			"start":	0,
			"end":	30.043801069259644,
			"seconds":	30.043801069259644,
			"bytes":	3530752936,
			"bits_per_second":	940161447.0447582,
			"sender":	true
		},
		"cpu_utilization_percent":	{
			"host_total":	16.118287607481392,
			"host_user":	0.64492574883111764,
			"host_system":	15.473358534821871,
			"remote_total":	27.917151569808041,
			"remote_user":	2.7344503576207351,
			"remote_system":	25.182701212187308
		},
		"sender_tcp_congestion":	"cubic",
		"receiver_tcp_congestion":	"cubic"
	}
}
