{
	"start":	{
		"connected":	[{
				"socket":	5,
				"local_host":	"10.10.10.2",
				"local_port":	44784,
				"remote_host":	"10.10.10.4",
				"remote_port":	5201
			}],
		"version":	"iperf 3.9",
		"system_info":	"Linux zelda 5.10.0-18-amd64 #1 SMP Debian 5.10.140-1 (2022-09-02) x86_64",
		"timestamp":	{
			"time":	"Tue, 30 Jan 2024 11:41:32 GMT",
			"timesecs":	1706614892
		},
		"connecting_to":	{
			"host":	"10.10.10.4",
			"port":	5201
		},
		"cookie":	"ndnayem3rwniarr462h7ougpobagkvuweedn",
		"tcp_mss_default":	1448,
		"target_bitrate":	3000000000,
		"sock_bufsize":	0,
		"sndbuf_actual":	1000000,
		"rcvbuf_actual":	1000000,
		"test_start":	{
			"protocol":	"TCP",
			"num_streams":	1,
			"blksize":	131072,
			"omit":	0,
			"duration":	50,
			"bytes":	0,
			"blocks":	0,
			"reverse":	0,
			"tos":	0
		}
	},
	"intervals":	[{
			"streams":	[{
					"socket":	5,
					"start":	0,
					"end":	50.000072,
					"seconds":	50.000072479248047,
					"bytes":	5886574592,
					"bits_per_second":	941850569.427579,
					"retransmits":	0,
					"snd_cwnd":	603816,
					"rtt":	2291,
					"rttvar":	89,
					"pmtu":	9000,
					"omitted":	false,
					"sender":	true
				}],
			"sum":	{
				"start":	0,
				"end":	50.000072,
				"seconds":	50.000072479248047,
				"bytes":	5886574592,
				"bits_per_second":	941850569.427579,
				"retransmits":	0,
				"omitted":	false,
				"sender":	true
			}
		}],
	"end":	{
		"streams":	[{
				"sender":	{
					"socket":	5,
					"start":	0,
					"end":	50.000072,
					"seconds":	50.000072,
					"bytes":	5886574592,
					"bits_per_second":	941850578.455167,
					"retransmits":	0,
					"max_snd_cwnd":	603816,
					"max_rtt":	2291,
					"min_rtt":	2291,
					"mean_rtt":	2291,
					"sender":	true
				},
				"receiver":	{
					"socket":	5,
					"start":	0,
					"end":	50.044803857803345,
					"seconds":	50.000072,
					"bytes":	5884519264,
					"bits_per_second":	940680160.237246,
					"sender":	true
				}
			}],
		"sum_sent":	{
			"start":	0,
			"end":	50.000072,
			"seconds":	50.000072,
			"bytes":	5886574592,
			"bits_per_second":	941850578.455167,
			"retransmits":	0,
			"sender":	true
		},
		"sum_received":	{
			"start":	0,
			"end":	50.044803857803345,
			"seconds":	50.044803857803345,
			"bytes":	5884519264,
			"bits_per_second":	940680160.237246,
			"sender":	true
		},
		"cpu_utilization_percent":	{
			"host_total":	15.98953598273277,
			"host_user":	0.70212012092523524,
			"host_system":	15.287415861807535,
			"remote_total":	25.488461353146867,
			"remote_user":	2.4196288922901017,
			"remote_system":	23.068830465750562
		},
		"sender_tcp_congestion":	"cubic",
		"receiver_tcp_congestion":	"cubic"
	}
}
