{
	"start":	{
		"connected":	[{
				"socket":	5,
				"local_host":	"10.10.10.2",
				"local_port":	40428,
				"remote_host":	"10.10.10.4",
				"remote_port":	5201
			}],
		"version":	"iperf 3.9",
		"system_info":	"Linux zelda 5.10.0-18-amd64 #1 SMP Debian 5.10.140-1 (2022-09-02) x86_64",
		"timestamp":	{
			"time":	"Tue, 30 Jan 2024 09:07:37 GMT",
			"timesecs":	1706605657
		},
		"connecting_to":	{
			"host":	"10.10.10.4",
			"port":	5201
		},
		"cookie":	"vu3cm3gia6owdwggmw3f2eh6mcxnbtaxnnlf",
		"tcp_mss_default":	1448,
		"target_bitrate":	1000000000,
		"sock_bufsize":	0,
		"sndbuf_actual":	1000000,
		"rcvbuf_actual":	1000000,
		"test_start":	{
			"protocol":	"TCP",
			"num_streams":	1,
			"blksize":	131072,
			"omit":	0,
			"duration":	80,
			"bytes":	0,
			"blocks":	0,
			"reverse":	0,
			"tos":	0
		}
	},
	"intervals":	[{
			"streams":	[{
					"socket":	5,
					"start":	0,
					"end":	60.000046,
					"seconds":	60.000045776367188,
					"bytes":	7063076864,
					"bits_per_second":	941742863.37388146,
					"retransmits":	0,
					"snd_cwnd":	518384,
					"rtt":	2701,
					"rttvar":	147,
					"pmtu":	9000,
					"omitted":	false,
					"sender":	true
				}],
			"sum":	{
				"start":	0,
				"end":	60.000046,
				"seconds":	60.000045776367188,
				"bytes":	7063076864,
				"bits_per_second":	941742863.37388146,
				"retransmits":	0,
				"omitted":	false,
				"sender":	true
			}
		}, {
			"streams":	[{
					"socket":	5,
					"start":	60.000046,
					"end":	80.00008,
					"seconds":	20.000034332275391,
					"bytes":	2353659904,
					"bits_per_second":	941462345.47277427,
					"retransmits":	0,
					"snd_cwnd":	518384,
					"rtt":	2718,
					"rttvar":	170,
					"pmtu":	9000,
					"omitted":	false,
					"sender":	true
				}],
			"sum":	{
				"start":	60.000046,
				"end":	80.00008,
				"seconds":	20.000034332275391,
				"bytes":	2353659904,
				"bits_per_second":	941462345.47277427,
				"retransmits":	0,
				"omitted":	false,
				"sender":	true
			}
		}],
	"end":	{
		"streams":	[{
				"sender":	{
					"socket":	5,
					"start":	0,
					"end":	80.00008,
					"seconds":	80.00008,
					"bytes":	9416736768,
					"bits_per_second":	941672735.127265,
					"retransmits":	0,
					"max_snd_cwnd":	518384,
					"max_rtt":	2718,
					"min_rtt":	2701,
					"mean_rtt":	2709,
					"sender":	true
				},
				"receiver":	{
					"socket":	5,
					"start":	0,
					"end":	80.045187950134277,
					"seconds":	80.00008,
					"bytes":	9414868856,
					"bits_per_second":	940955387.535868,
					"sender":	true
				}
			}],
		"sum_sent":	{
			"start":	0,
			"end":	80.00008,
			"seconds":	80.00008,
			"bytes":	9416736768,
			"bits_per_second":	941672735.127265,
			"retransmits":	0,
			"sender":	true
		},
		"sum_received":	{
			"start":	0,
			"end":	80.045187950134277,
			"seconds":	80.045187950134277,
			"bytes":	9414868856,
			"bits_per_second":	940955387.535868,
			"sender":	true
		},
		"cpu_utilization_percent":	{
			"host_total":	15.962868488685103,
			"host_user":	0.60278860415876956,
			"host_system":	15.360083630330893,
			"remote_total":	26.3216754084307,
			"remote_user":	2.5615277058683712,
			"remote_system":	23.760147702562325
		},
		"sender_tcp_congestion":	"cubic",
		"receiver_tcp_congestion":	"cubic"
	}
}
