{
	"start":	{
		"connected":	[{
				"socket":	5,
				"local_host":	"10.10.10.2",
				"local_port":	45838,
				"remote_host":	"10.10.10.4",
				"remote_port":	5201
			}],
		"version":	"iperf 3.9",
		"system_info":	"Linux zelda 5.10.0-18-amd64 #1 SMP Debian 5.10.140-1 (2022-09-02) x86_64",
		"timestamp":	{
			"time":	"Tue, 30 Jan 2024 17:37:53 GMT",
			"timesecs":	1706636273
		},
		"connecting_to":	{
			"host":	"10.10.10.4",
			"port":	5201
		},
		"cookie":	"ex5nuf4v55x2jajrz6fpew6dwlbff6sxyipr",
		"tcp_mss_default":	1448,
		"target_bitrate":	7000000000,
		"sock_bufsize":	0,
		"sndbuf_actual":	1000000,
		"rcvbuf_actual":	1000000,
		"test_start":	{
			"protocol":	"TCP",
			"num_streams":	1,
			"blksize":	131072,
			"omit":	0,
			"duration":	30,
			"bytes":	0,
			"blocks":	0,
			"reverse":	0,
			"tos":	0
		}
	},
	"intervals":	[{
			"streams":	[{
					"socket":	5,
					"start":	0,
					"end":	30.000073,
					"seconds":	30.000072479248047,
					"bytes":	3532128256,
					"bits_per_second":	941898592.6632756,
					"retransmits":	0,
					"snd_cwnd":	414128,
					"rtt":	2301,
					"rttvar":	148,
					"pmtu":	9000,
					"omitted":	false,
					"sender":	true
				}],
			"sum":	{
				"start":	0,
				"end":	30.000073,
				"seconds":	30.000072479248047,
				"bytes":	3532128256,
				"bits_per_second":	941898592.6632756,
				"retransmits":	0,
				"omitted":	false,
				"sender":	true
			}
		}],
	"end":	{
		"streams":	[{
				"sender":	{
					"socket":	5,
					"start":	0,
					"end":	30.000073,
					"seconds":	30.000073,
					"bytes":	3532128256,
					"bits_per_second":	941898576.31346428,
					"retransmits":	0,
					"max_snd_cwnd":	414128,
					"max_rtt":	2301,
					"min_rtt":	2301,
					"mean_rtt":	2301,
					"sender":	true
				},
				"receiver":	{
					"socket":	5,
					"start":	0,
					"end":	30.043704986572266,
					"seconds":	30.000073,
					"bytes":	3530741688,
					"bits_per_second":	940161458.6691035,
					"sender":	true
				}
			}],
		"sum_sent":	{
			"start":	0,
			"end":	30.000073,
			"seconds":	30.000073,
			"bytes":	3532128256,
			"bits_per_second":	941898576.31346428,
			"retransmits":	0,
			"sender":	true
		},
		"sum_received":	{
			"start":	0,
			"end":	30.043704986572266,
			"seconds":	30.043704986572266,
			"bytes":	3530741688,
			"bits_per_second":	940161458.6691035,
			"sender":	true
		},
		"cpu_utilization_percent":	{
			"host_total":	15.98390196920832,
			"host_user":	0.702629350569273,
			"host_system":	15.281269294659944,
			"remote_total":	26.8008751067097,
			"remote_user":	2.6718372748562675,
			"remote_system":	24.1290345115718
		},
		"sender_tcp_congestion":	"cubic",
		"receiver_tcp_congestion":	"cubic"
	}
}
