{
	"start":	{
		"connected":	[{
				"socket":	5,
				"local_host":	"10.10.10.2",
				"local_port":	55396,
				"remote_host":	"10.10.10.4",
				"remote_port":	5201
			}],
		"version":	"iperf 3.9",
		"system_info":	"Linux zelda 5.10.0-18-amd64 #1 SMP Debian 5.10.140-1 (2022-09-02) x86_64",
		"timestamp":	{
			"time":	"Tue, 30 Jan 2024 13:38:59 GMT",
			"timesecs":	1706621939
		},
		"connecting_to":	{
			"host":	"10.10.10.4",
			"port":	5201
		},
		"cookie":	"lban7k5fodbsracb2dm45munm5sciayu53oe",
		"tcp_mss_default":	1448,
		"target_bitrate":	4000000000,
		"sock_bufsize":	0,
		"sndbuf_actual":	1000000,
		"rcvbuf_actual":	1000000,
		"test_start":	{
			"protocol":	"TCP",
			"num_streams":	1,
			"blksize":	131072,
			"omit":	0,
			"duration":	70,
			"bytes":	0,
			"blocks":	0,
			"reverse":	0,
			"tos":	0
		}
	},
	"intervals":	[{
			"streams":	[{
					"socket":	5,
					"start":	0,
					"end":	60.000074,
					"seconds":	60.000072479248047,
					"bytes":	7063076864,
					"bits_per_second":	941742444.25359643,
					"retransmits":	0,
					"snd_cwnd":	502456,
					"rtt":	2251,
					"rttvar":	120,
					"pmtu":	9000,
					"omitted":	false,
					"sender":	true
				}],
			"sum":	{
				"start":	0,
				"end":	60.000074,
				"seconds":	60.000072479248047,
				"bytes":	7063076864,
				"bits_per_second":	941742444.25359643,
				"retransmits":	0,
				"omitted":	false,
				"sender":	true
			}
		}, {
			"streams":	[{
					"socket":	5,
					"start":	60.000074,
					"end":	70.00008,
					"seconds":	10.0000057220459,
					"bytes":	1176764416,
					"bits_per_second":	941410994.12030828,
					"retransmits":	0,
					"snd_cwnd":	502456,
					"rtt":	2217,
					"rttvar":	155,
					"pmtu":	9000,
					"omitted":	false,
					"sender":	true
				}],
			"sum":	{
				"start":	60.000074,
				"end":	70.00008,
				"seconds":	10.0000057220459,
				"bytes":	1176764416,
				"bits_per_second":	941410994.12030828,
				"retransmits":	0,
				"omitted":	false,
				"sender":	true
			}
		}],
	"end":	{
		"streams":	[{
				"sender":	{
					"socket":	5,
					"start":	0,
					"end":	70.00008,
					"seconds":	70.00008,
					"bytes":	8239841280,
					"bits_per_second":	941695070.062777,
					"retransmits":	0,
					"max_snd_cwnd":	502456,
					"max_rtt":	2251,
					"min_rtt":	2217,
					"mean_rtt":	2234,
					"sender":	true
				},
				"receiver":	{
					"socket":	5,
					"start":	0,
					"end":	70.0442078113556,
					"seconds":	70.00008,
					"bytes":	8238160728,
					"bits_per_second":	940909860.833852,
					"sender":	true
				}
			}],
		"sum_sent":	{
			"start":	0,
			"end":	70.00008,
			"seconds":	70.00008,
			"bytes":	8239841280,
			"bits_per_second":	941695070.062777,
			"retransmits":	0,
			"sender":	true
		},
		"sum_received":	{
			"start":	0,
			"end":	70.0442078113556,
			"seconds":	70.0442078113556,
			"bytes":	8238160728,
			"bits_per_second":	940909860.833852,
			"sender":	true
		},
		"cpu_utilization_percent":	{
			"host_total":	16.4439100273819,
			"host_user":	0.726636806988434,
			"host_system":	15.717271793539478,
			"remote_total":	27.218532059265527,
			"remote_user":	2.6259653974149981,
			"remote_system":	24.592565235691406
		},
		"sender_tcp_congestion":	"cubic",
		"receiver_tcp_congestion":	"cubic"
	}
}
