{
	"start":	{
		"connected":	[{
				"socket":	5,
				"local_host":	"10.10.10.2",
				"local_port":	59072,
				"remote_host":	"10.10.10.4",
				"remote_port":	5201
			}],
		"version":	"iperf 3.9",
		"system_info":	"Linux zelda 5.10.0-18-amd64 #1 SMP Debian 5.10.140-1 (2022-09-02) x86_64",
		"timestamp":	{
			"time":	"Tue, 30 Jan 2024 13:07:32 GMT",
			"timesecs":	1706620052
		},
		"connecting_to":	{
			"host":	"10.10.10.4",
			"port":	5201
		},
		"cookie":	"lphsjfgxjwkqckhnccme5w2gg6ak3mkv7ycw",
		"tcp_mss_default":	1448,
		"target_bitrate":	4000000000,
		"sock_bufsize":	0,
		"sndbuf_actual":	1000000,
		"rcvbuf_actual":	1000000,
		"test_start":	{
			"protocol":	"TCP",
			"num_streams":	1,
			"blksize":	131072,
			"omit":	0,
			"duration":	40,
			"bytes":	0,
			"blocks":	0,
			"reverse":	0,
			"tos":	0
		}
	},
	"intervals":	[{
			"streams":	[{
					"socket":	5,
					"start":	0,
					"end":	40.000073,
					"seconds":	40.000072479248047,
					"bytes":	4709416960,
					"bits_per_second":	941881685.32809246,
					"retransmits":	0,
					"snd_cwnd":	509696,
					"rtt":	2442,
					"rttvar":	209,
					"pmtu":	9000,
					"omitted":	false,
					"sender":	true
				}],
			"sum":	{
				"start":	0,
				"end":	40.000073,
				"seconds":	40.000072479248047,
				"bytes":	4709416960,
				"bits_per_second":	941881685.32809246,
				"retransmits":	0,
				"omitted":	false,
				"sender":	true
			}
		}],
	"end":	{
		"streams":	[{
				"sender":	{
					"socket":	5,
					"start":	0,
					"end":	40.000073,
					"seconds":	40.000073,
					"bytes":	4709416960,
					"bits_per_second":	941881673.0659467,
					"retransmits":	0,
					"max_snd_cwnd":	509696,
					"max_rtt":	2442,
					"min_rtt":	2442,
					"mean_rtt":	2442,
					"sender":	true
				},
				"receiver":	{
					"socket":	5,
					"start":	0,
					"end":	40.043854951858521,
					"seconds":	40.000073,
					"bytes":	4707570256,
					"bits_per_second":	940482930.35913348,
					"sender":	true
				}
			}],
		"sum_sent":	{
			"start":	0,
			"end":	40.000073,
			"seconds":	40.000073,
			"bytes":	4709416960,
			"bits_per_second":	941881673.0659467,
			"retransmits":	0,
			"sender":	true
		},
		"sum_received":	{
			"start":	0,
			"end":	40.043854951858521,
			"seconds":	40.043854951858521,
			"bytes":	4707570256,
			"bits_per_second":	940482930.35913348,
			"sender":	true
		},
		"cpu_utilization_percent":	{
			"host_total":	16.045784020098207,
			"host_user":	0.74267874411892776,
			"host_system":	15.303105275979281,
			"remote_total":	25.4391037868535,
			"remote_user":	2.4158002359780681,
			"remote_system":	23.023301058237127
		},
		"sender_tcp_congestion":	"cubic",
		"receiver_tcp_congestion":	"cubic"
	}
}
