{
	"start":	{
		"connected":	[{
				"socket":	5,
				"local_host":	"10.10.10.2",
				"local_port":	58670,
				"remote_host":	"10.10.10.4",
				"remote_port":	5201
			}],
		"version":	"iperf 3.9",
		"system_info":	"Linux zelda 5.10.0-18-amd64 #1 SMP Debian 5.10.140-1 (2022-09-02) x86_64",
		"timestamp":	{
			"time":	"Tue, 30 Jan 2024 11:43:13 GMT",
			"timesecs":	1706614993
		},
		"connecting_to":	{
			"host":	"10.10.10.4",
			"port":	5201
		},
		"cookie":	"xqrrwzcleszabnl7ch2ib7wxpxtcpobsycp5",
		"tcp_mss_default":	1448,
		"target_bitrate":	3000000000,
		"sock_bufsize":	0,
		"sndbuf_actual":	1000000,
		"rcvbuf_actual":	1000000,
		"test_start":	{
			"protocol":	"TCP",
			"num_streams":	1,
			"blksize":	131072,
			"omit":	0,
			"duration":	50,
			"bytes":	0,
			"blocks":	0,
			"reverse":	0,
			"tos":	0
		}
	},
	"intervals":	[{
			"streams":	[{
					"socket":	5,
					"start":	0,
					"end":	50.00007,
					"seconds":	50.000068664550781,
					"bytes":	5886181376,
					"bits_per_second":	941787726.811376,
					"retransmits":	0,
					"snd_cwnd":	493768,
					"rtt":	2257,
					"rttvar":	102,
					"pmtu":	9000,
					"omitted":	false,
					"sender":	true
				}],
			"sum":	{
				"start":	0,
				"end":	50.00007,
				"seconds":	50.000068664550781,
				"bytes":	5886181376,
				"bits_per_second":	941787726.811376,
				"retransmits":	0,
				"omitted":	false,
				"sender":	true
			}
		}],
	"end":	{
		"streams":	[{
				"sender":	{
					"socket":	5,
					"start":	0,
					"end":	50.00007,
					"seconds":	50.00007,
					"bytes":	5886181376,
					"bits_per_second":	941787701.65721762,
					"retransmits":	0,
					"max_snd_cwnd":	493768,
					"max_rtt":	2257,
					"min_rtt":	2257,
					"mean_rtt":	2257,
					"sender":	true
				},
				"receiver":	{
					"socket":	5,
					"start":	0,
					"end":	50.048249959945679,
					"seconds":	50.00007,
					"bytes":	5884451208,
					"bits_per_second":	940604510.68069863,
					"sender":	true
				}
			}],
		"sum_sent":	{
			"start":	0,
			"end":	50.00007,
			"seconds":	50.00007,
			"bytes":	5886181376,
			"bits_per_second":	941787701.65721762,
			"retransmits":	0,
			"sender":	true
		},
		"sum_received":	{
			"start":	0,
			"end":	50.048249959945679,
			"seconds":	50.048249959945679,
			"bytes":	5884451208,
			"bits_per_second":	940604510.68069863,
			"sender":	true
		},
		"cpu_utilization_percent":	{
			"host_total":	15.648592242951073,
			"host_user":	0.59592345926084545,
			"host_system":	15.052668783690226,
			"remote_total":	27.42736725279773,
			"remote_user":	2.9005139782915657,
			"remote_system":	24.526853274506166
		},
		"sender_tcp_congestion":	"cubic",
		"receiver_tcp_congestion":	"cubic"
	}
}
