{
	"start":	{
		"connected":	[{
				"socket":	5,
				"local_host":	"10.10.10.2",
				"local_port":	49902,
				"remote_host":	"10.10.10.4",
				"remote_port":	5201
			}],
		"version":	"iperf 3.9",
		"system_info":	"Linux zelda 5.10.0-18-amd64 #1 SMP Debian 5.10.140-1 (2022-09-02) x86_64",
		"timestamp":	{
			"time":	"Tue, 30 Jan 2024 13:01:29 GMT",
			"timesecs":	1706619689
		},
		"connecting_to":	{
			"host":	"10.10.10.4",
			"port":	5201
		},
		"cookie":	"ol35dhi4wqawdtf2fkxxl3uevptq5f5tansz",
		"tcp_mss_default":	1448,
		"target_bitrate":	4000000000,
		"sock_bufsize":	0,
		"sndbuf_actual":	1000000,
		"rcvbuf_actual":	1000000,
		"test_start":	{
			"protocol":	"TCP",
			"num_streams":	1,
			"blksize":	131072,
			"omit":	0,
			"duration":	20,
			"bytes":	0,
			"blocks":	0,
			"reverse":	0,
			"tos":	0
		}
	},
	"intervals":	[{
			"streams":	[{
					"socket":	5,
					"start":	0,
					"end":	20.000093,
					"seconds":	20.000093460083008,
					"bytes":	2355494912,
					"bits_per_second":	942193561.92557466,
					"retransmits":	0,
					"snd_cwnd":	463360,
					"rtt":	2224,
					"rttvar":	154,
					"pmtu":	9000,
					"omitted":	false,
					"sender":	true
				}],
			"sum":	{
				"start":	0,
				"end":	20.000093,
				"seconds":	20.000093460083008,
				"bytes":	2355494912,
				"bits_per_second":	942193561.92557466,
				"retransmits":	0,
				"omitted":	false,
				"sender":	true
			}
		}],
	"end":	{
		"streams":	[{
				"sender":	{
					"socket":	5,
					"start":	0,
					"end":	20.000093,
					"seconds":	20.000093,
					"bytes":	2355494912,
					"bits_per_second":	942193583.59983623,
					"retransmits":	0,
					"max_snd_cwnd":	463360,
					"max_rtt":	2224,
					"min_rtt":	2224,
					"mean_rtt":	2224,
					"sender":	true
				},
				"receiver":	{
					"socket":	5,
					"start":	0,
					"end":	20.043637990951538,
					"seconds":	20.000093,
					"bytes":	2353886928,
					"bits_per_second":	939504865.95802,
					"sender":	true
				}
			}],
		"sum_sent":	{
			"start":	0,
			"end":	20.000093,
			"seconds":	20.000093,
			"bytes":	2355494912,
			"bits_per_second":	942193583.59983623,
			"retransmits":	0,
			"sender":	true
		},
		"sum_received":	{
			"start":	0,
			"end":	20.043637990951538,
			"seconds":	20.043637990951538,
			"bytes":	2353886928,
			"bits_per_second":	939504865.95802,
			"sender":	true
		},
		"cpu_utilization_percent":	{
			"host_total":	16.397772066190793,
			"host_user":	0.871980931873767,
			"host_system":	15.525796112940062,
			"remote_total":	27.641332031873862,
			"remote_user":	2.8090916126696355,
			"remote_system":	24.83223544851316
		},
		"sender_tcp_congestion":	"cubic",
		"receiver_tcp_congestion":	"cubic"
	}
}
