{
	"start":	{
		"connected":	[{
				"socket":	5,
				"local_host":	"10.10.10.2",
				"local_port":	39944,
				"remote_host":	"10.10.10.4",
				"remote_port":	5201
			}],
		"version":	"iperf 3.9",
		"system_info":	"Linux zelda 5.10.0-18-amd64 #1 SMP Debian 5.10.140-1 (2022-09-02) x86_64",
		"timestamp":	{
			"time":	"Tue, 30 Jan 2024 11:25:35 GMT",
			"timesecs":	1706613935
		},
		"connecting_to":	{
			"host":	"10.10.10.4",
			"port":	5201
		},
		"cookie":	"xq6use3k6wowpaibofw2wruksvqjxb3h6fie",
		"tcp_mss_default":	1448,
		"target_bitrate":	3000000000,
		"sock_bufsize":	0,
		"sndbuf_actual":	1000000,
		"rcvbuf_actual":	1000000,
		"test_start":	{
			"protocol":	"TCP",
			"num_streams":	1,
			"blksize":	131072,
			"omit":	0,
			"duration":	10,
			"bytes":	0,
			"blocks":	0,
			"reverse":	0,
			"tos":	0
		}
	},
	"intervals":	[{
			"streams":	[{
					"socket":	5,
					"start":	0,
					"end":	10.00008,
					"seconds":	10.000080108642578,
					"bytes":	1178599424,
					"bits_per_second":	942871985.980508,
					"retransmits":	0,
					"snd_cwnd":	438744,
					"rtt":	2187,
					"rttvar":	92,
					"pmtu":	9000,
					"omitted":	false,
					"sender":	true
				}],
			"sum":	{
				"start":	0,
				"end":	10.00008,
				"seconds":	10.000080108642578,
				"bytes":	1178599424,
				"bits_per_second":	942871985.980508,
				"retransmits":	0,
				"omitted":	false,
				"sender":	true
			}
		}],
	"end":	{
		"streams":	[{
				"sender":	{
					"socket":	5,
					"start":	0,
					"end":	10.00008,
					"seconds":	10.00008,
					"bytes":	1178599424,
					"bits_per_second":	942871996.22403,
					"retransmits":	0,
					"max_snd_cwnd":	438744,
					"max_rtt":	2187,
					"min_rtt":	2187,
					"mean_rtt":	2187,
					"sender":	true
				},
				"receiver":	{
					"socket":	5,
					"start":	0,
					"end":	10.044320106506348,
					"seconds":	10.00008,
					"bytes":	1177097328,
					"bits_per_second":	937522751.579786,
					"sender":	true
				}
			}],
		"sum_sent":	{
			"start":	0,
			"end":	10.00008,
			"seconds":	10.00008,
			"bytes":	1178599424,
			"bits_per_second":	942871996.22403,
			"retransmits":	0,
			"sender":	true
		},
		"sum_received":	{
			"start":	0,
			"end":	10.044320106506348,
			"seconds":	10.044320106506348,
			"bytes":	1177097328,
			"bits_per_second":	937522751.579786,
			"sender":	true
		},
		"cpu_utilization_percent":	{
			"host_total":	16.365526723639526,
			"host_user":	0.70407166797166,
			"host_system":	15.661464970773739,
			"remote_total":	26.20279383553402,
			"remote_user":	1.9327727273535582,
			"remote_system":	24.2700112288486
		},
		"sender_tcp_congestion":	"cubic",
		"receiver_tcp_congestion":	"cubic"
	}
}
