{
	"start":	{
		"connected":	[{
				"socket":	5,
				"local_host":	"10.10.10.2",
				"local_port":	55316,
				"remote_host":	"10.10.10.4",
				"remote_port":	5201
			}],
		"version":	"iperf 3.9",
		"system_info":	"Linux zelda 5.10.0-18-amd64 #1 SMP Debian 5.10.140-1 (2022-09-02) x86_64",
		"timestamp":	{
			"time":	"Tue, 30 Jan 2024 19:06:32 GMT",
			"timesecs":	1706641592
		},
		"connecting_to":	{
			"host":	"10.10.10.4",
			"port":	5201
		},
		"cookie":	"fl57znav3hcbhi4e5aflx6g4yc4wtofg3zbd",
		"tcp_mss_default":	1448,
		"target_bitrate":	8000000000,
		"sock_bufsize":	0,
		"sndbuf_actual":	1000000,
		"rcvbuf_actual":	1000000,
		"test_start":	{
			"protocol":	"TCP",
			"num_streams":	1,
			"blksize":	131072,
			"omit":	0,
			"duration":	20,
			"bytes":	0,
			"blocks":	0,
			"reverse":	0,
			"tos":	0
		}
	},
	"intervals":	[{
			"streams":	[{
					"socket":	5,
					"start":	0,
					"end":	20.000073,
					"seconds":	20.000072479248047,
					"bytes":	2355757056,
					"bits_per_second":	942299407.54237533,
					"retransmits":	0,
					"snd_cwnd":	525624,
					"rtt":	2737,
					"rttvar":	168,
					"pmtu":	9000,
					"omitted":	false,
					"sender":	true
				}],
			"sum":	{
				"start":	0,
				"end":	20.000073,
				"seconds":	20.000072479248047,
				"bytes":	2355757056,
				"bits_per_second":	942299407.54237533,
				"retransmits":	0,
				"omitted":	false,
				"sender":	true
			}
		}],
	"end":	{
		"streams":	[{
				"sender":	{
					"socket":	5,
					"start":	0,
					"end":	20.000073,
					"seconds":	20.000073,
					"bytes":	2355757056,
					"bits_per_second":	942299383.007252,
					"retransmits":	0,
					"max_snd_cwnd":	525624,
					"max_rtt":	2737,
					"min_rtt":	2737,
					"mean_rtt":	2737,
					"sender":	true
				},
				"receiver":	{
					"socket":	5,
					"start":	0,
					"end":	20.043655872344971,
					"seconds":	20.000073,
					"bytes":	2353886928,
					"bits_per_second":	939504027.80472851,
					"sender":	true
				}
			}],
		"sum_sent":	{
			"start":	0,
			"end":	20.000073,
			"seconds":	20.000073,
			"bytes":	2355757056,
			"bits_per_second":	942299383.007252,
			"retransmits":	0,
			"sender":	true
		},
		"sum_received":	{
			"start":	0,
			"end":	20.043655872344971,
			"seconds":	20.043655872344971,
			"bytes":	2353886928,
			"bits_per_second":	939504027.80472851,
			"sender":	true
		},
		"cpu_utilization_percent":	{
			"host_total":	16.126558487870028,
			"host_user":	0.800450074244825,
			"host_system":	15.3261084136252,
			"remote_total":	27.15101900365633,
			"remote_user":	3.19839485628829,
			"remote_system":	23.952624147368041
		},
		"sender_tcp_congestion":	"cubic",
		"receiver_tcp_congestion":	"cubic"
	}
}
