{
	"start":	{
		"connected":	[{
				"socket":	5,
				"local_host":	"10.10.10.2",
				"local_port":	55494,
				"remote_host":	"10.10.10.4",
				"remote_port":	5201
			}],
		"version":	"iperf 3.9",
		"system_info":	"Linux zelda 5.10.0-18-amd64 #1 SMP Debian 5.10.140-1 (2022-09-02) x86_64",
		"timestamp":	{
			"time":	"Tue, 30 Jan 2024 22:22:19 GMT",
			"timesecs":	1706653339
		},
		"connecting_to":	{
			"host":	"10.10.10.4",
			"port":	5201
		},
		"cookie":	"qwubtnpu4hojys5xzplfbngnkupdjy4icoi4",
		"tcp_mss_default":	1448,
		"target_bitrate":	10000000000,
		"sock_bufsize":	0,
		"sndbuf_actual":	1000000,
		"rcvbuf_actual":	1000000,
		"test_start":	{
			"protocol":	"TCP",
			"num_streams":	1,
			"blksize":	131072,
			"omit":	0,
			"duration":	40,
			"bytes":	0,
			"blocks":	0,
			"reverse":	0,
			"tos":	0
		}
	},
	"intervals":	[{
			"streams":	[{
					"socket":	5,
					"start":	0,
					"end":	40.000073,
					"seconds":	40.000072479248047,
					"bytes":	4709023744,
					"bits_per_second":	941803042.27059221,
					"retransmits":	0,
					"snd_cwnd":	419920,
					"rtt":	2224,
					"rttvar":	122,
					"pmtu":	9000,
					"omitted":	false,
					"sender":	true
				}],
			"sum":	{
				"start":	0,
				"end":	40.000073,
				"seconds":	40.000072479248047,
				"bytes":	4709023744,
				"bits_per_second":	941803042.27059221,
				"retransmits":	0,
				"omitted":	false,
				"sender":	true
			}
		}],
	"end":	{
		"streams":	[{
				"sender":	{
					"socket":	5,
					"start":	0,
					"end":	40.000073,
					"seconds":	40.000073,
					"bytes":	4709023744,
					"bits_per_second":	941803030.00947022,
					"retransmits":	0,
					"max_snd_cwnd":	419920,
					"max_rtt":	2224,
					"min_rtt":	2224,
					"mean_rtt":	2224,
					"sender":	true
				},
				"receiver":	{
					"socket":	5,
					"start":	0,
					"end":	40.041177034378052,
					"seconds":	40.000073,
					"bytes":	4707596448,
					"bits_per_second":	940551062.01462781,
					"sender":	true
				}
			}],
		"sum_sent":	{
			"start":	0,
			"end":	40.000073,
			"seconds":	40.000073,
			"bytes":	4709023744,
			"bits_per_second":	941803030.00947022,
			"retransmits":	0,
			"sender":	true
		},
		"sum_received":	{
			"start":	0,
			"end":	40.041177034378052,
			"seconds":	40.041177034378052,
			"bytes":	4707596448,
			"bits_per_second":	940551062.01462781,
			"sender":	true
		},
		"cpu_utilization_percent":	{
			"host_total":	16.344366172797891,
			"host_user":	0.66233859154744057,
			"host_system":	15.682027581250448,
			"remote_total":	22.166806271457322,
			"remote_user":	2.1534741053469948,
			"remote_system":	20.013329673464376
		},
		"sender_tcp_congestion":	"cubic",
		"receiver_tcp_congestion":	"cubic"
	}
}
