{
	"start":	{
		"connected":	[{
				"socket":	5,
				"local_host":	"10.10.10.2",
				"local_port":	59608,
				"remote_host":	"10.10.10.4",
				"remote_port":	5201
			}],
		"version":	"iperf 3.9",
		"system_info":	"Linux zelda 5.10.0-18-amd64 #1 SMP Debian 5.10.140-1 (2022-09-02) x86_64",
		"timestamp":	{
			"time":	"Tue, 30 Jan 2024 10:31:26 GMT",
			"timesecs":	1706610686
		},
		"connecting_to":	{
			"host":	"10.10.10.4",
			"port":	5201
		},
		"cookie":	"wvpi32ryjygwxjyosmjf7pyveyebqiq4h3gc",
		"tcp_mss_default":	1448,
		"target_bitrate":	2000000000,
		"sock_bufsize":	0,
		"sndbuf_actual":	1000000,
		"rcvbuf_actual":	1000000,
		"test_start":	{
			"protocol":	"TCP",
			"num_streams":	1,
			"blksize":	131072,
			"omit":	0,
			"duration":	70,
			"bytes":	0,
			"blocks":	0,
			"reverse":	0,
			"tos":	0
		}
	},
	"intervals":	[{
			"streams":	[{
					"socket":	5,
					"start":	0,
					"end":	60.000079,
					"seconds":	60.000080108642578,
					"bytes":	7063470080,
					"bits_per_second":	941794753.235012,
					"retransmits":	0,
					"snd_cwnd":	621192,
					"rtt":	2723,
					"rttvar":	146,
					"pmtu":	9000,
					"omitted":	false,
					"sender":	true
				}],
			"sum":	{
				"start":	0,
				"end":	60.000079,
				"seconds":	60.000080108642578,
				"bytes":	7063470080,
				"bits_per_second":	941794753.235012,
				"retransmits":	0,
				"omitted":	false,
				"sender":	true
			}
		}, {
			"streams":	[{
					"socket":	5,
					"start":	60.000079,
					"end":	70.000072,
					"seconds":	9.9999933242797852,
					"bytes":	1176895488,
					"bits_per_second":	941517018.93041956,
					"retransmits":	0,
					"snd_cwnd":	621192,
					"rtt":	2773,
					"rttvar":	154,
					"pmtu":	9000,
					"omitted":	false,
					"sender":	true
				}],
			"sum":	{
				"start":	60.000079,
				"end":	70.000072,
				"seconds":	9.9999933242797852,
				"bytes":	1176895488,
				"bits_per_second":	941517018.93041956,
				"retransmits":	0,
				"omitted":	false,
				"sender":	true
			}
		}],
	"end":	{
		"streams":	[{
				"sender":	{
					"socket":	5,
					"start":	0,
					"end":	70.000072,
					"seconds":	70.000072,
					"bytes":	8240365568,
					"bits_per_second":	941755096.251901,
					"retransmits":	0,
					"max_snd_cwnd":	621192,
					"max_rtt":	2773,
					"min_rtt":	2723,
					"mean_rtt":	2748,
					"sender":	true
				},
				"receiver":	{
					"socket":	5,
					"start":	0,
					"end":	70.041290998458862,
					"seconds":	70.000072,
					"bytes":	8238161840,
					"bits_per_second":	940949171.27455759,
					"sender":	true
				}
			}],
		"sum_sent":	{
			"start":	0,
			"end":	70.000072,
			"seconds":	70.000072,
			"bytes":	8240365568,
			"bits_per_second":	941755096.251901,
			"retransmits":	0,
			"sender":	true
		},
		"sum_received":	{
			"start":	0,
			"end":	70.041290998458862,
			"seconds":	70.041290998458862,
			"bytes":	8238161840,
			"bits_per_second":	940949171.27455759,
			"sender":	true
		},
		"cpu_utilization_percent":	{
			"host_total":	15.91412858881052,
			"host_user":	0.56780175222881069,
			"host_system":	15.346328263420039,
			"remote_total":	24.898630037272383,
			"remote_user":	2.5768869468278255,
			"remote_system":	22.321741664285458
		},
		"sender_tcp_congestion":	"cubic",
		"receiver_tcp_congestion":	"cubic"
	}
}
