{
	"start":	{
		"connected":	[{
				"socket":	5,
				"local_host":	"10.10.10.2",
				"local_port":	57838,
				"remote_host":	"10.10.10.4",
				"remote_port":	5201
			}],
		"version":	"iperf 3.9",
		"system_info":	"Linux zelda 5.10.0-18-amd64 #1 SMP Debian 5.10.140-1 (2022-09-02) x86_64",
		"timestamp":	{
			"time":	"Tue, 30 Jan 2024 11:53:55 GMT",
			"timesecs":	1706615635
		},
		"connecting_to":	{
			"host":	"10.10.10.4",
			"port":	5201
		},
		"cookie":	"2ct4mtupmczfzaw2lzmogq5nvj7kzehcsg4n",
		"tcp_mss_default":	1448,
		"target_bitrate":	3000000000,
		"sock_bufsize":	0,
		"sndbuf_actual":	1000000,
		"rcvbuf_actual":	1000000,
		"test_start":	{
			"protocol":	"TCP",
			"num_streams":	1,
			"blksize":	131072,
			"omit":	0,
			"duration":	60,
			"bytes":	0,
			"blocks":	0,
			"reverse":	0,
			"tos":	0
		}
	},
	"intervals":	[{
			"streams":	[{
					"socket":	5,
					"start":	0,
					"end":	60.000073,
					"seconds":	60.000072479248047,
					"bytes":	7063339008,
					"bits_per_second":	941777396.74470758,
					"retransmits":	0,
					"snd_cwnd":	595128,
					"rtt":	2465,
					"rttvar":	202,
					"pmtu":	9000,
					"omitted":	false,
					"sender":	true
				}],
			"sum":	{
				"start":	0,
				"end":	60.000073,
				"seconds":	60.000072479248047,
				"bytes":	7063339008,
				"bits_per_second":	941777396.74470758,
				"retransmits":	0,
				"omitted":	false,
				"sender":	true
			}
		}],
	"end":	{
		"streams":	[{
				"sender":	{
					"socket":	5,
					"start":	0,
					"end":	60.000073,
					"seconds":	60.000073,
					"bytes":	7063339008,
					"bits_per_second":	941777388.570844,
					"retransmits":	0,
					"max_snd_cwnd":	595128,
					"max_rtt":	2465,
					"min_rtt":	2465,
					"mean_rtt":	2465,
					"sender":	true
				},
				"receiver":	{
					"socket":	5,
					"start":	0,
					"end":	60.044540166854858,
					"seconds":	60.000073,
					"bytes":	7061338936,
					"bits_per_second":	940813458.32644737,
					"sender":	true
				}
			}],
		"sum_sent":	{
			"start":	0,
			"end":	60.000073,
			"seconds":	60.000073,
			"bytes":	7063339008,
			"bits_per_second":	941777388.570844,
			"retransmits":	0,
			"sender":	true
		},
		"sum_received":	{
			"start":	0,
			"end":	60.044540166854858,
			"seconds":	60.044540166854858,
			"bytes":	7061338936,
			"bits_per_second":	940813458.32644737,
			"sender":	true
		},
		"cpu_utilization_percent":	{
			"host_total":	16.12737865990724,
			"host_user":	0.60203105681956426,
			"host_system":	15.525349267315416,
			"remote_total":	24.153148041976223,
			"remote_user":	2.3943970496290832,
			"remote_system":	21.758749329079361
		},
		"sender_tcp_congestion":	"cubic",
		"receiver_tcp_congestion":	"cubic"
	}
}
