{
	"start":	{
		"connected":	[{
				"socket":	5,
				"local_host":	"10.10.10.2",
				"local_port":	34360,
				"remote_host":	"10.10.10.4",
				"remote_port":	5201
			}],
		"version":	"iperf 3.9",
		"system_info":	"Linux zelda 5.10.0-18-amd64 #1 SMP Debian 5.10.140-1 (2022-09-02) x86_64",
		"timestamp":	{
			"time":	"Tue, 30 Jan 2024 18:17:23 GMT",
			"timesecs":	1706638643
		},
		"connecting_to":	{
			"host":	"10.10.10.4",
			"port":	5201
		},
		"cookie":	"yq3r4ie2miav42noijn2u2nu6eol7or664cp",
		"tcp_mss_default":	1448,
		"target_bitrate":	7000000000,
		"sock_bufsize":	0,
		"sndbuf_actual":	1000000,
		"rcvbuf_actual":	1000000,
		"test_start":	{
			"protocol":	"TCP",
			"num_streams":	1,
			"blksize":	131072,
			"omit":	0,
			"duration":	70,
			"bytes":	0,
			"blocks":	0,
			"reverse":	0,
			"tos":	0
		}
	},
	"intervals":	[{
			"streams":	[{
					"socket":	5,
					"start":	0,
					"end":	60.000175,
					"seconds":	60.000175476074219,
					"bytes":	7062814720,
					"bits_per_second":	941705875.2191658,
					"retransmits":	0,
					"snd_cwnd":	430056,
					"rtt":	2172,
					"rttvar":	121,
					"pmtu":	9000,
					"omitted":	false,
					"sender":	true
				}],
			"sum":	{
				"start":	0,
				"end":	60.000175,
				"seconds":	60.000175476074219,
				"bytes":	7062814720,
				"bits_per_second":	941705875.2191658,
				"retransmits":	0,
				"omitted":	false,
				"sender":	true
			}
		}, {
			"streams":	[{
					"socket":	5,
					"start":	60.000175,
					"end":	70.000075,
					"seconds":	9.99989986419678,
					"bytes":	1176764416,
					"bits_per_second":	941420959.794398,
					"retransmits":	0,
					"snd_cwnd":	430056,
					"rtt":	2209,
					"rttvar":	144,
					"pmtu":	9000,
					"omitted":	false,
					"sender":	true
				}],
			"sum":	{
				"start":	60.000175,
				"end":	70.000075,
				"seconds":	9.99989986419678,
				"bytes":	1176764416,
				"bits_per_second":	941420959.794398,
				"retransmits":	0,
				"omitted":	false,
				"sender":	true
			}
		}],
	"end":	{
		"streams":	[{
				"sender":	{
					"socket":	5,
					"start":	0,
					"end":	70.000075,
					"seconds":	70.000075,
					"bytes":	8239579136,
					"bits_per_second":	941665178.04445219,
					"retransmits":	0,
					"max_snd_cwnd":	430056,
					"max_rtt":	2209,
					"min_rtt":	2172,
					"mean_rtt":	2190,
					"sender":	true
				},
				"receiver":	{
					"socket":	5,
					"start":	0,
					"end":	70.043606996536255,
					"seconds":	70.000075,
					"bytes":	8238080960,
					"bits_per_second":	940908821.03286123,
					"sender":	true
				}
			}],
		"sum_sent":	{
			"start":	0,
			"end":	70.000075,
			"seconds":	70.000075,
			"bytes":	8239579136,
			"bits_per_second":	941665178.04445219,
			"retransmits":	0,
			"sender":	true
		},
		"sum_received":	{
			"start":	0,
			"end":	70.043606996536255,
			"seconds":	70.043606996536255,
			"bytes":	8238080960,
			"bits_per_second":	940908821.03286123,
			"sender":	true
		},
		"cpu_utilization_percent":	{
			"host_total":	16.16110310090756,
			"host_user":	0.700839385881689,
			"host_system":	15.460263715025874,
			"remote_total":	23.315708682535284,
			"remote_user":	2.3907758162016473,
			"remote_system":	20.924930014148408
		},
		"sender_tcp_congestion":	"cubic",
		"receiver_tcp_congestion":	"cubic"
	}
}
