{
	"start":	{
		"connected":	[{
				"socket":	5,
				"local_host":	"10.10.10.2",
				"local_port":	36728,
				"remote_host":	"10.10.10.4",
				"remote_port":	5201
			}],
		"version":	"iperf 3.9",
		"system_info":	"Linux zelda 5.10.0-18-amd64 #1 SMP Debian 5.10.140-1 (2022-09-02) x86_64",
		"timestamp":	{
			"time":	"Tue, 30 Jan 2024 22:22:59 GMT",
			"timesecs":	1706653379
		},
		"connecting_to":	{
			"host":	"10.10.10.4",
			"port":	5201
		},
		"cookie":	"neo6q2gs65mrlqz2yw5upalm3icazboxy3qi",
		"tcp_mss_default":	1448,
		"target_bitrate":	10000000000,
		"sock_bufsize":	0,
		"sndbuf_actual":	1000000,
		"rcvbuf_actual":	1000000,
		"test_start":	{
			"protocol":	"TCP",
			"num_streams":	1,
			"blksize":	131072,
			"omit":	0,
			"duration":	40,
			"bytes":	0,
			"blocks":	0,
			"reverse":	0,
			"tos":	0
		}
	},
	"intervals":	[{
			"streams":	[{
					"socket":	5,
					"start":	0,
					"end":	40.000067,
					"seconds":	40.000068664550781,
					"bytes":	4709023744,
					"bits_per_second":	941803132.08777523,
					"retransmits":	0,
					"snd_cwnd":	403992,
					"rtt":	2249,
					"rttvar":	144,
					"pmtu":	9000,
					"omitted":	false,
					"sender":	true
				}],
			"sum":	{
				"start":	0,
				"end":	40.000067,
				"seconds":	40.000068664550781,
				"bytes":	4709023744,
				"bits_per_second":	941803132.08777523,
				"retransmits":	0,
				"omitted":	false,
				"sender":	true
			}
		}],
	"end":	{
		"streams":	[{
				"sender":	{
					"socket":	5,
					"start":	0,
					"end":	40.000067,
					"seconds":	40.000067,
					"bytes":	4709023744,
					"bits_per_second":	941803171.279688,
					"retransmits":	0,
					"max_snd_cwnd":	403992,
					"max_rtt":	2249,
					"min_rtt":	2249,
					"mean_rtt":	2249,
					"sender":	true
				},
				"receiver":	{
					"socket":	5,
					"start":	0,
					"end":	40.041242837905884,
					"seconds":	40.000067,
					"bytes":	4707596448,
					"bits_per_second":	940549516.3189,
					"sender":	true
				}
			}],
		"sum_sent":	{
			"start":	0,
			"end":	40.000067,
			"seconds":	40.000067,
			"bytes":	4709023744,
			"bits_per_second":	941803171.279688,
			"retransmits":	0,
			"sender":	true
		},
		"sum_received":	{
			"start":	0,
			"end":	40.041242837905884,
			"seconds":	40.041242837905884,
			"bytes":	4707596448,
			"bits_per_second":	940549516.3189,
			"sender":	true
		},
		"cpu_utilization_percent":	{
			"host_total":	16.645310871332665,
			"host_user":	0.65648831689846443,
			"host_system":	15.98882504922153,
			"remote_total":	22.354295008024589,
			"remote_user":	2.6024064143263965,
			"remote_system":	19.751886101048143
		},
		"sender_tcp_congestion":	"cubic",
		"receiver_tcp_congestion":	"cubic"
	}
}
