{
	"start":	{
		"connected":	[{
				"socket":	5,
				"local_host":	"10.10.10.2",
				"local_port":	48198,
				"remote_host":	"10.10.10.4",
				"remote_port":	5201
			}],
		"version":	"iperf 3.9",
		"system_info":	"Linux zelda 5.10.0-18-amd64 #1 SMP Debian 5.10.140-1 (2022-09-02) x86_64",
		"timestamp":	{
			"time":	"Tue, 30 Jan 2024 22:20:18 GMT",
			"timesecs":	1706653218
		},
		"connecting_to":	{
			"host":	"10.10.10.4",
			"port":	5201
		},
		"cookie":	"k6p4u4d6gv5gwy6j4i73f437b37hmjkebtgf",
		"tcp_mss_default":	1448,
		"target_bitrate":	10000000000,
		"sock_bufsize":	0,
		"sndbuf_actual":	1000000,
		"rcvbuf_actual":	1000000,
		"test_start":	{
			"protocol":	"TCP",
			"num_streams":	1,
			"blksize":	131072,
			"omit":	0,
			"duration":	40,
			"bytes":	0,
			"blocks":	0,
			"reverse":	0,
			"tos":	0
		}
	},
	"intervals":	[{
			"streams":	[{
					"socket":	5,
					"start":	0,
					"end":	40.000074,
					"seconds":	40.000072479248047,
					"bytes":	4709416960,
					"bits_per_second":	941881685.32809246,
					"retransmits":	0,
					"snd_cwnd":	524176,
					"rtt":	2794,
					"rttvar":	141,
					"pmtu":	9000,
					"omitted":	false,
					"sender":	true
				}],
			"sum":	{
				"start":	0,
				"end":	40.000074,
				"seconds":	40.000072479248047,
				"bytes":	4709416960,
				"bits_per_second":	941881685.32809246,
				"retransmits":	0,
				"omitted":	false,
				"sender":	true
			}
		}],
	"end":	{
		"streams":	[{
				"sender":	{
					"socket":	5,
					"start":	0,
					"end":	40.000074,
					"seconds":	40.000074,
					"bytes":	4709416960,
					"bits_per_second":	941881649.51894844,
					"retransmits":	0,
					"max_snd_cwnd":	524176,
					"max_rtt":	2794,
					"min_rtt":	2794,
					"mean_rtt":	2794,
					"sender":	true
				},
				"receiver":	{
					"socket":	5,
					"start":	0,
					"end":	40.041070222854614,
					"seconds":	40.000074,
					"bytes":	4707597896,
					"bits_per_second":	940553860.28378439,
					"sender":	true
				}
			}],
		"sum_sent":	{
			"start":	0,
			"end":	40.000074,
			"seconds":	40.000074,
			"bytes":	4709416960,
			"bits_per_second":	941881649.51894844,
			"retransmits":	0,
			"sender":	true
		},
		"sum_received":	{
			"start":	0,
			"end":	40.041070222854614,
			"seconds":	40.041070222854614,
			"bytes":	4707597896,
			"bits_per_second":	940553860.28378439,
			"sender":	true
		},
		"cpu_utilization_percent":	{
			"host_total":	16.325037235165524,
			"host_user":	0.6577734386441465,
			"host_system":	15.667263796521377,
			"remote_total":	26.613385452972366,
			"remote_user":	2.807281677244017,
			"remote_system":	23.806103775728349
		},
		"sender_tcp_congestion":	"cubic",
		"receiver_tcp_congestion":	"cubic"
	}
}
