{
	"start":	{
		"connected":	[{
				"socket":	5,
				"local_host":	"10.10.10.2",
				"local_port":	47430,
				"remote_host":	"10.10.10.4",
				"remote_port":	5201
			}],
		"version":	"iperf 3.9",
		"system_info":	"Linux zelda 5.10.0-18-amd64 #1 SMP Debian 5.10.140-1 (2022-09-02) x86_64",
		"timestamp":	{
			"time":	"Tue, 30 Jan 2024 22:14:26 GMT",
			"timesecs":	1706652866
		},
		"connecting_to":	{
			"host":	"10.10.10.4",
			"port":	5201
		},
		"cookie":	"i4il4j5mnxa6toxrpkszo3opsltbbi3bh7ih",
		"tcp_mss_default":	1448,
		"target_bitrate":	10000000000,
		"sock_bufsize":	0,
		"sndbuf_actual":	1000000,
		"rcvbuf_actual":	1000000,
		"test_start":	{
			"protocol":	"TCP",
			"num_streams":	1,
			"blksize":	131072,
			"omit":	0,
			"duration":	30,
			"bytes":	0,
			"blocks":	0,
			"reverse":	0,
			"tos":	0
		}
	},
	"intervals":	[{
			"streams":	[{
					"socket":	5,
					"start":	0,
					"end":	30.000093,
					"seconds":	30.000093460083008,
					"bytes":	3532521472,
					"bits_per_second":	942002791.21136463,
					"retransmits":	0,
					"snd_cwnd":	509696,
					"rtt":	2248,
					"rttvar":	147,
					"pmtu":	9000,
					"omitted":	false,
					"sender":	true
				}],
			"sum":	{
				"start":	0,
				"end":	30.000093,
				"seconds":	30.000093460083008,
				"bytes":	3532521472,
				"bits_per_second":	942002791.21136463,
				"retransmits":	0,
				"omitted":	false,
				"sender":	true
			}
		}],
	"end":	{
		"streams":	[{
				"sender":	{
					"socket":	5,
					"start":	0,
					"end":	30.000093,
					"seconds":	30.000093,
					"bytes":	3532521472,
					"bits_per_second":	942002805.657969,
					"retransmits":	0,
					"max_snd_cwnd":	509696,
					"max_rtt":	2248,
					"min_rtt":	2248,
					"mean_rtt":	2248,
					"sender":	true
				},
				"receiver":	{
					"socket":	5,
					"start":	0,
					"end":	30.041457891464233,
					"seconds":	30.000093,
					"bytes":	3530808296,
					"bits_per_second":	940249520.181434,
					"sender":	true
				}
			}],
		"sum_sent":	{
			"start":	0,
			"end":	30.000093,
			"seconds":	30.000093,
			"bytes":	3532521472,
			"bits_per_second":	942002805.657969,
			"retransmits":	0,
			"sender":	true
		},
		"sum_received":	{
			"start":	0,
			"end":	30.041457891464233,
			"seconds":	30.041457891464233,
			"bytes":	3530808296,
			"bits_per_second":	940249520.181434,
			"sender":	true
		},
		"cpu_utilization_percent":	{
			"host_total":	15.886113271771144,
			"host_user":	0.56706356329404262,
			"host_system":	15.319046384384743,
			"remote_total":	24.146702963403445,
			"remote_user":	1.81573994111907,
			"remote_system":	22.330963022284379
		},
		"sender_tcp_congestion":	"cubic",
		"receiver_tcp_congestion":	"cubic"
	}
}
