{
	"start":	{
		"connected":	[{
				"socket":	5,
				"local_host":	"10.10.10.2",
				"local_port":	54484,
				"remote_host":	"10.10.10.4",
				"remote_port":	5201
			}],
		"version":	"iperf 3.9",
		"system_info":	"Linux zelda 5.10.0-18-amd64 #1 SMP Debian 5.10.140-1 (2022-09-02) x86_64",
		"timestamp":	{
			"time":	"Tue, 30 Jan 2024 23:13:39 GMT",
			"timesecs":	1706656419
		},
		"connecting_to":	{
			"host":	"10.10.10.4",
			"port":	5201
		},
		"cookie":	"5e3ymwwol5fzkj2nk4dlrujxqmf5ecob54ki",
		"tcp_mss_default":	1448,
		"target_bitrate":	10000000000,
		"sock_bufsize":	0,
		"sndbuf_actual":	1000000,
		"rcvbuf_actual":	1000000,
		"test_start":	{
			"protocol":	"TCP",
			"num_streams":	1,
			"blksize":	131072,
			"omit":	0,
			"duration":	90,
			"bytes":	0,
			"blocks":	0,
			"reverse":	0,
			"tos":	0
		}
	},
	"intervals":	[{
			"streams":	[{
					"socket":	5,
					"start":	0,
					"end":	60.000091,
					"seconds":	60.000091552734375,
					"bytes":	7062683648,
					"bits_per_second":	941689716.16219258,
					"retransmits":	0,
					"snd_cwnd":	424264,
					"rtt":	2248,
					"rttvar":	141,
					"pmtu":	9000,
					"omitted":	false,
					"sender":	true
				}],
			"sum":	{
				"start":	0,
				"end":	60.000091,
				"seconds":	60.000091552734375,
				"bytes":	7062683648,
				"bits_per_second":	941689716.16219258,
				"retransmits":	0,
				"omitted":	false,
				"sender":	true
			}
		}, {
			"streams":	[{
					"socket":	5,
					"start":	60.000091,
					"end":	90.000077,
					"seconds":	29.99998664855957,
					"bytes":	3530555392,
					"bits_per_second":	941481856.8712976,
					"retransmits":	0,
					"snd_cwnd":	424264,
					"rtt":	2207,
					"rttvar":	155,
					"pmtu":	9000,
					"omitted":	false,
					"sender":	true
				}],
			"sum":	{
				"start":	60.000091,
				"end":	90.000077,
				"seconds":	29.99998664855957,
				"bytes":	3530555392,
				"bits_per_second":	941481856.8712976,
				"retransmits":	0,
				"omitted":	false,
				"sender":	true
			}
		}],
	"end":	{
		"streams":	[{
				"sender":	{
					"socket":	5,
					"start":	0,
					"end":	90.000077,
					"seconds":	90.000077,
					"bytes":	10593239040,
					"bits_per_second":	941620442.39139926,
					"retransmits":	0,
					"max_snd_cwnd":	424264,
					"max_rtt":	2248,
					"min_rtt":	2207,
					"mean_rtt":	2227,
					"sender":	true
				},
				"receiver":	{
					"socket":	5,
					"start":	0,
					"end":	90.0405399799347,
					"seconds":	90.000077,
					"bytes":	10591781584,
					"bits_per_second":	941067797.80399823,
					"sender":	true
				}
			}],
		"sum_sent":	{
			"start":	0,
			"end":	90.000077,
			"seconds":	90.000077,
			"bytes":	10593239040,
			"bits_per_second":	941620442.39139926,
			"retransmits":	0,
			"sender":	true
		},
		"sum_received":	{
			"start":	0,
			"end":	90.0405399799347,
			"seconds":	90.0405399799347,
			"bytes":	10591781584,
			"bits_per_second":	941067797.80399823,
			"sender":	true
		},
		"cpu_utilization_percent":	{
			"host_total":	15.814038377026126,
			"host_user":	0.72958173555608552,
			"host_system":	15.084457751564356,
			"remote_total":	24.577786351749637,
			"remote_user":	2.482757411543048,
			"remote_system":	22.09502783054673
		},
		"sender_tcp_congestion":	"cubic",
		"receiver_tcp_congestion":	"cubic"
	}
}
