{
	"start":	{
		"connected":	[{
				"socket":	5,
				"local_host":	"10.10.10.2",
				"local_port":	39160,
				"remote_host":	"10.10.10.4",
				"remote_port":	5201
			}],
		"version":	"iperf 3.9",
		"system_info":	"Linux zelda 5.10.0-18-amd64 #1 SMP Debian 5.10.140-1 (2022-09-02) x86_64",
		"timestamp":	{
			"time":	"Tue, 30 Jan 2024 12:02:17 GMT",
			"timesecs":	1706616137
		},
		"connecting_to":	{
			"host":	"10.10.10.4",
			"port":	5201
		},
		"cookie":	"mgfjylqmweuledlzzm3xrdl7t6wjpn4wail4",
		"tcp_mss_default":	1448,
		"target_bitrate":	3000000000,
		"sock_bufsize":	0,
		"sndbuf_actual":	1000000,
		"rcvbuf_actual":	1000000,
		"test_start":	{
			"protocol":	"TCP",
			"num_streams":	1,
			"blksize":	131072,
			"omit":	0,
			"duration":	70,
			"bytes":	0,
			"blocks":	0,
			"reverse":	0,
			"tos":	0
		}
	},
	"intervals":	[{
			"streams":	[{
					"socket":	5,
					"start":	0,
					"end":	60.000074,
					"seconds":	60.000072479248047,
					"bytes":	7063076864,
					"bits_per_second":	941742444.25359643,
					"retransmits":	0,
					"snd_cwnd":	508248,
					"rtt":	2163,
					"rttvar":	119,
					"pmtu":	9000,
					"omitted":	false,
					"sender":	true
				}],
			"sum":	{
				"start":	0,
				"end":	60.000074,
				"seconds":	60.000072479248047,
				"bytes":	7063076864,
				"bits_per_second":	941742444.25359643,
				"retransmits":	0,
				"omitted":	false,
				"sender":	true
			}
		}, {
			"streams":	[{
					"socket":	5,
					"start":	60.000074,
					"end":	70.000077,
					"seconds":	10.000002861022949,
					"bytes":	1176764416,
					"bits_per_second":	941411263.460077,
					"retransmits":	0,
					"snd_cwnd":	508248,
					"rtt":	2185,
					"rttvar":	150,
					"pmtu":	9000,
					"omitted":	false,
					"sender":	true
				}],
			"sum":	{
				"start":	60.000074,
				"end":	70.000077,
				"seconds":	10.000002861022949,
				"bytes":	1176764416,
				"bits_per_second":	941411263.460077,
				"retransmits":	0,
				"omitted":	false,
				"sender":	true
			}
		}],
	"end":	{
		"streams":	[{
				"sender":	{
					"socket":	5,
					"start":	0,
					"end":	70.000077,
					"seconds":	70.000077,
					"bytes":	8239841280,
					"bits_per_second":	941695110.42109275,
					"retransmits":	0,
					"max_snd_cwnd":	508248,
					"max_rtt":	2185,
					"min_rtt":	2163,
					"mean_rtt":	2174,
					"sender":	true
				},
				"receiver":	{
					"socket":	5,
					"start":	0,
					"end":	70.044294118881226,
					"seconds":	70.000077,
					"bytes":	8238156384,
					"bits_per_second":	940908205.31567752,
					"sender":	true
				}
			}],
		"sum_sent":	{
			"start":	0,
			"end":	70.000077,
			"seconds":	70.000077,
			"bytes":	8239841280,
			"bits_per_second":	941695110.42109275,
			"retransmits":	0,
			"sender":	true
		},
		"sum_received":	{
			"start":	0,
			"end":	70.044294118881226,
			"seconds":	70.044294118881226,
			"bytes":	8238156384,
			"bits_per_second":	940908205.31567752,
			"sender":	true
		},
		"cpu_utilization_percent":	{
			"host_total":	15.940448592689819,
			"host_user":	0.60627382114862349,
			"host_system":	15.334174771541194,
			"remote_total":	26.933737518212091,
			"remote_user":	2.7039290146028443,
			"remote_system":	24.229807077530726
		},
		"sender_tcp_congestion":	"cubic",
		"receiver_tcp_congestion":	"cubic"
	}
}
