{
	"start":	{
		"connected":	[{
				"socket":	5,
				"local_host":	"10.10.10.2",
				"local_port":	59610,
				"remote_host":	"10.10.10.4",
				"remote_port":	5201
			}],
		"version":	"iperf 3.9",
		"system_info":	"Linux zelda 5.10.0-18-amd64 #1 SMP Debian 5.10.140-1 (2022-09-02) x86_64",
		"timestamp":	{
			"time":	"Tue, 30 Jan 2024 15:29:03 GMT",
			"timesecs":	1706628543
		},
		"connecting_to":	{
			"host":	"10.10.10.4",
			"port":	5201
		},
		"cookie":	"rclfh24wm3qguwqxbgede2odeik4yzg5sqyd",
		"tcp_mss_default":	1448,
		"target_bitrate":	5000000000,
		"sock_bufsize":	0,
		"sndbuf_actual":	1000000,
		"rcvbuf_actual":	1000000,
		"test_start":	{
			"protocol":	"TCP",
			"num_streams":	1,
			"blksize":	131072,
			"omit":	0,
			"duration":	90,
			"bytes":	0,
			"blocks":	0,
			"reverse":	0,
			"tos":	0
		}
	},
	"intervals":	[{
			"streams":	[{
					"socket":	5,
					"start":	0,
					"end":	60.000122,
					"seconds":	60.0001220703125,
					"bytes":	7062814720,
					"bits_per_second":	941706713.42612,
					"retransmits":	0,
					"snd_cwnd":	427160,
					"rtt":	2145,
					"rttvar":	95,
					"pmtu":	9000,
					"omitted":	false,
					"sender":	true
				}],
			"sum":	{
				"start":	0,
				"end":	60.000122,
				"seconds":	60.0001220703125,
				"bytes":	7062814720,
				"bits_per_second":	941706713.42612,
				"retransmits":	0,
				"omitted":	false,
				"sender":	true
			}
		}, {
			"streams":	[{
					"socket":	5,
					"start":	60.000122,
					"end":	90.000065,
					"seconds":	29.999942779541016,
					"bytes":	3531210752,
					"bits_per_second":	941657996.60342574,
					"retransmits":	0,
					"snd_cwnd":	626984,
					"rtt":	2823,
					"rttvar":	124,
					"pmtu":	9000,
					"omitted":	false,
					"sender":	true
				}],
			"sum":	{
				"start":	60.000122,
				"end":	90.000065,
				"seconds":	29.999942779541016,
				"bytes":	3531210752,
				"bits_per_second":	941657996.60342574,
				"retransmits":	0,
				"omitted":	false,
				"sender":	true
			}
		}],
	"end":	{
		"streams":	[{
				"sender":	{
					"socket":	5,
					"start":	0,
					"end":	90.000065,
					"seconds":	90.000065,
					"bytes":	10594025472,
					"bits_per_second":	941690472.95688057,
					"retransmits":	0,
					"max_snd_cwnd":	626984,
					"max_rtt":	2823,
					"min_rtt":	2145,
					"mean_rtt":	2484,
					"sender":	true
				},
				"receiver":	{
					"socket":	5,
					"start":	0,
					"end":	90.04377007484436,
					"seconds":	90.000065,
					"bytes":	10591802192,
					"bits_per_second":	941035870.28362727,
					"sender":	true
				}
			}],
		"sum_sent":	{
			"start":	0,
			"end":	90.000065,
			"seconds":	90.000065,
			"bytes":	10594025472,
			"bits_per_second":	941690472.95688057,
			"retransmits":	0,
			"sender":	true
		},
		"sum_received":	{
			"start":	0,
			"end":	90.04377007484436,
			"seconds":	90.04377007484436,
			"bytes":	10591802192,
			"bits_per_second":	941035870.28362727,
			"sender":	true
		},
		"cpu_utilization_percent":	{
			"host_total":	16.298049422578789,
			"host_user":	0.66545836771702327,
			"host_system":	15.632589944830212,
			"remote_total":	25.249362918771268,
			"remote_user":	2.2933071270213534,
			"remote_system":	22.956054682190587
		},
		"sender_tcp_congestion":	"cubic",
		"receiver_tcp_congestion":	"cubic"
	}
}
