{
	"start":	{
		"connected":	[{
				"socket":	5,
				"local_host":	"10.10.10.2",
				"local_port":	58116,
				"remote_host":	"10.10.10.4",
				"remote_port":	5201
			}],
		"version":	"iperf 3.9",
		"system_info":	"Linux zelda 5.10.0-18-amd64 #1 SMP Debian 5.10.140-1 (2022-09-02) x86_64",
		"timestamp":	{
			"time":	"Tue, 30 Jan 2024 14:43:34 GMT",
			"timesecs":	1706625814
		},
		"connecting_to":	{
			"host":	"10.10.10.4",
			"port":	5201
		},
		"cookie":	"atz3h4tflxit5rr36h32j2a2xwhvwj2szmzs",
		"tcp_mss_default":	1448,
		"target_bitrate":	5000000000,
		"sock_bufsize":	0,
		"sndbuf_actual":	1000000,
		"rcvbuf_actual":	1000000,
		"test_start":	{
			"protocol":	"TCP",
			"num_streams":	1,
			"blksize":	131072,
			"omit":	0,
			"duration":	40,
			"bytes":	0,
			"blocks":	0,
			"reverse":	0,
			"tos":	0
		}
	},
	"intervals":	[{
			"streams":	[{
					"socket":	5,
					"start":	0,
					"end":	40.000081,
					"seconds":	40.000080108642578,
					"bytes":	4709416960,
					"bits_per_second":	941881505.67877781,
					"retransmits":	0,
					"snd_cwnd":	505352,
					"rtt":	2318,
					"rttvar":	155,
					"pmtu":	9000,
					"omitted":	false,
					"sender":	true
				}],
			"sum":	{
				"start":	0,
				"end":	40.000081,
				"seconds":	40.000080108642578,
				"bytes":	4709416960,
				"bits_per_second":	941881505.67877781,
				"retransmits":	0,
				"omitted":	false,
				"sender":	true
			}
		}],
	"end":	{
		"streams":	[{
				"sender":	{
					"socket":	5,
					"start":	0,
					"end":	40.000081,
					"seconds":	40.000081,
					"bytes":	4709416960,
					"bits_per_second":	941881484.6899935,
					"retransmits":	0,
					"max_snd_cwnd":	505352,
					"max_rtt":	2318,
					"min_rtt":	2318,
					"mean_rtt":	2318,
					"sender":	true
				},
				"receiver":	{
					"socket":	5,
					"start":	0,
					"end":	40.0476770401001,
					"seconds":	40.000081,
					"bytes":	4707596448,
					"bits_per_second":	940398404.289216,
					"sender":	true
				}
			}],
		"sum_sent":	{
			"start":	0,
			"end":	40.000081,
			"seconds":	40.000081,
			"bytes":	4709416960,
			"bits_per_second":	941881484.6899935,
			"retransmits":	0,
			"sender":	true
		},
		"sum_received":	{
			"start":	0,
			"end":	40.0476770401001,
			"seconds":	40.0476770401001,
			"bytes":	4707596448,
			"bits_per_second":	940398404.289216,
			"sender":	true
		},
		"cpu_utilization_percent":	{
			"host_total":	18.2239325438789,
			"host_user":	0.57998850828270654,
			"host_system":	17.643946529891487,
			"remote_total":	25.567850928863521,
			"remote_user":	2.4358580855157741,
			"remote_system":	23.131995335495986
		},
		"sender_tcp_congestion":	"cubic",
		"receiver_tcp_congestion":	"cubic"
	}
}
