{
	"start":	{
		"connected":	[{
				"socket":	5,
				"local_host":	"10.10.10.2",
				"local_port":	54224,
				"remote_host":	"10.10.10.4",
				"remote_port":	5201
			}],
		"version":	"iperf 3.9",
		"system_info":	"Linux zelda 5.10.0-18-amd64 #1 SMP Debian 5.10.140-1 (2022-09-02) x86_64",
		"timestamp":	{
			"time":	"Tue, 30 Jan 2024 16:32:59 GMT",
			"timesecs":	1706632379
		},
		"connecting_to":	{
			"host":	"10.10.10.4",
			"port":	5201
		},
		"cookie":	"tlygts33ff4tgz7pm3qli7gnrnbzde2rahkr",
		"tcp_mss_default":	1448,
		"target_bitrate":	6000000000,
		"sock_bufsize":	0,
		"sndbuf_actual":	1000000,
		"rcvbuf_actual":	1000000,
		"test_start":	{
			"protocol":	"TCP",
			"num_streams":	1,
			"blksize":	131072,
			"omit":	0,
			"duration":	60,
			"bytes":	0,
			"blocks":	0,
			"reverse":	0,
			"tos":	0
		}
	},
	"intervals":	[{
			"streams":	[{
					"socket":	5,
					"start":	0,
					"end":	60.000076,
					"seconds":	60.000076293945312,
					"bytes":	7063076864,
					"bits_per_second":	941742384.37930048,
					"retransmits":	0,
					"snd_cwnd":	525624,
					"rtt":	2446,
					"rttvar":	213,
					"pmtu":	9000,
					"omitted":	false,
					"sender":	true
				}],
			"sum":	{
				"start":	0,
				"end":	60.000076,
				"seconds":	60.000076293945312,
				"bytes":	7063076864,
				"bits_per_second":	941742384.37930048,
				"retransmits":	0,
				"omitted":	false,
				"sender":	true
			}
		}],
	"end":	{
		"streams":	[{
				"sender":	{
					"socket":	5,
					"start":	0,
					"end":	60.000076,
					"seconds":	60.000076,
					"bytes":	7063076864,
					"bits_per_second":	941742388.992974,
					"retransmits":	0,
					"max_snd_cwnd":	525624,
					"max_rtt":	2446,
					"min_rtt":	2446,
					"mean_rtt":	2446,
					"sender":	true
				},
				"receiver":	{
					"socket":	5,
					"start":	0,
					"end":	60.043899059295654,
					"seconds":	60.000076,
					"bytes":	7061305968,
					"bits_per_second":	940819111.16753948,
					"sender":	true
				}
			}],
		"sum_sent":	{
			"start":	0,
			"end":	60.000076,
			"seconds":	60.000076,
			"bytes":	7063076864,
			"bits_per_second":	941742388.992974,
			"retransmits":	0,
			"sender":	true
		},
		"sum_received":	{
			"start":	0,
			"end":	60.043899059295654,
			"seconds":	60.043899059295654,
			"bytes":	7061305968,
			"bits_per_second":	940819111.16753948,
			"sender":	true
		},
		"cpu_utilization_percent":	{
			"host_total":	16.116923205663454,
			"host_user":	0.5588935315411645,
			"host_system":	15.558029674122292,
			"remote_total":	23.869879649299669,
			"remote_user":	2.4390043078620041,
			"remote_system":	21.430875341437666
		},
		"sender_tcp_congestion":	"cubic",
		"receiver_tcp_congestion":	"cubic"
	}
}
