{
	"start":	{
		"connected":	[{
				"socket":	5,
				"local_host":	"10.10.10.2",
				"local_port":	45528,
				"remote_host":	"10.10.10.4",
				"remote_port":	5201
			}],
		"version":	"iperf 3.9",
		"system_info":	"Linux zelda 5.10.0-18-amd64 #1 SMP Debian 5.10.140-1 (2022-09-02) x86_64",
		"timestamp":	{
			"time":	"Tue, 30 Jan 2024 12:12:59 GMT",
			"timesecs":	1706616779
		},
		"connecting_to":	{
			"host":	"10.10.10.4",
			"port":	5201
		},
		"cookie":	"v3zsf56wz47in4cii254lnglhezy4q76crq7",
		"tcp_mss_default":	1448,
		"target_bitrate":	3000000000,
		"sock_bufsize":	0,
		"sndbuf_actual":	1000000,
		"rcvbuf_actual":	1000000,
		"test_start":	{
			"protocol":	"TCP",
			"num_streams":	1,
			"blksize":	131072,
			"omit":	0,
			"duration":	80,
			"bytes":	0,
			"blocks":	0,
			"reverse":	0,
			"tos":	0
		}
	},
	"intervals":	[{
			"streams":	[{
					"socket":	5,
					"start":	0,
					"end":	60.00008,
					"seconds":	60.000080108642578,
					"bytes":	7063076864,
					"bits_per_second":	941742324.505012,
					"retransmits":	0,
					"snd_cwnd":	508248,
					"rtt":	2286,
					"rttvar":	133,
					"pmtu":	9000,
					"omitted":	false,
					"sender":	true
				}],
			"sum":	{
				"start":	0,
				"end":	60.00008,
				"seconds":	60.000080108642578,
				"bytes":	7063076864,
				"bits_per_second":	941742324.505012,
				"retransmits":	0,
				"omitted":	false,
				"sender":	true
			}
		}, {
			"streams":	[{
					"socket":	5,
					"start":	60.00008,
					"end":	80.000083,
					"seconds":	20.000003814697266,
					"bytes":	2353659904,
					"bits_per_second":	941463782.0300343,
					"retransmits":	0,
					"snd_cwnd":	508248,
					"rtt":	2800,
					"rttvar":	162,
					"pmtu":	9000,
					"omitted":	false,
					"sender":	true
				}],
			"sum":	{
				"start":	60.00008,
				"end":	80.000083,
				"seconds":	20.000003814697266,
				"bytes":	2353659904,
				"bits_per_second":	941463782.0300343,
				"retransmits":	0,
				"omitted":	false,
				"sender":	true
			}
		}],
	"end":	{
		"streams":	[{
				"sender":	{
					"socket":	5,
					"start":	0,
					"end":	80.000083,
					"seconds":	80.000083,
					"bytes":	9416736768,
					"bits_per_second":	941672699.814574,
					"retransmits":	0,
					"max_snd_cwnd":	508248,
					"max_rtt":	2800,
					"min_rtt":	2286,
					"mean_rtt":	2543,
					"sender":	true
				},
				"receiver":	{
					"socket":	5,
					"start":	0,
					"end":	80.043880939483643,
					"seconds":	80.000083,
					"bytes":	9414950328,
					"bits_per_second":	940978894.82575953,
					"sender":	true
				}
			}],
		"sum_sent":	{
			"start":	0,
			"end":	80.000083,
			"seconds":	80.000083,
			"bytes":	9416736768,
			"bits_per_second":	941672699.814574,
			"retransmits":	0,
			"sender":	true
		},
		"sum_received":	{
			"start":	0,
			"end":	80.043880939483643,
			"seconds":	80.043880939483643,
			"bytes":	9414950328,
			"bits_per_second":	940978894.82575953,
			"sender":	true
		},
		"cpu_utilization_percent":	{
			"host_total":	16.2855822081611,
			"host_user":	0.6512181118303304,
			"host_system":	15.634365344970591,
			"remote_total":	27.215720502021512,
			"remote_user":	2.6586450728802524,
			"remote_system":	24.557074181105186
		},
		"sender_tcp_congestion":	"cubic",
		"receiver_tcp_congestion":	"cubic"
	}
}
