{
	"start":	{
		"connected":	[{
				"socket":	5,
				"local_host":	"10.10.10.2",
				"local_port":	36762,
				"remote_host":	"10.10.10.4",
				"remote_port":	5201
			}],
		"version":	"iperf 3.9",
		"system_info":	"Linux zelda 5.10.0-18-amd64 #1 SMP Debian 5.10.140-1 (2022-09-02) x86_64",
		"timestamp":	{
			"time":	"Tue, 30 Jan 2024 10:32:36 GMT",
			"timesecs":	1706610756
		},
		"connecting_to":	{
			"host":	"10.10.10.4",
			"port":	5201
		},
		"cookie":	"uyh3gpge4wlgo54yln3nxtyjufgosonk6ckf",
		"tcp_mss_default":	1448,
		"target_bitrate":	2000000000,
		"sock_bufsize":	0,
		"sndbuf_actual":	1000000,
		"rcvbuf_actual":	1000000,
		"test_start":	{
			"protocol":	"TCP",
			"num_streams":	1,
			"blksize":	131072,
			"omit":	0,
			"duration":	70,
			"bytes":	0,
			"blocks":	0,
			"reverse":	0,
			"tos":	0
		}
	},
	"intervals":	[{
			"streams":	[{
					"socket":	5,
					"start":	0,
					"end":	60.000171,
					"seconds":	60.000171661376953,
					"bytes":	7063207936,
					"bits_per_second":	941758363.741042,
					"retransmits":	0,
					"snd_cwnd":	527072,
					"rtt":	2136,
					"rttvar":	122,
					"pmtu":	9000,
					"omitted":	false,
					"sender":	true
				}],
			"sum":	{
				"start":	0,
				"end":	60.000171,
				"seconds":	60.000171661376953,
				"bytes":	7063207936,
				"bits_per_second":	941758363.741042,
				"retransmits":	0,
				"omitted":	false,
				"sender":	true
			}
		}, {
			"streams":	[{
					"socket":	5,
					"start":	60.000171,
					"end":	70.000074,
					"seconds":	9.9999027252197266,
					"bytes":	1176764416,
					"bits_per_second":	941420690.449081,
					"retransmits":	0,
					"snd_cwnd":	527072,
					"rtt":	2183,
					"rttvar":	129,
					"pmtu":	9000,
					"omitted":	false,
					"sender":	true
				}],
			"sum":	{
				"start":	60.000171,
				"end":	70.000074,
				"seconds":	9.9999027252197266,
				"bytes":	1176764416,
				"bits_per_second":	941420690.449081,
				"retransmits":	0,
				"omitted":	false,
				"sender":	true
			}
		}],
	"end":	{
		"streams":	[{
				"sender":	{
					"socket":	5,
					"start":	0,
					"end":	70.000074,
					"seconds":	70.000074,
					"bytes":	8239972352,
					"bits_per_second":	941710130.42071927,
					"retransmits":	0,
					"max_snd_cwnd":	527072,
					"max_rtt":	2183,
					"min_rtt":	2136,
					"mean_rtt":	2159,
					"sender":	true
				},
				"receiver":	{
					"socket":	5,
					"start":	0,
					"end":	70.041374206542969,
					"seconds":	70.000074,
					"bytes":	8238160728,
					"bits_per_second":	940947926.43065262,
					"sender":	true
				}
			}],
		"sum_sent":	{
			"start":	0,
			"end":	70.000074,
			"seconds":	70.000074,
			"bytes":	8239972352,
			"bits_per_second":	941710130.42071927,
			"retransmits":	0,
			"sender":	true
		},
		"sum_received":	{
			"start":	0,
			"end":	70.041374206542969,
			"seconds":	70.041374206542969,
			"bytes":	8238160728,
			"bits_per_second":	940947926.43065262,
			"sender":	true
		},
		"cpu_utilization_percent":	{
			"host_total":	15.940601176843389,
			"host_user":	0.75888511279870829,
			"host_system":	15.181716064044682,
			"remote_total":	25.166066887291006,
			"remote_user":	2.4980617394752809,
			"remote_system":	22.6680022954926
		},
		"sender_tcp_congestion":	"cubic",
		"receiver_tcp_congestion":	"cubic"
	}
}
