{
	"start":	{
		"connected":	[{
				"socket":	5,
				"local_host":	"10.10.10.2",
				"local_port":	39056,
				"remote_host":	"10.10.10.4",
				"remote_port":	5201
			}],
		"version":	"iperf 3.9",
		"system_info":	"Linux zelda 5.10.0-18-amd64 #1 SMP Debian 5.10.140-1 (2022-09-02) x86_64",
		"timestamp":	{
			"time":	"Tue, 30 Jan 2024 09:53:14 GMT",
			"timesecs":	1706608394
		},
		"connecting_to":	{
			"host":	"10.10.10.4",
			"port":	5201
		},
		"cookie":	"tvabeusdvvuwdwnse54hmgqclcxjufll6eh6",
		"tcp_mss_default":	1448,
		"target_bitrate":	2000000000,
		"sock_bufsize":	0,
		"sndbuf_actual":	1000000,
		"rcvbuf_actual":	1000000,
		"test_start":	{
			"protocol":	"TCP",
			"num_streams":	1,
			"blksize":	131072,
			"omit":	0,
			"duration":	10,
			"bytes":	0,
			"blocks":	0,
			"reverse":	0,
			"tos":	0
		}
	},
	"intervals":	[{
			"streams":	[{
					"socket":	5,
					"start":	0,
					"end":	10.000064,
					"seconds":	10.0000638961792,
					"bytes":	1178468352,
					"bits_per_second":	942768657.66849065,
					"retransmits":	0,
					"snd_cwnd":	401096,
					"rtt":	2189,
					"rttvar":	93,
					"pmtu":	9000,
					"omitted":	false,
					"sender":	true
				}],
			"sum":	{
				"start":	0,
				"end":	10.000064,
				"seconds":	10.0000638961792,
				"bytes":	1178468352,
				"bits_per_second":	942768657.66849065,
				"retransmits":	0,
				"omitted":	false,
				"sender":	true
			}
		}],
	"end":	{
		"streams":	[{
				"sender":	{
					"socket":	5,
					"start":	0,
					"end":	10.000064,
					"seconds":	10.000064,
					"bytes":	1178468352,
					"bits_per_second":	942768647.8806535,
					"retransmits":	0,
					"max_snd_cwnd":	401096,
					"max_rtt":	2189,
					"min_rtt":	2189,
					"mean_rtt":	2189,
					"sender":	true
				},
				"receiver":	{
					"socket":	5,
					"start":	0,
					"end":	10.041460990905762,
					"seconds":	10.000064,
					"bytes":	1177097328,
					"bits_per_second":	937789693.40502179,
					"sender":	true
				}
			}],
		"sum_sent":	{
			"start":	0,
			"end":	10.000064,
			"seconds":	10.000064,
			"bytes":	1178468352,
			"bits_per_second":	942768647.8806535,
			"retransmits":	0,
			"sender":	true
		},
		"sum_received":	{
			"start":	0,
			"end":	10.041460990905762,
			"seconds":	10.041460990905762,
			"bytes":	1177097328,
			"bits_per_second":	937789693.40502179,
			"sender":	true
		},
		"cpu_utilization_percent":	{
			"host_total":	14.016558009563729,
			"host_user":	0.92057042797172617,
			"host_system":	13.095987581592,
			"remote_total":	27.0863656440151,
			"remote_user":	2.6510783783807823,
			"remote_system":	24.435277382364628
		},
		"sender_tcp_congestion":	"cubic",
		"receiver_tcp_congestion":	"cubic"
	}
}
