{
	"start":	{
		"connected":	[{
				"socket":	5,
				"local_host":	"10.10.10.2",
				"local_port":	56340,
				"remote_host":	"10.10.10.4",
				"remote_port":	5201
			}],
		"version":	"iperf 3.9",
		"system_info":	"Linux zelda 5.10.0-18-amd64 #1 SMP Debian 5.10.140-1 (2022-09-02) x86_64",
		"timestamp":	{
			"time":	"Tue, 30 Jan 2024 22:08:52 GMT",
			"timesecs":	1706652532
		},
		"connecting_to":	{
			"host":	"10.10.10.4",
			"port":	5201
		},
		"cookie":	"af4q36eyw7534zlv3tt2nh5hjey6nx43w64e",
		"tcp_mss_default":	1448,
		"target_bitrate":	10000000000,
		"sock_bufsize":	0,
		"sndbuf_actual":	1000000,
		"rcvbuf_actual":	1000000,
		"test_start":	{
			"protocol":	"TCP",
			"num_streams":	1,
			"blksize":	131072,
			"omit":	0,
			"duration":	10,
			"bytes":	0,
			"blocks":	0,
			"reverse":	0,
			"tos":	0
		}
	},
	"intervals":	[{
			"streams":	[{
					"socket":	5,
					"start":	0,
					"end":	10.000074,
					"seconds":	10.00007438659668,
					"bytes":	1178468352,
					"bits_per_second":	942767668.672167,
					"retransmits":	0,
					"snd_cwnd":	398200,
					"rtt":	2199,
					"rttvar":	117,
					"pmtu":	9000,
					"omitted":	false,
					"sender":	true
				}],
			"sum":	{
				"start":	0,
				"end":	10.000074,
				"seconds":	10.00007438659668,
				"bytes":	1178468352,
				"bits_per_second":	942767668.672167,
				"retransmits":	0,
				"omitted":	false,
				"sender":	true
			}
		}],
	"end":	{
		"streams":	[{
				"sender":	{
					"socket":	5,
					"start":	0,
					"end":	10.000074,
					"seconds":	10.000074,
					"bytes":	1178468352,
					"bits_per_second":	942767705.1189822,
					"retransmits":	0,
					"max_snd_cwnd":	398200,
					"max_rtt":	2199,
					"min_rtt":	2199,
					"mean_rtt":	2199,
					"sender":	true
				},
				"receiver":	{
					"socket":	5,
					"start":	0,
					"end":	10.040632963180542,
					"seconds":	10.000074,
					"bytes":	1177035064,
					"bits_per_second":	937817421.12573278,
					"sender":	true
				}
			}],
		"sum_sent":	{
			"start":	0,
			"end":	10.000074,
			"seconds":	10.000074,
			"bytes":	1178468352,
			"bits_per_second":	942767705.1189822,
			"retransmits":	0,
			"sender":	true
		},
		"sum_received":	{
			"start":	0,
			"end":	10.040632963180542,
			"seconds":	10.040632963180542,
			"bytes":	1177035064,
			"bits_per_second":	937817421.12573278,
			"sender":	true
		},
		"cpu_utilization_percent":	{
			"host_total":	15.944449986523823,
			"host_user":	0.67386837294840318,
			"host_system":	15.270591529820827,
			"remote_total":	27.522779606473758,
			"remote_user":	2.0797471719815213,
			"remote_system":	25.443042314291635
		},
		"sender_tcp_congestion":	"cubic",
		"receiver_tcp_congestion":	"cubic"
	}
}
