{
	"start":	{
		"connected":	[{
				"socket":	5,
				"local_host":	"10.10.10.2",
				"local_port":	34852,
				"remote_host":	"10.10.10.4",
				"remote_port":	5201
			}],
		"version":	"iperf 3.9",
		"system_info":	"Linux zelda 5.10.0-18-amd64 #1 SMP Debian 5.10.140-1 (2022-09-02) x86_64",
		"timestamp":	{
			"time":	"Tue, 30 Jan 2024 13:16:54 GMT",
			"timesecs":	1706620614
		},
		"connecting_to":	{
			"host":	"10.10.10.4",
			"port":	5201
		},
		"cookie":	"cxnxphqg6o5ic6wzn6qmfxvau6oceoow6b3b",
		"tcp_mss_default":	1448,
		"target_bitrate":	4000000000,
		"sock_bufsize":	0,
		"sndbuf_actual":	1000000,
		"rcvbuf_actual":	1000000,
		"test_start":	{
			"protocol":	"TCP",
			"num_streams":	1,
			"blksize":	131072,
			"omit":	0,
			"duration":	50,
			"bytes":	0,
			"blocks":	0,
			"reverse":	0,
			"tos":	0
		}
	},
	"intervals":	[{
			"streams":	[{
					"socket":	5,
					"start":	0,
					"end":	50.000066,
					"seconds":	50.000064849853516,
					"bytes":	5886705664,
					"bits_per_second":	941871684.63518441,
					"retransmits":	0,
					"snd_cwnd":	619744,
					"rtt":	2757,
					"rttvar":	107,
					"pmtu":	9000,
					"omitted":	false,
					"sender":	true
				}],
			"sum":	{
				"start":	0,
				"end":	50.000066,
				"seconds":	50.000064849853516,
				"bytes":	5886705664,
				"bits_per_second":	941871684.63518441,
				"retransmits":	0,
				"omitted":	false,
				"sender":	true
			}
		}],
	"end":	{
		"streams":	[{
				"sender":	{
					"socket":	5,
					"start":	0,
					"end":	50.000066,
					"seconds":	50.000066,
					"bytes":	5886705664,
					"bits_per_second":	941871662.969405,
					"retransmits":	0,
					"max_snd_cwnd":	619744,
					"max_rtt":	2757,
					"min_rtt":	2757,
					"mean_rtt":	2757,
					"sender":	true
				},
				"receiver":	{
					"socket":	5,
					"start":	0,
					"end":	50.04454493522644,
					"seconds":	50.000066,
					"bytes":	5884516368,
					"bits_per_second":	940684564.220366,
					"sender":	true
				}
			}],
		"sum_sent":	{
			"start":	0,
			"end":	50.000066,
			"seconds":	50.000066,
			"bytes":	5886705664,
			"bits_per_second":	941871662.969405,
			"retransmits":	0,
			"sender":	true
		},
		"sum_received":	{
			"start":	0,
			"end":	50.04454493522644,
			"seconds":	50.04454493522644,
			"bytes":	5884516368,
			"bits_per_second":	940684564.220366,
			"sender":	true
		},
		"cpu_utilization_percent":	{
			"host_total":	16.157728759405412,
			"host_user":	0.74095059089504844,
			"host_system":	15.416778168510364,
			"remote_total":	27.171379296764322,
			"remote_user":	2.8403467645356053,
			"remote_system":	24.331032532228715
		},
		"sender_tcp_congestion":	"cubic",
		"receiver_tcp_congestion":	"cubic"
	}
}
