{
	"start":	{
		"connected":	[{
				"socket":	5,
				"local_host":	"10.10.10.2",
				"local_port":	57292,
				"remote_host":	"10.10.10.4",
				"remote_port":	5201
			}],
		"version":	"iperf 3.9",
		"system_info":	"Linux zelda 5.10.0-18-amd64 #1 SMP Debian 5.10.140-1 (2022-09-02) x86_64",
		"timestamp":	{
			"time":	"Tue, 30 Jan 2024 19:25:49 GMT",
			"timesecs":	1706642749
		},
		"connecting_to":	{
			"host":	"10.10.10.4",
			"port":	5201
		},
		"cookie":	"mzvjimx2u4vatxg2rm3trqwy4aza3xvajhwb",
		"tcp_mss_default":	1448,
		"target_bitrate":	8000000000,
		"sock_bufsize":	0,
		"sndbuf_actual":	1000000,
		"rcvbuf_actual":	1000000,
		"test_start":	{
			"protocol":	"TCP",
			"num_streams":	1,
			"blksize":	131072,
			"omit":	0,
			"duration":	50,
			"bytes":	0,
			"blocks":	0,
			"reverse":	0,
			"tos":	0
		}
	},
	"intervals":	[{
			"streams":	[{
					"socket":	5,
					"start":	0,
					"end":	50.000075,
					"seconds":	50.000076293945312,
					"bytes":	5886050304,
					"bits_per_second":	941766611.61819267,
					"retransmits":	0,
					"snd_cwnd":	461912,
					"rtt":	2194,
					"rttvar":	92,
					"pmtu":	9000,
					"omitted":	false,
					"sender":	true
				}],
			"sum":	{
				"start":	0,
				"end":	50.000075,
				"seconds":	50.000076293945312,
				"bytes":	5886050304,
				"bits_per_second":	941766611.61819267,
				"retransmits":	0,
				"omitted":	false,
				"sender":	true
			}
		}],
	"end":	{
		"streams":	[{
				"sender":	{
					"socket":	5,
					"start":	0,
					"end":	50.000075,
					"seconds":	50.000075,
					"bytes":	5886050304,
					"bits_per_second":	941766635.990046,
					"retransmits":	0,
					"max_snd_cwnd":	461912,
					"max_rtt":	2194,
					"min_rtt":	2194,
					"mean_rtt":	2194,
					"sender":	true
				},
				"receiver":	{
					"socket":	5,
					"start":	0,
					"end":	50.0439100265503,
					"seconds":	50.000075,
					"bytes":	5884451208,
					"bits_per_second":	940686082.26304674,
					"sender":	true
				}
			}],
		"sum_sent":	{
			"start":	0,
			"end":	50.000075,
			"seconds":	50.000075,
			"bytes":	5886050304,
			"bits_per_second":	941766635.990046,
			"retransmits":	0,
			"sender":	true
		},
		"sum_received":	{
			"start":	0,
			"end":	50.0439100265503,
			"seconds":	50.0439100265503,
			"bytes":	5884451208,
			"bits_per_second":	940686082.26304674,
			"sender":	true
		},
		"cpu_utilization_percent":	{
			"host_total":	15.948845179024024,
			"host_user":	0.559537673903559,
			"host_system":	15.389307505120463,
			"remote_total":	25.364206846502789,
			"remote_user":	2.2915479369766465,
			"remote_system":	23.072660904494157
		},
		"sender_tcp_congestion":	"cubic",
		"receiver_tcp_congestion":	"cubic"
	}
}
