{
	"start":	{
		"connected":	[{
				"socket":	5,
				"local_host":	"10.10.10.2",
				"local_port":	57936,
				"remote_host":	"10.10.10.4",
				"remote_port":	5201
			}],
		"version":	"iperf 3.9",
		"system_info":	"Linux zelda 5.10.0-18-amd64 #1 SMP Debian 5.10.140-1 (2022-09-02) x86_64",
		"timestamp":	{
			"time":	"Tue, 30 Jan 2024 10:57:30 GMT",
			"timesecs":	1706612250
		},
		"connecting_to":	{
			"host":	"10.10.10.4",
			"port":	5201
		},
		"cookie":	"r3xs2p74yorcyfpr6frhn6blgy5obf5vxexz",
		"tcp_mss_default":	1448,
		"target_bitrate":	2000000000,
		"sock_bufsize":	0,
		"sndbuf_actual":	1000000,
		"rcvbuf_actual":	1000000,
		"test_start":	{
			"protocol":	"TCP",
			"num_streams":	1,
			"blksize":	131072,
			"omit":	0,
			"duration":	90,
			"bytes":	0,
			"blocks":	0,
			"reverse":	0,
			"tos":	0
		}
	},
	"intervals":	[{
			"streams":	[{
					"socket":	5,
					"start":	0,
					"end":	60.000069,
					"seconds":	60.000068664550781,
					"bytes":	7063076864,
					"bits_per_second":	941742504.1279,
					"retransmits":	0,
					"snd_cwnd":	501008,
					"rtt":	2244,
					"rttvar":	144,
					"pmtu":	9000,
					"omitted":	false,
					"sender":	true
				}],
			"sum":	{
				"start":	0,
				"end":	60.000069,
				"seconds":	60.000068664550781,
				"bytes":	7063076864,
				"bits_per_second":	941742504.1279,
				"retransmits":	0,
				"omitted":	false,
				"sender":	true
			}
		}, {
			"streams":	[{
					"socket":	5,
					"start":	60.000069,
					"end":	90.000077,
					"seconds":	30.000007629394531,
					"bytes":	3530424320,
					"bits_per_second":	941446245.911172,
					"retransmits":	0,
					"snd_cwnd":	501008,
					"rtt":	2242,
					"rttvar":	93,
					"pmtu":	9000,
					"omitted":	false,
					"sender":	true
				}],
			"sum":	{
				"start":	60.000069,
				"end":	90.000077,
				"seconds":	30.000007629394531,
				"bytes":	3530424320,
				"bits_per_second":	941446245.911172,
				"retransmits":	0,
				"omitted":	false,
				"sender":	true
			}
		}],
	"end":	{
		"streams":	[{
				"sender":	{
					"socket":	5,
					"start":	0,
					"end":	90.000077,
					"seconds":	90.000077,
					"bytes":	10593501184,
					"bits_per_second":	941643744.06035221,
					"retransmits":	0,
					"max_snd_cwnd":	501008,
					"max_rtt":	2244,
					"min_rtt":	2242,
					"mean_rtt":	2243,
					"sender":	true
				},
				"receiver":	{
					"socket":	5,
					"start":	0,
					"end":	90.040674209594727,
					"seconds":	90.000077,
					"bytes":	10591810880,
					"bits_per_second":	941068997.80378032,
					"sender":	true
				}
			}],
		"sum_sent":	{
			"start":	0,
			"end":	90.000077,
			"seconds":	90.000077,
			"bytes":	10593501184,
			"bits_per_second":	941643744.06035221,
			"retransmits":	0,
			"sender":	true
		},
		"sum_received":	{
			"start":	0,
			"end":	90.040674209594727,
			"seconds":	90.040674209594727,
			"bytes":	10591810880,
			"bits_per_second":	941068997.80378032,
			"sender":	true
		},
		"cpu_utilization_percent":	{
			"host_total":	16.356009783333754,
			"host_user":	0.789213684825004,
			"host_system":	15.56679609850875,
			"remote_total":	26.156529470047694,
			"remote_user":	2.5945106926898487,
			"remote_system":	23.5620165580481
		},
		"sender_tcp_congestion":	"cubic",
		"receiver_tcp_congestion":	"cubic"
	}
}
