{
	"start":	{
		"connected":	[{
				"socket":	5,
				"local_host":	"10.10.10.2",
				"local_port":	56370,
				"remote_host":	"10.10.10.4",
				"remote_port":	5201
			}],
		"version":	"iperf 3.9",
		"system_info":	"Linux zelda 5.10.0-18-amd64 #1 SMP Debian 5.10.140-1 (2022-09-02) x86_64",
		"timestamp":	{
			"time":	"Tue, 30 Jan 2024 19:45:53 GMT",
			"timesecs":	1706643953
		},
		"connecting_to":	{
			"host":	"10.10.10.4",
			"port":	5201
		},
		"cookie":	"a4jyvy2asyvszsvgjsbja6utqc7jaetjzovk",
		"tcp_mss_default":	1448,
		"target_bitrate":	8000000000,
		"sock_bufsize":	0,
		"sndbuf_actual":	1000000,
		"rcvbuf_actual":	1000000,
		"test_start":	{
			"protocol":	"TCP",
			"num_streams":	1,
			"blksize":	131072,
			"omit":	0,
			"duration":	70,
			"bytes":	0,
			"blocks":	0,
			"reverse":	0,
			"tos":	0
		}
	},
	"intervals":	[{
			"streams":	[{
					"socket":	5,
					"start":	0,
					"end":	60.000077,
					"seconds":	60.000076293945312,
					"bytes":	7062683648,
					"bits_per_second":	941689955.645967,
					"retransmits":	0,
					"snd_cwnd":	402544,
					"rtt":	2180,
					"rttvar":	132,
					"pmtu":	9000,
					"omitted":	false,
					"sender":	true
				}],
			"sum":	{
				"start":	0,
				"end":	60.000077,
				"seconds":	60.000076293945312,
				"bytes":	7062683648,
				"bits_per_second":	941689955.645967,
				"retransmits":	0,
				"omitted":	false,
				"sender":	true
			}
		}, {
			"streams":	[{
					"socket":	5,
					"start":	60.000077,
					"end":	70.000083,
					"seconds":	10.0000057220459,
					"bytes":	1176764416,
					"bits_per_second":	941410994.12030828,
					"retransmits":	0,
					"snd_cwnd":	402544,
					"rtt":	2195,
					"rttvar":	154,
					"pmtu":	9000,
					"omitted":	false,
					"sender":	true
				}],
			"sum":	{
				"start":	60.000077,
				"end":	70.000083,
				"seconds":	10.0000057220459,
				"bytes":	1176764416,
				"bits_per_second":	941410994.12030828,
				"retransmits":	0,
				"omitted":	false,
				"sender":	true
			}
		}],
	"end":	{
		"streams":	[{
				"sender":	{
					"socket":	5,
					"start":	0,
					"end":	70.000083,
					"seconds":	70.000083,
					"bytes":	8239448064,
					"bits_per_second":	941650090.786321,
					"retransmits":	0,
					"max_snd_cwnd":	402544,
					"max_rtt":	2195,
					"min_rtt":	2180,
					"mean_rtt":	2187,
					"sender":	true
				},
				"receiver":	{
					"socket":	5,
					"start":	0,
					"end":	70.043783903121948,
					"seconds":	70.000083,
					"bytes":	8238095568,
					"bits_per_second":	940908113.061872,
					"sender":	true
				}
			}],
		"sum_sent":	{
			"start":	0,
			"end":	70.000083,
			"seconds":	70.000083,
			"bytes":	8239448064,
			"bits_per_second":	941650090.786321,
			"retransmits":	0,
			"sender":	true
		},
		"sum_received":	{
			"start":	0,
			"end":	70.043783903121948,
			"seconds":	70.043783903121948,
			"bytes":	8238095568,
			"bits_per_second":	940908113.061872,
			"sender":	true
		},
		"cpu_utilization_percent":	{
			"host_total":	16.307315438332022,
			"host_user":	0.638580291448353,
			"host_system":	15.66873514688367,
			"remote_total":	26.14186470756346,
			"remote_user":	2.5367617069023249,
			"remote_system":	23.605100148484325
		},
		"sender_tcp_congestion":	"cubic",
		"receiver_tcp_congestion":	"cubic"
	}
}
