{
	"start":	{
		"connected":	[{
				"socket":	5,
				"local_host":	"10.10.10.2",
				"local_port":	36504,
				"remote_host":	"10.10.10.4",
				"remote_port":	5201
			}],
		"version":	"iperf 3.9",
		"system_info":	"Linux zelda 5.10.0-18-amd64 #1 SMP Debian 5.10.140-1 (2022-09-02) x86_64",
		"timestamp":	{
			"time":	"Tue, 30 Jan 2024 18:39:06 GMT",
			"timesecs":	1706639946
		},
		"connecting_to":	{
			"host":	"10.10.10.4",
			"port":	5201
		},
		"cookie":	"kx2tr4aicluyvl6nwi5ed2q6hhwdtz54k5dv",
		"tcp_mss_default":	1448,
		"target_bitrate":	7000000000,
		"sock_bufsize":	0,
		"sndbuf_actual":	1000000,
		"rcvbuf_actual":	1000000,
		"test_start":	{
			"protocol":	"TCP",
			"num_streams":	1,
			"blksize":	131072,
			"omit":	0,
			"duration":	90,
			"bytes":	0,
			"blocks":	0,
			"reverse":	0,
			"tos":	0
		}
	},
	"intervals":	[{
			"streams":	[{
					"socket":	5,
					"start":	0,
					"end":	60.000087,
					"seconds":	60.0000877380371,
					"bytes":	7062683648,
					"bits_per_second":	941689776.0331248,
					"retransmits":	0,
					"snd_cwnd":	417024,
					"rtt":	2169,
					"rttvar":	116,
					"pmtu":	9000,
					"omitted":	false,
					"sender":	true
				}],
			"sum":	{
				"start":	0,
				"end":	60.000087,
				"seconds":	60.0000877380371,
				"bytes":	7062683648,
				"bits_per_second":	941689776.0331248,
				"retransmits":	0,
				"omitted":	false,
				"sender":	true
			}
		}, {
			"streams":	[{
					"socket":	5,
					"start":	60.000087,
					"end":	90.000085,
					"seconds":	29.999998092651367,
					"bytes":	3530555392,
					"bits_per_second":	941481497.7244482,
					"retransmits":	0,
					"snd_cwnd":	417024,
					"rtt":	2258,
					"rttvar":	104,
					"pmtu":	9000,
					"omitted":	false,
					"sender":	true
				}],
			"sum":	{
				"start":	60.000087,
				"end":	90.000085,
				"seconds":	29.999998092651367,
				"bytes":	3530555392,
				"bits_per_second":	941481497.7244482,
				"retransmits":	0,
				"omitted":	false,
				"sender":	true
			}
		}],
	"end":	{
		"streams":	[{
				"sender":	{
					"socket":	5,
					"start":	0,
					"end":	90.000085,
					"seconds":	90.000085,
					"bytes":	10593239040,
					"bits_per_second":	941620358.69188344,
					"retransmits":	0,
					"max_snd_cwnd":	417024,
					"max_rtt":	2258,
					"min_rtt":	2169,
					"mean_rtt":	2213,
					"sender":	true
				},
				"receiver":	{
					"socket":	5,
					"start":	0,
					"end":	90.043874025344849,
					"seconds":	90.000085,
					"bytes":	10591805088,
					"bits_per_second":	941035041.20835149,
					"sender":	true
				}
			}],
		"sum_sent":	{
			"start":	0,
			"end":	90.000085,
			"seconds":	90.000085,
			"bytes":	10593239040,
			"bits_per_second":	941620358.69188344,
			"retransmits":	0,
			"sender":	true
		},
		"sum_received":	{
			"start":	0,
			"end":	90.043874025344849,
			"seconds":	90.043874025344849,
			"bytes":	10591805088,
			"bits_per_second":	941035041.20835149,
			"sender":	true
		},
		"cpu_utilization_percent":	{
			"host_total":	15.8162083566525,
			"host_user":	0.64492884077028,
			"host_system":	15.171288396202783,
			"remote_total":	25.31623089555946,
			"remote_user":	2.4597688612148119,
			"remote_system":	22.856463143951071
		},
		"sender_tcp_congestion":	"cubic",
		"receiver_tcp_congestion":	"cubic"
	}
}
