{
	"start":	{
		"connected":	[{
				"socket":	5,
				"local_host":	"10.10.10.2",
				"local_port":	56798,
				"remote_host":	"10.10.10.4",
				"remote_port":	5201
			}],
		"version":	"iperf 3.9",
		"system_info":	"Linux zelda 5.10.0-18-amd64 #1 SMP Debian 5.10.140-1 (2022-09-02) x86_64",
		"timestamp":	{
			"time":	"Tue, 30 Jan 2024 18:45:07 GMT",
			"timesecs":	1706640307
		},
		"connecting_to":	{
			"host":	"10.10.10.4",
			"port":	5201
		},
		"cookie":	"434na2sarfsbtoflehs5m4msz72kta36rakx",
		"tcp_mss_default":	1448,
		"target_bitrate":	7000000000,
		"sock_bufsize":	0,
		"sndbuf_actual":	1000000,
		"rcvbuf_actual":	1000000,
		"test_start":	{
			"protocol":	"TCP",
			"num_streams":	1,
			"blksize":	131072,
			"omit":	0,
			"duration":	90,
			"bytes":	0,
			"blocks":	0,
			"reverse":	0,
			"tos":	0
		}
	},
	"intervals":	[{
			"streams":	[{
					"socket":	5,
					"start":	0,
					"end":	60.000071,
					"seconds":	60.000072479248047,
					"bytes":	7061897216,
					"bits_per_second":	941585158.04359627,
					"retransmits":	71,
					"snd_cwnd":	470600,
					"rtt":	2159,
					"rttvar":	134,
					"pmtu":	9000,
					"omitted":	false,
					"sender":	true
				}],
			"sum":	{
				"start":	0,
				"end":	60.000071,
				"seconds":	60.000072479248047,
				"bytes":	7061897216,
				"bits_per_second":	941585158.04359627,
				"retransmits":	71,
				"omitted":	false,
				"sender":	true
			}
		}, {
			"streams":	[{
					"socket":	5,
					"start":	60.000071,
					"end":	90.000056,
					"seconds":	29.999984741210938,
					"bytes":	3530555392,
					"bits_per_second":	941481916.72913241,
					"retransmits":	0,
					"snd_cwnd":	470600,
					"rtt":	2166,
					"rttvar":	97,
					"pmtu":	9000,
					"omitted":	false,
					"sender":	true
				}],
			"sum":	{
				"start":	60.000071,
				"end":	90.000056,
				"seconds":	29.999984741210938,
				"bytes":	3530555392,
				"bits_per_second":	941481916.72913241,
				"retransmits":	0,
				"omitted":	false,
				"sender":	true
			}
		}],
	"end":	{
		"streams":	[{
				"sender":	{
					"socket":	5,
					"start":	0,
					"end":	90.000056,
					"seconds":	90.000056,
					"bytes":	10592452608,
					"bits_per_second":	941550757.079529,
					"retransmits":	71,
					"max_snd_cwnd":	470600,
					"max_rtt":	2166,
					"min_rtt":	2159,
					"mean_rtt":	2162,
					"sender":	true
				},
				"receiver":	{
					"socket":	5,
					"start":	0,
					"end":	90.0440139770508,
					"seconds":	90.000056,
					"bytes":	10590501888,
					"bits_per_second":	940917795.21949482,
					"sender":	true
				}
			}],
		"sum_sent":	{
			"start":	0,
			"end":	90.000056,
			"seconds":	90.000056,
			"bytes":	10592452608,
			"bits_per_second":	941550757.079529,
			"retransmits":	71,
			"sender":	true
		},
		"sum_received":	{
			"start":	0,
			"end":	90.0440139770508,
			"seconds":	90.0440139770508,
			"bytes":	10590501888,
			"bits_per_second":	940917795.21949482,
			"sender":	true
		},
		"cpu_utilization_percent":	{
			"host_total":	15.955993126813537,
			"host_user":	0.60435039619770448,
			"host_system":	15.351642730615831,
			"remote_total":	26.34636680284369,
			"remote_user":	2.5346342979622336,
			"remote_system":	23.811732504881459
		},
		"sender_tcp_congestion":	"cubic",
		"receiver_tcp_congestion":	"cubic"
	}
}
