{
	"start":	{
		"connected":	[{
				"socket":	5,
				"local_host":	"10.10.10.2",
				"local_port":	45122,
				"remote_host":	"10.10.10.4",
				"remote_port":	5201
			}],
		"version":	"iperf 3.9",
		"system_info":	"Linux zelda 5.10.0-18-amd64 #1 SMP Debian 5.10.140-1 (2022-09-02) x86_64",
		"timestamp":	{
			"time":	"Tue, 30 Jan 2024 19:42:23 GMT",
			"timesecs":	1706643743
		},
		"connecting_to":	{
			"host":	"10.10.10.4",
			"port":	5201
		},
		"cookie":	"il4mbdeqnseacdseupcsjtq3bnxaxyquf3n7",
		"tcp_mss_default":	1448,
		"target_bitrate":	8000000000,
		"sock_bufsize":	0,
		"sndbuf_actual":	1000000,
		"rcvbuf_actual":	1000000,
		"test_start":	{
			"protocol":	"TCP",
			"num_streams":	1,
			"blksize":	131072,
			"omit":	0,
			"duration":	70,
			"bytes":	0,
			"blocks":	0,
			"reverse":	0,
			"tos":	0
		}
	},
	"intervals":	[{
			"streams":	[{
					"socket":	5,
					"start":	0,
					"end":	60.000081,
					"seconds":	60.000080108642578,
					"bytes":	7062683648,
					"bits_per_second":	941689895.775012,
					"retransmits":	0,
					"snd_cwnd":	417024,
					"rtt":	2194,
					"rttvar":	116,
					"pmtu":	9000,
					"omitted":	false,
					"sender":	true
				}],
			"sum":	{
				"start":	0,
				"end":	60.000081,
				"seconds":	60.000080108642578,
				"bytes":	7062683648,
				"bits_per_second":	941689895.775012,
				"retransmits":	0,
				"omitted":	false,
				"sender":	true
			}
		}, {
			"streams":	[{
					"socket":	5,
					"start":	60.000081,
					"end":	70.000108,
					"seconds":	10.000026702880859,
					"bytes":	1176895488,
					"bits_per_second":	941513876.28671336,
					"retransmits":	0,
					"snd_cwnd":	417024,
					"rtt":	2244,
					"rttvar":	152,
					"pmtu":	9000,
					"omitted":	false,
					"sender":	true
				}],
			"sum":	{
				"start":	60.000081,
				"end":	70.000108,
				"seconds":	10.000026702880859,
				"bytes":	1176895488,
				"bits_per_second":	941513876.28671336,
				"retransmits":	0,
				"omitted":	false,
				"sender":	true
			}
		}],
	"end":	{
		"streams":	[{
				"sender":	{
					"socket":	5,
					"start":	0,
					"end":	70.000108,
					"seconds":	70.000108,
					"bytes":	8239579136,
					"bits_per_second":	941664734.11726737,
					"retransmits":	0,
					"max_snd_cwnd":	417024,
					"max_rtt":	2244,
					"min_rtt":	2194,
					"mean_rtt":	2219,
					"sender":	true
				},
				"receiver":	{
					"socket":	5,
					"start":	0,
					"end":	70.043663024902344,
					"seconds":	70.000108,
					"bytes":	8238095568,
					"bits_per_second":	940909736.83899343,
					"sender":	true
				}
			}],
		"sum_sent":	{
			"start":	0,
			"end":	70.000108,
			"seconds":	70.000108,
			"bytes":	8239579136,
			"bits_per_second":	941664734.11726737,
			"retransmits":	0,
			"sender":	true
		},
		"sum_received":	{
			"start":	0,
			"end":	70.043663024902344,
			"seconds":	70.043663024902344,
			"bytes":	8238095568,
			"bits_per_second":	940909736.83899343,
			"sender":	true
		},
		"cpu_utilization_percent":	{
			"host_total":	15.721155771646478,
			"host_user":	0.693973610696963,
			"host_system":	15.027180734150559,
			"remote_total":	23.662622718404457,
			"remote_user":	2.25072034285706,
			"remote_system":	21.411900949457713
		},
		"sender_tcp_congestion":	"cubic",
		"receiver_tcp_congestion":	"cubic"
	}
}
