{
	"start":	{
		"connected":	[{
				"socket":	5,
				"local_host":	"10.10.10.2",
				"local_port":	43850,
				"remote_host":	"10.10.10.4",
				"remote_port":	5201
			}],
		"version":	"iperf 3.9",
		"system_info":	"Linux zelda 5.10.0-18-amd64 #1 SMP Debian 5.10.140-1 (2022-09-02) x86_64",
		"timestamp":	{
			"time":	"Tue, 30 Jan 2024 21:20:15 GMT",
			"timesecs":	1706649615
		},
		"connecting_to":	{
			"host":	"10.10.10.4",
			"port":	5201
		},
		"cookie":	"qz2tpensldjc56jhwz44clkwjgrorh77iz6a",
		"tcp_mss_default":	1448,
		"target_bitrate":	9000000000,
		"sock_bufsize":	0,
		"sndbuf_actual":	1000000,
		"rcvbuf_actual":	1000000,
		"test_start":	{
			"protocol":	"TCP",
			"num_streams":	1,
			"blksize":	131072,
			"omit":	0,
			"duration":	70,
			"bytes":	0,
			"blocks":	0,
			"reverse":	0,
			"tos":	0
		}
	},
	"intervals":	[{
			"streams":	[{
					"socket":	5,
					"start":	0,
					"end":	60.000072,
					"seconds":	60.000072479248047,
					"bytes":	7063076864,
					"bits_per_second":	941742444.25359643,
					"retransmits":	0,
					"snd_cwnd":	508248,
					"rtt":	2169,
					"rttvar":	124,
					"pmtu":	9000,
					"omitted":	false,
					"sender":	true
				}],
			"sum":	{
				"start":	0,
				"end":	60.000072,
				"seconds":	60.000072479248047,
				"bytes":	7063076864,
				"bits_per_second":	941742444.25359643,
				"retransmits":	0,
				"omitted":	false,
				"sender":	true
			}
		}, {
			"streams":	[{
					"socket":	5,
					"start":	60.000072,
					"end":	70.0001,
					"seconds":	10.000027656555176,
					"bytes":	1176764416,
					"bits_per_second":	941408929.18720067,
					"retransmits":	0,
					"snd_cwnd":	508248,
					"rtt":	2321,
					"rttvar":	134,
					"pmtu":	9000,
					"omitted":	false,
					"sender":	true
				}],
			"sum":	{
				"start":	60.000072,
				"end":	70.0001,
				"seconds":	10.000027656555176,
				"bytes":	1176764416,
				"bits_per_second":	941408929.18720067,
				"retransmits":	0,
				"omitted":	false,
				"sender":	true
			}
		}],
	"end":	{
		"streams":	[{
				"sender":	{
					"socket":	5,
					"start":	0,
					"end":	70.0001,
					"seconds":	70.0001,
					"bytes":	8239841280,
					"bits_per_second":	941694801.007427,
					"retransmits":	0,
					"max_snd_cwnd":	508248,
					"max_rtt":	2321,
					"min_rtt":	2169,
					"mean_rtt":	2245,
					"sender":	true
				},
				"receiver":	{
					"socket":	5,
					"start":	0,
					"end":	70.044410943985,
					"seconds":	70.0001,
					"bytes":	8238095568,
					"bits_per_second":	940899690.008165,
					"sender":	true
				}
			}],
		"sum_sent":	{
			"start":	0,
			"end":	70.0001,
			"seconds":	70.0001,
			"bytes":	8239841280,
			"bits_per_second":	941694801.007427,
			"retransmits":	0,
			"sender":	true
		},
		"sum_received":	{
			"start":	0,
			"end":	70.044410943985,
			"seconds":	70.044410943985,
			"bytes":	8238095568,
			"bits_per_second":	940899690.008165,
			"sender":	true
		},
		"cpu_utilization_percent":	{
			"host_total":	16.689801012852755,
			"host_user":	0.63845230960057364,
			"host_system":	16.051348703252184,
			"remote_total":	25.225592590774067,
			"remote_user":	2.6109998516440083,
			"remote_system":	22.614591313041508
		},
		"sender_tcp_congestion":	"cubic",
		"receiver_tcp_congestion":	"cubic"
	}
}
