{
	"start":	{
		"connected":	[{
				"socket":	5,
				"local_host":	"10.10.10.2",
				"local_port":	54794,
				"remote_host":	"10.10.10.4",
				"remote_port":	5201
			}],
		"version":	"iperf 3.9",
		"system_info":	"Linux zelda 5.10.0-18-amd64 #1 SMP Debian 5.10.140-1 (2022-09-02) x86_64",
		"timestamp":	{
			"time":	"Tue, 30 Jan 2024 19:12:25 GMT",
			"timesecs":	1706641945
		},
		"connecting_to":	{
			"host":	"10.10.10.4",
			"port":	5201
		},
		"cookie":	"pwj2by5upew3gycp6urfhxqxvkgkpa5axo6e",
		"tcp_mss_default":	1448,
		"target_bitrate":	8000000000,
		"sock_bufsize":	0,
		"sndbuf_actual":	1000000,
		"rcvbuf_actual":	1000000,
		"test_start":	{
			"protocol":	"TCP",
			"num_streams":	1,
			"blksize":	131072,
			"omit":	0,
			"duration":	30,
			"bytes":	0,
			"blocks":	0,
			"reverse":	0,
			"tos":	0
		}
	},
	"intervals":	[{
			"streams":	[{
					"socket":	5,
					"start":	0,
					"end":	30.000071,
					"seconds":	30.000070571899414,
					"bytes":	3532259328,
					"bits_per_second":	941933604.99854577,
					"retransmits":	0,
					"snd_cwnd":	441640,
					"rtt":	2219,
					"rttvar":	151,
					"pmtu":	9000,
					"omitted":	false,
					"sender":	true
				}],
			"sum":	{
				"start":	0,
				"end":	30.000071,
				"seconds":	30.000070571899414,
				"bytes":	3532259328,
				"bits_per_second":	941933604.99854577,
				"retransmits":	0,
				"omitted":	false,
				"sender":	true
			}
		}],
	"end":	{
		"streams":	[{
				"sender":	{
					"socket":	5,
					"start":	0,
					"end":	30.000071,
					"seconds":	30.000071,
					"bytes":	3532259328,
					"bits_per_second":	941933591.5571667,
					"retransmits":	0,
					"max_snd_cwnd":	441640,
					"max_rtt":	2219,
					"min_rtt":	2219,
					"mean_rtt":	2219,
					"sender":	true
				},
				"receiver":	{
					"socket":	5,
					"start":	0,
					"end":	30.043756008148193,
					"seconds":	30.000071,
					"bytes":	3530741688,
					"bits_per_second":	940159862.04718864,
					"sender":	true
				}
			}],
		"sum_sent":	{
			"start":	0,
			"end":	30.000071,
			"seconds":	30.000071,
			"bytes":	3532259328,
			"bits_per_second":	941933591.5571667,
			"retransmits":	0,
			"sender":	true
		},
		"sum_received":	{
			"start":	0,
			"end":	30.043756008148193,
			"seconds":	30.043756008148193,
			"bytes":	3530741688,
			"bits_per_second":	940159862.04718864,
			"sender":	true
		},
		"cpu_utilization_percent":	{
			"host_total":	16.268273292179821,
			"host_user":	0.89391789608783234,
			"host_system":	15.374358720034738,
			"remote_total":	23.831620847290509,
			"remote_user":	2.2376709304525946,
			"remote_system":	21.593946596994211
		},
		"sender_tcp_congestion":	"cubic",
		"receiver_tcp_congestion":	"cubic"
	}
}
