{
	"start":	{
		"connected":	[{
				"socket":	5,
				"local_host":	"10.10.10.2",
				"local_port":	59742,
				"remote_host":	"10.10.10.4",
				"remote_port":	5201
			}],
		"version":	"iperf 3.9",
		"system_info":	"Linux zelda 5.10.0-18-amd64 #1 SMP Debian 5.10.140-1 (2022-09-02) x86_64",
		"timestamp":	{
			"time":	"Wed, 31 Jan 2024 13:57:02 GMT",
			"timesecs":	1706709422
		},
		"connecting_to":	{
			"host":	"10.10.10.4",
			"port":	5201
		},
		"cookie":	"qxw77cmifxcqgg4v22ux4apnc5qm3xsxsalh",
		"tcp_mss_default":	1448,
		"target_bitrate":	10000000000,
		"sock_bufsize":	0,
		"sndbuf_actual":	1000000,
		"rcvbuf_actual":	1000000,
		"test_start":	{
			"protocol":	"TCP",
			"num_streams":	1,
			"blksize":	131072,
			"omit":	0,
			"duration":	40,
			"bytes":	0,
			"blocks":	0,
			"reverse":	0,
			"tos":	0
		}
	},
	"intervals":	[{
			"streams":	[{
					"socket":	5,
					"start":	0,
					"end":	40.000079,
					"seconds":	40.000080108642578,
					"bytes":	4709810176,
					"bits_per_second":	941960148.721278,
					"retransmits":	0,
					"snd_cwnd":	616848,
					"rtt":	2229,
					"rttvar":	85,
					"pmtu":	9000,
					"omitted":	false,
					"sender":	true
				}],
			"sum":	{
				"start":	0,
				"end":	40.000079,
				"seconds":	40.000080108642578,
				"bytes":	4709810176,
				"bits_per_second":	941960148.721278,
				"retransmits":	0,
				"omitted":	false,
				"sender":	true
			}
		}],
	"end":	{
		"streams":	[{
				"sender":	{
					"socket":	5,
					"start":	0,
					"end":	40.000079,
					"seconds":	40.000079,
					"bytes":	4709810176,
					"bits_per_second":	941960174.82865477,
					"retransmits":	0,
					"max_snd_cwnd":	616848,
					"max_rtt":	2229,
					"min_rtt":	2229,
					"mean_rtt":	2229,
					"sender":	true
				},
				"receiver":	{
					"socket":	5,
					"start":	0,
					"end":	40.048727989196777,
					"seconds":	40.000079,
					"bytes":	4707661608,
					"bits_per_second":	940386742.72399378,
					"sender":	true
				}
			}],
		"sum_sent":	{
			"start":	0,
			"end":	40.000079,
			"seconds":	40.000079,
			"bytes":	4709810176,
			"bits_per_second":	941960174.82865477,
			"retransmits":	0,
			"sender":	true
		},
		"sum_received":	{
			"start":	0,
			"end":	40.048727989196777,
			"seconds":	40.048727989196777,
			"bytes":	4707661608,
			"bits_per_second":	940386742.72399378,
			"sender":	true
		},
		"cpu_utilization_percent":	{
			"host_total":	19.701328462539323,
			"host_user":	0.84153196641903882,
			"host_system":	18.859798990449985,
			"remote_total":	27.397585649724771,
			"remote_user":	2.4894325733378078,
			"remote_system":	24.908150584524826
		},
		"sender_tcp_congestion":	"cubic",
		"receiver_tcp_congestion":	"cubic"
	}
}
