{
	"start":	{
		"connected":	[{
				"socket":	5,
				"local_host":	"10.10.10.2",
				"local_port":	47006,
				"remote_host":	"10.10.10.4",
				"remote_port":	5201
			}],
		"version":	"iperf 3.9",
		"system_info":	"Linux zelda 5.10.0-18-amd64 #1 SMP Debian 5.10.140-1 (2022-09-02) x86_64",
		"timestamp":	{
			"time":	"Wed, 31 Jan 2024 14:31:49 GMT",
			"timesecs":	1706711509
		},
		"connecting_to":	{
			"host":	"10.10.10.4",
			"port":	5201
		},
		"cookie":	"ilgfnyhwmj33eys3cfn3eokktoehpqk6xnjt",
		"tcp_mss_default":	1448,
		"target_bitrate":	10000000000,
		"sock_bufsize":	0,
		"sndbuf_actual":	1000000,
		"rcvbuf_actual":	1000000,
		"test_start":	{
			"protocol":	"TCP",
			"num_streams":	1,
			"blksize":	131072,
			"omit":	0,
			"duration":	80,
			"bytes":	0,
			"blocks":	0,
			"reverse":	0,
			"tos":	0
		}
	},
	"intervals":	[{
			"streams":	[{
					"socket":	5,
					"start":	0,
					"end":	60.000083,
					"seconds":	60.000083923339844,
					"bytes":	7060455424,
					"bits_per_second":	941392739.78628623,
					"retransmits":	127,
					"snd_cwnd":	419920,
					"rtt":	2241,
					"rttvar":	111,
					"pmtu":	9000,
					"omitted":	false,
					"sender":	true
				}],
			"sum":	{
				"start":	0,
				"end":	60.000083,
				"seconds":	60.000083923339844,
				"bytes":	7060455424,
				"bits_per_second":	941392739.78628623,
				"retransmits":	127,
				"omitted":	false,
				"sender":	true
			}
		}, {
			"streams":	[{
					"socket":	5,
					"start":	60.000083,
					"end":	80.000082,
					"seconds":	19.999998092651367,
					"bytes":	2353659904,
					"bits_per_second":	941464051.38500857,
					"retransmits":	0,
					"snd_cwnd":	419920,
					"rtt":	2210,
					"rttvar":	120,
					"pmtu":	9000,
					"omitted":	false,
					"sender":	true
				}],
			"sum":	{
				"start":	60.000083,
				"end":	80.000082,
				"seconds":	19.999998092651367,
				"bytes":	2353659904,
				"bits_per_second":	941464051.38500857,
				"retransmits":	0,
				"omitted":	false,
				"sender":	true
			}
		}],
	"end":	{
		"streams":	[{
				"sender":	{
					"socket":	5,
					"start":	0,
					"end":	80.000082,
					"seconds":	80.000082,
					"bytes":	9414115328,
					"bits_per_second":	941410567.85416782,
					"retransmits":	127,
					"max_snd_cwnd":	419920,
					"max_rtt":	2241,
					"min_rtt":	2210,
					"mean_rtt":	2225,
					"sender":	true
				},
				"receiver":	{
					"socket":	5,
					"start":	0,
					"end":	80.043799161911,
					"seconds":	80.000082,
					"bytes":	9412320632,
					"bits_per_second":	940717030.480869,
					"sender":	true
				}
			}],
		"sum_sent":	{
			"start":	0,
			"end":	80.000082,
			"seconds":	80.000082,
			"bytes":	9414115328,
			"bits_per_second":	941410567.85416782,
			"retransmits":	127,
			"sender":	true
		},
		"sum_received":	{
			"start":	0,
			"end":	80.043799161911,
			"seconds":	80.043799161911,
			"bytes":	9412320632,
			"bits_per_second":	940717030.480869,
			"sender":	true
		},
		"cpu_utilization_percent":	{
			"host_total":	19.477800922235243,
			"host_user":	0.738298384464482,
			"host_system":	18.739503786400249,
			"remote_total":	26.297372501093523,
			"remote_user":	2.5921452086178949,
			"remote_system":	23.705227292475627
		},
		"sender_tcp_congestion":	"cubic",
		"receiver_tcp_congestion":	"cubic"
	}
}
