{
	"start":	{
		"connected":	[{
				"socket":	5,
				"local_host":	"10.10.10.2",
				"local_port":	43258,
				"remote_host":	"10.10.10.4",
				"remote_port":	5201
			}],
		"version":	"iperf 3.9",
		"system_info":	"Linux zelda 5.10.0-18-amd64 #1 SMP Debian 5.10.140-1 (2022-09-02) x86_64",
		"timestamp":	{
			"time":	"Wed, 31 Jan 2024 03:18:37 GMT",
			"timesecs":	1706671117
		},
		"connecting_to":	{
			"host":	"10.10.10.4",
			"port":	5201
		},
		"cookie":	"g3wbbrk7nbuhymlhh4pjceiclbkoug4udvps",
		"tcp_mss_default":	1448,
		"target_bitrate":	3000000000,
		"sock_bufsize":	0,
		"sndbuf_actual":	1000000,
		"rcvbuf_actual":	1000000,
		"test_start":	{
			"protocol":	"TCP",
			"num_streams":	1,
			"blksize":	131072,
			"omit":	0,
			"duration":	50,
			"bytes":	0,
			"blocks":	0,
			"reverse":	0,
			"tos":	0
		}
	},
	"intervals":	[{
			"streams":	[{
					"socket":	5,
					"start":	0,
					"end":	50.000077,
					"seconds":	50.000076293945312,
					"bytes":	5886312448,
					"bits_per_second":	941808554.594193,
					"retransmits":	0,
					"snd_cwnd":	527072,
					"rtt":	2205,
					"rttvar":	86,
					"pmtu":	9000,
					"omitted":	false,
					"sender":	true
				}],
			"sum":	{
				"start":	0,
				"end":	50.000077,
				"seconds":	50.000076293945312,
				"bytes":	5886312448,
				"bits_per_second":	941808554.594193,
				"retransmits":	0,
				"omitted":	false,
				"sender":	true
			}
		}],
	"end":	{
		"streams":	[{
				"sender":	{
					"socket":	5,
					"start":	0,
					"end":	50.000077,
					"seconds":	50.000077,
					"bytes":	5886312448,
					"bits_per_second":	941808541.29484642,
					"retransmits":	0,
					"max_snd_cwnd":	527072,
					"max_rtt":	2205,
					"min_rtt":	2205,
					"mean_rtt":	2205,
					"sender":	true
				},
				"receiver":	{
					"socket":	5,
					"start":	0,
					"end":	50.0433578491211,
					"seconds":	50.000077,
					"bytes":	5884516368,
					"bits_per_second":	940706878.34203339,
					"sender":	true
				}
			}],
		"sum_sent":	{
			"start":	0,
			"end":	50.000077,
			"seconds":	50.000077,
			"bytes":	5886312448,
			"bits_per_second":	941808541.29484642,
			"retransmits":	0,
			"sender":	true
		},
		"sum_received":	{
			"start":	0,
			"end":	50.0433578491211,
			"seconds":	50.0433578491211,
			"bytes":	5884516368,
			"bits_per_second":	940706878.34203339,
			"sender":	true
		},
		"cpu_utilization_percent":	{
			"host_total":	20.066000990531965,
			"host_user":	0.77493972493590946,
			"host_system":	19.29105926903884,
			"remote_total":	26.014270217176794,
			"remote_user":	2.4740879449203,
			"remote_system":	23.540180277153
		},
		"sender_tcp_congestion":	"cubic",
		"receiver_tcp_congestion":	"cubic"
	}
}
