{
	"start":	{
		"connected":	[{
				"socket":	5,
				"local_host":	"10.10.10.2",
				"local_port":	57244,
				"remote_host":	"10.10.10.4",
				"remote_port":	5201
			}],
		"version":	"iperf 3.9",
		"system_info":	"Linux zelda 5.10.0-18-amd64 #1 SMP Debian 5.10.140-1 (2022-09-02) x86_64",
		"timestamp":	{
			"time":	"Wed, 31 Jan 2024 01:38:15 GMT",
			"timesecs":	1706665095
		},
		"connecting_to":	{
			"host":	"10.10.10.4",
			"port":	5201
		},
		"cookie":	"c72lb325cmzx7e5sbbhcfvw3ubzc7chuvz62",
		"tcp_mss_default":	1448,
		"target_bitrate":	2000000000,
		"sock_bufsize":	0,
		"sndbuf_actual":	1000000,
		"rcvbuf_actual":	1000000,
		"test_start":	{
			"protocol":	"TCP",
			"num_streams":	1,
			"blksize":	131072,
			"omit":	0,
			"duration":	40,
			"bytes":	0,
			"blocks":	0,
			"reverse":	0,
			"tos":	0
		}
	},
	"intervals":	[{
			"streams":	[{
					"socket":	5,
					"start":	0,
					"end":	40.000074,
					"seconds":	40.000072479248047,
					"bytes":	4709416960,
					"bits_per_second":	941881685.32809246,
					"retransmits":	0,
					"snd_cwnd":	527072,
					"rtt":	2451,
					"rttvar":	180,
					"pmtu":	9000,
					"omitted":	false,
					"sender":	true
				}],
			"sum":	{
				"start":	0,
				"end":	40.000074,
				"seconds":	40.000072479248047,
				"bytes":	4709416960,
				"bits_per_second":	941881685.32809246,
				"retransmits":	0,
				"omitted":	false,
				"sender":	true
			}
		}],
	"end":	{
		"streams":	[{
				"sender":	{
					"socket":	5,
					"start":	0,
					"end":	40.000074,
					"seconds":	40.000074,
					"bytes":	4709416960,
					"bits_per_second":	941881649.51894844,
					"retransmits":	0,
					"max_snd_cwnd":	527072,
					"max_rtt":	2451,
					"min_rtt":	2451,
					"mean_rtt":	2451,
					"sender":	true
				},
				"receiver":	{
					"socket":	5,
					"start":	0,
					"end":	40.042665004730225,
					"seconds":	40.000074,
					"bytes":	4707599344,
					"bits_per_second":	940516690.074228,
					"sender":	true
				}
			}],
		"sum_sent":	{
			"start":	0,
			"end":	40.000074,
			"seconds":	40.000074,
			"bytes":	4709416960,
			"bits_per_second":	941881649.51894844,
			"retransmits":	0,
			"sender":	true
		},
		"sum_received":	{
			"start":	0,
			"end":	40.042665004730225,
			"seconds":	40.042665004730225,
			"bytes":	4707599344,
			"bits_per_second":	940516690.074228,
			"sender":	true
		},
		"cpu_utilization_percent":	{
			"host_total":	21.169493680220906,
			"host_user":	0.75117760215323837,
			"host_system":	20.418316078067665,
			"remote_total":	25.937276409859223,
			"remote_user":	2.7350907003252,
			"remote_system":	23.202185709534024
		},
		"sender_tcp_congestion":	"cubic",
		"receiver_tcp_congestion":	"cubic"
	}
}
