{
	"start":	{
		"connected":	[{
				"socket":	5,
				"local_host":	"10.10.10.2",
				"local_port":	52626,
				"remote_host":	"10.10.10.4",
				"remote_port":	5201
			}],
		"version":	"iperf 3.9",
		"system_info":	"Linux zelda 5.10.0-18-amd64 #1 SMP Debian 5.10.140-1 (2022-09-02) x86_64",
		"timestamp":	{
			"time":	"Wed, 31 Jan 2024 07:04:07 GMT",
			"timesecs":	1706684647
		},
		"connecting_to":	{
			"host":	"10.10.10.4",
			"port":	5201
		},
		"cookie":	"7o2u7wmr5qts5twxjy6yn5kmbumavdimmxhd",
		"tcp_mss_default":	1448,
		"target_bitrate":	5000000000,
		"sock_bufsize":	0,
		"sndbuf_actual":	1000000,
		"rcvbuf_actual":	1000000,
		"test_start":	{
			"protocol":	"TCP",
			"num_streams":	1,
			"blksize":	131072,
			"omit":	0,
			"duration":	90,
			"bytes":	0,
			"blocks":	0,
			"reverse":	0,
			"tos":	0
		}
	},
	"intervals":	[{
			"streams":	[{
					"socket":	5,
					"start":	0,
					"end":	60.000111,
					"seconds":	60.0001106262207,
					"bytes":	7063076864,
					"bits_per_second":	941741845.510979,
					"retransmits":	0,
					"snd_cwnd":	499560,
					"rtt":	2198,
					"rttvar":	106,
					"pmtu":	9000,
					"omitted":	false,
					"sender":	true
				}],
			"sum":	{
				"start":	0,
				"end":	60.000111,
				"seconds":	60.0001106262207,
				"bytes":	7063076864,
				"bits_per_second":	941741845.510979,
				"retransmits":	0,
				"omitted":	false,
				"sender":	true
			}
		}, {
			"streams":	[{
					"socket":	5,
					"start":	60.000111,
					"end":	90.000073,
					"seconds":	29.999961853027344,
					"bytes":	3530424320,
					"bits_per_second":	941447682.4459666,
					"retransmits":	0,
					"snd_cwnd":	499560,
					"rtt":	2276,
					"rttvar":	86,
					"pmtu":	9000,
					"omitted":	false,
					"sender":	true
				}],
			"sum":	{
				"start":	60.000111,
				"end":	90.000073,
				"seconds":	29.999961853027344,
				"bytes":	3530424320,
				"bits_per_second":	941447682.4459666,
				"retransmits":	0,
				"omitted":	false,
				"sender":	true
			}
		}],
	"end":	{
		"streams":	[{
				"sender":	{
					"socket":	5,
					"start":	0,
					"end":	90.000073,
					"seconds":	90.000073,
					"bytes":	10593501184,
					"bits_per_second":	941643785.91115141,
					"retransmits":	0,
					"max_snd_cwnd":	499560,
					"max_rtt":	2276,
					"min_rtt":	2198,
					"mean_rtt":	2237,
					"sender":	true
				},
				"receiver":	{
					"socket":	5,
					"start":	0,
					"end":	90.0414888858795,
					"seconds":	90.000073,
					"bytes":	10591805088,
					"bits_per_second":	941059968.60396457,
					"sender":	true
				}
			}],
		"sum_sent":	{
			"start":	0,
			"end":	90.000073,
			"seconds":	90.000073,
			"bytes":	10593501184,
			"bits_per_second":	941643785.91115141,
			"retransmits":	0,
			"sender":	true
		},
		"sum_received":	{
			"start":	0,
			"end":	90.0414888858795,
			"seconds":	90.0414888858795,
			"bytes":	10591805088,
			"bits_per_second":	941059968.60396457,
			"sender":	true
		},
		"cpu_utilization_percent":	{
			"host_total":	19.130212360394175,
			"host_user":	0.74576439693423224,
			"host_system":	18.38444685337598,
			"remote_total":	26.694605477217575,
			"remote_user":	2.6140334094153244,
			"remote_system":	24.080572067802251
		},
		"sender_tcp_congestion":	"cubic",
		"receiver_tcp_congestion":	"cubic"
	}
}
