{
	"start":	{
		"connected":	[{
				"socket":	5,
				"local_host":	"10.10.10.2",
				"local_port":	34132,
				"remote_host":	"10.10.10.4",
				"remote_port":	5201
			}],
		"version":	"iperf 3.9",
		"system_info":	"Linux zelda 5.10.0-18-amd64 #1 SMP Debian 5.10.140-1 (2022-09-02) x86_64",
		"timestamp":	{
			"time":	"Wed, 31 Jan 2024 15:01:14 GMT",
			"timesecs":	1706713274
		},
		"connecting_to":	{
			"host":	"10.10.10.4",
			"port":	5201
		},
		"cookie":	"cg62fjiuago3ulrkzan3r5uwdgzg3n53dnup",
		"tcp_mss_default":	1448,
		"target_bitrate":	10000000000,
		"sock_bufsize":	0,
		"sndbuf_actual":	1000000,
		"rcvbuf_actual":	1000000,
		"test_start":	{
			"protocol":	"TCP",
			"num_streams":	1,
			"blksize":	131072,
			"omit":	0,
			"duration":	100,
			"bytes":	0,
			"blocks":	0,
			"reverse":	0,
			"tos":	0
		}
	},
	"intervals":	[{
			"streams":	[{
					"socket":	5,
					"start":	0,
					"end":	60.000146,
					"seconds":	60.0001449584961,
					"bytes":	7063470080,
					"bits_per_second":	941793735.31660831,
					"retransmits":	0,
					"snd_cwnd":	613952,
					"rtt":	2467,
					"rttvar":	265,
					"pmtu":	9000,
					"omitted":	false,
					"sender":	true
				}],
			"sum":	{
				"start":	0,
				"end":	60.000146,
				"seconds":	60.0001449584961,
				"bytes":	7063470080,
				"bits_per_second":	941793735.31660831,
				"retransmits":	0,
				"omitted":	false,
				"sender":	true
			}
		}, {
			"streams":	[{
					"socket":	5,
					"start":	60.000146,
					"end":	100.00008,
					"seconds":	39.999935150146484,
					"bytes":	4707319808,
					"bits_per_second":	941465487.9474746,
					"retransmits":	0,
					"snd_cwnd":	613952,
					"rtt":	2731,
					"rttvar":	99,
					"pmtu":	9000,
					"omitted":	false,
					"sender":	true
				}],
			"sum":	{
				"start":	60.000146,
				"end":	100.00008,
				"seconds":	39.999935150146484,
				"bytes":	4707319808,
				"bits_per_second":	941465487.9474746,
				"retransmits":	0,
				"omitted":	false,
				"sender":	true
			}
		}],
	"end":	{
		"streams":	[{
				"sender":	{
					"socket":	5,
					"start":	0,
					"end":	100.00008,
					"seconds":	100.00008,
					"bytes":	11770789888,
					"bits_per_second":	941662437.71005,
					"retransmits":	0,
					"max_snd_cwnd":	613952,
					"max_rtt":	2731,
					"min_rtt":	2467,
					"mean_rtt":	2599,
					"sender":	true
				},
				"receiver":	{
					"socket":	5,
					"start":	0,
					"end":	100.04427313804626,
					"seconds":	100.00008,
					"bytes":	11768659848,
					"bits_per_second":	941076143.899691,
					"sender":	true
				}
			}],
		"sum_sent":	{
			"start":	0,
			"end":	100.00008,
			"seconds":	100.00008,
			"bytes":	11770789888,
			"bits_per_second":	941662437.71005,
			"retransmits":	0,
			"sender":	true
		},
		"sum_received":	{
			"start":	0,
			"end":	100.04427313804626,
			"seconds":	100.04427313804626,
			"bytes":	11768659848,
			"bits_per_second":	941076143.899691,
			"sender":	true
		},
		"cpu_utilization_percent":	{
			"host_total":	18.805357536502218,
			"host_user":	0.73141970724727545,
			"host_system":	18.073938828399406,
			"remote_total":	23.871480083467979,
			"remote_user":	2.14448090820994,
			"remote_system":	21.7269981764788
		},
		"sender_tcp_congestion":	"cubic",
		"receiver_tcp_congestion":	"cubic"
	}
}
