{
	"start":	{
		"connected":	[{
				"socket":	5,
				"local_host":	"10.10.10.2",
				"local_port":	55734,
				"remote_host":	"10.10.10.4",
				"remote_port":	5201
			}],
		"version":	"iperf 3.9",
		"system_info":	"Linux zelda 5.10.0-18-amd64 #1 SMP Debian 5.10.140-1 (2022-09-02) x86_64",
		"timestamp":	{
			"time":	"Wed, 31 Jan 2024 10:41:56 GMT",
			"timesecs":	1706697716
		},
		"connecting_to":	{
			"host":	"10.10.10.4",
			"port":	5201
		},
		"cookie":	"ho66opq6xs2ag67bp5fm7gt4iryn3h2rgm2s",
		"tcp_mss_default":	1448,
		"target_bitrate":	8000000000,
		"sock_bufsize":	0,
		"sndbuf_actual":	1000000,
		"rcvbuf_actual":	1000000,
		"test_start":	{
			"protocol":	"TCP",
			"num_streams":	1,
			"blksize":	131072,
			"omit":	0,
			"duration":	30,
			"bytes":	0,
			"blocks":	0,
			"reverse":	0,
			"tos":	0
		}
	},
	"intervals":	[{
			"streams":	[{
					"socket":	5,
					"start":	0,
					"end":	30.000084,
					"seconds":	30.000083923339844,
					"bytes":	3532652544,
					"bits_per_second":	942038043.10070539,
					"retransmits":	0,
					"snd_cwnd":	528520,
					"rtt":	2828,
					"rttvar":	145,
					"pmtu":	9000,
					"omitted":	false,
					"sender":	true
				}],
			"sum":	{
				"start":	0,
				"end":	30.000084,
				"seconds":	30.000083923339844,
				"bytes":	3532652544,
				"bits_per_second":	942038043.10070539,
				"retransmits":	0,
				"omitted":	false,
				"sender":	true
			}
		}],
	"end":	{
		"streams":	[{
				"sender":	{
					"socket":	5,
					"start":	0,
					"end":	30.000084,
					"seconds":	30.000084,
					"bytes":	3532652544,
					"bits_per_second":	942038040.693486,
					"retransmits":	0,
					"max_snd_cwnd":	528520,
					"max_rtt":	2828,
					"min_rtt":	2828,
					"mean_rtt":	2828,
					"sender":	true
				},
				"receiver":	{
					"socket":	5,
					"start":	0,
					"end":	30.043793916702271,
					"seconds":	30.000084,
					"bytes":	3530740240,
					"bits_per_second":	940158290.20506036,
					"sender":	true
				}
			}],
		"sum_sent":	{
			"start":	0,
			"end":	30.000084,
			"seconds":	30.000084,
			"bytes":	3532652544,
			"bits_per_second":	942038040.693486,
			"retransmits":	0,
			"sender":	true
		},
		"sum_received":	{
			"start":	0,
			"end":	30.043793916702271,
			"seconds":	30.043793916702271,
			"bytes":	3530740240,
			"bits_per_second":	940158290.20506036,
			"sender":	true
		},
		"cpu_utilization_percent":	{
			"host_total":	18.808699789544168,
			"host_user":	0.7368679834898173,
			"host_system":	18.071838454057414,
			"remote_total":	26.69549041679582,
			"remote_user":	2.8477833699771917,
			"remote_system":	23.847707046818631
		},
		"sender_tcp_congestion":	"cubic",
		"receiver_tcp_congestion":	"cubic"
	}
}
