{
	"start":	{
		"connected":	[{
				"socket":	5,
				"local_host":	"10.10.10.2",
				"local_port":	40732,
				"remote_host":	"10.10.10.4",
				"remote_port":	5201
			}],
		"version":	"iperf 3.9",
		"system_info":	"Linux zelda 5.10.0-18-amd64 #1 SMP Debian 5.10.140-1 (2022-09-02) x86_64",
		"timestamp":	{
			"time":	"Wed, 31 Jan 2024 04:29:50 GMT",
			"timesecs":	1706675390
		},
		"connecting_to":	{
			"host":	"10.10.10.4",
			"port":	5201
		},
		"cookie":	"i3jwplb7c4gabmmixxjv5aysnbs3ilglf2s2",
		"tcp_mss_default":	1448,
		"target_bitrate":	4000000000,
		"sock_bufsize":	0,
		"sndbuf_actual":	1000000,
		"rcvbuf_actual":	1000000,
		"test_start":	{
			"protocol":	"TCP",
			"num_streams":	1,
			"blksize":	131072,
			"omit":	0,
			"duration":	10,
			"bytes":	0,
			"blocks":	0,
			"reverse":	0,
			"tos":	0
		}
	},
	"intervals":	[{
			"streams":	[{
					"socket":	5,
					"start":	0,
					"end":	10.000075,
					"seconds":	10.000075340270996,
					"bytes":	1178992640,
					"bits_per_second":	943187006.00353682,
					"retransmits":	0,
					"snd_cwnd":	557480,
					"rtt":	2687,
					"rttvar":	125,
					"pmtu":	9000,
					"omitted":	false,
					"sender":	true
				}],
			"sum":	{
				"start":	0,
				"end":	10.000075,
				"seconds":	10.000075340270996,
				"bytes":	1178992640,
				"bits_per_second":	943187006.00353682,
				"retransmits":	0,
				"omitted":	false,
				"sender":	true
			}
		}],
	"end":	{
		"streams":	[{
				"sender":	{
					"socket":	5,
					"start":	0,
					"end":	10.000075,
					"seconds":	10.000075,
					"bytes":	1178992640,
					"bits_per_second":	943187038.09721422,
					"retransmits":	0,
					"max_snd_cwnd":	557480,
					"max_rtt":	2687,
					"min_rtt":	2687,
					"mean_rtt":	2687,
					"sender":	true
				},
				"receiver":	{
					"socket":	5,
					"start":	0,
					"end":	10.043075084686279,
					"seconds":	10.000075,
					"bytes":	1177027824,
					"bits_per_second":	937583609.86047924,
					"sender":	true
				}
			}],
		"sum_sent":	{
			"start":	0,
			"end":	10.000075,
			"seconds":	10.000075,
			"bytes":	1178992640,
			"bits_per_second":	943187038.09721422,
			"retransmits":	0,
			"sender":	true
		},
		"sum_received":	{
			"start":	0,
			"end":	10.043075084686279,
			"seconds":	10.043075084686279,
			"bytes":	1177027824,
			"bits_per_second":	937583609.86047924,
			"sender":	true
		},
		"cpu_utilization_percent":	{
			"host_total":	18.517779261799834,
			"host_user":	0.898087842537658,
			"host_system":	17.619691419262175,
			"remote_total":	27.177485766561727,
			"remote_user":	2.2630089533970286,
			"remote_system":	24.9144768131647
		},
		"sender_tcp_congestion":	"cubic",
		"receiver_tcp_congestion":	"cubic"
	}
}
