{
	"start":	{
		"connected":	[{
				"socket":	5,
				"local_host":	"10.10.10.2",
				"local_port":	57166,
				"remote_host":	"10.10.10.4",
				"remote_port":	5201
			}],
		"version":	"iperf 3.9",
		"system_info":	"Linux zelda 5.10.0-18-amd64 #1 SMP Debian 5.10.140-1 (2022-09-02) x86_64",
		"timestamp":	{
			"time":	"Wed, 31 Jan 2024 00:02:22 GMT",
			"timesecs":	1706659342
		},
		"connecting_to":	{
			"host":	"10.10.10.4",
			"port":	5201
		},
		"cookie":	"zxxq65d4w2ciwpyhf6pok7atvt732fjkybn4",
		"tcp_mss_default":	1448,
		"target_bitrate":	1000000000,
		"sock_bufsize":	0,
		"sndbuf_actual":	1000000,
		"rcvbuf_actual":	1000000,
		"test_start":	{
			"protocol":	"TCP",
			"num_streams":	1,
			"blksize":	131072,
			"omit":	0,
			"duration":	30,
			"bytes":	0,
			"blocks":	0,
			"reverse":	0,
			"tos":	0
		}
	},
	"intervals":	[{
			"streams":	[{
					"socket":	5,
					"start":	0,
					"end":	30.000097,
					"seconds":	30.000097274780273,
					"bytes":	3532259328,
					"bits_per_second":	941932766.58990324,
					"retransmits":	0,
					"snd_cwnd":	463360,
					"rtt":	2180,
					"rttvar":	144,
					"pmtu":	9000,
					"omitted":	false,
					"sender":	true
				}],
			"sum":	{
				"start":	0,
				"end":	30.000097,
				"seconds":	30.000097274780273,
				"bytes":	3532259328,
				"bits_per_second":	941932766.58990324,
				"retransmits":	0,
				"omitted":	false,
				"sender":	true
			}
		}],
	"end":	{
		"streams":	[{
				"sender":	{
					"socket":	5,
					"start":	0,
					"end":	30.000097,
					"seconds":	30.000097,
					"bytes":	3532259328,
					"bits_per_second":	941932775.21736,
					"retransmits":	0,
					"max_snd_cwnd":	463360,
					"max_rtt":	2180,
					"min_rtt":	2180,
					"mean_rtt":	2180,
					"sender":	true
				},
				"receiver":	{
					"socket":	5,
					"start":	0,
					"end":	30.043761014938354,
					"seconds":	30.000097,
					"bytes":	3530646344,
					"bits_per_second":	940134317.33649921,
					"sender":	true
				}
			}],
		"sum_sent":	{
			"start":	0,
			"end":	30.000097,
			"seconds":	30.000097,
			"bytes":	3532259328,
			"bits_per_second":	941932775.21736,
			"retransmits":	0,
			"sender":	true
		},
		"sum_received":	{
			"start":	0,
			"end":	30.043761014938354,
			"seconds":	30.043761014938354,
			"bytes":	3530646344,
			"bits_per_second":	940134317.33649921,
			"sender":	true
		},
		"cpu_utilization_percent":	{
			"host_total":	19.074259958129392,
			"host_user":	0.7329799567946147,
			"host_system":	18.341280001334777,
			"remote_total":	27.328140832091179,
			"remote_user":	2.7712381187679833,
			"remote_system":	24.55689939346528
		},
		"sender_tcp_congestion":	"cubic",
		"receiver_tcp_congestion":	"cubic"
	}
}
