{
	"start":	{
		"connected":	[{
				"socket":	5,
				"local_host":	"10.10.10.2",
				"local_port":	39308,
				"remote_host":	"10.10.10.4",
				"remote_port":	5201
			}],
		"version":	"iperf 3.9",
		"system_info":	"Linux zelda 5.10.0-18-amd64 #1 SMP Debian 5.10.140-1 (2022-09-02) x86_64",
		"timestamp":	{
			"time":	"Wed, 31 Jan 2024 06:06:54 GMT",
			"timesecs":	1706681214
		},
		"connecting_to":	{
			"host":	"10.10.10.4",
			"port":	5201
		},
		"cookie":	"hamrmt6py5hvzw7eq2qg7xshxpq5g66vkxdy",
		"tcp_mss_default":	1448,
		"target_bitrate":	5000000000,
		"sock_bufsize":	0,
		"sndbuf_actual":	1000000,
		"rcvbuf_actual":	1000000,
		"test_start":	{
			"protocol":	"TCP",
			"num_streams":	1,
			"blksize":	131072,
			"omit":	0,
			"duration":	30,
			"bytes":	0,
			"blocks":	0,
			"reverse":	0,
			"tos":	0
		}
	},
	"intervals":	[{
			"streams":	[{
					"socket":	5,
					"start":	0,
					"end":	30.000094,
					"seconds":	30.000093460083008,
					"bytes":	3531866112,
					"bits_per_second":	941828029.08914077,
					"retransmits":	66,
					"snd_cwnd":	514040,
					"rtt":	2717,
					"rttvar":	109,
					"pmtu":	9000,
					"omitted":	false,
					"sender":	true
				}],
			"sum":	{
				"start":	0,
				"end":	30.000094,
				"seconds":	30.000093460083008,
				"bytes":	3531866112,
				"bits_per_second":	941828029.08914077,
				"retransmits":	66,
				"omitted":	false,
				"sender":	true
			}
		}],
	"end":	{
		"streams":	[{
				"sender":	{
					"socket":	5,
					"start":	0,
					"end":	30.000094,
					"seconds":	30.000094,
					"bytes":	3531866112,
					"bits_per_second":	941828012.13889527,
					"retransmits":	66,
					"max_snd_cwnd":	514040,
					"max_rtt":	2717,
					"min_rtt":	2717,
					"mean_rtt":	2717,
					"sender":	true
				},
				"receiver":	{
					"socket":	5,
					"start":	0,
					"end":	30.040817975997925,
					"seconds":	30.000094,
					"bytes":	3529368984,
					"bits_per_second":	939886253.91489744,
					"sender":	true
				}
			}],
		"sum_sent":	{
			"start":	0,
			"end":	30.000094,
			"seconds":	30.000094,
			"bytes":	3531866112,
			"bits_per_second":	941828012.13889527,
			"retransmits":	66,
			"sender":	true
		},
		"sum_received":	{
			"start":	0,
			"end":	30.040817975997925,
			"seconds":	30.040817975997925,
			"bytes":	3529368984,
			"bits_per_second":	939886253.91489744,
			"sender":	true
		},
		"cpu_utilization_percent":	{
			"host_total":	20.650896552480617,
			"host_user":	0.92840726256454,
			"host_system":	19.722489289916076,
			"remote_total":	26.854004840481334,
			"remote_user":	2.41799315461936,
			"remote_system":	24.436008366052544
		},
		"sender_tcp_congestion":	"cubic",
		"receiver_tcp_congestion":	"cubic"
	}
}
