{
	"start":	{
		"connected":	[{
				"socket":	5,
				"local_host":	"10.10.10.2",
				"local_port":	57252,
				"remote_host":	"10.10.10.4",
				"remote_port":	5201
			}],
		"version":	"iperf 3.9",
		"system_info":	"Linux zelda 5.10.0-18-amd64 #1 SMP Debian 5.10.140-1 (2022-09-02) x86_64",
		"timestamp":	{
			"time":	"Wed, 31 Jan 2024 13:10:40 GMT",
			"timesecs":	1706706640
		},
		"connecting_to":	{
			"host":	"10.10.10.4",
			"port":	5201
		},
		"cookie":	"ijst7gsrb4up5etmxuhqp4zoht2cik7qa2ev",
		"tcp_mss_default":	1448,
		"target_bitrate":	9000000000,
		"sock_bufsize":	0,
		"sndbuf_actual":	1000000,
		"rcvbuf_actual":	1000000,
		"test_start":	{
			"protocol":	"TCP",
			"num_streams":	1,
			"blksize":	131072,
			"omit":	0,
			"duration":	90,
			"bytes":	0,
			"blocks":	0,
			"reverse":	0,
			"tos":	0
		}
	},
	"intervals":	[{
			"streams":	[{
					"socket":	5,
					"start":	0,
					"end":	60.000093,
					"seconds":	60.000091552734375,
					"bytes":	7063076864,
					"bits_per_second":	941742144.88219261,
					"retransmits":	0,
					"snd_cwnd":	511144,
					"rtt":	2287,
					"rttvar":	149,
					"pmtu":	9000,
					"omitted":	false,
					"sender":	true
				}],
			"sum":	{
				"start":	0,
				"end":	60.000093,
				"seconds":	60.000091552734375,
				"bytes":	7063076864,
				"bits_per_second":	941742144.88219261,
				"retransmits":	0,
				"omitted":	false,
				"sender":	true
			}
		}, {
			"streams":	[{
					"socket":	5,
					"start":	60.000093,
					"end":	90.000073,
					"seconds":	29.999980926513672,
					"bytes":	3530555392,
					"bits_per_second":	941482036.444825,
					"retransmits":	0,
					"snd_cwnd":	511144,
					"rtt":	2236,
					"rttvar":	88,
					"pmtu":	9000,
					"omitted":	false,
					"sender":	true
				}],
			"sum":	{
				"start":	60.000093,
				"end":	90.000073,
				"seconds":	29.999980926513672,
				"bytes":	3530555392,
				"bits_per_second":	941482036.444825,
				"retransmits":	0,
				"omitted":	false,
				"sender":	true
			}
		}],
	"end":	{
		"streams":	[{
				"sender":	{
					"socket":	5,
					"start":	0,
					"end":	90.000073,
					"seconds":	90.000073,
					"bytes":	10593632256,
					"bits_per_second":	941655436.74614573,
					"retransmits":	0,
					"max_snd_cwnd":	511144,
					"max_rtt":	2287,
					"min_rtt":	2236,
					"mean_rtt":	2261,
					"sender":	true
				},
				"receiver":	{
					"socket":	5,
					"start":	0,
					"end":	90.0489010810852,
					"seconds":	90.000073,
					"bytes":	10591871568,
					"bits_per_second":	940988413.258922,
					"sender":	true
				}
			}],
		"sum_sent":	{
			"start":	0,
			"end":	90.000073,
			"seconds":	90.000073,
			"bytes":	10593632256,
			"bits_per_second":	941655436.74614573,
			"retransmits":	0,
			"sender":	true
		},
		"sum_received":	{
			"start":	0,
			"end":	90.0489010810852,
			"seconds":	90.0489010810852,
			"bytes":	10591871568,
			"bits_per_second":	940988413.258922,
			"sender":	true
		},
		"cpu_utilization_percent":	{
			"host_total":	19.130551011056543,
			"host_user":	0.681031623530583,
			"host_system":	18.4495182775549,
			"remote_total":	25.965213323018808,
			"remote_user":	2.7007555624707638,
			"remote_system":	23.264455541448122
		},
		"sender_tcp_congestion":	"cubic",
		"receiver_tcp_congestion":	"cubic"
	}
}
