{
	"start":	{
		"connected":	[{
				"socket":	5,
				"local_host":	"10.10.10.2",
				"local_port":	39034,
				"remote_host":	"10.10.10.4",
				"remote_port":	5201
			}],
		"version":	"iperf 3.9",
		"system_info":	"Linux zelda 5.10.0-18-amd64 #1 SMP Debian 5.10.140-1 (2022-09-02) x86_64",
		"timestamp":	{
			"time":	"Wed, 31 Jan 2024 13:44:58 GMT",
			"timesecs":	1706708698
		},
		"connecting_to":	{
			"host":	"10.10.10.4",
			"port":	5201
		},
		"cookie":	"mw4mlyegx6mixnepfmxum6ampy7lqy5dd4lm",
		"tcp_mss_default":	1448,
		"target_bitrate":	10000000000,
		"sock_bufsize":	0,
		"sndbuf_actual":	1000000,
		"rcvbuf_actual":	1000000,
		"test_start":	{
			"protocol":	"TCP",
			"num_streams":	1,
			"blksize":	131072,
			"omit":	0,
			"duration":	20,
			"bytes":	0,
			"blocks":	0,
			"reverse":	0,
			"tos":	0
		}
	},
	"intervals":	[{
			"streams":	[{
					"socket":	5,
					"start":	0,
					"end":	20.000072,
					"seconds":	20.000072479248047,
					"bytes":	2356019200,
					"bits_per_second":	942404264.76237667,
					"retransmits":	0,
					"snd_cwnd":	580648,
					"rtt":	2228,
					"rttvar":	101,
					"pmtu":	9000,
					"omitted":	false,
					"sender":	true
				}],
			"sum":	{
				"start":	0,
				"end":	20.000072,
				"seconds":	20.000072479248047,
				"bytes":	2356019200,
				"bits_per_second":	942404264.76237667,
				"retransmits":	0,
				"omitted":	false,
				"sender":	true
			}
		}],
	"end":	{
		"streams":	[{
				"sender":	{
					"socket":	5,
					"start":	0,
					"end":	20.000072,
					"seconds":	20.000072,
					"bytes":	2356019200,
					"bits_per_second":	942404287.34456563,
					"retransmits":	0,
					"max_snd_cwnd":	580648,
					"max_rtt":	2228,
					"min_rtt":	2228,
					"mean_rtt":	2228,
					"sender":	true
				},
				"receiver":	{
					"socket":	5,
					"start":	0,
					"end":	20.04474401473999,
					"seconds":	20.000072,
					"bytes":	2353952088,
					"bits_per_second":	939479032.01717556,
					"sender":	true
				}
			}],
		"sum_sent":	{
			"start":	0,
			"end":	20.000072,
			"seconds":	20.000072,
			"bytes":	2356019200,
			"bits_per_second":	942404287.34456563,
			"retransmits":	0,
			"sender":	true
		},
		"sum_received":	{
			"start":	0,
			"end":	20.04474401473999,
			"seconds":	20.04474401473999,
			"bytes":	2353952088,
			"bits_per_second":	939479032.01717556,
			"sender":	true
		},
		"cpu_utilization_percent":	{
			"host_total":	19.559476589229032,
			"host_user":	1.0402735061864103,
			"host_system":	18.519198105061975,
			"remote_total":	26.080215362733838,
			"remote_user":	3.2462791336788532,
			"remote_system":	22.833936229054984
		},
		"sender_tcp_congestion":	"cubic",
		"receiver_tcp_congestion":	"cubic"
	}
}
