{
	"start":	{
		"connected":	[{
				"socket":	5,
				"local_host":	"10.10.10.2",
				"local_port":	46132,
				"remote_host":	"10.10.10.4",
				"remote_port":	5201
			}],
		"version":	"iperf 3.9",
		"system_info":	"Linux zelda 5.10.0-18-amd64 #1 SMP Debian 5.10.140-1 (2022-09-02) x86_64",
		"timestamp":	{
			"time":	"Wed, 31 Jan 2024 01:26:50 GMT",
			"timesecs":	1706664410
		},
		"connecting_to":	{
			"host":	"10.10.10.4",
			"port":	5201
		},
		"cookie":	"v3age3bmzcbolr3uhtjgzrskh6n5gqejxk3g",
		"tcp_mss_default":	1448,
		"target_bitrate":	2000000000,
		"sock_bufsize":	0,
		"sndbuf_actual":	1000000,
		"rcvbuf_actual":	1000000,
		"test_start":	{
			"protocol":	"TCP",
			"num_streams":	1,
			"blksize":	131072,
			"omit":	0,
			"duration":	20,
			"bytes":	0,
			"blocks":	0,
			"reverse":	0,
			"tos":	0
		}
	},
	"intervals":	[{
			"streams":	[{
					"socket":	5,
					"start":	0,
					"end":	20.000022,
					"seconds":	20.000022888183594,
					"bytes":	2355494912,
					"bits_per_second":	942196886.541234,
					"retransmits":	0,
					"snd_cwnd":	440192,
					"rtt":	2196,
					"rttvar":	155,
					"pmtu":	9000,
					"omitted":	false,
					"sender":	true
				}],
			"sum":	{
				"start":	0,
				"end":	20.000022,
				"seconds":	20.000022888183594,
				"bytes":	2355494912,
				"bits_per_second":	942196886.541234,
				"retransmits":	0,
				"omitted":	false,
				"sender":	true
			}
		}],
	"end":	{
		"streams":	[{
				"sender":	{
					"socket":	5,
					"start":	0,
					"end":	20.000022,
					"seconds":	20.000022,
					"bytes":	2355494912,
					"bits_per_second":	942196928.38337874,
					"retransmits":	0,
					"max_snd_cwnd":	440192,
					"max_rtt":	2196,
					"min_rtt":	2196,
					"mean_rtt":	2196,
					"sender":	true
				},
				"receiver":	{
					"socket":	5,
					"start":	0,
					"end":	20.042748928070068,
					"seconds":	20.000022,
					"bytes":	2353886928,
					"bits_per_second":	939546540.82538867,
					"sender":	true
				}
			}],
		"sum_sent":	{
			"start":	0,
			"end":	20.000022,
			"seconds":	20.000022,
			"bytes":	2355494912,
			"bits_per_second":	942196928.38337874,
			"retransmits":	0,
			"sender":	true
		},
		"sum_received":	{
			"start":	0,
			"end":	20.042748928070068,
			"seconds":	20.042748928070068,
			"bytes":	2353886928,
			"bits_per_second":	939546540.82538867,
			"sender":	true
		},
		"cpu_utilization_percent":	{
			"host_total":	18.1634726881565,
			"host_user":	0.798124933934383,
			"host_system":	17.365342775183613,
			"remote_total":	26.839611161945072,
			"remote_user":	2.7742071393151453,
			"remote_system":	24.065404022629927
		},
		"sender_tcp_congestion":	"cubic",
		"receiver_tcp_congestion":	"cubic"
	}
}
