{
	"start":	{
		"connected":	[{
				"socket":	5,
				"local_host":	"10.10.10.2",
				"local_port":	34338,
				"remote_host":	"10.10.10.4",
				"remote_port":	5201
			}],
		"version":	"iperf 3.9",
		"system_info":	"Linux zelda 5.10.0-18-amd64 #1 SMP Debian 5.10.140-1 (2022-09-02) x86_64",
		"timestamp":	{
			"time":	"Wed, 31 Jan 2024 06:15:37 GMT",
			"timesecs":	1706681737
		},
		"connecting_to":	{
			"host":	"10.10.10.4",
			"port":	5201
		},
		"cookie":	"ot2aezg4pfe3vj3frzctlmtds37wzvl2innv",
		"tcp_mss_default":	1448,
		"target_bitrate":	5000000000,
		"sock_bufsize":	0,
		"sndbuf_actual":	1000000,
		"rcvbuf_actual":	1000000,
		"test_start":	{
			"protocol":	"TCP",
			"num_streams":	1,
			"blksize":	131072,
			"omit":	0,
			"duration":	40,
			"bytes":	0,
			"blocks":	0,
			"reverse":	0,
			"tos":	0
		}
	},
	"intervals":	[{
			"streams":	[{
					"socket":	5,
					"start":	0,
					"end":	40.000085,
					"seconds":	40.000083923339844,
					"bytes":	4709154816,
					"bits_per_second":	941828987.164146,
					"retransmits":	0,
					"snd_cwnd":	438744,
					"rtt":	2259,
					"rttvar":	127,
					"pmtu":	9000,
					"omitted":	false,
					"sender":	true
				}],
			"sum":	{
				"start":	0,
				"end":	40.000085,
				"seconds":	40.000083923339844,
				"bytes":	4709154816,
				"bits_per_second":	941828987.164146,
				"retransmits":	0,
				"omitted":	false,
				"sender":	true
			}
		}],
	"end":	{
		"streams":	[{
				"sender":	{
					"socket":	5,
					"start":	0,
					"end":	40.000085,
					"seconds":	40.000085,
					"bytes":	4709154816,
					"bits_per_second":	941828961.813456,
					"retransmits":	0,
					"max_snd_cwnd":	438744,
					"max_rtt":	2259,
					"min_rtt":	2259,
					"mean_rtt":	2259,
					"sender":	true
				},
				"receiver":	{
					"socket":	5,
					"start":	0,
					"end":	40.041016101837158,
					"seconds":	40.000085,
					"bytes":	4707599344,
					"bits_per_second":	940555420.8768456,
					"sender":	true
				}
			}],
		"sum_sent":	{
			"start":	0,
			"end":	40.000085,
			"seconds":	40.000085,
			"bytes":	4709154816,
			"bits_per_second":	941828961.813456,
			"retransmits":	0,
			"sender":	true
		},
		"sum_received":	{
			"start":	0,
			"end":	40.041016101837158,
			"seconds":	40.041016101837158,
			"bytes":	4707599344,
			"bits_per_second":	940555420.8768456,
			"sender":	true
		},
		"cpu_utilization_percent":	{
			"host_total":	18.920398908430126,
			"host_user":	0.608136050916909,
			"host_system":	18.312262857513222,
			"remote_total":	23.102807048172739,
			"remote_user":	1.9462967400787765,
			"remote_system":	21.15650781545261
		},
		"sender_tcp_congestion":	"cubic",
		"receiver_tcp_congestion":	"cubic"
	}
}
