{
	"start":	{
		"connected":	[{
				"socket":	5,
				"local_host":	"10.10.10.2",
				"local_port":	42286,
				"remote_host":	"10.10.10.4",
				"remote_port":	5201
			}],
		"version":	"iperf 3.9",
		"system_info":	"Linux zelda 5.10.0-18-amd64 #1 SMP Debian 5.10.140-1 (2022-09-02) x86_64",
		"timestamp":	{
			"time":	"Wed, 31 Jan 2024 00:43:42 GMT",
			"timesecs":	1706661822
		},
		"connecting_to":	{
			"host":	"10.10.10.4",
			"port":	5201
		},
		"cookie":	"7mwqggpj3xlsllkelwh6ylcp4obazyyoxvvb",
		"tcp_mss_default":	1448,
		"target_bitrate":	1000000000,
		"sock_bufsize":	0,
		"sndbuf_actual":	1000000,
		"rcvbuf_actual":	1000000,
		"test_start":	{
			"protocol":	"TCP",
			"num_streams":	1,
			"blksize":	131072,
			"omit":	0,
			"duration":	80,
			"bytes":	0,
			"blocks":	0,
			"reverse":	0,
			"tos":	0
		}
	},
	"intervals":	[{
			"streams":	[{
					"socket":	5,
					"start":	0,
					"end":	60.000037,
					"seconds":	60.000038146972656,
					"bytes":	7063470080,
					"bits_per_second":	941795411.88926959,
					"retransmits":	0,
					"snd_cwnd":	621192,
					"rtt":	2583,
					"rttvar":	148,
					"pmtu":	9000,
					"omitted":	false,
					"sender":	true
				}],
			"sum":	{
				"start":	0,
				"end":	60.000037,
				"seconds":	60.000038146972656,
				"bytes":	7063470080,
				"bits_per_second":	941795411.88926959,
				"retransmits":	0,
				"omitted":	false,
				"sender":	true
			}
		}, {
			"streams":	[{
					"socket":	5,
					"start":	60.000037,
					"end":	80.000076,
					"seconds":	20.000038146972656,
					"bytes":	2353659904,
					"bits_per_second":	941462165.903425,
					"retransmits":	0,
					"snd_cwnd":	621192,
					"rtt":	2736,
					"rttvar":	148,
					"pmtu":	9000,
					"omitted":	false,
					"sender":	true
				}],
			"sum":	{
				"start":	60.000037,
				"end":	80.000076,
				"seconds":	20.000038146972656,
				"bytes":	2353659904,
				"bits_per_second":	941462165.903425,
				"retransmits":	0,
				"omitted":	false,
				"sender":	true
			}
		}],
	"end":	{
		"streams":	[{
				"sender":	{
					"socket":	5,
					"start":	0,
					"end":	80.000076,
					"seconds":	80.000076,
					"bytes":	9417129984,
					"bits_per_second":	941712103.77350128,
					"retransmits":	0,
					"max_snd_cwnd":	621192,
					"max_rtt":	2736,
					"min_rtt":	2583,
					"mean_rtt":	2659,
					"sender":	true
				},
				"receiver":	{
					"socket":	5,
					"start":	0,
					"end":	80.0435700416565,
					"seconds":	80.000076,
					"bytes":	9414920896,
					"bits_per_second":	940979608.09096956,
					"sender":	true
				}
			}],
		"sum_sent":	{
			"start":	0,
			"end":	80.000076,
			"seconds":	80.000076,
			"bytes":	9417129984,
			"bits_per_second":	941712103.77350128,
			"retransmits":	0,
			"sender":	true
		},
		"sum_received":	{
			"start":	0,
			"end":	80.0435700416565,
			"seconds":	80.0435700416565,
			"bytes":	9414920896,
			"bits_per_second":	940979608.09096956,
			"sender":	true
		},
		"cpu_utilization_percent":	{
			"host_total":	19.185665626424711,
			"host_user":	0.73157453313574639,
			"host_system":	18.454089844604031,
			"remote_total":	25.201496714338926,
			"remote_user":	2.47368557955231,
			"remote_system":	22.72781113478662
		},
		"sender_tcp_congestion":	"cubic",
		"receiver_tcp_congestion":	"cubic"
	}
}
