{
	"start":	{
		"connected":	[{
				"socket":	5,
				"local_host":	"10.10.10.2",
				"local_port":	33298,
				"remote_host":	"10.10.10.4",
				"remote_port":	5201
			}],
		"version":	"iperf 3.9",
		"system_info":	"Linux zelda 5.10.0-18-amd64 #1 SMP Debian 5.10.140-1 (2022-09-02) x86_64",
		"timestamp":	{
			"time":	"Wed, 31 Jan 2024 13:34:13 GMT",
			"timesecs":	1706708053
		},
		"connecting_to":	{
			"host":	"10.10.10.4",
			"port":	5201
		},
		"cookie":	"hpov6wczgisbln5kvarbsgs6u7f24o5nqm6l",
		"tcp_mss_default":	1448,
		"target_bitrate":	9000000000,
		"sock_bufsize":	0,
		"sndbuf_actual":	1000000,
		"rcvbuf_actual":	1000000,
		"test_start":	{
			"protocol":	"TCP",
			"num_streams":	1,
			"blksize":	131072,
			"omit":	0,
			"duration":	100,
			"bytes":	0,
			"blocks":	0,
			"reverse":	0,
			"tos":	0
		}
	},
	"intervals":	[{
			"streams":	[{
					"socket":	5,
					"start":	0,
					"end":	60.000286,
					"seconds":	60.000286102294922,
					"bytes":	7063863296,
					"bits_per_second":	941843948.40474844,
					"retransmits":	0,
					"snd_cwnd":	768888,
					"rtt":	2748,
					"rttvar":	135,
					"pmtu":	9000,
					"omitted":	false,
					"sender":	true
				}],
			"sum":	{
				"start":	0,
				"end":	60.000286,
				"seconds":	60.000286102294922,
				"bytes":	7063863296,
				"bits_per_second":	941843948.40474844,
				"retransmits":	0,
				"omitted":	false,
				"sender":	true
			}
		}, {
			"streams":	[{
					"socket":	5,
					"start":	60.000286,
					"end":	100.000094,
					"seconds":	39.999809265136719,
					"bytes":	4707319808,
					"bits_per_second":	941468450.87140656,
					"retransmits":	0,
					"snd_cwnd":	768888,
					"rtt":	2737,
					"rttvar":	125,
					"pmtu":	9000,
					"omitted":	false,
					"sender":	true
				}],
			"sum":	{
				"start":	60.000286,
				"end":	100.000094,
				"seconds":	39.999809265136719,
				"bytes":	4707319808,
				"bits_per_second":	941468450.87140656,
				"retransmits":	0,
				"omitted":	false,
				"sender":	true
			}
		}],
	"end":	{
		"streams":	[{
				"sender":	{
					"socket":	5,
					"start":	0,
					"end":	100.000094,
					"seconds":	100.000094,
					"bytes":	11771183104,
					"bits_per_second":	941693763.12786257,
					"retransmits":	0,
					"max_snd_cwnd":	768888,
					"max_rtt":	2748,
					"min_rtt":	2737,
					"mean_rtt":	2742,
					"sender":	true
				},
				"receiver":	{
					"socket":	5,
					"start":	0,
					"end":	100.04457306861877,
					"seconds":	100.000094,
					"bytes":	11768661296,
					"bits_per_second":	941073438.370562,
					"sender":	true
				}
			}],
		"sum_sent":	{
			"start":	0,
			"end":	100.000094,
			"seconds":	100.000094,
			"bytes":	11771183104,
			"bits_per_second":	941693763.12786257,
			"retransmits":	0,
			"sender":	true
		},
		"sum_received":	{
			"start":	0,
			"end":	100.04457306861877,
			"seconds":	100.04457306861877,
			"bytes":	11768661296,
			"bits_per_second":	941073438.370562,
			"sender":	true
		},
		"cpu_utilization_percent":	{
			"host_total":	19.0182315279328,
			"host_user":	0.67822675876062632,
			"host_system":	18.340004769172179,
			"remote_total":	25.792419038699677,
			"remote_user":	2.4804154101788791,
			"remote_system":	23.3120036285208
		},
		"sender_tcp_congestion":	"cubic",
		"receiver_tcp_congestion":	"cubic"
	}
}
