{
	"start":	{
		"connected":	[{
				"socket":	5,
				"local_host":	"10.10.10.2",
				"local_port":	49734,
				"remote_host":	"10.10.10.4",
				"remote_port":	5201
			}],
		"version":	"iperf 3.9",
		"system_info":	"Linux zelda 5.10.0-18-amd64 #1 SMP Debian 5.10.140-1 (2022-09-02) x86_64",
		"timestamp":	{
			"time":	"Wed, 31 Jan 2024 11:53:51 GMT",
			"timesecs":	1706702031
		},
		"connecting_to":	{
			"host":	"10.10.10.4",
			"port":	5201
		},
		"cookie":	"kxgv6nh4gsqzutaoe5zvq4lddz7ehbe52xgp",
		"tcp_mss_default":	1448,
		"target_bitrate":	8000000000,
		"sock_bufsize":	0,
		"sndbuf_actual":	1000000,
		"rcvbuf_actual":	1000000,
		"test_start":	{
			"protocol":	"TCP",
			"num_streams":	1,
			"blksize":	131072,
			"omit":	0,
			"duration":	100,
			"bytes":	0,
			"blocks":	0,
			"reverse":	0,
			"tos":	0
		}
	},
	"intervals":	[{
			"streams":	[{
					"socket":	5,
					"start":	0,
					"end":	60.000176,
					"seconds":	60.000175476074219,
					"bytes":	7063076864,
					"bits_per_second":	941740827.65027726,
					"retransmits":	0,
					"snd_cwnd":	502456,
					"rtt":	2341,
					"rttvar":	201,
					"pmtu":	9000,
					"omitted":	false,
					"sender":	true
				}],
			"sum":	{
				"start":	0,
				"end":	60.000176,
				"seconds":	60.000175476074219,
				"bytes":	7063076864,
				"bits_per_second":	941740827.65027726,
				"retransmits":	0,
				"omitted":	false,
				"sender":	true
			}
		}, {
			"streams":	[{
					"socket":	5,
					"start":	60.000176,
					"end":	100.000072,
					"seconds":	39.999897003173828,
					"bytes":	4707319808,
					"bits_per_second":	941466385.801242,
					"retransmits":	0,
					"snd_cwnd":	502456,
					"rtt":	2210,
					"rttvar":	138,
					"pmtu":	9000,
					"omitted":	false,
					"sender":	true
				}],
			"sum":	{
				"start":	60.000176,
				"end":	100.000072,
				"seconds":	39.999897003173828,
				"bytes":	4707319808,
				"bits_per_second":	941466385.801242,
				"retransmits":	0,
				"omitted":	false,
				"sender":	true
			}
		}],
	"end":	{
		"streams":	[{
				"sender":	{
					"socket":	5,
					"start":	0,
					"end":	100.000072,
					"seconds":	100.000072,
					"bytes":	11770396672,
					"bits_per_second":	941631055.78563976,
					"retransmits":	0,
					"max_snd_cwnd":	502456,
					"max_rtt":	2341,
					"min_rtt":	2210,
					"mean_rtt":	2275,
					"sender":	true
				},
				"receiver":	{
					"socket":	5,
					"start":	0,
					"end":	100.04427313804626,
					"seconds":	100.000072,
					"bytes":	11768659848,
					"bits_per_second":	941076143.899691,
					"sender":	true
				}
			}],
		"sum_sent":	{
			"start":	0,
			"end":	100.000072,
			"seconds":	100.000072,
			"bytes":	11770396672,
			"bits_per_second":	941631055.78563976,
			"retransmits":	0,
			"sender":	true
		},
		"sum_received":	{
			"start":	0,
			"end":	100.04427313804626,
			"seconds":	100.04427313804626,
			"bytes":	11768659848,
			"bits_per_second":	941076143.899691,
			"sender":	true
		},
		"cpu_utilization_percent":	{
			"host_total":	18.987762329590545,
			"host_user":	0.64843525743428554,
			"host_system":	18.339328071315339,
			"remote_total":	24.37277285557764,
			"remote_user":	2.4422984407610611,
			"remote_system":	21.93047441481658
		},
		"sender_tcp_congestion":	"cubic",
		"receiver_tcp_congestion":	"cubic"
	}
}
