{
	"start":	{
		"connected":	[{
				"socket":	5,
				"local_host":	"10.10.10.2",
				"local_port":	52708,
				"remote_host":	"10.10.10.4",
				"remote_port":	5201
			}],
		"version":	"iperf 3.9",
		"system_info":	"Linux zelda 5.10.0-18-amd64 #1 SMP Debian 5.10.140-1 (2022-09-02) x86_64",
		"timestamp":	{
			"time":	"Wed, 31 Jan 2024 09:51:46 GMT",
			"timesecs":	1706694706
		},
		"connecting_to":	{
			"host":	"10.10.10.4",
			"port":	5201
		},
		"cookie":	"ziuwafolkoedshomgosxzia5vk2ofz3fxuar",
		"tcp_mss_default":	1448,
		"target_bitrate":	7000000000,
		"sock_bufsize":	0,
		"sndbuf_actual":	1000000,
		"rcvbuf_actual":	1000000,
		"test_start":	{
			"protocol":	"TCP",
			"num_streams":	1,
			"blksize":	131072,
			"omit":	0,
			"duration":	80,
			"bytes":	0,
			"blocks":	0,
			"reverse":	0,
			"tos":	0
		}
	},
	"intervals":	[{
			"streams":	[{
					"socket":	5,
					"start":	0,
					"end":	60.000153,
					"seconds":	60.000152587890625,
					"bytes":	7063863296,
					"bits_per_second":	941846044.22831368,
					"retransmits":	0,
					"snd_cwnd":	737032,
					"rtt":	2774,
					"rttvar":	111,
					"pmtu":	9000,
					"omitted":	false,
					"sender":	true
				}],
			"sum":	{
				"start":	0,
				"end":	60.000153,
				"seconds":	60.000152587890625,
				"bytes":	7063863296,
				"bits_per_second":	941846044.22831368,
				"retransmits":	0,
				"omitted":	false,
				"sender":	true
			}
		}, {
			"streams":	[{
					"socket":	5,
					"start":	60.000153,
					"end":	80.000074,
					"seconds":	19.999921798706055,
					"bytes":	2353659904,
					"bits_per_second":	941467642.79939377,
					"retransmits":	0,
					"snd_cwnd":	737032,
					"rtt":	2734,
					"rttvar":	149,
					"pmtu":	9000,
					"omitted":	false,
					"sender":	true
				}],
			"sum":	{
				"start":	60.000153,
				"end":	80.000074,
				"seconds":	19.999921798706055,
				"bytes":	2353659904,
				"bits_per_second":	941467642.79939377,
				"retransmits":	0,
				"omitted":	false,
				"sender":	true
			}
		}],
	"end":	{
		"streams":	[{
				"sender":	{
					"socket":	5,
					"start":	0,
					"end":	80.000074,
					"seconds":	80.000074,
					"bytes":	9417523200,
					"bits_per_second":	941751448.87990975,
					"retransmits":	0,
					"max_snd_cwnd":	737032,
					"max_rtt":	2774,
					"min_rtt":	2734,
					"mean_rtt":	2754,
					"sender":	true
				},
				"receiver":	{
					"socket":	5,
					"start":	0,
					"end":	80.0437409877777,
					"seconds":	80.000074,
					"bytes":	9414987848,
					"bits_per_second":	940984290.02088976,
					"sender":	true
				}
			}],
		"sum_sent":	{
			"start":	0,
			"end":	80.000074,
			"seconds":	80.000074,
			"bytes":	9417523200,
			"bits_per_second":	941751448.87990975,
			"retransmits":	0,
			"sender":	true
		},
		"sum_received":	{
			"start":	0,
			"end":	80.0437409877777,
			"seconds":	80.0437409877777,
			"bytes":	9414987848,
			"bits_per_second":	940984290.02088976,
			"sender":	true
		},
		"cpu_utilization_percent":	{
			"host_total":	18.4485033599647,
			"host_user":	0.67792267483119639,
			"host_system":	17.7705806851335,
			"remote_total":	22.207707888674729,
			"remote_user":	2.1491399463794925,
			"remote_system":	20.058566694203726
		},
		"sender_tcp_congestion":	"cubic",
		"receiver_tcp_congestion":	"cubic"
	}
}
