{
	"start":	{
		"connected":	[{
				"socket":	5,
				"local_host":	"10.10.10.2",
				"local_port":	33290,
				"remote_host":	"10.10.10.4",
				"remote_port":	5201
			}],
		"version":	"iperf 3.9",
		"system_info":	"Linux zelda 5.10.0-18-amd64 #1 SMP Debian 5.10.140-1 (2022-09-02) x86_64",
		"timestamp":	{
			"time":	"Wed, 31 Jan 2024 10:35:12 GMT",
			"timesecs":	1706697312
		},
		"connecting_to":	{
			"host":	"10.10.10.4",
			"port":	5201
		},
		"cookie":	"otixi5cwqocevqkqt2gransqm3tnv3te2cmu",
		"tcp_mss_default":	1448,
		"target_bitrate":	7000000000,
		"sock_bufsize":	0,
		"sndbuf_actual":	1000000,
		"rcvbuf_actual":	1000000,
		"test_start":	{
			"protocol":	"TCP",
			"num_streams":	1,
			"blksize":	131072,
			"omit":	0,
			"duration":	100,
			"bytes":	0,
			"blocks":	0,
			"reverse":	0,
			"tos":	0
		}
	},
	"intervals":	[{
			"streams":	[{
					"socket":	5,
					"start":	0,
					"end":	60.00018,
					"seconds":	60.000179290771484,
					"bytes":	7063863296,
					"bits_per_second":	941845625.06285441,
					"retransmits":	0,
					"snd_cwnd":	710968,
					"rtt":	2727,
					"rttvar":	111,
					"pmtu":	9000,
					"omitted":	false,
					"sender":	true
				}],
			"sum":	{
				"start":	0,
				"end":	60.00018,
				"seconds":	60.000179290771484,
				"bytes":	7063863296,
				"bits_per_second":	941845625.06285441,
				"retransmits":	0,
				"omitted":	false,
				"sender":	true
			}
		}, {
			"streams":	[{
					"socket":	5,
					"start":	60.00018,
					"end":	100.000079,
					"seconds":	39.9999008178711,
					"bytes":	4707319808,
					"bits_per_second":	941466296.01578832,
					"retransmits":	0,
					"snd_cwnd":	710968,
					"rtt":	2718,
					"rttvar":	96,
					"pmtu":	9000,
					"omitted":	false,
					"sender":	true
				}],
			"sum":	{
				"start":	60.00018,
				"end":	100.000079,
				"seconds":	39.9999008178711,
				"bytes":	4707319808,
				"bits_per_second":	941466296.01578832,
				"retransmits":	0,
				"omitted":	false,
				"sender":	true
			}
		}],
	"end":	{
		"streams":	[{
				"sender":	{
					"socket":	5,
					"start":	0,
					"end":	100.000079,
					"seconds":	100.000079,
					"bytes":	11771183104,
					"bits_per_second":	941693904.38181555,
					"retransmits":	0,
					"max_snd_cwnd":	710968,
					"max_rtt":	2727,
					"min_rtt":	2718,
					"mean_rtt":	2722,
					"sender":	true
				},
				"receiver":	{
					"socket":	5,
					"start":	0,
					"end":	100.04432702064514,
					"seconds":	100.000079,
					"bytes":	11768720664,
					"bits_per_second":	941080500.17240119,
					"sender":	true
				}
			}],
		"sum_sent":	{
			"start":	0,
			"end":	100.000079,
			"seconds":	100.000079,
			"bytes":	11771183104,
			"bits_per_second":	941693904.38181555,
			"retransmits":	0,
			"sender":	true
		},
		"sum_received":	{
			"start":	0,
			"end":	100.04432702064514,
			"seconds":	100.04432702064514,
			"bytes":	11768720664,
			"bits_per_second":	941080500.17240119,
			"sender":	true
		},
		"cpu_utilization_percent":	{
			"host_total":	19.0774621471686,
			"host_user":	0.73094695500564721,
			"host_system":	18.346516191289442,
			"remote_total":	20.470858092320391,
			"remote_user":	2.72733160954902,
			"remote_system":	17.743526482771372
		},
		"sender_tcp_congestion":	"cubic",
		"receiver_tcp_congestion":	"cubic"
	}
}
