{
	"start":	{
		"connected":	[{
				"socket":	5,
				"local_host":	"10.10.10.2",
				"local_port":	44190,
				"remote_host":	"10.10.10.4",
				"remote_port":	5201
			}],
		"version":	"iperf 3.9",
		"system_info":	"Linux zelda 5.10.0-18-amd64 #1 SMP Debian 5.10.140-1 (2022-09-02) x86_64",
		"timestamp":	{
			"time":	"Wed, 31 Jan 2024 13:50:00 GMT",
			"timesecs":	1706709000
		},
		"connecting_to":	{
			"host":	"10.10.10.4",
			"port":	5201
		},
		"cookie":	"j4pdqwpqm7lcb5peqk2veatkc6l3yxbmfax5",
		"tcp_mss_default":	1448,
		"target_bitrate":	10000000000,
		"sock_bufsize":	0,
		"sndbuf_actual":	1000000,
		"rcvbuf_actual":	1000000,
		"test_start":	{
			"protocol":	"TCP",
			"num_streams":	1,
			"blksize":	131072,
			"omit":	0,
			"duration":	30,
			"bytes":	0,
			"blocks":	0,
			"reverse":	0,
			"tos":	0
		}
	},
	"intervals":	[{
			"streams":	[{
					"socket":	5,
					"start":	0,
					"end":	30.000073,
					"seconds":	30.000072479248047,
					"bytes":	3532521472,
					"bits_per_second":	942003450.009943,
					"retransmits":	0,
					"snd_cwnd":	493768,
					"rtt":	2310,
					"rttvar":	147,
					"pmtu":	9000,
					"omitted":	false,
					"sender":	true
				}],
			"sum":	{
				"start":	0,
				"end":	30.000073,
				"seconds":	30.000072479248047,
				"bytes":	3532521472,
				"bits_per_second":	942003450.009943,
				"retransmits":	0,
				"omitted":	false,
				"sender":	true
			}
		}],
	"end":	{
		"streams":	[{
				"sender":	{
					"socket":	5,
					"start":	0,
					"end":	30.000073,
					"seconds":	30.000073,
					"bytes":	3532521472,
					"bits_per_second":	942003433.65831137,
					"retransmits":	0,
					"max_snd_cwnd":	493768,
					"max_rtt":	2310,
					"min_rtt":	2310,
					"mean_rtt":	2310,
					"sender":	true
				},
				"receiver":	{
					"socket":	5,
					"start":	0,
					"end":	30.044090986251831,
					"seconds":	30.000073,
					"bytes":	3530743136,
					"bits_per_second":	940149765.254184,
					"sender":	true
				}
			}],
		"sum_sent":	{
			"start":	0,
			"end":	30.000073,
			"seconds":	30.000073,
			"bytes":	3532521472,
			"bits_per_second":	942003433.65831137,
			"retransmits":	0,
			"sender":	true
		},
		"sum_received":	{
			"start":	0,
			"end":	30.044090986251831,
			"seconds":	30.044090986251831,
			"bytes":	3530743136,
			"bits_per_second":	940149765.254184,
			"sender":	true
		},
		"cpu_utilization_percent":	{
			"host_total":	18.247170333593122,
			"host_user":	0.836808012382541,
			"host_system":	17.410358997431118,
			"remote_total":	22.43556181279094,
			"remote_user":	2.370535432840307,
			"remote_system":	20.065026379950634
		},
		"sender_tcp_congestion":	"cubic",
		"receiver_tcp_congestion":	"cubic"
	}
}
