{
	"start":	{
		"connected":	[{
				"socket":	5,
				"local_host":	"10.10.10.2",
				"local_port":	36042,
				"remote_host":	"10.10.10.4",
				"remote_port":	5201
			}],
		"version":	"iperf 3.9",
		"system_info":	"Linux zelda 5.10.0-18-amd64 #1 SMP Debian 5.10.140-1 (2022-09-02) x86_64",
		"timestamp":	{
			"time":	"Wed, 31 Jan 2024 00:47:42 GMT",
			"timesecs":	1706662062
		},
		"connecting_to":	{
			"host":	"10.10.10.4",
			"port":	5201
		},
		"cookie":	"agbevy65jti7qp7nhlc2obbgfx737cipltuz",
		"tcp_mss_default":	1448,
		"target_bitrate":	1000000000,
		"sock_bufsize":	0,
		"sndbuf_actual":	1000000,
		"rcvbuf_actual":	1000000,
		"test_start":	{
			"protocol":	"TCP",
			"num_streams":	1,
			"blksize":	131072,
			"omit":	0,
			"duration":	80,
			"bytes":	0,
			"blocks":	0,
			"reverse":	0,
			"tos":	0
		}
	},
	"intervals":	[{
			"streams":	[{
					"socket":	5,
					"start":	0,
					"end":	60.000082,
					"seconds":	60.000080108642578,
					"bytes":	7062683648,
					"bits_per_second":	941689895.775012,
					"retransmits":	0,
					"snd_cwnd":	434400,
					"rtt":	2168,
					"rttvar":	98,
					"pmtu":	9000,
					"omitted":	false,
					"sender":	true
				}],
			"sum":	{
				"start":	0,
				"end":	60.000082,
				"seconds":	60.000080108642578,
				"bytes":	7062683648,
				"bits_per_second":	941689895.775012,
				"retransmits":	0,
				"omitted":	false,
				"sender":	true
			}
		}, {
			"streams":	[{
					"socket":	5,
					"start":	60.000082,
					"end":	80.000076,
					"seconds":	19.9999942779541,
					"bytes":	2353659904,
					"bits_per_second":	941464230.955077,
					"retransmits":	0,
					"snd_cwnd":	434400,
					"rtt":	2257,
					"rttvar":	156,
					"pmtu":	9000,
					"omitted":	false,
					"sender":	true
				}],
			"sum":	{
				"start":	60.000082,
				"end":	80.000076,
				"seconds":	19.9999942779541,
				"bytes":	2353659904,
				"bits_per_second":	941464230.955077,
				"retransmits":	0,
				"omitted":	false,
				"sender":	true
			}
		}],
	"end":	{
		"streams":	[{
				"sender":	{
					"socket":	5,
					"start":	0,
					"end":	80.000076,
					"seconds":	80.000076,
					"bytes":	9416343552,
					"bits_per_second":	941633460.64821231,
					"retransmits":	0,
					"max_snd_cwnd":	434400,
					"max_rtt":	2257,
					"min_rtt":	2168,
					"mean_rtt":	2212,
					"sender":	true
				},
				"receiver":	{
					"socket":	5,
					"start":	0,
					"end":	80.043281078338623,
					"seconds":	80.000076,
					"bytes":	9414853480,
					"bits_per_second":	940976267.1558305,
					"sender":	true
				}
			}],
		"sum_sent":	{
			"start":	0,
			"end":	80.000076,
			"seconds":	80.000076,
			"bytes":	9416343552,
			"bits_per_second":	941633460.64821231,
			"retransmits":	0,
			"sender":	true
		},
		"sum_received":	{
			"start":	0,
			"end":	80.043281078338623,
			"seconds":	80.043281078338623,
			"bytes":	9414853480,
			"bits_per_second":	940976267.1558305,
			"sender":	true
		},
		"cpu_utilization_percent":	{
			"host_total":	18.74135778975192,
			"host_user":	0.76006746942697934,
			"host_system":	17.981292817712671,
			"remote_total":	22.289498547589258,
			"remote_user":	2.4084588309878381,
			"remote_system":	19.881038468439836
		},
		"sender_tcp_congestion":	"cubic",
		"receiver_tcp_congestion":	"cubic"
	}
}
