{
	"start":	{
		"connected":	[{
				"socket":	5,
				"local_host":	"10.10.10.2",
				"local_port":	46982,
				"remote_host":	"10.10.10.4",
				"remote_port":	5201
			}],
		"version":	"iperf 3.9",
		"system_info":	"Linux zelda 5.10.0-18-amd64 #1 SMP Debian 5.10.140-1 (2022-09-02) x86_64",
		"timestamp":	{
			"time":	"Wed, 31 Jan 2024 03:51:44 GMT",
			"timesecs":	1706673104
		},
		"connecting_to":	{
			"host":	"10.10.10.4",
			"port":	5201
		},
		"cookie":	"sluiapjz6ywhjnwgyhyxtbrzn4lazc2kqtg2",
		"tcp_mss_default":	1448,
		"target_bitrate":	3000000000,
		"sock_bufsize":	0,
		"sndbuf_actual":	1000000,
		"rcvbuf_actual":	1000000,
		"test_start":	{
			"protocol":	"TCP",
			"num_streams":	1,
			"blksize":	131072,
			"omit":	0,
			"duration":	80,
			"bytes":	0,
			"blocks":	0,
			"reverse":	0,
			"tos":	0
		}
	},
	"intervals":	[{
			"streams":	[{
					"socket":	5,
					"start":	0,
					"end":	60.000116,
					"seconds":	60.000114440917969,
					"bytes":	7063470080,
					"bits_per_second":	941794214.33675957,
					"retransmits":	0,
					"snd_cwnd":	622640,
					"rtt":	2741,
					"rttvar":	141,
					"pmtu":	9000,
					"omitted":	false,
					"sender":	true
				}],
			"sum":	{
				"start":	0,
				"end":	60.000116,
				"seconds":	60.000114440917969,
				"bytes":	7063470080,
				"bits_per_second":	941794214.33675957,
				"retransmits":	0,
				"omitted":	false,
				"sender":	true
			}
		}, {
			"streams":	[{
					"socket":	5,
					"start":	60.000116,
					"end":	80.000074,
					"seconds":	19.999958038330078,
					"bytes":	2353659904,
					"bits_per_second":	941465936.87414432,
					"retransmits":	0,
					"snd_cwnd":	622640,
					"rtt":	2303,
					"rttvar":	90,
					"pmtu":	9000,
					"omitted":	false,
					"sender":	true
				}],
			"sum":	{
				"start":	60.000116,
				"end":	80.000074,
				"seconds":	19.999958038330078,
				"bytes":	2353659904,
				"bits_per_second":	941465936.87414432,
				"retransmits":	0,
				"omitted":	false,
				"sender":	true
			}
		}],
	"end":	{
		"streams":	[{
				"sender":	{
					"socket":	5,
					"start":	0,
					"end":	80.000074,
					"seconds":	80.000074,
					"bytes":	9417129984,
					"bits_per_second":	941712127.31628227,
					"retransmits":	0,
					"max_snd_cwnd":	622640,
					"max_rtt":	2741,
					"min_rtt":	2303,
					"mean_rtt":	2522,
					"sender":	true
				},
				"receiver":	{
					"socket":	5,
					"start":	0,
					"end":	80.0434238910675,
					"seconds":	80.000074,
					"bytes":	9415015488,
					"bits_per_second":	940990780.285767,
					"sender":	true
				}
			}],
		"sum_sent":	{
			"start":	0,
			"end":	80.000074,
			"seconds":	80.000074,
			"bytes":	9417129984,
			"bits_per_second":	941712127.31628227,
			"retransmits":	0,
			"sender":	true
		},
		"sum_received":	{
			"start":	0,
			"end":	80.0434238910675,
			"seconds":	80.0434238910675,
			"bytes":	9415015488,
			"bits_per_second":	940990780.285767,
			"sender":	true
		},
		"cpu_utilization_percent":	{
			"host_total":	18.401212787562613,
			"host_user":	0.750884800839865,
			"host_system":	17.650326738053426,
			"remote_total":	26.598591181989079,
			"remote_user":	2.6523256657573149,
			"remote_system":	23.946266764318651
		},
		"sender_tcp_congestion":	"cubic",
		"receiver_tcp_congestion":	"cubic"
	}
}
