{
	"start":	{
		"connected":	[{
				"socket":	5,
				"local_host":	"10.10.10.2",
				"local_port":	56216,
				"remote_host":	"10.10.10.4",
				"remote_port":	5201
			}],
		"version":	"iperf 3.9",
		"system_info":	"Linux zelda 5.10.0-18-amd64 #1 SMP Debian 5.10.140-1 (2022-09-02) x86_64",
		"timestamp":	{
			"time":	"Wed, 31 Jan 2024 09:58:27 GMT",
			"timesecs":	1706695107
		},
		"connecting_to":	{
			"host":	"10.10.10.4",
			"port":	5201
		},
		"cookie":	"ca22yjcc2d372nah7dnemhljynsov2ueclg6",
		"tcp_mss_default":	1448,
		"target_bitrate":	7000000000,
		"sock_bufsize":	0,
		"sndbuf_actual":	1000000,
		"rcvbuf_actual":	1000000,
		"test_start":	{
			"protocol":	"TCP",
			"num_streams":	1,
			"blksize":	131072,
			"omit":	0,
			"duration":	80,
			"bytes":	0,
			"blocks":	0,
			"reverse":	0,
			"tos":	0
		}
	},
	"intervals":	[{
			"streams":	[{
					"socket":	5,
					"start":	0,
					"end":	60.000086,
					"seconds":	60.0000877380371,
					"bytes":	7063601152,
					"bits_per_second":	941812109.7209028,
					"retransmits":	0,
					"snd_cwnd":	645808,
					"rtt":	2762,
					"rttvar":	137,
					"pmtu":	9000,
					"omitted":	false,
					"sender":	true
				}],
			"sum":	{
				"start":	0,
				"end":	60.000086,
				"seconds":	60.0000877380371,
				"bytes":	7063601152,
				"bits_per_second":	941812109.7209028,
				"retransmits":	0,
				"omitted":	false,
				"sender":	true
			}
		}, {
			"streams":	[{
					"socket":	5,
					"start":	60.000086,
					"end":	80.000073,
					"seconds":	19.99998664855957,
					"bytes":	2353659904,
					"bits_per_second":	941464590.09541953,
					"retransmits":	0,
					"snd_cwnd":	645808,
					"rtt":	2772,
					"rttvar":	99,
					"pmtu":	9000,
					"omitted":	false,
					"sender":	true
				}],
			"sum":	{
				"start":	60.000086,
				"end":	80.000073,
				"seconds":	19.99998664855957,
				"bytes":	2353659904,
				"bits_per_second":	941464590.09541953,
				"retransmits":	0,
				"omitted":	false,
				"sender":	true
			}
		}],
	"end":	{
		"streams":	[{
				"sender":	{
					"socket":	5,
					"start":	0,
					"end":	80.000073,
					"seconds":	80.000073,
					"bytes":	9417261056,
					"bits_per_second":	941725246.27571273,
					"retransmits":	0,
					"max_snd_cwnd":	645808,
					"max_rtt":	2772,
					"min_rtt":	2762,
					"mean_rtt":	2767,
					"sender":	true
				},
				"receiver":	{
					"socket":	5,
					"start":	0,
					"end":	80.044000864028931,
					"seconds":	80.000073,
					"bytes":	9415019832,
					"bits_per_second":	940984431.599648,
					"sender":	true
				}
			}],
		"sum_sent":	{
			"start":	0,
			"end":	80.000073,
			"seconds":	80.000073,
			"bytes":	9417261056,
			"bits_per_second":	941725246.27571273,
			"retransmits":	0,
			"sender":	true
		},
		"sum_received":	{
			"start":	0,
			"end":	80.044000864028931,
			"seconds":	80.044000864028931,
			"bytes":	9415019832,
			"bits_per_second":	940984431.599648,
			"sender":	true
		},
		"cpu_utilization_percent":	{
			"host_total":	19.047182724058679,
			"host_user":	0.94324965996017018,
			"host_system":	18.103933064098506,
			"remote_total":	27.128614269898261,
			"remote_user":	2.6381238196634245,
			"remote_system":	24.490489202084706
		},
		"sender_tcp_congestion":	"cubic",
		"receiver_tcp_congestion":	"cubic"
	}
}
