{
	"start":	{
		"connected":	[{
				"socket":	5,
				"local_host":	"10.10.10.2",
				"local_port":	55338,
				"remote_host":	"10.10.10.4",
				"remote_port":	5201
			}],
		"version":	"iperf 3.9",
		"system_info":	"Linux zelda 5.10.0-18-amd64 #1 SMP Debian 5.10.140-1 (2022-09-02) x86_64",
		"timestamp":	{
			"time":	"Wed, 31 Jan 2024 03:04:23 GMT",
			"timesecs":	1706670263
		},
		"connecting_to":	{
			"host":	"10.10.10.4",
			"port":	5201
		},
		"cookie":	"tfwuktarqem57lsbhq4xmnd7iox4kxbg55ex",
		"tcp_mss_default":	1448,
		"target_bitrate":	3000000000,
		"sock_bufsize":	0,
		"sndbuf_actual":	1000000,
		"rcvbuf_actual":	1000000,
		"test_start":	{
			"protocol":	"TCP",
			"num_streams":	1,
			"blksize":	131072,
			"omit":	0,
			"duration":	30,
			"bytes":	0,
			"blocks":	0,
			"reverse":	0,
			"tos":	0
		}
	},
	"intervals":	[{
			"streams":	[{
					"socket":	5,
					"start":	0,
					"end":	30.000089,
					"seconds":	30.000089645385742,
					"bytes":	3532390400,
					"bits_per_second":	941967958.56396663,
					"retransmits":	0,
					"snd_cwnd":	521280,
					"rtt":	2771,
					"rttvar":	111,
					"pmtu":	9000,
					"omitted":	false,
					"sender":	true
				}],
			"sum":	{
				"start":	0,
				"end":	30.000089,
				"seconds":	30.000089645385742,
				"bytes":	3532390400,
				"bits_per_second":	941967958.56396663,
				"retransmits":	0,
				"omitted":	false,
				"sender":	true
			}
		}],
	"end":	{
		"streams":	[{
				"sender":	{
					"socket":	5,
					"start":	0,
					"end":	30.000089,
					"seconds":	30.000089,
					"bytes":	3532390400,
					"bits_per_second":	941967978.82832956,
					"retransmits":	0,
					"max_snd_cwnd":	521280,
					"max_rtt":	2771,
					"min_rtt":	2771,
					"mean_rtt":	2771,
					"sender":	true
				},
				"receiver":	{
					"socket":	5,
					"start":	0,
					"end":	30.042552947998047,
					"seconds":	30.000089,
					"bytes":	3530595440,
					"bits_per_second":	940158566.71335757,
					"sender":	true
				}
			}],
		"sum_sent":	{
			"start":	0,
			"end":	30.000089,
			"seconds":	30.000089,
			"bytes":	3532390400,
			"bits_per_second":	941967978.82832956,
			"retransmits":	0,
			"sender":	true
		},
		"sum_received":	{
			"start":	0,
			"end":	30.042552947998047,
			"seconds":	30.042552947998047,
			"bytes":	3530595440,
			"bits_per_second":	940158566.71335757,
			"sender":	true
		},
		"cpu_utilization_percent":	{
			"host_total":	20.168912502448883,
			"host_user":	0.691300914384307,
			"host_system":	19.477611588064576,
			"remote_total":	25.827317168891266,
			"remote_user":	2.506404357635998,
			"remote_system":	23.320912811255269
		},
		"sender_tcp_congestion":	"cubic",
		"receiver_tcp_congestion":	"cubic"
	}
}
