{
	"start":	{
		"connected":	[{
				"socket":	5,
				"local_host":	"10.10.10.2",
				"local_port":	35190,
				"remote_host":	"10.10.10.4",
				"remote_port":	5201
			}],
		"version":	"iperf 3.9",
		"system_info":	"Linux zelda 5.10.0-18-amd64 #1 SMP Debian 5.10.140-1 (2022-09-02) x86_64",
		"timestamp":	{
			"time":	"Wed, 31 Jan 2024 05:08:42 GMT",
			"timesecs":	1706677722
		},
		"connecting_to":	{
			"host":	"10.10.10.4",
			"port":	5201
		},
		"cookie":	"6aao5dtfi7pt5b5lhifbkqer7p4uxr73eeis",
		"tcp_mss_default":	1448,
		"target_bitrate":	4000000000,
		"sock_bufsize":	0,
		"sndbuf_actual":	1000000,
		"rcvbuf_actual":	1000000,
		"test_start":	{
			"protocol":	"TCP",
			"num_streams":	1,
			"blksize":	131072,
			"omit":	0,
			"duration":	70,
			"bytes":	0,
			"blocks":	0,
			"reverse":	0,
			"tos":	0
		}
	},
	"intervals":	[{
			"streams":	[{
					"socket":	5,
					"start":	0,
					"end":	60.000094,
					"seconds":	60.000095367431641,
					"bytes":	7062814720,
					"bits_per_second":	941707132.530157,
					"retransmits":	0,
					"snd_cwnd":	438744,
					"rtt":	2152,
					"rttvar":	116,
					"pmtu":	9000,
					"omitted":	false,
					"sender":	true
				}],
			"sum":	{
				"start":	0,
				"end":	60.000094,
				"seconds":	60.000095367431641,
				"bytes":	7062814720,
				"bits_per_second":	941707132.530157,
				"retransmits":	0,
				"omitted":	false,
				"sender":	true
			}
		}, {
			"streams":	[{
					"socket":	5,
					"start":	60.000094,
					"end":	70.000078,
					"seconds":	9.99998378753662,
					"bytes":	1176764416,
					"bits_per_second":	941413059.06247449,
					"retransmits":	0,
					"snd_cwnd":	438744,
					"rtt":	2184,
					"rttvar":	150,
					"pmtu":	9000,
					"omitted":	false,
					"sender":	true
				}],
			"sum":	{
				"start":	60.000094,
				"end":	70.000078,
				"seconds":	9.99998378753662,
				"bytes":	1176764416,
				"bits_per_second":	941413059.06247449,
				"retransmits":	0,
				"omitted":	false,
				"sender":	true
			}
		}],
	"end":	{
		"streams":	[{
				"sender":	{
					"socket":	5,
					"start":	0,
					"end":	70.000078,
					"seconds":	70.000078,
					"bytes":	8239579136,
					"bits_per_second":	941665137.687418,
					"retransmits":	0,
					"max_snd_cwnd":	438744,
					"max_rtt":	2184,
					"min_rtt":	2152,
					"mean_rtt":	2168,
					"sender":	true
				},
				"receiver":	{
					"socket":	5,
					"start":	0,
					"end":	70.043830871582031,
					"seconds":	70.000078,
					"bytes":	8238091224,
					"bits_per_second":	940906985.9818114,
					"sender":	true
				}
			}],
		"sum_sent":	{
			"start":	0,
			"end":	70.000078,
			"seconds":	70.000078,
			"bytes":	8239579136,
			"bits_per_second":	941665137.687418,
			"retransmits":	0,
			"sender":	true
		},
		"sum_received":	{
			"start":	0,
			"end":	70.043830871582031,
			"seconds":	70.043830871582031,
			"bytes":	8238091224,
			"bits_per_second":	940906985.9818114,
			"sender":	true
		},
		"cpu_utilization_percent":	{
			"host_total":	19.286687133374649,
			"host_user":	0.80404958193274167,
			"host_system":	18.482636124620416,
			"remote_total":	26.974450044375242,
			"remote_user":	2.6280154020519428,
			"remote_system":	24.346431789985814
		},
		"sender_tcp_congestion":	"cubic",
		"receiver_tcp_congestion":	"cubic"
	}
}
