{
	"start":	{
		"connected":	[{
				"socket":	5,
				"local_host":	"10.10.10.2",
				"local_port":	41556,
				"remote_host":	"10.10.10.4",
				"remote_port":	5201
			}],
		"version":	"iperf 3.9",
		"system_info":	"Linux zelda 5.10.0-18-amd64 #1 SMP Debian 5.10.140-1 (2022-09-02) x86_64",
		"timestamp":	{
			"time":	"Wed, 31 Jan 2024 11:06:03 GMT",
			"timesecs":	1706699163
		},
		"connecting_to":	{
			"host":	"10.10.10.4",
			"port":	5201
		},
		"cookie":	"ce3vi7kl7itlk7m7oakcevh7zaxxkdbmnqxc",
		"tcp_mss_default":	1448,
		"target_bitrate":	8000000000,
		"sock_bufsize":	0,
		"sndbuf_actual":	1000000,
		"rcvbuf_actual":	1000000,
		"test_start":	{
			"protocol":	"TCP",
			"num_streams":	1,
			"blksize":	131072,
			"omit":	0,
			"duration":	60,
			"bytes":	0,
			"blocks":	0,
			"reverse":	0,
			"tos":	0
		}
	},
	"intervals":	[{
			"streams":	[{
					"socket":	5,
					"start":	0,
					"end":	60.000084,
					"seconds":	60.000083923339844,
					"bytes":	7063470080,
					"bits_per_second":	941794693.357398,
					"retransmits":	0,
					"snd_cwnd":	631328,
					"rtt":	2814,
					"rttvar":	122,
					"pmtu":	9000,
					"omitted":	false,
					"sender":	true
				}],
			"sum":	{
				"start":	0,
				"end":	60.000084,
				"seconds":	60.000083923339844,
				"bytes":	7063470080,
				"bits_per_second":	941794693.357398,
				"retransmits":	0,
				"omitted":	false,
				"sender":	true
			}
		}],
	"end":	{
		"streams":	[{
				"sender":	{
					"socket":	5,
					"start":	0,
					"end":	60.000084,
					"seconds":	60.000084,
					"bytes":	7063470080,
					"bits_per_second":	941794692.15409768,
					"retransmits":	0,
					"max_snd_cwnd":	631328,
					"max_rtt":	2814,
					"min_rtt":	2814,
					"mean_rtt":	2814,
					"sender":	true
				},
				"receiver":	{
					"socket":	5,
					"start":	0,
					"end":	60.0482108592987,
					"seconds":	60.000084,
					"bytes":	7061298392,
					"bits_per_second":	940750545.730077,
					"sender":	true
				}
			}],
		"sum_sent":	{
			"start":	0,
			"end":	60.000084,
			"seconds":	60.000084,
			"bytes":	7063470080,
			"bits_per_second":	941794692.15409768,
			"retransmits":	0,
			"sender":	true
		},
		"sum_received":	{
			"start":	0,
			"end":	60.0482108592987,
			"seconds":	60.0482108592987,
			"bytes":	7061298392,
			"bits_per_second":	940750545.730077,
			"sender":	true
		},
		"cpu_utilization_percent":	{
			"host_total":	19.067286537643334,
			"host_user":	0.76929421306160439,
			"host_system":	18.297992324581731,
			"remote_total":	25.779981515976953,
			"remote_user":	2.7178771909986277,
			"remote_system":	23.062104324978325
		},
		"sender_tcp_congestion":	"cubic",
		"receiver_tcp_congestion":	"cubic"
	}
}
