{
	"start":	{
		"connected":	[{
				"socket":	5,
				"local_host":	"10.10.10.2",
				"local_port":	36048,
				"remote_host":	"10.10.10.4",
				"remote_port":	5201
			}],
		"version":	"iperf 3.9",
		"system_info":	"Linux zelda 5.10.0-18-amd64 #1 SMP Debian 5.10.140-1 (2022-09-02) x86_64",
		"timestamp":	{
			"time":	"Wed, 31 Jan 2024 13:19:41 GMT",
			"timesecs":	1706707181
		},
		"connecting_to":	{
			"host":	"10.10.10.4",
			"port":	5201
		},
		"cookie":	"bglrsqa2zo4uc33teuqnx4jn2agvendmejpw",
		"tcp_mss_default":	1448,
		"target_bitrate":	9000000000,
		"sock_bufsize":	0,
		"sndbuf_actual":	1000000,
		"rcvbuf_actual":	1000000,
		"test_start":	{
			"protocol":	"TCP",
			"num_streams":	1,
			"blksize":	131072,
			"omit":	0,
			"duration":	90,
			"bytes":	0,
			"blocks":	0,
			"reverse":	0,
			"tos":	0
		}
	},
	"intervals":	[{
			"streams":	[{
					"socket":	5,
					"start":	0,
					"end":	60.000095,
					"seconds":	60.000095367431641,
					"bytes":	7063076864,
					"bits_per_second":	941742085.00793469,
					"retransmits":	0,
					"snd_cwnd":	516936,
					"rtt":	2357,
					"rttvar":	79,
					"pmtu":	9000,
					"omitted":	false,
					"sender":	true
				}],
			"sum":	{
				"start":	0,
				"end":	60.000095,
				"seconds":	60.000095367431641,
				"bytes":	7063076864,
				"bits_per_second":	941742085.00793469,
				"retransmits":	0,
				"omitted":	false,
				"sender":	true
			}
		}, {
			"streams":	[{
					"socket":	5,
					"start":	60.000095,
					"end":	90.000106,
					"seconds":	30.0000114440918,
					"bytes":	3530555392,
					"bits_per_second":	941481078.720137,
					"retransmits":	0,
					"snd_cwnd":	516936,
					"rtt":	2821,
					"rttvar":	138,
					"pmtu":	9000,
					"omitted":	false,
					"sender":	true
				}],
			"sum":	{
				"start":	60.000095,
				"end":	90.000106,
				"seconds":	30.0000114440918,
				"bytes":	3530555392,
				"bits_per_second":	941481078.720137,
				"retransmits":	0,
				"omitted":	false,
				"sender":	true
			}
		}],
	"end":	{
		"streams":	[{
				"sender":	{
					"socket":	5,
					"start":	0,
					"end":	90.000106,
					"seconds":	90.000106,
					"bytes":	10593632256,
					"bits_per_second":	941655091.47289228,
					"retransmits":	0,
					"max_snd_cwnd":	516936,
					"max_rtt":	2821,
					"min_rtt":	2357,
					"mean_rtt":	2589,
					"sender":	true
				},
				"receiver":	{
					"socket":	5,
					"start":	0,
					"end":	90.044368982315063,
					"seconds":	90.000106,
					"bytes":	10591803640,
					"bits_per_second":	941029739.86793172,
					"sender":	true
				}
			}],
		"sum_sent":	{
			"start":	0,
			"end":	90.000106,
			"seconds":	90.000106,
			"bytes":	10593632256,
			"bits_per_second":	941655091.47289228,
			"retransmits":	0,
			"sender":	true
		},
		"sum_received":	{
			"start":	0,
			"end":	90.044368982315063,
			"seconds":	90.044368982315063,
			"bytes":	10591803640,
			"bits_per_second":	941029739.86793172,
			"sender":	true
		},
		"cpu_utilization_percent":	{
			"host_total":	19.553478855864494,
			"host_user":	0.78709197532580621,
			"host_system":	18.76638688053869,
			"remote_total":	23.274409832458986,
			"remote_user":	2.0314042544531832,
			"remote_system":	21.243004468398741
		},
		"sender_tcp_congestion":	"cubic",
		"receiver_tcp_congestion":	"cubic"
	}
}
