{
	"start":	{
		"connected":	[{
				"socket":	5,
				"local_host":	"10.10.10.2",
				"local_port":	39570,
				"remote_host":	"10.10.10.4",
				"remote_port":	5201
			}],
		"version":	"iperf 3.9",
		"system_info":	"Linux zelda 5.10.0-18-amd64 #1 SMP Debian 5.10.140-1 (2022-09-02) x86_64",
		"timestamp":	{
			"time":	"Wed, 31 Jan 2024 02:57:49 GMT",
			"timesecs":	1706669869
		},
		"connecting_to":	{
			"host":	"10.10.10.4",
			"port":	5201
		},
		"cookie":	"qsnjam33ztvjjqtfbpaso4xwezvcixghc5ha",
		"tcp_mss_default":	1448,
		"target_bitrate":	3000000000,
		"sock_bufsize":	0,
		"sndbuf_actual":	1000000,
		"rcvbuf_actual":	1000000,
		"test_start":	{
			"protocol":	"TCP",
			"num_streams":	1,
			"blksize":	131072,
			"omit":	0,
			"duration":	10,
			"bytes":	0,
			"blocks":	0,
			"reverse":	0,
			"tos":	0
		}
	},
	"intervals":	[{
			"streams":	[{
					"socket":	5,
					"start":	0,
					"end":	10.000118,
					"seconds":	10.000118255615234,
					"bytes":	1178730496,
					"bits_per_second":	942973245.611869,
					"retransmits":	0,
					"snd_cwnd":	457568,
					"rtt":	2170,
					"rttvar":	97,
					"pmtu":	9000,
					"omitted":	false,
					"sender":	true
				}],
			"sum":	{
				"start":	0,
				"end":	10.000118,
				"seconds":	10.000118255615234,
				"bytes":	1178730496,
				"bits_per_second":	942973245.611869,
				"retransmits":	0,
				"omitted":	false,
				"sender":	true
			}
		}],
	"end":	{
		"streams":	[{
				"sender":	{
					"socket":	5,
					"start":	0,
					"end":	10.000118,
					"seconds":	10.000118,
					"bytes":	1178730496,
					"bits_per_second":	942973269.71541727,
					"retransmits":	0,
					"max_snd_cwnd":	457568,
					"max_rtt":	2170,
					"min_rtt":	2170,
					"mean_rtt":	2170,
					"sender":	true
				},
				"receiver":	{
					"socket":	5,
					"start":	0,
					"end":	10.042850017547607,
					"seconds":	10.000118,
					"bytes":	1177092984,
					"bits_per_second":	937656527.33500659,
					"sender":	true
				}
			}],
		"sum_sent":	{
			"start":	0,
			"end":	10.000118,
			"seconds":	10.000118,
			"bytes":	1178730496,
			"bits_per_second":	942973269.71541727,
			"retransmits":	0,
			"sender":	true
		},
		"sum_received":	{
			"start":	0,
			"end":	10.042850017547607,
			"seconds":	10.042850017547607,
			"bytes":	1177092984,
			"bits_per_second":	937656527.33500659,
			"sender":	true
		},
		"cpu_utilization_percent":	{
			"host_total":	18.346511718758521,
			"host_user":	1.1385109683708836,
			"host_system":	17.208000750387637,
			"remote_total":	27.3410262603709,
			"remote_user":	2.4530915145877552,
			"remote_system":	24.887914979444986
		},
		"sender_tcp_congestion":	"cubic",
		"receiver_tcp_congestion":	"cubic"
	}
}
