{
	"start":	{
		"connected":	[{
				"socket":	5,
				"local_host":	"10.10.10.2",
				"local_port":	55454,
				"remote_host":	"10.10.10.4",
				"remote_port":	5201
			}],
		"version":	"iperf 3.9",
		"system_info":	"Linux zelda 5.10.0-18-amd64 #1 SMP Debian 5.10.140-1 (2022-09-02) x86_64",
		"timestamp":	{
			"time":	"Wed, 31 Jan 2024 01:25:49 GMT",
			"timesecs":	1706664349
		},
		"connecting_to":	{
			"host":	"10.10.10.4",
			"port":	5201
		},
		"cookie":	"czmrcl7zvlubhbty4vu3t62ta4yzyobng4qa",
		"tcp_mss_default":	1448,
		"target_bitrate":	2000000000,
		"sock_bufsize":	0,
		"sndbuf_actual":	1000000,
		"rcvbuf_actual":	1000000,
		"test_start":	{
			"protocol":	"TCP",
			"num_streams":	1,
			"blksize":	131072,
			"omit":	0,
			"duration":	10,
			"bytes":	0,
			"blocks":	0,
			"reverse":	0,
			"tos":	0
		}
	},
	"intervals":	[{
			"streams":	[{
					"socket":	5,
					"start":	0,
					"end":	10.000071,
					"seconds":	10.000070571899414,
					"bytes":	1178730496,
					"bits_per_second":	942977742.026964,
					"retransmits":	0,
					"snd_cwnd":	464808,
					"rtt":	2202,
					"rttvar":	94,
					"pmtu":	9000,
					"omitted":	false,
					"sender":	true
				}],
			"sum":	{
				"start":	0,
				"end":	10.000071,
				"seconds":	10.000070571899414,
				"bytes":	1178730496,
				"bits_per_second":	942977742.026964,
				"retransmits":	0,
				"omitted":	false,
				"sender":	true
			}
		}],
	"end":	{
		"streams":	[{
				"sender":	{
					"socket":	5,
					"start":	0,
					"end":	10.000071,
					"seconds":	10.000071,
					"bytes":	1178730496,
					"bits_per_second":	942977701.658318,
					"retransmits":	0,
					"max_snd_cwnd":	464808,
					"max_rtt":	2202,
					"min_rtt":	2202,
					"mean_rtt":	2202,
					"sender":	true
				},
				"receiver":	{
					"socket":	5,
					"start":	0,
					"end":	10.043200016021729,
					"seconds":	10.000071,
					"bytes":	1177100224,
					"bits_per_second":	937629617.74907923,
					"sender":	true
				}
			}],
		"sum_sent":	{
			"start":	0,
			"end":	10.000071,
			"seconds":	10.000071,
			"bytes":	1178730496,
			"bits_per_second":	942977701.658318,
			"retransmits":	0,
			"sender":	true
		},
		"sum_received":	{
			"start":	0,
			"end":	10.043200016021729,
			"seconds":	10.043200016021729,
			"bytes":	1177100224,
			"bits_per_second":	937629617.74907923,
			"sender":	true
		},
		"cpu_utilization_percent":	{
			"host_total":	18.13037196215469,
			"host_user":	0.93484674644313837,
			"host_system":	17.195525215711548,
			"remote_total":	26.322687421898074,
			"remote_user":	3.2659602687753972,
			"remote_system":	23.056727153122676
		},
		"sender_tcp_congestion":	"cubic",
		"receiver_tcp_congestion":	"cubic"
	}
}
