{
	"start":	{
		"connected":	[{
				"socket":	5,
				"local_host":	"10.10.10.2",
				"local_port":	35776,
				"remote_host":	"10.10.10.4",
				"remote_port":	5201
			}],
		"version":	"iperf 3.9",
		"system_info":	"Linux zelda 5.10.0-18-amd64 #1 SMP Debian 5.10.140-1 (2022-09-02) x86_64",
		"timestamp":	{
			"time":	"Wed, 31 Jan 2024 01:56:59 GMT",
			"timesecs":	1706666219
		},
		"connecting_to":	{
			"host":	"10.10.10.4",
			"port":	5201
		},
		"cookie":	"hz5n4aihznsqlscytdj5pnnxdyuio3txht4y",
		"tcp_mss_default":	1448,
		"target_bitrate":	2000000000,
		"sock_bufsize":	0,
		"sndbuf_actual":	1000000,
		"rcvbuf_actual":	1000000,
		"test_start":	{
			"protocol":	"TCP",
			"num_streams":	1,
			"blksize":	131072,
			"omit":	0,
			"duration":	60,
			"bytes":	0,
			"blocks":	0,
			"reverse":	0,
			"tos":	0
		}
	},
	"intervals":	[{
			"streams":	[{
					"socket":	5,
					"start":	0,
					"end":	60.000073,
					"seconds":	60.000072479248047,
					"bytes":	7062028288,
					"bits_per_second":	941602634.28915179,
					"retransmits":	0,
					"snd_cwnd":	470600,
					"rtt":	2210,
					"rttvar":	105,
					"pmtu":	9000,
					"omitted":	false,
					"sender":	true
				}],
			"sum":	{
				"start":	0,
				"end":	60.000073,
				"seconds":	60.000072479248047,
				"bytes":	7062028288,
				"bits_per_second":	941602634.28915179,
				"retransmits":	0,
				"omitted":	false,
				"sender":	true
			}
		}],
	"end":	{
		"streams":	[{
				"sender":	{
					"socket":	5,
					"start":	0,
					"end":	60.000073,
					"seconds":	60.000073,
					"bytes":	7062028288,
					"bits_per_second":	941602626.116805,
					"retransmits":	0,
					"max_snd_cwnd":	470600,
					"max_rtt":	2210,
					"min_rtt":	2210,
					"mean_rtt":	2210,
					"sender":	true
				},
				"receiver":	{
					"socket":	5,
					"start":	0,
					"end":	60.04245400428772,
					"seconds":	60.000073,
					"bytes":	7060440064,
					"bits_per_second":	940726381.835866,
					"sender":	true
				}
			}],
		"sum_sent":	{
			"start":	0,
			"end":	60.000073,
			"seconds":	60.000073,
			"bytes":	7062028288,
			"bits_per_second":	941602626.116805,
			"retransmits":	0,
			"sender":	true
		},
		"sum_received":	{
			"start":	0,
			"end":	60.04245400428772,
			"seconds":	60.04245400428772,
			"bytes":	7060440064,
			"bits_per_second":	940726381.835866,
			"sender":	true
		},
		"cpu_utilization_percent":	{
			"host_total":	20.1280574142026,
			"host_user":	0.835881892768975,
			"host_system":	19.292173857122631,
			"remote_total":	27.347500771898059,
			"remote_user":	2.4036727609991022,
			"remote_system":	24.94382967429312
		},
		"sender_tcp_congestion":	"cubic",
		"receiver_tcp_congestion":	"cubic"
	}
}
