{
	"start":	{
		"connected":	[{
				"socket":	5,
				"local_host":	"10.10.10.2",
				"local_port":	47708,
				"remote_host":	"10.10.10.4",
				"remote_port":	5201
			}],
		"version":	"iperf 3.9",
		"system_info":	"Linux zelda 5.10.0-18-amd64 #1 SMP Debian 5.10.140-1 (2022-09-02) x86_64",
		"timestamp":	{
			"time":	"Wed, 31 Jan 2024 05:35:06 GMT",
			"timesecs":	1706679306
		},
		"connecting_to":	{
			"host":	"10.10.10.4",
			"port":	5201
		},
		"cookie":	"52twddmgo4e6g4axw3nofqb7odqf52ae5xzf",
		"tcp_mss_default":	1448,
		"target_bitrate":	4000000000,
		"sock_bufsize":	0,
		"sndbuf_actual":	1000000,
		"rcvbuf_actual":	1000000,
		"test_start":	{
			"protocol":	"TCP",
			"num_streams":	1,
			"blksize":	131072,
			"omit":	0,
			"duration":	90,
			"bytes":	0,
			"blocks":	0,
			"reverse":	0,
			"tos":	0
		}
	},
	"intervals":	[{
			"streams":	[{
					"socket":	5,
					"start":	0,
					"end":	60.000235,
					"seconds":	60.000236511230469,
					"bytes":	7063339008,
					"bits_per_second":	941774822.0613,
					"retransmits":	0,
					"snd_cwnd":	561824,
					"rtt":	2476,
					"rttvar":	318,
					"pmtu":	9000,
					"omitted":	false,
					"sender":	true
				}],
			"sum":	{
				"start":	0,
				"end":	60.000235,
				"seconds":	60.000236511230469,
				"bytes":	7063339008,
				"bits_per_second":	941774822.0613,
				"retransmits":	0,
				"omitted":	false,
				"sender":	true
			}
		}, {
			"streams":	[{
					"socket":	5,
					"start":	60.000235,
					"end":	90.000082,
					"seconds":	29.999847412109375,
					"bytes":	3530424320,
					"bits_per_second":	941451273.8021332,
					"retransmits":	0,
					"snd_cwnd":	561824,
					"rtt":	2489,
					"rttvar":	207,
					"pmtu":	9000,
					"omitted":	false,
					"sender":	true
				}],
			"sum":	{
				"start":	60.000235,
				"end":	90.000082,
				"seconds":	29.999847412109375,
				"bytes":	3530424320,
				"bits_per_second":	941451273.8021332,
				"retransmits":	0,
				"omitted":	false,
				"sender":	true
			}
		}],
	"end":	{
		"streams":	[{
				"sender":	{
					"socket":	5,
					"start":	0,
					"end":	90.000082,
					"seconds":	90.000082,
					"bytes":	10593763328,
					"bits_per_second":	941666993.414517,
					"retransmits":	0,
					"max_snd_cwnd":	561824,
					"max_rtt":	2489,
					"min_rtt":	2476,
					"mean_rtt":	2482,
					"sender":	true
				},
				"receiver":	{
					"socket":	5,
					"start":	0,
					"end":	90.048962116241455,
					"seconds":	90.000082,
					"bytes":	10591876040,
					"bits_per_second":	940988172.75226521,
					"sender":	true
				}
			}],
		"sum_sent":	{
			"start":	0,
			"end":	90.000082,
			"seconds":	90.000082,
			"bytes":	10593763328,
			"bits_per_second":	941666993.414517,
			"retransmits":	0,
			"sender":	true
		},
		"sum_received":	{
			"start":	0,
			"end":	90.048962116241455,
			"seconds":	90.048962116241455,
			"bytes":	10591876040,
			"bits_per_second":	940988172.75226521,
			"sender":	true
		},
		"cpu_utilization_percent":	{
			"host_total":	19.464555723403361,
			"host_user":	0.836483842086231,
			"host_system":	18.62807299133193,
			"remote_total":	25.553953555551779,
			"remote_user":	2.3454252062822354,
			"remote_system":	23.208527239671959
		},
		"sender_tcp_congestion":	"cubic",
		"receiver_tcp_congestion":	"cubic"
	}
}
