{
	"start":	{
		"connected":	[{
				"socket":	5,
				"local_host":	"10.10.10.2",
				"local_port":	42302,
				"remote_host":	"10.10.10.4",
				"remote_port":	5201
			}],
		"version":	"iperf 3.9",
		"system_info":	"Linux zelda 5.10.0-18-amd64 #1 SMP Debian 5.10.140-1 (2022-09-02) x86_64",
		"timestamp":	{
			"time":	"Wed, 31 Jan 2024 04:58:00 GMT",
			"timesecs":	1706677080
		},
		"connecting_to":	{
			"host":	"10.10.10.4",
			"port":	5201
		},
		"cookie":	"d7yao4szk3riwyxmfnykmbsf4p7ue6gooxbb",
		"tcp_mss_default":	1448,
		"target_bitrate":	4000000000,
		"sock_bufsize":	0,
		"sndbuf_actual":	1000000,
		"rcvbuf_actual":	1000000,
		"test_start":	{
			"protocol":	"TCP",
			"num_streams":	1,
			"blksize":	131072,
			"omit":	0,
			"duration":	60,
			"bytes":	0,
			"blocks":	0,
			"reverse":	0,
			"tos":	0
		}
	},
	"intervals":	[{
			"streams":	[{
					"socket":	5,
					"start":	0,
					"end":	60.00007,
					"seconds":	60.000068664550781,
					"bytes":	7063601152,
					"bits_per_second":	941812409.1145668,
					"retransmits":	0,
					"snd_cwnd":	642912,
					"rtt":	2764,
					"rttvar":	119,
					"pmtu":	9000,
					"omitted":	false,
					"sender":	true
				}],
			"sum":	{
				"start":	0,
				"end":	60.00007,
				"seconds":	60.000068664550781,
				"bytes":	7063601152,
				"bits_per_second":	941812409.1145668,
				"retransmits":	0,
				"omitted":	false,
				"sender":	true
			}
		}],
	"end":	{
		"streams":	[{
				"sender":	{
					"socket":	5,
					"start":	0,
					"end":	60.00007,
					"seconds":	60.00007,
					"bytes":	7063601152,
					"bits_per_second":	941812388.15221381,
					"retransmits":	0,
					"max_snd_cwnd":	642912,
					"max_rtt":	2764,
					"min_rtt":	2764,
					"mean_rtt":	2764,
					"sender":	true
				},
				"receiver":	{
					"socket":	5,
					"start":	0,
					"end":	60.0448009967804,
					"seconds":	60.00007,
					"bytes":	7061375472,
					"bits_per_second":	940814239.3382076,
					"sender":	true
				}
			}],
		"sum_sent":	{
			"start":	0,
			"end":	60.00007,
			"seconds":	60.00007,
			"bytes":	7063601152,
			"bits_per_second":	941812388.15221381,
			"retransmits":	0,
			"sender":	true
		},
		"sum_received":	{
			"start":	0,
			"end":	60.0448009967804,
			"seconds":	60.0448009967804,
			"bytes":	7061375472,
			"bits_per_second":	940814239.3382076,
			"sender":	true
		},
		"cpu_utilization_percent":	{
			"host_total":	19.552569564638532,
			"host_user":	0.697568566103049,
			"host_system":	18.854999334309682,
			"remote_total":	26.482107647365577,
			"remote_user":	2.3187872010437838,
			"remote_system":	24.163320446321794
		},
		"sender_tcp_congestion":	"cubic",
		"receiver_tcp_congestion":	"cubic"
	}
}
