{
	"start":	{
		"connected":	[{
				"socket":	5,
				"local_host":	"10.10.10.2",
				"local_port":	45788,
				"remote_host":	"10.10.10.4",
				"remote_port":	5201
			}],
		"version":	"iperf 3.9",
		"system_info":	"Linux zelda 5.10.0-18-amd64 #1 SMP Debian 5.10.140-1 (2022-09-02) x86_64",
		"timestamp":	{
			"time":	"Wed, 31 Jan 2024 04:39:35 GMT",
			"timesecs":	1706675975
		},
		"connecting_to":	{
			"host":	"10.10.10.4",
			"port":	5201
		},
		"cookie":	"6hnuynoy474kxefdxxrtvf3ldewkydg4wlpo",
		"tcp_mss_default":	1448,
		"target_bitrate":	4000000000,
		"sock_bufsize":	0,
		"sndbuf_actual":	1000000,
		"rcvbuf_actual":	1000000,
		"test_start":	{
			"protocol":	"TCP",
			"num_streams":	1,
			"blksize":	131072,
			"omit":	0,
			"duration":	40,
			"bytes":	0,
			"blocks":	0,
			"reverse":	0,
			"tos":	0
		}
	},
	"intervals":	[{
			"streams":	[{
					"socket":	5,
					"start":	0,
					"end":	40.000075,
					"seconds":	40.000076293945312,
					"bytes":	4709023744,
					"bits_per_second":	941802952.45342624,
					"retransmits":	0,
					"snd_cwnd":	430056,
					"rtt":	2231,
					"rttvar":	122,
					"pmtu":	9000,
					"omitted":	false,
					"sender":	true
				}],
			"sum":	{
				"start":	0,
				"end":	40.000075,
				"seconds":	40.000076293945312,
				"bytes":	4709023744,
				"bits_per_second":	941802952.45342624,
				"retransmits":	0,
				"omitted":	false,
				"sender":	true
			}
		}],
	"end":	{
		"streams":	[{
				"sender":	{
					"socket":	5,
					"start":	0,
					"end":	40.000075,
					"seconds":	40.000075,
					"bytes":	4709023744,
					"bits_per_second":	941802982.919407,
					"retransmits":	0,
					"max_snd_cwnd":	430056,
					"max_rtt":	2231,
					"min_rtt":	2231,
					"mean_rtt":	2231,
					"sender":	true
				},
				"receiver":	{
					"socket":	5,
					"start":	0,
					"end":	40.043743133544922,
					"seconds":	40.000075,
					"bytes":	4707596448,
					"bits_per_second":	940490789.245207,
					"sender":	true
				}
			}],
		"sum_sent":	{
			"start":	0,
			"end":	40.000075,
			"seconds":	40.000075,
			"bytes":	4709023744,
			"bits_per_second":	941802982.919407,
			"retransmits":	0,
			"sender":	true
		},
		"sum_received":	{
			"start":	0,
			"end":	40.043743133544922,
			"seconds":	40.043743133544922,
			"bytes":	4707596448,
			"bits_per_second":	940490789.245207,
			"sender":	true
		},
		"cpu_utilization_percent":	{
			"host_total":	18.753732685950254,
			"host_user":	0.75550561510722836,
			"host_system":	17.998224576148989,
			"remote_total":	26.85577781361647,
			"remote_user":	2.5897831972307714,
			"remote_system":	24.2659946163857
		},
		"sender_tcp_congestion":	"cubic",
		"receiver_tcp_congestion":	"cubic"
	}
}
