{
	"start":	{
		"connected":	[{
				"socket":	5,
				"local_host":	"10.10.10.2",
				"local_port":	46820,
				"remote_host":	"10.10.10.4",
				"remote_port":	5201
			}],
		"version":	"iperf 3.9",
		"system_info":	"Linux zelda 5.10.0-18-amd64 #1 SMP Debian 5.10.140-1 (2022-09-02) x86_64",
		"timestamp":	{
			"time":	"Wed, 31 Jan 2024 07:48:18 GMT",
			"timesecs":	1706687298
		},
		"connecting_to":	{
			"host":	"10.10.10.4",
			"port":	5201
		},
		"cookie":	"agsg5bqaebuhmpstcjzqv4si646xcpeqx5iu",
		"tcp_mss_default":	1448,
		"target_bitrate":	6000000000,
		"sock_bufsize":	0,
		"sndbuf_actual":	1000000,
		"rcvbuf_actual":	1000000,
		"test_start":	{
			"protocol":	"TCP",
			"num_streams":	1,
			"blksize":	131072,
			"omit":	0,
			"duration":	40,
			"bytes":	0,
			"blocks":	0,
			"reverse":	0,
			"tos":	0
		}
	},
	"intervals":	[{
			"streams":	[{
					"socket":	5,
					"start":	0,
					"end":	40.000083,
					"seconds":	40.000083923339844,
					"bytes":	4710072320,
					"bits_per_second":	942012487.57914674,
					"retransmits":	0,
					"snd_cwnd":	742824,
					"rtt":	2748,
					"rttvar":	97,
					"pmtu":	9000,
					"omitted":	false,
					"sender":	true
				}],
			"sum":	{
				"start":	0,
				"end":	40.000083,
				"seconds":	40.000083923339844,
				"bytes":	4710072320,
				"bits_per_second":	942012487.57914674,
				"retransmits":	0,
				"omitted":	false,
				"sender":	true
			}
		}],
	"end":	{
		"streams":	[{
				"sender":	{
					"socket":	5,
					"start":	0,
					"end":	40.000083,
					"seconds":	40.000083,
					"bytes":	4710072320,
					"bits_per_second":	942012509.32404327,
					"retransmits":	0,
					"max_snd_cwnd":	742824,
					"max_rtt":	2748,
					"min_rtt":	2748,
					"mean_rtt":	2748,
					"sender":	true
				},
				"receiver":	{
					"socket":	5,
					"start":	0,
					"end":	40.041321039199829,
					"seconds":	40.000083,
					"bytes":	4707668720,
					"bits_per_second":	940562118.89538121,
					"sender":	true
				}
			}],
		"sum_sent":	{
			"start":	0,
			"end":	40.000083,
			"seconds":	40.000083,
			"bytes":	4710072320,
			"bits_per_second":	942012509.32404327,
			"retransmits":	0,
			"sender":	true
		},
		"sum_received":	{
			"start":	0,
			"end":	40.041321039199829,
			"seconds":	40.041321039199829,
			"bytes":	4707668720,
			"bits_per_second":	940562118.89538121,
			"sender":	true
		},
		"cpu_utilization_percent":	{
			"host_total":	19.457133794924829,
			"host_user":	0.742593313564241,
			"host_system":	18.714540481360586,
			"remote_total":	24.582377689228252,
			"remote_user":	2.9751662231241687,
			"remote_system":	21.607208973498771
		},
		"sender_tcp_congestion":	"cubic",
		"receiver_tcp_congestion":	"cubic"
	}
}
