{
	"start":	{
		"connected":	[{
				"socket":	5,
				"local_host":	"10.10.10.2",
				"local_port":	41914,
				"remote_host":	"10.10.10.4",
				"remote_port":	5201
			}],
		"version":	"iperf 3.9",
		"system_info":	"Linux zelda 5.10.0-18-amd64 #1 SMP Debian 5.10.140-1 (2022-09-02) x86_64",
		"timestamp":	{
			"time":	"Wed, 31 Jan 2024 05:29:05 GMT",
			"timesecs":	1706678945
		},
		"connecting_to":	{
			"host":	"10.10.10.4",
			"port":	5201
		},
		"cookie":	"jsfadgkes4s2p2dpwny63plzsf5oow2ga7x7",
		"tcp_mss_default":	1448,
		"target_bitrate":	4000000000,
		"sock_bufsize":	0,
		"sndbuf_actual":	1000000,
		"rcvbuf_actual":	1000000,
		"test_start":	{
			"protocol":	"TCP",
			"num_streams":	1,
			"blksize":	131072,
			"omit":	0,
			"duration":	90,
			"bytes":	0,
			"blocks":	0,
			"reverse":	0,
			"tos":	0
		}
	},
	"intervals":	[{
			"streams":	[{
					"socket":	5,
					"start":	0,
					"end":	60.000253,
					"seconds":	60.000251770019531,
					"bytes":	7063076864,
					"bits_per_second":	941739630.16991532,
					"retransmits":	0,
					"snd_cwnd":	495216,
					"rtt":	2207,
					"rttvar":	88,
					"pmtu":	9000,
					"omitted":	false,
					"sender":	true
				}],
			"sum":	{
				"start":	0,
				"end":	60.000253,
				"seconds":	60.000251770019531,
				"bytes":	7063076864,
				"bits_per_second":	941739630.16991532,
				"retransmits":	0,
				"omitted":	false,
				"sender":	true
			}
		}, {
			"streams":	[{
					"socket":	5,
					"start":	60.000253,
					"end":	90.000092,
					"seconds":	29.999839782714844,
					"bytes":	3530424320,
					"bits_per_second":	941451513.22685182,
					"retransmits":	0,
					"snd_cwnd":	495216,
					"rtt":	2562,
					"rttvar":	305,
					"pmtu":	9000,
					"omitted":	false,
					"sender":	true
				}],
			"sum":	{
				"start":	60.000253,
				"end":	90.000092,
				"seconds":	29.999839782714844,
				"bytes":	3530424320,
				"bits_per_second":	941451513.22685182,
				"retransmits":	0,
				"omitted":	false,
				"sender":	true
			}
		}],
	"end":	{
		"streams":	[{
				"sender":	{
					"socket":	5,
					"start":	0,
					"end":	90.000092,
					"seconds":	90.000092,
					"bytes":	10593501184,
					"bits_per_second":	941643587.11988878,
					"retransmits":	0,
					"max_snd_cwnd":	495216,
					"max_rtt":	2562,
					"min_rtt":	2207,
					"mean_rtt":	2384,
					"sender":	true
				},
				"receiver":	{
					"socket":	5,
					"start":	0,
					"end":	90.044235944747925,
					"seconds":	90.000092,
					"bytes":	10591800744,
					"bits_per_second":	941030872.91444075,
					"sender":	true
				}
			}],
		"sum_sent":	{
			"start":	0,
			"end":	90.000092,
			"seconds":	90.000092,
			"bytes":	10593501184,
			"bits_per_second":	941643587.11988878,
			"retransmits":	0,
			"sender":	true
		},
		"sum_received":	{
			"start":	0,
			"end":	90.044235944747925,
			"seconds":	90.044235944747925,
			"bytes":	10591800744,
			"bits_per_second":	941030872.91444075,
			"sender":	true
		},
		"cpu_utilization_percent":	{
			"host_total":	19.096934183815765,
			"host_user":	0.70779157167654838,
			"host_system":	18.389141502090361,
			"remote_total":	27.10930284356078,
			"remote_user":	2.6035741661666134,
			"remote_system":	24.505728677394163
		},
		"sender_tcp_congestion":	"cubic",
		"receiver_tcp_congestion":	"cubic"
	}
}
