{
	"start":	{
		"connected":	[{
				"socket":	5,
				"local_host":	"10.10.10.2",
				"local_port":	50084,
				"remote_host":	"10.10.10.4",
				"remote_port":	5201
			}],
		"version":	"iperf 3.9",
		"system_info":	"Linux zelda 5.10.0-18-amd64 #1 SMP Debian 5.10.140-1 (2022-09-02) x86_64",
		"timestamp":	{
			"time":	"Wed, 31 Jan 2024 01:40:15 GMT",
			"timesecs":	1706665215
		},
		"connecting_to":	{
			"host":	"10.10.10.4",
			"port":	5201
		},
		"cookie":	"flqzu3duxv3lxmtq6wwhoxqwks3ux664k632",
		"tcp_mss_default":	1448,
		"target_bitrate":	2000000000,
		"sock_bufsize":	0,
		"sndbuf_actual":	1000000,
		"rcvbuf_actual":	1000000,
		"test_start":	{
			"protocol":	"TCP",
			"num_streams":	1,
			"blksize":	131072,
			"omit":	0,
			"duration":	40,
			"bytes":	0,
			"blocks":	0,
			"reverse":	0,
			"tos":	0
		}
	},
	"intervals":	[{
			"streams":	[{
					"socket":	5,
					"start":	0,
					"end":	40.000071,
					"seconds":	40.000072479248047,
					"bytes":	4709941248,
					"bits_per_second":	941986542.73809278,
					"retransmits":	0,
					"snd_cwnd":	637120,
					"rtt":	2823,
					"rttvar":	149,
					"pmtu":	9000,
					"omitted":	false,
					"sender":	true
				}],
			"sum":	{
				"start":	0,
				"end":	40.000071,
				"seconds":	40.000072479248047,
				"bytes":	4709941248,
				"bits_per_second":	941986542.73809278,
				"retransmits":	0,
				"omitted":	false,
				"sender":	true
			}
		}],
	"end":	{
		"streams":	[{
				"sender":	{
					"socket":	5,
					"start":	0,
					"end":	40.000071,
					"seconds":	40.000071,
					"bytes":	4709941248,
					"bits_per_second":	941986577.573825,
					"retransmits":	0,
					"max_snd_cwnd":	637120,
					"max_rtt":	2823,
					"min_rtt":	2823,
					"mean_rtt":	2823,
					"sender":	true
				},
				"receiver":	{
					"socket":	5,
					"start":	0,
					"end":	40.043262958526611,
					"seconds":	40.000071,
					"bytes":	4707661608,
					"bits_per_second":	940515084.97213,
					"sender":	true
				}
			}],
		"sum_sent":	{
			"start":	0,
			"end":	40.000071,
			"seconds":	40.000071,
			"bytes":	4709941248,
			"bits_per_second":	941986577.573825,
			"retransmits":	0,
			"sender":	true
		},
		"sum_received":	{
			"start":	0,
			"end":	40.043262958526611,
			"seconds":	40.043262958526611,
			"bytes":	4707661608,
			"bits_per_second":	940515084.97213,
			"sender":	true
		},
		"cpu_utilization_percent":	{
			"host_total":	18.817983211512011,
			"host_user":	0.71943713158381672,
			"host_system":	18.098543585182938,
			"remote_total":	27.732821955226118,
			"remote_user":	2.8131695084173218,
			"remote_system":	24.919649954194472
		},
		"sender_tcp_congestion":	"cubic",
		"receiver_tcp_congestion":	"cubic"
	}
}
