{
	"start":	{
		"connected":	[{
				"socket":	5,
				"local_host":	"10.10.10.2",
				"local_port":	36450,
				"remote_host":	"10.10.10.4",
				"remote_port":	5201
			}],
		"version":	"iperf 3.9",
		"system_info":	"Linux zelda 5.10.0-18-amd64 #1 SMP Debian 5.10.140-1 (2022-09-02) x86_64",
		"timestamp":	{
			"time":	"Wed, 31 Jan 2024 05:59:09 GMT",
			"timesecs":	1706680749
		},
		"connecting_to":	{
			"host":	"10.10.10.4",
			"port":	5201
		},
		"cookie":	"hzhukg6dbfmrg4xbr42h72nqhneydtcrcmxt",
		"tcp_mss_default":	1448,
		"target_bitrate":	4000000000,
		"sock_bufsize":	0,
		"sndbuf_actual":	1000000,
		"rcvbuf_actual":	1000000,
		"test_start":	{
			"protocol":	"TCP",
			"num_streams":	1,
			"blksize":	131072,
			"omit":	0,
			"duration":	100,
			"bytes":	0,
			"blocks":	0,
			"reverse":	0,
			"tos":	0
		}
	},
	"intervals":	[{
			"streams":	[{
					"socket":	5,
					"start":	0,
					"end":	60.000282,
					"seconds":	60.000282287597656,
					"bytes":	7063863296,
					"bits_per_second":	941844008.28529227,
					"retransmits":	0,
					"snd_cwnd":	764544,
					"rtt":	2745,
					"rttvar":	92,
					"pmtu":	9000,
					"omitted":	false,
					"sender":	true
				}],
			"sum":	{
				"start":	0,
				"end":	60.000282,
				"seconds":	60.000282287597656,
				"bytes":	7063863296,
				"bits_per_second":	941844008.28529227,
				"retransmits":	0,
				"omitted":	false,
				"sender":	true
			}
		}, {
			"streams":	[{
					"socket":	5,
					"start":	60.000282,
					"end":	100.000087,
					"seconds":	39.999805450439453,
					"bytes":	4707319808,
					"bits_per_second":	941468540.65727139,
					"retransmits":	0,
					"snd_cwnd":	764544,
					"rtt":	2761,
					"rttvar":	143,
					"pmtu":	9000,
					"omitted":	false,
					"sender":	true
				}],
			"sum":	{
				"start":	60.000282,
				"end":	100.000087,
				"seconds":	39.999805450439453,
				"bytes":	4707319808,
				"bits_per_second":	941468540.65727139,
				"retransmits":	0,
				"omitted":	false,
				"sender":	true
			}
		}],
	"end":	{
		"streams":	[{
				"sender":	{
					"socket":	5,
					"start":	0,
					"end":	100.000087,
					"seconds":	100.000087,
					"bytes":	11771183104,
					"bits_per_second":	941693829.046369,
					"retransmits":	0,
					"max_snd_cwnd":	764544,
					"max_rtt":	2761,
					"min_rtt":	2745,
					"mean_rtt":	2753,
					"sender":	true
				},
				"receiver":	{
					"socket":	5,
					"start":	0,
					"end":	100.04460287094116,
					"seconds":	100.000087,
					"bytes":	11768658400,
					"bits_per_second":	941072926.45715,
					"sender":	true
				}
			}],
		"sum_sent":	{
			"start":	0,
			"end":	100.000087,
			"seconds":	100.000087,
			"bytes":	11771183104,
			"bits_per_second":	941693829.046369,
			"retransmits":	0,
			"sender":	true
		},
		"sum_received":	{
			"start":	0,
			"end":	100.04460287094116,
			"seconds":	100.04460287094116,
			"bytes":	11768658400,
			"bits_per_second":	941072926.45715,
			"sender":	true
		},
		"cpu_utilization_percent":	{
			"host_total":	19.439724978286439,
			"host_user":	0.74056865920620052,
			"host_system":	18.6991553199401,
			"remote_total":	26.088152232795352,
			"remote_user":	2.6632107746740483,
			"remote_system":	23.42494045934323
		},
		"sender_tcp_congestion":	"cubic",
		"receiver_tcp_congestion":	"cubic"
	}
}
