{
	"start":	{
		"connected":	[{
				"socket":	5,
				"local_host":	"10.10.10.2",
				"local_port":	55392,
				"remote_host":	"10.10.10.4",
				"remote_port":	5201
			}],
		"version":	"iperf 3.9",
		"system_info":	"Linux zelda 5.10.0-18-amd64 #1 SMP Debian 5.10.140-1 (2022-09-02) x86_64",
		"timestamp":	{
			"time":	"Wed, 31 Jan 2024 08:42:08 GMT",
			"timesecs":	1706690528
		},
		"connecting_to":	{
			"host":	"10.10.10.4",
			"port":	5201
		},
		"cookie":	"qjvjr2cfnqete5h3feiiwy6rj3rqtacnzrjb",
		"tcp_mss_default":	1448,
		"target_bitrate":	6000000000,
		"sock_bufsize":	0,
		"sndbuf_actual":	1000000,
		"rcvbuf_actual":	1000000,
		"test_start":	{
			"protocol":	"TCP",
			"num_streams":	1,
			"blksize":	131072,
			"omit":	0,
			"duration":	90,
			"bytes":	0,
			"blocks":	0,
			"reverse":	0,
			"tos":	0
		}
	},
	"intervals":	[{
			"streams":	[{
					"socket":	5,
					"start":	0,
					"end":	60.000092,
					"seconds":	60.000091552734375,
					"bytes":	7063470080,
					"bits_per_second":	941794573.60219276,
					"retransmits":	0,
					"snd_cwnd":	624088,
					"rtt":	2745,
					"rttvar":	89,
					"pmtu":	9000,
					"omitted":	false,
					"sender":	true
				}],
			"sum":	{
				"start":	0,
				"end":	60.000092,
				"seconds":	60.000091552734375,
				"bytes":	7063470080,
				"bits_per_second":	941794573.60219276,
				"retransmits":	0,
				"omitted":	false,
				"sender":	true
			}
		}, {
			"streams":	[{
					"socket":	5,
					"start":	60.000092,
					"end":	90.000078,
					"seconds":	29.99998664855957,
					"bytes":	3530555392,
					"bits_per_second":	941481856.8712976,
					"retransmits":	0,
					"snd_cwnd":	624088,
					"rtt":	2780,
					"rttvar":	124,
					"pmtu":	9000,
					"omitted":	false,
					"sender":	true
				}],
			"sum":	{
				"start":	60.000092,
				"end":	90.000078,
				"seconds":	29.99998664855957,
				"bytes":	3530555392,
				"bits_per_second":	941481856.8712976,
				"retransmits":	0,
				"omitted":	false,
				"sender":	true
			}
		}],
	"end":	{
		"streams":	[{
				"sender":	{
					"socket":	5,
					"start":	0,
					"end":	90.000078,
					"seconds":	90.000078,
					"bytes":	10594025472,
					"bits_per_second":	941690336.93504131,
					"retransmits":	0,
					"max_snd_cwnd":	624088,
					"max_rtt":	2780,
					"min_rtt":	2745,
					"mean_rtt":	2762,
					"sender":	true
				},
				"receiver":	{
					"socket":	5,
					"start":	0,
					"end":	90.044764041900635,
					"seconds":	90.000078,
					"bytes":	10591867352,
					"bits_per_second":	941031271.69693279,
					"sender":	true
				}
			}],
		"sum_sent":	{
			"start":	0,
			"end":	90.000078,
			"seconds":	90.000078,
			"bytes":	10594025472,
			"bits_per_second":	941690336.93504131,
			"retransmits":	0,
			"sender":	true
		},
		"sum_received":	{
			"start":	0,
			"end":	90.044764041900635,
			"seconds":	90.044764041900635,
			"bytes":	10591867352,
			"bits_per_second":	941031271.69693279,
			"sender":	true
		},
		"cpu_utilization_percent":	{
			"host_total":	18.292304174863858,
			"host_user":	0.82361800428790866,
			"host_system":	17.468687280610659,
			"remote_total":	21.874475366966557,
			"remote_user":	2.3355394930265927,
			"remote_system":	19.538934764339363
		},
		"sender_tcp_congestion":	"cubic",
		"receiver_tcp_congestion":	"cubic"
	}
}
