{
	"start":	{
		"connected":	[{
				"socket":	5,
				"local_host":	"10.10.10.2",
				"local_port":	34876,
				"remote_host":	"10.10.10.4",
				"remote_port":	5201
			}],
		"version":	"iperf 3.9",
		"system_info":	"Linux zelda 5.10.0-18-amd64 #1 SMP Debian 5.10.140-1 (2022-09-02) x86_64",
		"timestamp":	{
			"time":	"Wed, 31 Jan 2024 00:17:07 GMT",
			"timesecs":	1706660227
		},
		"connecting_to":	{
			"host":	"10.10.10.4",
			"port":	5201
		},
		"cookie":	"zk7urtc6scmecgo7haxk7edkqydfz3q5waz4",
		"tcp_mss_default":	1448,
		"target_bitrate":	1000000000,
		"sock_bufsize":	0,
		"sndbuf_actual":	1000000,
		"rcvbuf_actual":	1000000,
		"test_start":	{
			"protocol":	"TCP",
			"num_streams":	1,
			"blksize":	131072,
			"omit":	0,
			"duration":	50,
			"bytes":	0,
			"blocks":	0,
			"reverse":	0,
			"tos":	0
		}
	},
	"intervals":	[{
			"streams":	[{
					"socket":	5,
					"start":	0,
					"end":	50.00008,
					"seconds":	50.000080108642578,
					"bytes":	5886181376,
					"bits_per_second":	941787511.25361753,
					"retransmits":	34,
					"snd_cwnd":	570512,
					"rtt":	2682,
					"rttvar":	152,
					"pmtu":	9000,
					"omitted":	false,
					"sender":	true
				}],
			"sum":	{
				"start":	0,
				"end":	50.00008,
				"seconds":	50.000080108642578,
				"bytes":	5886181376,
				"bits_per_second":	941787511.25361753,
				"retransmits":	34,
				"omitted":	false,
				"sender":	true
			}
		}],
	"end":	{
		"streams":	[{
				"sender":	{
					"socket":	5,
					"start":	0,
					"end":	50.00008,
					"seconds":	50.00008,
					"bytes":	5886181376,
					"bits_per_second":	941787513.29997873,
					"retransmits":	34,
					"max_snd_cwnd":	570512,
					"max_rtt":	2682,
					"min_rtt":	2682,
					"mean_rtt":	2682,
					"sender":	true
				},
				"receiver":	{
					"socket":	5,
					"start":	0,
					"end":	50.043920040130615,
					"seconds":	50.00008,
					"bytes":	5883703624,
					"bits_per_second":	940566385.57200336,
					"sender":	true
				}
			}],
		"sum_sent":	{
			"start":	0,
			"end":	50.00008,
			"seconds":	50.00008,
			"bytes":	5886181376,
			"bits_per_second":	941787513.29997873,
			"retransmits":	34,
			"sender":	true
		},
		"sum_received":	{
			"start":	0,
			"end":	50.043920040130615,
			"seconds":	50.043920040130615,
			"bytes":	5883703624,
			"bits_per_second":	940566385.57200336,
			"sender":	true
		},
		"cpu_utilization_percent":	{
			"host_total":	19.103613505991827,
			"host_user":	0.871131912629523,
			"host_system":	18.232481593362309,
			"remote_total":	25.612337120863852,
			"remote_user":	2.708643799738474,
			"remote_system":	22.90369132584
		},
		"sender_tcp_congestion":	"cubic",
		"receiver_tcp_congestion":	"cubic"
	}
}
