{
	"start":	{
		"connected":	[{
				"socket":	5,
				"local_host":	"10.10.10.2",
				"local_port":	51910,
				"remote_host":	"10.10.10.4",
				"remote_port":	5201
			}],
		"version":	"iperf 3.9",
		"system_info":	"Linux zelda 5.10.0-18-amd64 #1 SMP Debian 5.10.140-1 (2022-09-02) x86_64",
		"timestamp":	{
			"time":	"Wed, 31 Jan 2024 13:41:45 GMT",
			"timesecs":	1706708505
		},
		"connecting_to":	{
			"host":	"10.10.10.4",
			"port":	5201
		},
		"cookie":	"i2wlc74a4liyjakcnuvxhm4efp65n662jzry",
		"tcp_mss_default":	1448,
		"target_bitrate":	10000000000,
		"sock_bufsize":	0,
		"sndbuf_actual":	1000000,
		"rcvbuf_actual":	1000000,
		"test_start":	{
			"protocol":	"TCP",
			"num_streams":	1,
			"blksize":	131072,
			"omit":	0,
			"duration":	10,
			"bytes":	0,
			"blocks":	0,
			"reverse":	0,
			"tos":	0
		}
	},
	"intervals":	[{
			"streams":	[{
					"socket":	5,
					"start":	0,
					"end":	10.000089,
					"seconds":	10.000088691711426,
					"bytes":	1178730496,
					"bits_per_second":	942976033.38417661,
					"retransmits":	0,
					"snd_cwnd":	479288,
					"rtt":	2235,
					"rttvar":	121,
					"pmtu":	9000,
					"omitted":	false,
					"sender":	true
				}],
			"sum":	{
				"start":	0,
				"end":	10.000089,
				"seconds":	10.000088691711426,
				"bytes":	1178730496,
				"bits_per_second":	942976033.38417661,
				"retransmits":	0,
				"omitted":	false,
				"sender":	true
			}
		}],
	"end":	{
		"streams":	[{
				"sender":	{
					"socket":	5,
					"start":	0,
					"end":	10.000089,
					"seconds":	10.000089,
					"bytes":	1178730496,
					"bits_per_second":	942976004.31356168,
					"retransmits":	0,
					"max_snd_cwnd":	479288,
					"max_rtt":	2235,
					"min_rtt":	2235,
					"mean_rtt":	2235,
					"sender":	true
				},
				"receiver":	{
					"socket":	5,
					"start":	0,
					"end":	10.044282913208008,
					"seconds":	10.000089,
					"bytes":	1177033616,
					"bits_per_second":	937475478.27608645,
					"sender":	true
				}
			}],
		"sum_sent":	{
			"start":	0,
			"end":	10.000089,
			"seconds":	10.000089,
			"bytes":	1178730496,
			"bits_per_second":	942976004.31356168,
			"retransmits":	0,
			"sender":	true
		},
		"sum_received":	{
			"start":	0,
			"end":	10.044282913208008,
			"seconds":	10.044282913208008,
			"bytes":	1177033616,
			"bits_per_second":	937475478.27608645,
			"sender":	true
		},
		"cpu_utilization_percent":	{
			"host_total":	19.654762646096511,
			"host_user":	0.89758102612533031,
			"host_system":	18.757201451852357,
			"remote_total":	25.909067144150587,
			"remote_user":	2.529848428109128,
			"remote_system":	23.379208832701444
		},
		"sender_tcp_congestion":	"cubic",
		"receiver_tcp_congestion":	"cubic"
	}
}
