{
	"start":	{
		"connected":	[{
				"socket":	5,
				"local_host":	"10.10.10.2",
				"local_port":	44880,
				"remote_host":	"10.10.10.4",
				"remote_port":	5201
			}],
		"version":	"iperf 3.9",
		"system_info":	"Linux zelda 5.10.0-18-amd64 #1 SMP Debian 5.10.140-1 (2022-09-02) x86_64",
		"timestamp":	{
			"time":	"Wed, 31 Jan 2024 06:24:20 GMT",
			"timesecs":	1706682260
		},
		"connecting_to":	{
			"host":	"10.10.10.4",
			"port":	5201
		},
		"cookie":	"jgdjzku5s47g2q454dk7ersd4dpoginacab6",
		"tcp_mss_default":	1448,
		"target_bitrate":	5000000000,
		"sock_bufsize":	0,
		"sndbuf_actual":	1000000,
		"rcvbuf_actual":	1000000,
		"test_start":	{
			"protocol":	"TCP",
			"num_streams":	1,
			"blksize":	131072,
			"omit":	0,
			"duration":	50,
			"bytes":	0,
			"blocks":	0,
			"reverse":	0,
			"tos":	0
		}
	},
	"intervals":	[{
			"streams":	[{
					"socket":	5,
					"start":	0,
					"end":	50.000073,
					"seconds":	50.000072479248047,
					"bytes":	5886705664,
					"bits_per_second":	941871540.917179,
					"retransmits":	0,
					"snd_cwnd":	631328,
					"rtt":	2760,
					"rttvar":	94,
					"pmtu":	9000,
					"omitted":	false,
					"sender":	true
				}],
			"sum":	{
				"start":	0,
				"end":	50.000073,
				"seconds":	50.000072479248047,
				"bytes":	5886705664,
				"bits_per_second":	941871540.917179,
				"retransmits":	0,
				"omitted":	false,
				"sender":	true
			}
		}],
	"end":	{
		"streams":	[{
				"sender":	{
					"socket":	5,
					"start":	0,
					"end":	50.000073,
					"seconds":	50.000073,
					"bytes":	5886705664,
					"bits_per_second":	941871531.10756457,
					"retransmits":	0,
					"max_snd_cwnd":	631328,
					"max_rtt":	2760,
					"min_rtt":	2760,
					"mean_rtt":	2760,
					"sender":	true
				},
				"receiver":	{
					"socket":	5,
					"start":	0,
					"end":	50.041372060775757,
					"seconds":	50.000073,
					"bytes":	5884516368,
					"bits_per_second":	940744208.348755,
					"sender":	true
				}
			}],
		"sum_sent":	{
			"start":	0,
			"end":	50.000073,
			"seconds":	50.000073,
			"bytes":	5886705664,
			"bits_per_second":	941871531.10756457,
			"retransmits":	0,
			"sender":	true
		},
		"sum_received":	{
			"start":	0,
			"end":	50.041372060775757,
			"seconds":	50.041372060775757,
			"bytes":	5884516368,
			"bits_per_second":	940744208.348755,
			"sender":	true
		},
		"cpu_utilization_percent":	{
			"host_total":	19.304191516285069,
			"host_user":	0.93949637813854159,
			"host_system":	18.364697134861611,
			"remote_total":	26.2106148550603,
			"remote_user":	2.290939035816288,
			"remote_system":	23.919673823981011
		},
		"sender_tcp_congestion":	"cubic",
		"receiver_tcp_congestion":	"cubic"
	}
}
