{
	"start":	{
		"connected":	[{
				"socket":	5,
				"local_host":	"10.10.10.2",
				"local_port":	46254,
				"remote_host":	"10.10.10.4",
				"remote_port":	5201
			}],
		"version":	"iperf 3.9",
		"system_info":	"Linux zelda 5.10.0-18-amd64 #1 SMP Debian 5.10.140-1 (2022-09-02) x86_64",
		"timestamp":	{
			"time":	"Wed, 31 Jan 2024 03:21:58 GMT",
			"timesecs":	1706671318
		},
		"connecting_to":	{
			"host":	"10.10.10.4",
			"port":	5201
		},
		"cookie":	"cnov7hrveckjewjj5jikg6qots2axrxckqip",
		"tcp_mss_default":	1448,
		"target_bitrate":	3000000000,
		"sock_bufsize":	0,
		"sndbuf_actual":	1000000,
		"rcvbuf_actual":	1000000,
		"test_start":	{
			"protocol":	"TCP",
			"num_streams":	1,
			"blksize":	131072,
			"omit":	0,
			"duration":	60,
			"bytes":	0,
			"blocks":	0,
			"reverse":	0,
			"tos":	0
		}
	},
	"intervals":	[{
			"streams":	[{
					"socket":	5,
					"start":	0,
					"end":	60.000069,
					"seconds":	60.000068664550781,
					"bytes":	7063470080,
					"bits_per_second":	941794932.8679,
					"retransmits":	0,
					"snd_cwnd":	603816,
					"rtt":	2540,
					"rttvar":	202,
					"pmtu":	9000,
					"omitted":	false,
					"sender":	true
				}],
			"sum":	{
				"start":	0,
				"end":	60.000069,
				"seconds":	60.000068664550781,
				"bytes":	7063470080,
				"bits_per_second":	941794932.8679,
				"retransmits":	0,
				"omitted":	false,
				"sender":	true
			}
		}],
	"end":	{
		"streams":	[{
				"sender":	{
					"socket":	5,
					"start":	0,
					"end":	60.000069,
					"seconds":	60.000069,
					"bytes":	7063470080,
					"bits_per_second":	941794927.6025,
					"retransmits":	0,
					"max_snd_cwnd":	603816,
					"max_rtt":	2540,
					"min_rtt":	2540,
					"mean_rtt":	2540,
					"sender":	true
				},
				"receiver":	{
					"socket":	5,
					"start":	0,
					"end":	60.043670892715454,
					"seconds":	60.000069,
					"bytes":	7061375472,
					"bits_per_second":	940831946.749837,
					"sender":	true
				}
			}],
		"sum_sent":	{
			"start":	0,
			"end":	60.000069,
			"seconds":	60.000069,
			"bytes":	7063470080,
			"bits_per_second":	941794927.6025,
			"retransmits":	0,
			"sender":	true
		},
		"sum_received":	{
			"start":	0,
			"end":	60.043670892715454,
			"seconds":	60.043670892715454,
			"bytes":	7061375472,
			"bits_per_second":	940831946.749837,
			"sender":	true
		},
		"cpu_utilization_percent":	{
			"host_total":	19.28198623962151,
			"host_user":	0.81526606166624038,
			"host_system":	18.466718513702045,
			"remote_total":	26.872811780384186,
			"remote_user":	2.338665470847304,
			"remote_system":	24.534144646274168
		},
		"sender_tcp_congestion":	"cubic",
		"receiver_tcp_congestion":	"cubic"
	}
}
