{
	"start":	{
		"connected":	[{
				"socket":	5,
				"local_host":	"10.10.10.2",
				"local_port":	49478,
				"remote_host":	"10.10.10.4",
				"remote_port":	5201
			}],
		"version":	"iperf 3.9",
		"system_info":	"Linux zelda 5.10.0-18-amd64 #1 SMP Debian 5.10.140-1 (2022-09-02) x86_64",
		"timestamp":	{
			"time":	"Wed, 31 Jan 2024 09:08:34 GMT",
			"timesecs":	1706692114
		},
		"connecting_to":	{
			"host":	"10.10.10.4",
			"port":	5201
		},
		"cookie":	"dxgnwayyuyuvrdke764marjzh7rrg3g65mhi",
		"tcp_mss_default":	1448,
		"target_bitrate":	7000000000,
		"sock_bufsize":	0,
		"sndbuf_actual":	1000000,
		"rcvbuf_actual":	1000000,
		"test_start":	{
			"protocol":	"TCP",
			"num_streams":	1,
			"blksize":	131072,
			"omit":	0,
			"duration":	20,
			"bytes":	0,
			"blocks":	0,
			"reverse":	0,
			"tos":	0
		}
	},
	"intervals":	[{
			"streams":	[{
					"socket":	5,
					"start":	0,
					"end":	20.000112,
					"seconds":	20.000112533569336,
					"bytes":	2356412416,
					"bits_per_second":	942559662.919841,
					"retransmits":	0,
					"snd_cwnd":	744272,
					"rtt":	2803,
					"rttvar":	146,
					"pmtu":	9000,
					"omitted":	false,
					"sender":	true
				}],
			"sum":	{
				"start":	0,
				"end":	20.000112,
				"seconds":	20.000112533569336,
				"bytes":	2356412416,
				"bits_per_second":	942559662.919841,
				"retransmits":	0,
				"omitted":	false,
				"sender":	true
			}
		}],
	"end":	{
		"streams":	[{
				"sender":	{
					"socket":	5,
					"start":	0,
					"end":	20.000112,
					"seconds":	20.000112,
					"bytes":	2356412416,
					"bits_per_second":	942559688.06574678,
					"retransmits":	0,
					"max_snd_cwnd":	744272,
					"max_rtt":	2803,
					"min_rtt":	2803,
					"mean_rtt":	2803,
					"sender":	true
				},
				"receiver":	{
					"socket":	5,
					"start":	0,
					"end":	20.04426097869873,
					"seconds":	20.000112,
					"bytes":	2353952088,
					"bits_per_second":	939501672.02535319,
					"sender":	true
				}
			}],
		"sum_sent":	{
			"start":	0,
			"end":	20.000112,
			"seconds":	20.000112,
			"bytes":	2356412416,
			"bits_per_second":	942559688.06574678,
			"retransmits":	0,
			"sender":	true
		},
		"sum_received":	{
			"start":	0,
			"end":	20.04426097869873,
			"seconds":	20.04426097869873,
			"bytes":	2353952088,
			"bits_per_second":	939501672.02535319,
			"sender":	true
		},
		"cpu_utilization_percent":	{
			"host_total":	20.279285619509064,
			"host_user":	0.76984029974884,
			"host_system":	19.509445319760228,
			"remote_total":	27.242188291014426,
			"remote_user":	2.5295760643573253,
			"remote_system":	24.7126122266571
		},
		"sender_tcp_congestion":	"cubic",
		"receiver_tcp_congestion":	"cubic"
	}
}
