{
	"start":	{
		"connected":	[{
				"socket":	5,
				"local_host":	"10.10.10.2",
				"local_port":	49432,
				"remote_host":	"10.10.10.4",
				"remote_port":	5201
			}],
		"version":	"iperf 3.9",
		"system_info":	"Linux zelda 5.10.0-18-amd64 #1 SMP Debian 5.10.140-1 (2022-09-02) x86_64",
		"timestamp":	{
			"time":	"Wed, 31 Jan 2024 00:32:40 GMT",
			"timesecs":	1706661160
		},
		"connecting_to":	{
			"host":	"10.10.10.4",
			"port":	5201
		},
		"cookie":	"6ovqjxkp2qae7q4lcj4aknqyjisb3dr4cvnd",
		"tcp_mss_default":	1448,
		"target_bitrate":	1000000000,
		"sock_bufsize":	0,
		"sndbuf_actual":	1000000,
		"rcvbuf_actual":	1000000,
		"test_start":	{
			"protocol":	"TCP",
			"num_streams":	1,
			"blksize":	131072,
			"omit":	0,
			"duration":	70,
			"bytes":	0,
			"blocks":	0,
			"reverse":	0,
			"tos":	0
		}
	},
	"intervals":	[{
			"streams":	[{
					"socket":	5,
					"start":	0,
					"end":	60.000077,
					"seconds":	60.000076293945312,
					"bytes":	7063470080,
					"bits_per_second":	941794813.112634,
					"retransmits":	0,
					"snd_cwnd":	622640,
					"rtt":	2753,
					"rttvar":	88,
					"pmtu":	9000,
					"omitted":	false,
					"sender":	true
				}],
			"sum":	{
				"start":	0,
				"end":	60.000077,
				"seconds":	60.000076293945312,
				"bytes":	7063470080,
				"bits_per_second":	941794813.112634,
				"retransmits":	0,
				"omitted":	false,
				"sender":	true
			}
		}, {
			"streams":	[{
					"socket":	5,
					"start":	60.000077,
					"end":	70.000082,
					"seconds":	10.000004768371582,
					"bytes":	1176764416,
					"bits_per_second":	941411083.900214,
					"retransmits":	0,
					"snd_cwnd":	622640,
					"rtt":	2726,
					"rttvar":	114,
					"pmtu":	9000,
					"omitted":	false,
					"sender":	true
				}],
			"sum":	{
				"start":	60.000077,
				"end":	70.000082,
				"seconds":	10.000004768371582,
				"bytes":	1176764416,
				"bits_per_second":	941411083.900214,
				"retransmits":	0,
				"omitted":	false,
				"sender":	true
			}
		}],
	"end":	{
		"streams":	[{
				"sender":	{
					"socket":	5,
					"start":	0,
					"end":	70.000082,
					"seconds":	70.000082,
					"bytes":	8240234496,
					"bits_per_second":	941739982.076021,
					"retransmits":	0,
					"max_snd_cwnd":	622640,
					"max_rtt":	2753,
					"min_rtt":	2726,
					"mean_rtt":	2739,
					"sender":	true
				},
				"receiver":	{
					"socket":	5,
					"start":	0,
					"end":	70.043565988540649,
					"seconds":	70.000082,
					"bytes":	8238064688,
					"bits_per_second":	940907513.40076244,
					"sender":	true
				}
			}],
		"sum_sent":	{
			"start":	0,
			"end":	70.000082,
			"seconds":	70.000082,
			"bytes":	8240234496,
			"bits_per_second":	941739982.076021,
			"retransmits":	0,
			"sender":	true
		},
		"sum_received":	{
			"start":	0,
			"end":	70.043565988540649,
			"seconds":	70.043565988540649,
			"bytes":	8238064688,
			"bits_per_second":	940907513.40076244,
			"sender":	true
		},
		"cpu_utilization_percent":	{
			"host_total":	18.886881867296946,
			"host_user":	0.649305046856324,
			"host_system":	18.237578247255765,
			"remote_total":	27.14230950819973,
			"remote_user":	2.7808110079141817,
			"remote_system":	24.361498500285549
		},
		"sender_tcp_congestion":	"cubic",
		"receiver_tcp_congestion":	"cubic"
	}
}
