{
	"start":	{
		"connected":	[{
				"socket":	5,
				"local_host":	"10.10.10.2",
				"local_port":	41358,
				"remote_host":	"10.10.10.4",
				"remote_port":	5201
			}],
		"version":	"iperf 3.9",
		"system_info":	"Linux zelda 5.10.0-18-amd64 #1 SMP Debian 5.10.140-1 (2022-09-02) x86_64",
		"timestamp":	{
			"time":	"Wed, 31 Jan 2024 06:59:46 GMT",
			"timesecs":	1706684386
		},
		"connecting_to":	{
			"host":	"10.10.10.4",
			"port":	5201
		},
		"cookie":	"3uyhdcfcrpd35dizynng2hpcxpsdiuvjoyqk",
		"tcp_mss_default":	1448,
		"target_bitrate":	5000000000,
		"sock_bufsize":	0,
		"sndbuf_actual":	1000000,
		"rcvbuf_actual":	1000000,
		"test_start":	{
			"protocol":	"TCP",
			"num_streams":	1,
			"blksize":	131072,
			"omit":	0,
			"duration":	80,
			"bytes":	0,
			"blocks":	0,
			"reverse":	0,
			"tos":	0
		}
	},
	"intervals":	[{
			"streams":	[{
					"socket":	5,
					"start":	0,
					"end":	60.000059,
					"seconds":	60.000057220458984,
					"bytes":	7063601152,
					"bits_per_second":	941812588.75085652,
					"retransmits":	0,
					"snd_cwnd":	632776,
					"rtt":	2741,
					"rttvar":	110,
					"pmtu":	9000,
					"omitted":	false,
					"sender":	true
				}],
			"sum":	{
				"start":	0,
				"end":	60.000059,
				"seconds":	60.000057220458984,
				"bytes":	7063601152,
				"bits_per_second":	941812588.75085652,
				"retransmits":	0,
				"omitted":	false,
				"sender":	true
			}
		}, {
			"streams":	[{
					"socket":	5,
					"start":	60.000059,
					"end":	80.000071,
					"seconds":	20.0000114440918,
					"bytes":	2353659904,
					"bits_per_second":	941463422.89030826,
					"retransmits":	0,
					"snd_cwnd":	632776,
					"rtt":	2814,
					"rttvar":	144,
					"pmtu":	9000,
					"omitted":	false,
					"sender":	true
				}],
			"sum":	{
				"start":	60.000059,
				"end":	80.000071,
				"seconds":	20.0000114440918,
				"bytes":	2353659904,
				"bits_per_second":	941463422.89030826,
				"retransmits":	0,
				"omitted":	false,
				"sender":	true
			}
		}],
	"end":	{
		"streams":	[{
				"sender":	{
					"socket":	5,
					"start":	0,
					"end":	80.000071,
					"seconds":	80.000071,
					"bytes":	9417261056,
					"bits_per_second":	941725269.818823,
					"retransmits":	0,
					"max_snd_cwnd":	632776,
					"max_rtt":	2814,
					"min_rtt":	2741,
					"mean_rtt":	2777,
					"sender":	true
				},
				"receiver":	{
					"socket":	5,
					"start":	0,
					"end":	80.041856050491333,
					"seconds":	80.000071,
					"bytes":	9415015488,
					"bits_per_second":	941009212.186274,
					"sender":	true
				}
			}],
		"sum_sent":	{
			"start":	0,
			"end":	80.000071,
			"seconds":	80.000071,
			"bytes":	9417261056,
			"bits_per_second":	941725269.818823,
			"retransmits":	0,
			"sender":	true
		},
		"sum_received":	{
			"start":	0,
			"end":	80.041856050491333,
			"seconds":	80.041856050491333,
			"bytes":	9415015488,
			"bits_per_second":	941009212.186274,
			"sender":	true
		},
		"cpu_utilization_percent":	{
			"host_total":	19.121829824521424,
			"host_user":	0.67240700615687465,
			"host_system":	18.44942281836455,
			"remote_total":	27.462649331280641,
			"remote_user":	2.6796179140221676,
			"remote_system":	24.7830289209565
		},
		"sender_tcp_congestion":	"cubic",
		"receiver_tcp_congestion":	"cubic"
	}
}
