{
	"start":	{
		"connected":	[{
				"socket":	5,
				"local_host":	"10.10.10.2",
				"local_port":	40664,
				"remote_host":	"10.10.10.4",
				"remote_port":	5201
			}],
		"version":	"iperf 3.9",
		"system_info":	"Linux zelda 5.10.0-18-amd64 #1 SMP Debian 5.10.140-1 (2022-09-02) x86_64",
		"timestamp":	{
			"time":	"Wed, 31 Jan 2024 06:14:17 GMT",
			"timesecs":	1706681657
		},
		"connecting_to":	{
			"host":	"10.10.10.4",
			"port":	5201
		},
		"cookie":	"lvv4sir76zidoueec6rcqhospr2tv7yh5eob",
		"tcp_mss_default":	1448,
		"target_bitrate":	5000000000,
		"sock_bufsize":	0,
		"sndbuf_actual":	1000000,
		"rcvbuf_actual":	1000000,
		"test_start":	{
			"protocol":	"TCP",
			"num_streams":	1,
			"blksize":	131072,
			"omit":	0,
			"duration":	40,
			"bytes":	0,
			"blocks":	0,
			"reverse":	0,
			"tos":	0
		}
	},
	"intervals":	[{
			"streams":	[{
					"socket":	5,
					"start":	0,
					"end":	40.000087,
					"seconds":	40.0000877380371,
					"bytes":	4709154816,
					"bits_per_second":	941828897.3445313,
					"retransmits":	0,
					"snd_cwnd":	460464,
					"rtt":	2254,
					"rttvar":	122,
					"pmtu":	9000,
					"omitted":	false,
					"sender":	true
				}],
			"sum":	{
				"start":	0,
				"end":	40.000087,
				"seconds":	40.0000877380371,
				"bytes":	4709154816,
				"bits_per_second":	941828897.3445313,
				"retransmits":	0,
				"omitted":	false,
				"sender":	true
			}
		}],
	"end":	{
		"streams":	[{
				"sender":	{
					"socket":	5,
					"start":	0,
					"end":	40.000087,
					"seconds":	40.000087,
					"bytes":	4709154816,
					"bits_per_second":	941828914.72211051,
					"retransmits":	0,
					"max_snd_cwnd":	460464,
					"max_rtt":	2254,
					"min_rtt":	2254,
					"mean_rtt":	2254,
					"sender":	true
				},
				"receiver":	{
					"socket":	5,
					"start":	0,
					"end":	40.041049003601074,
					"seconds":	40.000087,
					"bytes":	4707599344,
					"bits_per_second":	940554648.02165878,
					"sender":	true
				}
			}],
		"sum_sent":	{
			"start":	0,
			"end":	40.000087,
			"seconds":	40.000087,
			"bytes":	4709154816,
			"bits_per_second":	941828914.72211051,
			"retransmits":	0,
			"sender":	true
		},
		"sum_received":	{
			"start":	0,
			"end":	40.041049003601074,
			"seconds":	40.041049003601074,
			"bytes":	4707599344,
			"bits_per_second":	940554648.02165878,
			"sender":	true
		},
		"cpu_utilization_percent":	{
			"host_total":	19.678358955443528,
			"host_user":	0.641657387379316,
			"host_system":	19.036701568064213,
			"remote_total":	21.952078891052025,
			"remote_user":	1.6631452492150194,
			"remote_system":	20.288928656053347
		},
		"sender_tcp_congestion":	"cubic",
		"receiver_tcp_congestion":	"cubic"
	}
}
