{
	"start":	{
		"connected":	[{
				"socket":	5,
				"local_host":	"10.10.10.2",
				"local_port":	34212,
				"remote_host":	"10.10.10.4",
				"remote_port":	5201
			}],
		"version":	"iperf 3.9",
		"system_info":	"Linux zelda 5.10.0-18-amd64 #1 SMP Debian 5.10.140-1 (2022-09-02) x86_64",
		"timestamp":	{
			"time":	"Wed, 31 Jan 2024 03:01:32 GMT",
			"timesecs":	1706670092
		},
		"connecting_to":	{
			"host":	"10.10.10.4",
			"port":	5201
		},
		"cookie":	"fbygg4y2mcixptligcrzhv5olcvtasoonvr6",
		"tcp_mss_default":	1448,
		"target_bitrate":	3000000000,
		"sock_bufsize":	0,
		"sndbuf_actual":	1000000,
		"rcvbuf_actual":	1000000,
		"test_start":	{
			"protocol":	"TCP",
			"num_streams":	1,
			"blksize":	131072,
			"omit":	0,
			"duration":	20,
			"bytes":	0,
			"blocks":	0,
			"reverse":	0,
			"tos":	0
		}
	},
	"intervals":	[{
			"streams":	[{
					"socket":	5,
					"start":	0,
					"end":	20.000107,
					"seconds":	20.000106811523438,
					"bytes":	2355494912,
					"bits_per_second":	942192932.946873,
					"retransmits":	0,
					"snd_cwnd":	461912,
					"rtt":	2212,
					"rttvar":	137,
					"pmtu":	9000,
					"omitted":	false,
					"sender":	true
				}],
			"sum":	{
				"start":	0,
				"end":	20.000107,
				"seconds":	20.000106811523438,
				"bytes":	2355494912,
				"bits_per_second":	942192932.946873,
				"retransmits":	0,
				"omitted":	false,
				"sender":	true
			}
		}],
	"end":	{
		"streams":	[{
				"sender":	{
					"socket":	5,
					"start":	0,
					"end":	20.000107,
					"seconds":	20.000107,
					"bytes":	2355494912,
					"bits_per_second":	942192924.06785619,
					"retransmits":	0,
					"max_snd_cwnd":	461912,
					"max_rtt":	2212,
					"min_rtt":	2212,
					"mean_rtt":	2212,
					"sender":	true
				},
				"receiver":	{
					"socket":	5,
					"start":	0,
					"end":	20.042224168777466,
					"seconds":	20.000107,
					"bytes":	2353872448,
					"bits_per_second":	939565360.88123453,
					"sender":	true
				}
			}],
		"sum_sent":	{
			"start":	0,
			"end":	20.000107,
			"seconds":	20.000107,
			"bytes":	2355494912,
			"bits_per_second":	942192924.06785619,
			"retransmits":	0,
			"sender":	true
		},
		"sum_received":	{
			"start":	0,
			"end":	20.042224168777466,
			"seconds":	20.042224168777466,
			"bytes":	2353872448,
			"bits_per_second":	939565360.88123453,
			"sender":	true
		},
		"cpu_utilization_percent":	{
			"host_total":	19.0784676389284,
			"host_user":	0.85820720325039468,
			"host_system":	18.2202654147755,
			"remote_total":	22.257387919756926,
			"remote_user":	2.3017009734774834,
			"remote_system":	19.955681975550576
		},
		"sender_tcp_congestion":	"cubic",
		"receiver_tcp_congestion":	"cubic"
	}
}
