{
	"start":	{
		"connected":	[{
				"socket":	5,
				"local_host":	"10.10.10.2",
				"local_port":	47704,
				"remote_host":	"10.10.10.4",
				"remote_port":	5201
			}],
		"version":	"iperf 3.9",
		"system_info":	"Linux zelda 5.10.0-18-amd64 #1 SMP Debian 5.10.140-1 (2022-09-02) x86_64",
		"timestamp":	{
			"time":	"Wed, 31 Jan 2024 10:06:38 GMT",
			"timesecs":	1706695598
		},
		"connecting_to":	{
			"host":	"10.10.10.4",
			"port":	5201
		},
		"cookie":	"mvcglfcnl72pch2aeds4z7kspez25m2axckb",
		"tcp_mss_default":	1448,
		"target_bitrate":	7000000000,
		"sock_bufsize":	0,
		"sndbuf_actual":	1000000,
		"rcvbuf_actual":	1000000,
		"test_start":	{
			"protocol":	"TCP",
			"num_streams":	1,
			"blksize":	131072,
			"omit":	0,
			"duration":	90,
			"bytes":	0,
			"blocks":	0,
			"reverse":	0,
			"tos":	0
		}
	},
	"intervals":	[{
			"streams":	[{
					"socket":	5,
					"start":	0,
					"end":	60.000084,
					"seconds":	60.000083923339844,
					"bytes":	7062814720,
					"bits_per_second":	941707312.146287,
					"retransmits":	0,
					"snd_cwnd":	438744,
					"rtt":	2166,
					"rttvar":	113,
					"pmtu":	9000,
					"omitted":	false,
					"sender":	true
				}],
			"sum":	{
				"start":	0,
				"end":	60.000084,
				"seconds":	60.000083923339844,
				"bytes":	7062814720,
				"bits_per_second":	941707312.146287,
				"retransmits":	0,
				"omitted":	false,
				"sender":	true
			}
		}, {
			"streams":	[{
					"socket":	5,
					"start":	60.000084,
					"end":	90.000092,
					"seconds":	30.000007629394531,
					"bytes":	3530555392,
					"bits_per_second":	941481198.43561649,
					"retransmits":	0,
					"snd_cwnd":	438744,
					"rtt":	2224,
					"rttvar":	110,
					"pmtu":	9000,
					"omitted":	false,
					"sender":	true
				}],
			"sum":	{
				"start":	60.000084,
				"end":	90.000092,
				"seconds":	30.000007629394531,
				"bytes":	3530555392,
				"bits_per_second":	941481198.43561649,
				"retransmits":	0,
				"omitted":	false,
				"sender":	true
			}
		}],
	"end":	{
		"streams":	[{
				"sender":	{
					"socket":	5,
					"start":	0,
					"end":	90.000092,
					"seconds":	90.000092,
					"bytes":	10593370112,
					"bits_per_second":	941631936.287354,
					"retransmits":	0,
					"max_snd_cwnd":	438744,
					"max_rtt":	2224,
					"min_rtt":	2166,
					"mean_rtt":	2195,
					"sender":	true
				},
				"receiver":	{
					"socket":	5,
					"start":	0,
					"end":	90.0434899330139,
					"seconds":	90.000092,
					"bytes":	10591805088,
					"bits_per_second":	941039055.31689763,
					"sender":	true
				}
			}],
		"sum_sent":	{
			"start":	0,
			"end":	90.000092,
			"seconds":	90.000092,
			"bytes":	10593370112,
			"bits_per_second":	941631936.287354,
			"retransmits":	0,
			"sender":	true
		},
		"sum_received":	{
			"start":	0,
			"end":	90.0434899330139,
			"seconds":	90.0434899330139,
			"bytes":	10591805088,
			"bits_per_second":	941039055.31689763,
			"sender":	true
		},
		"cpu_utilization_percent":	{
			"host_total":	19.238223179467578,
			"host_user":	0.667051002473058,
			"host_system":	18.571172176994523,
			"remote_total":	22.695973080469791,
			"remote_user":	2.389373291699358,
			"remote_system":	20.306599788770434
		},
		"sender_tcp_congestion":	"cubic",
		"receiver_tcp_congestion":	"cubic"
	}
}
