{
	"start":	{
		"connected":	[{
				"socket":	5,
				"local_host":	"10.10.10.2",
				"local_port":	48022,
				"remote_host":	"10.10.10.4",
				"remote_port":	5201
			}],
		"version":	"iperf 3.9",
		"system_info":	"Linux zelda 5.10.0-18-amd64 #1 SMP Debian 5.10.140-1 (2022-09-02) x86_64",
		"timestamp":	{
			"time":	"Wed, 31 Jan 2024 09:20:19 GMT",
			"timesecs":	1706692819
		},
		"connecting_to":	{
			"host":	"10.10.10.4",
			"port":	5201
		},
		"cookie":	"bwl3ajlmwldzgvafuzue3qn4zspx325jhlvi",
		"tcp_mss_default":	1448,
		"target_bitrate":	7000000000,
		"sock_bufsize":	0,
		"sndbuf_actual":	1000000,
		"rcvbuf_actual":	1000000,
		"test_start":	{
			"protocol":	"TCP",
			"num_streams":	1,
			"blksize":	131072,
			"omit":	0,
			"duration":	40,
			"bytes":	0,
			"blocks":	0,
			"reverse":	0,
			"tos":	0
		}
	},
	"intervals":	[{
			"streams":	[{
					"socket":	5,
					"start":	0,
					"end":	40.000073,
					"seconds":	40.000072479248047,
					"bytes":	4709154816,
					"bits_per_second":	941829256.62309229,
					"retransmits":	0,
					"snd_cwnd":	444536,
					"rtt":	2225,
					"rttvar":	104,
					"pmtu":	9000,
					"omitted":	false,
					"sender":	true
				}],
			"sum":	{
				"start":	0,
				"end":	40.000073,
				"seconds":	40.000072479248047,
				"bytes":	4709154816,
				"bits_per_second":	941829256.62309229,
				"retransmits":	0,
				"omitted":	false,
				"sender":	true
			}
		}],
	"end":	{
		"streams":	[{
				"sender":	{
					"socket":	5,
					"start":	0,
					"end":	40.000073,
					"seconds":	40.000073,
					"bytes":	4709154816,
					"bits_per_second":	941829244.361629,
					"retransmits":	0,
					"max_snd_cwnd":	444536,
					"max_rtt":	2225,
					"min_rtt":	2225,
					"mean_rtt":	2225,
					"sender":	true
				},
				"receiver":	{
					"socket":	5,
					"start":	0,
					"end":	40.043650150299072,
					"seconds":	40.000073,
					"bytes":	4707597896,
					"bits_per_second":	940493262.39353144,
					"sender":	true
				}
			}],
		"sum_sent":	{
			"start":	0,
			"end":	40.000073,
			"seconds":	40.000073,
			"bytes":	4709154816,
			"bits_per_second":	941829244.361629,
			"retransmits":	0,
			"sender":	true
		},
		"sum_received":	{
			"start":	0,
			"end":	40.043650150299072,
			"seconds":	40.043650150299072,
			"bytes":	4707597896,
			"bits_per_second":	940493262.39353144,
			"sender":	true
		},
		"cpu_utilization_percent":	{
			"host_total":	19.385837808725341,
			"host_user":	0.73056707811959576,
			"host_system":	18.65526823601931,
			"remote_total":	26.669420432763324,
			"remote_user":	2.9495147839379885,
			"remote_system":	23.719905648825335
		},
		"sender_tcp_congestion":	"cubic",
		"receiver_tcp_congestion":	"cubic"
	}
}
