{
	"start":	{
		"connected":	[{
				"socket":	5,
				"local_host":	"10.10.10.2",
				"local_port":	39954,
				"remote_host":	"10.10.10.4",
				"remote_port":	5201
			}],
		"version":	"iperf 3.9",
		"system_info":	"Linux zelda 5.10.0-18-amd64 #1 SMP Debian 5.10.140-1 (2022-09-02) x86_64",
		"timestamp":	{
			"time":	"Wed, 31 Jan 2024 05:39:37 GMT",
			"timesecs":	1706679577
		},
		"connecting_to":	{
			"host":	"10.10.10.4",
			"port":	5201
		},
		"cookie":	"wjgug5h76phmvdzhwmmoqcjhib2yxwyoutpa",
		"tcp_mss_default":	1448,
		"target_bitrate":	4000000000,
		"sock_bufsize":	0,
		"sndbuf_actual":	1000000,
		"rcvbuf_actual":	1000000,
		"test_start":	{
			"protocol":	"TCP",
			"num_streams":	1,
			"blksize":	131072,
			"omit":	0,
			"duration":	90,
			"bytes":	0,
			"blocks":	0,
			"reverse":	0,
			"tos":	0
		}
	},
	"intervals":	[{
			"streams":	[{
					"socket":	5,
					"start":	0,
					"end":	60.000047,
					"seconds":	60.000045776367188,
					"bytes":	7062814720,
					"bits_per_second":	941707910.8672148,
					"retransmits":	0,
					"snd_cwnd":	631328,
					"rtt":	2764,
					"rttvar":	115,
					"pmtu":	9000,
					"omitted":	false,
					"sender":	true
				}],
			"sum":	{
				"start":	0,
				"end":	60.000047,
				"seconds":	60.000045776367188,
				"bytes":	7062814720,
				"bits_per_second":	941707910.8672148,
				"retransmits":	0,
				"omitted":	false,
				"sender":	true
			}
		}, {
			"streams":	[{
					"socket":	5,
					"start":	60.000047,
					"end":	90.000078,
					"seconds":	30.000030517578125,
					"bytes":	3530424320,
					"bits_per_second":	941445527.64541864,
					"retransmits":	0,
					"snd_cwnd":	631328,
					"rtt":	2864,
					"rttvar":	145,
					"pmtu":	9000,
					"omitted":	false,
					"sender":	true
				}],
			"sum":	{
				"start":	60.000047,
				"end":	90.000078,
				"seconds":	30.000030517578125,
				"bytes":	3530424320,
				"bits_per_second":	941445527.64541864,
				"retransmits":	0,
				"omitted":	false,
				"sender":	true
			}
		}],
	"end":	{
		"streams":	[{
				"sender":	{
					"socket":	5,
					"start":	0,
					"end":	90.000078,
					"seconds":	90.000078,
					"bytes":	10593239040,
					"bits_per_second":	941620431.928959,
					"retransmits":	0,
					"max_snd_cwnd":	631328,
					"max_rtt":	2864,
					"min_rtt":	2764,
					"mean_rtt":	2814,
					"sender":	true
				},
				"receiver":	{
					"socket":	5,
					"start":	0,
					"end":	90.044685125350952,
					"seconds":	90.000078,
					"bytes":	10591076744,
					"bits_per_second":	940961855.03952324,
					"sender":	true
				}
			}],
		"sum_sent":	{
			"start":	0,
			"end":	90.000078,
			"seconds":	90.000078,
			"bytes":	10593239040,
			"bits_per_second":	941620431.928959,
			"retransmits":	0,
			"sender":	true
		},
		"sum_received":	{
			"start":	0,
			"end":	90.044685125350952,
			"seconds":	90.044685125350952,
			"bytes":	10591076744,
			"bits_per_second":	940961855.03952324,
			"sender":	true
		},
		"cpu_utilization_percent":	{
			"host_total":	19.332725692543271,
			"host_user":	0.728960256333847,
			"host_system":	18.603766546271881,
			"remote_total":	25.928628581901137,
			"remote_user":	2.6971669874073778,
			"remote_system":	23.231461594493755
		},
		"sender_tcp_congestion":	"cubic",
		"receiver_tcp_congestion":	"cubic"
	}
}
