{
	"start":	{
		"connected":	[{
				"socket":	5,
				"local_host":	"10.10.10.2",
				"local_port":	53754,
				"remote_host":	"10.10.10.4",
				"remote_port":	5201
			}],
		"version":	"iperf 3.9",
		"system_info":	"Linux zelda 5.10.0-18-amd64 #1 SMP Debian 5.10.140-1 (2022-09-02) x86_64",
		"timestamp":	{
			"time":	"Wed, 31 Jan 2024 09:10:56 GMT",
			"timesecs":	1706692256
		},
		"connecting_to":	{
			"host":	"10.10.10.4",
			"port":	5201
		},
		"cookie":	"kyq72s7f4vt4r4y7qthcp73diwe2rjdzz7i7",
		"tcp_mss_default":	1448,
		"target_bitrate":	7000000000,
		"sock_bufsize":	0,
		"sndbuf_actual":	1000000,
		"rcvbuf_actual":	1000000,
		"test_start":	{
			"protocol":	"TCP",
			"num_streams":	1,
			"blksize":	131072,
			"omit":	0,
			"duration":	30,
			"bytes":	0,
			"blocks":	0,
			"reverse":	0,
			"tos":	0
		}
	},
	"intervals":	[{
			"streams":	[{
					"socket":	5,
					"start":	0,
					"end":	30.000071,
					"seconds":	30.000070571899414,
					"bytes":	3532390400,
					"bits_per_second":	941968557.449657,
					"retransmits":	0,
					"snd_cwnd":	463360,
					"rtt":	2271,
					"rttvar":	120,
					"pmtu":	9000,
					"omitted":	false,
					"sender":	true
				}],
			"sum":	{
				"start":	0,
				"end":	30.000071,
				"seconds":	30.000070571899414,
				"bytes":	3532390400,
				"bits_per_second":	941968557.449657,
				"retransmits":	0,
				"omitted":	false,
				"sender":	true
			}
		}],
	"end":	{
		"streams":	[{
				"sender":	{
					"socket":	5,
					"start":	0,
					"end":	30.000071,
					"seconds":	30.000071,
					"bytes":	3532390400,
					"bits_per_second":	941968544.00777924,
					"retransmits":	0,
					"max_snd_cwnd":	463360,
					"max_rtt":	2271,
					"min_rtt":	2271,
					"mean_rtt":	2271,
					"sender":	true
				},
				"receiver":	{
					"socket":	5,
					"start":	0,
					"end":	30.043632030487061,
					"seconds":	30.000071,
					"bytes":	3530747480,
					"bits_per_second":	940165283.98887074,
					"sender":	true
				}
			}],
		"sum_sent":	{
			"start":	0,
			"end":	30.000071,
			"seconds":	30.000071,
			"bytes":	3532390400,
			"bits_per_second":	941968544.00777924,
			"retransmits":	0,
			"sender":	true
		},
		"sum_received":	{
			"start":	0,
			"end":	30.043632030487061,
			"seconds":	30.043632030487061,
			"bytes":	3530747480,
			"bits_per_second":	940165283.98887074,
			"sender":	true
		},
		"cpu_utilization_percent":	{
			"host_total":	20.129722919360944,
			"host_user":	0.705338835344063,
			"host_system":	19.424384084016882,
			"remote_total":	25.426094172413507,
			"remote_user":	2.8175925433175393,
			"remote_system":	22.608498309254578
		},
		"sender_tcp_congestion":	"cubic",
		"receiver_tcp_congestion":	"cubic"
	}
}
