{
	"start":	{
		"connected":	[{
				"socket":	5,
				"local_host":	"10.10.10.2",
				"local_port":	37926,
				"remote_host":	"10.10.10.4",
				"remote_port":	5201
			}],
		"version":	"iperf 3.9",
		"system_info":	"Linux zelda 5.10.0-18-amd64 #1 SMP Debian 5.10.140-1 (2022-09-02) x86_64",
		"timestamp":	{
			"time":	"Wed, 31 Jan 2024 10:09:38 GMT",
			"timesecs":	1706695778
		},
		"connecting_to":	{
			"host":	"10.10.10.4",
			"port":	5201
		},
		"cookie":	"czn5eipgzlq3djo2kllj7sl4lukiny236sdx",
		"tcp_mss_default":	1448,
		"target_bitrate":	7000000000,
		"sock_bufsize":	0,
		"sndbuf_actual":	1000000,
		"rcvbuf_actual":	1000000,
		"test_start":	{
			"protocol":	"TCP",
			"num_streams":	1,
			"blksize":	131072,
			"omit":	0,
			"duration":	90,
			"bytes":	0,
			"blocks":	0,
			"reverse":	0,
			"tos":	0
		}
	},
	"intervals":	[{
			"streams":	[{
					"socket":	5,
					"start":	0,
					"end":	60.00016,
					"seconds":	60.000160217285156,
					"bytes":	7063601152,
					"bits_per_second":	941810972.02671552,
					"retransmits":	0,
					"snd_cwnd":	631328,
					"rtt":	2748,
					"rttvar":	89,
					"pmtu":	9000,
					"omitted":	false,
					"sender":	true
				}],
			"sum":	{
				"start":	0,
				"end":	60.00016,
				"seconds":	60.000160217285156,
				"bytes":	7063601152,
				"bits_per_second":	941810972.02671552,
				"retransmits":	0,
				"omitted":	false,
				"sender":	true
			}
		}, {
			"streams":	[{
					"socket":	5,
					"start":	60.00016,
					"end":	90.000079,
					"seconds":	29.999919891357422,
					"bytes":	3530424320,
					"bits_per_second":	941448999.27337956,
					"retransmits":	0,
					"snd_cwnd":	631328,
					"rtt":	2784,
					"rttvar":	96,
					"pmtu":	9000,
					"omitted":	false,
					"sender":	true
				}],
			"sum":	{
				"start":	60.00016,
				"end":	90.000079,
				"seconds":	29.999919891357422,
				"bytes":	3530424320,
				"bits_per_second":	941448999.27337956,
				"retransmits":	0,
				"omitted":	false,
				"sender":	true
			}
		}],
	"end":	{
		"streams":	[{
				"sender":	{
					"socket":	5,
					"start":	0,
					"end":	90.000079,
					"seconds":	90.000079,
					"bytes":	10594025472,
					"bits_per_second":	941690326.47182453,
					"retransmits":	0,
					"max_snd_cwnd":	631328,
					"max_rtt":	2784,
					"min_rtt":	2748,
					"mean_rtt":	2766,
					"sender":	true
				},
				"receiver":	{
					"socket":	5,
					"start":	0,
					"end":	90.0441219806671,
					"seconds":	90.000079,
					"bytes":	10591870248,
					"bits_per_second":	941038239.03344834,
					"sender":	true
				}
			}],
		"sum_sent":	{
			"start":	0,
			"end":	90.000079,
			"seconds":	90.000079,
			"bytes":	10594025472,
			"bits_per_second":	941690326.47182453,
			"retransmits":	0,
			"sender":	true
		},
		"sum_received":	{
			"start":	0,
			"end":	90.0441219806671,
			"seconds":	90.0441219806671,
			"bytes":	10591870248,
			"bits_per_second":	941038239.03344834,
			"sender":	true
		},
		"cpu_utilization_percent":	{
			"host_total":	18.853100231212352,
			"host_user":	0.67202639564841937,
			"host_system":	18.181074945624779,
			"remote_total":	26.124023642784909,
			"remote_user":	2.5942785919932052,
			"remote_system":	23.529743941143551
		},
		"sender_tcp_congestion":	"cubic",
		"receiver_tcp_congestion":	"cubic"
	}
}
