{
	"start":	{
		"connected":	[{
				"socket":	5,
				"local_host":	"10.10.10.2",
				"local_port":	56224,
				"remote_host":	"10.10.10.4",
				"remote_port":	5201
			}],
		"version":	"iperf 3.9",
		"system_info":	"Linux zelda 5.10.0-18-amd64 #1 SMP Debian 5.10.140-1 (2022-09-02) x86_64",
		"timestamp":	{
			"time":	"Wed, 31 Jan 2024 10:38:14 GMT",
			"timesecs":	1706697494
		},
		"connecting_to":	{
			"host":	"10.10.10.4",
			"port":	5201
		},
		"cookie":	"xfo34dhbylbypojudyvblhtyudknocofyckp",
		"tcp_mss_default":	1448,
		"target_bitrate":	8000000000,
		"sock_bufsize":	0,
		"sndbuf_actual":	1000000,
		"rcvbuf_actual":	1000000,
		"test_start":	{
			"protocol":	"TCP",
			"num_streams":	1,
			"blksize":	131072,
			"omit":	0,
			"duration":	10,
			"bytes":	0,
			"blocks":	0,
			"reverse":	0,
			"tos":	0
		}
	},
	"intervals":	[{
			"streams":	[{
					"socket":	5,
					"start":	0,
					"end":	10.00007,
					"seconds":	10.0000696182251,
					"bytes":	1178730496,
					"bits_per_second":	942977831.95570326,
					"retransmits":	0,
					"snd_cwnd":	464808,
					"rtt":	2191,
					"rttvar":	96,
					"pmtu":	9000,
					"omitted":	false,
					"sender":	true
				}],
			"sum":	{
				"start":	0,
				"end":	10.00007,
				"seconds":	10.0000696182251,
				"bytes":	1178730496,
				"bits_per_second":	942977831.95570326,
				"retransmits":	0,
				"omitted":	false,
				"sender":	true
			}
		}],
	"end":	{
		"streams":	[{
				"sender":	{
					"socket":	5,
					"start":	0,
					"end":	10.00007,
					"seconds":	10.00007,
					"bytes":	1178730496,
					"bits_per_second":	942977795.95542836,
					"retransmits":	0,
					"max_snd_cwnd":	464808,
					"max_rtt":	2191,
					"min_rtt":	2191,
					"mean_rtt":	2191,
					"sender":	true
				},
				"receiver":	{
					"socket":	5,
					"start":	0,
					"end":	10.04402494430542,
					"seconds":	10.00007,
					"bytes":	1177098776,
					"bits_per_second":	937551455.737768,
					"sender":	true
				}
			}],
		"sum_sent":	{
			"start":	0,
			"end":	10.00007,
			"seconds":	10.00007,
			"bytes":	1178730496,
			"bits_per_second":	942977795.95542836,
			"retransmits":	0,
			"sender":	true
		},
		"sum_received":	{
			"start":	0,
			"end":	10.04402494430542,
			"seconds":	10.04402494430542,
			"bytes":	1177098776,
			"bits_per_second":	937551455.737768,
			"sender":	true
		},
		"cpu_utilization_percent":	{
			"host_total":	18.685559190656946,
			"host_user":	0.91928977636657061,
			"host_system":	17.766259499175657,
			"remote_total":	25.411883025418447,
			"remote_user":	2.5252407452577366,
			"remote_system":	22.886652163376674
		},
		"sender_tcp_congestion":	"cubic",
		"receiver_tcp_congestion":	"cubic"
	}
}
