{
	"start":	{
		"connected":	[{
				"socket":	5,
				"local_host":	"10.10.10.2",
				"local_port":	48372,
				"remote_host":	"10.10.10.4",
				"remote_port":	5201
			}],
		"version":	"iperf 3.9",
		"system_info":	"Linux zelda 5.10.0-18-amd64 #1 SMP Debian 5.10.140-1 (2022-09-02) x86_64",
		"timestamp":	{
			"time":	"Wed, 31 Jan 2024 03:02:22 GMT",
			"timesecs":	1706670142
		},
		"connecting_to":	{
			"host":	"10.10.10.4",
			"port":	5201
		},
		"cookie":	"f7rc6doxo5cn6lztfnztkl4g2eaxhqnckiwh",
		"tcp_mss_default":	1448,
		"target_bitrate":	3000000000,
		"sock_bufsize":	0,
		"sndbuf_actual":	1000000,
		"rcvbuf_actual":	1000000,
		"test_start":	{
			"protocol":	"TCP",
			"num_streams":	1,
			"blksize":	131072,
			"omit":	0,
			"duration":	30,
			"bytes":	0,
			"blocks":	0,
			"reverse":	0,
			"tos":	0
		}
	},
	"intervals":	[{
			"streams":	[{
					"socket":	5,
					"start":	0,
					"end":	30.000099,
					"seconds":	30.000099182128906,
					"bytes":	3532390400,
					"bits_per_second":	941967659.121407,
					"retransmits":	0,
					"snd_cwnd":	469152,
					"rtt":	2232,
					"rttvar":	151,
					"pmtu":	9000,
					"omitted":	false,
					"sender":	true
				}],
			"sum":	{
				"start":	0,
				"end":	30.000099,
				"seconds":	30.000099182128906,
				"bytes":	3532390400,
				"bits_per_second":	941967659.121407,
				"retransmits":	0,
				"omitted":	false,
				"sender":	true
			}
		}],
	"end":	{
		"streams":	[{
				"sender":	{
					"socket":	5,
					"start":	0,
					"end":	30.000099,
					"seconds":	30.000099,
					"bytes":	3532390400,
					"bits_per_second":	941967664.84003937,
					"retransmits":	0,
					"max_snd_cwnd":	469152,
					"max_rtt":	2232,
					"min_rtt":	2232,
					"mean_rtt":	2232,
					"sender":	true
				},
				"receiver":	{
					"socket":	5,
					"start":	0,
					"end":	30.0425181388855,
					"seconds":	30.000099,
					"bytes":	3530743136,
					"bits_per_second":	940198985.89791954,
					"sender":	true
				}
			}],
		"sum_sent":	{
			"start":	0,
			"end":	30.000099,
			"seconds":	30.000099,
			"bytes":	3532390400,
			"bits_per_second":	941967664.84003937,
			"retransmits":	0,
			"sender":	true
		},
		"sum_received":	{
			"start":	0,
			"end":	30.0425181388855,
			"seconds":	30.0425181388855,
			"bytes":	3530743136,
			"bits_per_second":	940198985.89791954,
			"sender":	true
		},
		"cpu_utilization_percent":	{
			"host_total":	18.621380099014161,
			"host_user":	0.709964353372436,
			"host_system":	17.911412421791891,
			"remote_total":	21.709030029274341,
			"remote_user":	3.0076748044780648,
			"remote_system":	18.701358544635571
		},
		"sender_tcp_congestion":	"cubic",
		"receiver_tcp_congestion":	"cubic"
	}
}
