{
	"start":	{
		"connected":	[{
				"socket":	5,
				"local_host":	"10.10.10.2",
				"local_port":	44860,
				"remote_host":	"10.10.10.4",
				"remote_port":	5201
			}],
		"version":	"iperf 3.9",
		"system_info":	"Linux zelda 5.10.0-18-amd64 #1 SMP Debian 5.10.140-1 (2022-09-02) x86_64",
		"timestamp":	{
			"time":	"Wed, 31 Jan 2024 12:58:28 GMT",
			"timesecs":	1706705908
		},
		"connecting_to":	{
			"host":	"10.10.10.4",
			"port":	5201
		},
		"cookie":	"dke3atxivwz37ujgrkynwld3uon4yipc5vgc",
		"tcp_mss_default":	1448,
		"target_bitrate":	9000000000,
		"sock_bufsize":	0,
		"sndbuf_actual":	1000000,
		"rcvbuf_actual":	1000000,
		"test_start":	{
			"protocol":	"TCP",
			"num_streams":	1,
			"blksize":	131072,
			"omit":	0,
			"duration":	80,
			"bytes":	0,
			"blocks":	0,
			"reverse":	0,
			"tos":	0
		}
	},
	"intervals":	[{
			"streams":	[{
					"socket":	5,
					"start":	0,
					"end":	60.000097,
					"seconds":	60.000095367431641,
					"bytes":	7063470080,
					"bits_per_second":	941794513.72460151,
					"retransmits":	0,
					"snd_cwnd":	619744,
					"rtt":	2680,
					"rttvar":	113,
					"pmtu":	9000,
					"omitted":	false,
					"sender":	true
				}],
			"sum":	{
				"start":	0,
				"end":	60.000097,
				"seconds":	60.000095367431641,
				"bytes":	7063470080,
				"bits_per_second":	941794513.72460151,
				"retransmits":	0,
				"omitted":	false,
				"sender":	true
			}
		}, {
			"streams":	[{
					"socket":	5,
					"start":	60.000097,
					"end":	80.000073,
					"seconds":	19.999975204467773,
					"bytes":	2353659904,
					"bits_per_second":	941465128.806447,
					"retransmits":	0,
					"snd_cwnd":	619744,
					"rtt":	2766,
					"rttvar":	154,
					"pmtu":	9000,
					"omitted":	false,
					"sender":	true
				}],
			"sum":	{
				"start":	60.000097,
				"end":	80.000073,
				"seconds":	19.999975204467773,
				"bytes":	2353659904,
				"bits_per_second":	941465128.806447,
				"retransmits":	0,
				"omitted":	false,
				"sender":	true
			}
		}],
	"end":	{
		"streams":	[{
				"sender":	{
					"socket":	5,
					"start":	0,
					"end":	80.000073,
					"seconds":	80.000073,
					"bytes":	9417129984,
					"bits_per_second":	941712139.087673,
					"retransmits":	0,
					"max_snd_cwnd":	619744,
					"max_rtt":	2766,
					"min_rtt":	2680,
					"mean_rtt":	2723,
					"sender":	true
				},
				"receiver":	{
					"socket":	5,
					"start":	0,
					"end":	80.044641971588135,
					"seconds":	80.000073,
					"bytes":	9414987488,
					"bits_per_second":	940973662.3062768,
					"sender":	true
				}
			}],
		"sum_sent":	{
			"start":	0,
			"end":	80.000073,
			"seconds":	80.000073,
			"bytes":	9417129984,
			"bits_per_second":	941712139.087673,
			"retransmits":	0,
			"sender":	true
		},
		"sum_received":	{
			"start":	0,
			"end":	80.044641971588135,
			"seconds":	80.044641971588135,
			"bytes":	9414987488,
			"bits_per_second":	940973662.3062768,
			"sender":	true
		},
		"cpu_utilization_percent":	{
			"host_total":	19.631066167204274,
			"host_user":	0.64435038890840768,
			"host_system":	18.986715778295867,
			"remote_total":	23.930143880489435,
			"remote_user":	2.5247487450059447,
			"remote_system":	21.405393887332423
		},
		"sender_tcp_congestion":	"cubic",
		"receiver_tcp_congestion":	"cubic"
	}
}
