{
	"start":	{
		"connected":	[{
				"socket":	5,
				"local_host":	"10.10.10.2",
				"local_port":	46844,
				"remote_host":	"10.10.10.4",
				"remote_port":	5201
			}],
		"version":	"iperf 3.9",
		"system_info":	"Linux zelda 5.10.0-18-amd64 #1 SMP Debian 5.10.140-1 (2022-09-02) x86_64",
		"timestamp":	{
			"time":	"Wed, 31 Jan 2024 07:34:32 GMT",
			"timesecs":	1706686472
		},
		"connecting_to":	{
			"host":	"10.10.10.4",
			"port":	5201
		},
		"cookie":	"yp5qnl5jwuwkkbrhnl7ik24gyntqy5jkuyfa",
		"tcp_mss_default":	1448,
		"target_bitrate":	6000000000,
		"sock_bufsize":	0,
		"sndbuf_actual":	1000000,
		"rcvbuf_actual":	1000000,
		"test_start":	{
			"protocol":	"TCP",
			"num_streams":	1,
			"blksize":	131072,
			"omit":	0,
			"duration":	20,
			"bytes":	0,
			"blocks":	0,
			"reverse":	0,
			"tos":	0
		}
	},
	"intervals":	[{
			"streams":	[{
					"socket":	5,
					"start":	0,
					"end":	20.000102,
					"seconds":	20.000101089477539,
					"bytes":	2356150272,
					"bits_per_second":	942455345.18407762,
					"retransmits":	0,
					"snd_cwnd":	624088,
					"rtt":	2752,
					"rttvar":	142,
					"pmtu":	9000,
					"omitted":	false,
					"sender":	true
				}],
			"sum":	{
				"start":	0,
				"end":	20.000102,
				"seconds":	20.000101089477539,
				"bytes":	2356150272,
				"bits_per_second":	942455345.18407762,
				"retransmits":	0,
				"omitted":	false,
				"sender":	true
			}
		}],
	"end":	{
		"streams":	[{
				"sender":	{
					"socket":	5,
					"start":	0,
					"end":	20.000102,
					"seconds":	20.000102,
					"bytes":	2356150272,
					"bits_per_second":	942455302.27795851,
					"retransmits":	0,
					"max_snd_cwnd":	624088,
					"max_rtt":	2752,
					"min_rtt":	2752,
					"mean_rtt":	2752,
					"sender":	true
				},
				"receiver":	{
					"socket":	5,
					"start":	0,
					"end":	20.04523491859436,
					"seconds":	20.000102,
					"bytes":	2353946296,
					"bits_per_second":	939453712.788941,
					"sender":	true
				}
			}],
		"sum_sent":	{
			"start":	0,
			"end":	20.000102,
			"seconds":	20.000102,
			"bytes":	2356150272,
			"bits_per_second":	942455302.27795851,
			"retransmits":	0,
			"sender":	true
		},
		"sum_received":	{
			"start":	0,
			"end":	20.04523491859436,
			"seconds":	20.04523491859436,
			"bytes":	2353946296,
			"bits_per_second":	939453712.788941,
			"sender":	true
		},
		"cpu_utilization_percent":	{
			"host_total":	19.231274559799914,
			"host_user":	0.774213861120547,
			"host_system":	18.457060698679367,
			"remote_total":	25.099991144145577,
			"remote_user":	1.7611422004720938,
			"remote_system":	23.338848943673483
		},
		"sender_tcp_congestion":	"cubic",
		"receiver_tcp_congestion":	"cubic"
	}
}
