{
	"start":	{
		"connected":	[{
				"socket":	5,
				"local_host":	"10.10.10.2",
				"local_port":	55528,
				"remote_host":	"10.10.10.4",
				"remote_port":	5201
			}],
		"version":	"iperf 3.9",
		"system_info":	"Linux zelda 5.10.0-18-amd64 #1 SMP Debian 5.10.140-1 (2022-09-02) x86_64",
		"timestamp":	{
			"time":	"Wed, 31 Jan 2024 11:12:05 GMT",
			"timesecs":	1706699525
		},
		"connecting_to":	{
			"host":	"10.10.10.4",
			"port":	5201
		},
		"cookie":	"fc4a7pelmbgfnsg3x43xywz4tp53tyg2rgdm",
		"tcp_mss_default":	1448,
		"target_bitrate":	8000000000,
		"sock_bufsize":	0,
		"sndbuf_actual":	1000000,
		"rcvbuf_actual":	1000000,
		"test_start":	{
			"protocol":	"TCP",
			"num_streams":	1,
			"blksize":	131072,
			"omit":	0,
			"duration":	70,
			"bytes":	0,
			"blocks":	0,
			"reverse":	0,
			"tos":	0
		}
	},
	"intervals":	[{
			"streams":	[{
					"socket":	5,
					"start":	0,
					"end":	60.000083,
					"seconds":	60.000083923339844,
					"bytes":	7062814720,
					"bits_per_second":	941707312.146287,
					"retransmits":	0,
					"snd_cwnd":	437296,
					"rtt":	2173,
					"rttvar":	134,
					"pmtu":	9000,
					"omitted":	false,
					"sender":	true
				}],
			"sum":	{
				"start":	0,
				"end":	60.000083,
				"seconds":	60.000083923339844,
				"bytes":	7062814720,
				"bits_per_second":	941707312.146287,
				"retransmits":	0,
				"omitted":	false,
				"sender":	true
			}
		}, {
			"streams":	[{
					"socket":	5,
					"start":	60.000083,
					"end":	70.000103,
					"seconds":	10.000020027160645,
					"bytes":	1176764416,
					"bits_per_second":	941409647.423776,
					"retransmits":	0,
					"snd_cwnd":	437296,
					"rtt":	2202,
					"rttvar":	138,
					"pmtu":	9000,
					"omitted":	false,
					"sender":	true
				}],
			"sum":	{
				"start":	60.000083,
				"end":	70.000103,
				"seconds":	10.000020027160645,
				"bytes":	1176764416,
				"bits_per_second":	941409647.423776,
				"retransmits":	0,
				"omitted":	false,
				"sender":	true
			}
		}],
	"end":	{
		"streams":	[{
				"sender":	{
					"socket":	5,
					"start":	0,
					"end":	70.000103,
					"seconds":	70.000103,
					"bytes":	8239579136,
					"bits_per_second":	941664801.37893522,
					"retransmits":	0,
					"max_snd_cwnd":	437296,
					"max_rtt":	2202,
					"min_rtt":	2173,
					"mean_rtt":	2187,
					"sender":	true
				},
				"receiver":	{
					"socket":	5,
					"start":	0,
					"end":	70.04370379447937,
					"seconds":	70.000103,
					"bytes":	8238097016,
					"bits_per_second":	940909354.55635357,
					"sender":	true
				}
			}],
		"sum_sent":	{
			"start":	0,
			"end":	70.000103,
			"seconds":	70.000103,
			"bytes":	8239579136,
			"bits_per_second":	941664801.37893522,
			"retransmits":	0,
			"sender":	true
		},
		"sum_received":	{
			"start":	0,
			"end":	70.04370379447937,
			"seconds":	70.04370379447937,
			"bytes":	8238097016,
			"bits_per_second":	940909354.55635357,
			"sender":	true
		},
		"cpu_utilization_percent":	{
			"host_total":	18.7537519040775,
			"host_user":	0.67692574961677332,
			"host_system":	18.076824727677788,
			"remote_total":	25.337191838361719,
			"remote_user":	2.4420692314190888,
			"remote_system":	22.895121180852676
		},
		"sender_tcp_congestion":	"cubic",
		"receiver_tcp_congestion":	"cubic"
	}
}
