{
	"start":	{
		"connected":	[{
				"socket":	5,
				"local_host":	"10.10.10.2",
				"local_port":	52174,
				"remote_host":	"10.10.10.4",
				"remote_port":	5201
			}],
		"version":	"iperf 3.9",
		"system_info":	"Linux zelda 5.10.0-18-amd64 #1 SMP Debian 5.10.140-1 (2022-09-02) x86_64",
		"timestamp":	{
			"time":	"Wed, 31 Jan 2024 14:33:10 GMT",
			"timesecs":	1706711590
		},
		"connecting_to":	{
			"host":	"10.10.10.4",
			"port":	5201
		},
		"cookie":	"kbuc7jorn53gy7i4265ua47v3hm6aztk2ylm",
		"tcp_mss_default":	1448,
		"target_bitrate":	10000000000,
		"sock_bufsize":	0,
		"sndbuf_actual":	1000000,
		"rcvbuf_actual":	1000000,
		"test_start":	{
			"protocol":	"TCP",
			"num_streams":	1,
			"blksize":	131072,
			"omit":	0,
			"duration":	80,
			"bytes":	0,
			"blocks":	0,
			"reverse":	0,
			"tos":	0
		}
	},
	"intervals":	[{
			"streams":	[{
					"socket":	5,
					"start":	0,
					"end":	60.000082,
					"seconds":	60.000080108642578,
					"bytes":	7060979712,
					"bits_per_second":	941462704.61167824,
					"retransmits":	89,
					"snd_cwnd":	525624,
					"rtt":	2647,
					"rttvar":	224,
					"pmtu":	9000,
					"omitted":	false,
					"sender":	true
				}],
			"sum":	{
				"start":	0,
				"end":	60.000082,
				"seconds":	60.000080108642578,
				"bytes":	7060979712,
				"bits_per_second":	941462704.61167824,
				"retransmits":	89,
				"omitted":	false,
				"sender":	true
			}
		}, {
			"streams":	[{
					"socket":	5,
					"start":	60.000082,
					"end":	80.000092,
					"seconds":	20.000009536743164,
					"bytes":	2353266688,
					"bits_per_second":	941306226.350214,
					"retransmits":	23,
					"snd_cwnd":	415576,
					"rtt":	2228,
					"rttvar":	104,
					"pmtu":	9000,
					"omitted":	false,
					"sender":	true
				}],
			"sum":	{
				"start":	60.000082,
				"end":	80.000092,
				"seconds":	20.000009536743164,
				"bytes":	2353266688,
				"bits_per_second":	941306226.350214,
				"retransmits":	23,
				"omitted":	false,
				"sender":	true
			}
		}],
	"end":	{
		"streams":	[{
				"sender":	{
					"socket":	5,
					"start":	0,
					"end":	80.000092,
					"seconds":	80.000092,
					"bytes":	9414246400,
					"bits_per_second":	941423557.362909,
					"retransmits":	112,
					"max_snd_cwnd":	525624,
					"max_rtt":	2647,
					"min_rtt":	2228,
					"mean_rtt":	2437,
					"sender":	true
				},
				"receiver":	{
					"socket":	5,
					"start":	0,
					"end":	80.044203996658325,
					"seconds":	80.000092,
					"bytes":	9412003648,
					"bits_per_second":	940680591.778306,
					"sender":	true
				}
			}],
		"sum_sent":	{
			"start":	0,
			"end":	80.000092,
			"seconds":	80.000092,
			"bytes":	9414246400,
			"bits_per_second":	941423557.362909,
			"retransmits":	112,
			"sender":	true
		},
		"sum_received":	{
			"start":	0,
			"end":	80.044203996658325,
			"seconds":	80.044203996658325,
			"bytes":	9412003648,
			"bits_per_second":	940680591.778306,
			"sender":	true
		},
		"cpu_utilization_percent":	{
			"host_total":	18.714944724885466,
			"host_user":	0.69222272753398451,
			"host_system":	18.022720748674658,
			"remote_total":	26.411805937682615,
			"remote_user":	2.6637727539526734,
			"remote_system":	23.748033183729941
		},
		"sender_tcp_congestion":	"cubic",
		"receiver_tcp_congestion":	"cubic"
	}
}
