{
	"start":	{
		"connected":	[{
				"socket":	5,
				"local_host":	"10.10.10.2",
				"local_port":	41196,
				"remote_host":	"10.10.10.4",
				"remote_port":	5201
			}],
		"version":	"iperf 3.9",
		"system_info":	"Linux zelda 5.10.0-18-amd64 #1 SMP Debian 5.10.140-1 (2022-09-02) x86_64",
		"timestamp":	{
			"time":	"Wed, 31 Jan 2024 11:41:39 GMT",
			"timesecs":	1706701299
		},
		"connecting_to":	{
			"host":	"10.10.10.4",
			"port":	5201
		},
		"cookie":	"tgyuumfqndfjsg4xtrvl4qvy4vcb65ikjpna",
		"tcp_mss_default":	1448,
		"target_bitrate":	8000000000,
		"sock_bufsize":	0,
		"sndbuf_actual":	1000000,
		"rcvbuf_actual":	1000000,
		"test_start":	{
			"protocol":	"TCP",
			"num_streams":	1,
			"blksize":	131072,
			"omit":	0,
			"duration":	90,
			"bytes":	0,
			"blocks":	0,
			"reverse":	0,
			"tos":	0
		}
	},
	"intervals":	[{
			"streams":	[{
					"socket":	5,
					"start":	0,
					"end":	60.000093,
					"seconds":	60.000091552734375,
					"bytes":	7063470080,
					"bits_per_second":	941794573.60219276,
					"retransmits":	0,
					"snd_cwnd":	625536,
					"rtt":	2709,
					"rttvar":	97,
					"pmtu":	9000,
					"omitted":	false,
					"sender":	true
				}],
			"sum":	{
				"start":	0,
				"end":	60.000093,
				"seconds":	60.000091552734375,
				"bytes":	7063470080,
				"bits_per_second":	941794573.60219276,
				"retransmits":	0,
				"omitted":	false,
				"sender":	true
			}
		}, {
			"streams":	[{
					"socket":	5,
					"start":	60.000093,
					"end":	90.000077,
					"seconds":	29.999984741210938,
					"bytes":	3530555392,
					"bits_per_second":	941481916.72913241,
					"retransmits":	0,
					"snd_cwnd":	625536,
					"rtt":	2763,
					"rttvar":	102,
					"pmtu":	9000,
					"omitted":	false,
					"sender":	true
				}],
			"sum":	{
				"start":	60.000093,
				"end":	90.000077,
				"seconds":	29.999984741210938,
				"bytes":	3530555392,
				"bits_per_second":	941481916.72913241,
				"retransmits":	0,
				"omitted":	false,
				"sender":	true
			}
		}],
	"end":	{
		"streams":	[{
				"sender":	{
					"socket":	5,
					"start":	0,
					"end":	90.000077,
					"seconds":	90.000077,
					"bytes":	10594025472,
					"bits_per_second":	941690347.39825833,
					"retransmits":	0,
					"max_snd_cwnd":	625536,
					"max_rtt":	2763,
					"min_rtt":	2709,
					"mean_rtt":	2736,
					"sender":	true
				},
				"receiver":	{
					"socket":	5,
					"start":	0,
					"end":	90.044387102127075,
					"seconds":	90.000077,
					"bytes":	10591870248,
					"bits_per_second":	941035468.295151,
					"sender":	true
				}
			}],
		"sum_sent":	{
			"start":	0,
			"end":	90.000077,
			"seconds":	90.000077,
			"bytes":	10594025472,
			"bits_per_second":	941690347.39825833,
			"retransmits":	0,
			"sender":	true
		},
		"sum_received":	{
			"start":	0,
			"end":	90.044387102127075,
			"seconds":	90.044387102127075,
			"bytes":	10591870248,
			"bits_per_second":	941035468.295151,
			"sender":	true
		},
		"cpu_utilization_percent":	{
			"host_total":	19.533177174025678,
			"host_user":	0.85378805467325958,
			"host_system":	18.679391339469106,
			"remote_total":	25.06016236598359,
			"remote_user":	2.6537010160940082,
			"remote_system":	22.406462459538055
		},
		"sender_tcp_congestion":	"cubic",
		"receiver_tcp_congestion":	"cubic"
	}
}
