{
	"start":	{
		"connected":	[{
				"socket":	5,
				"local_host":	"10.10.10.2",
				"local_port":	53656,
				"remote_host":	"10.10.10.4",
				"remote_port":	5201
			}],
		"version":	"iperf 3.9",
		"system_info":	"Linux zelda 5.10.0-18-amd64 #1 SMP Debian 5.10.140-1 (2022-09-02) x86_64",
		"timestamp":	{
			"time":	"Tue, 30 Jan 2024 23:52:46 GMT",
			"timesecs":	1706658766
		},
		"connecting_to":	{
			"host":	"10.10.10.4",
			"port":	5201
		},
		"cookie":	"s2agupgw3bbvigzrrk3zrplbjbjvnnwerw2b",
		"tcp_mss_default":	1448,
		"target_bitrate":	1000000000,
		"sock_bufsize":	0,
		"sndbuf_actual":	1000000,
		"rcvbuf_actual":	1000000,
		"test_start":	{
			"protocol":	"TCP",
			"num_streams":	1,
			"blksize":	131072,
			"omit":	0,
			"duration":	10,
			"bytes":	0,
			"blocks":	0,
			"reverse":	0,
			"tos":	0
		}
	},
	"intervals":	[{
			"streams":	[{
					"socket":	5,
					"start":	0,
					"end":	10.000074,
					"seconds":	10.00007438659668,
					"bytes":	1178861568,
					"bits_per_second":	943082239.132184,
					"retransmits":	0,
					"snd_cwnd":	514040,
					"rtt":	2756,
					"rttvar":	107,
					"pmtu":	9000,
					"omitted":	false,
					"sender":	true
				}],
			"sum":	{
				"start":	0,
				"end":	10.000074,
				"seconds":	10.00007438659668,
				"bytes":	1178861568,
				"bits_per_second":	943082239.132184,
				"retransmits":	0,
				"omitted":	false,
				"sender":	true
			}
		}],
	"end":	{
		"streams":	[{
				"sender":	{
					"socket":	5,
					"start":	0,
					"end":	10.000074,
					"seconds":	10.000074,
					"bytes":	1178861568,
					"bits_per_second":	943082275.59116066,
					"retransmits":	0,
					"max_snd_cwnd":	514040,
					"max_rtt":	2756,
					"min_rtt":	2756,
					"mean_rtt":	2756,
					"sender":	true
				},
				"receiver":	{
					"socket":	5,
					"start":	0,
					"end":	10.044128894805908,
					"seconds":	10.000074,
					"bytes":	1177004240,
					"bits_per_second":	937466456.137305,
					"sender":	true
				}
			}],
		"sum_sent":	{
			"start":	0,
			"end":	10.000074,
			"seconds":	10.000074,
			"bytes":	1178861568,
			"bits_per_second":	943082275.59116066,
			"retransmits":	0,
			"sender":	true
		},
		"sum_received":	{
			"start":	0,
			"end":	10.044128894805908,
			"seconds":	10.044128894805908,
			"bytes":	1177004240,
			"bits_per_second":	937466456.137305,
			"sender":	true
		},
		"cpu_utilization_percent":	{
			"host_total":	21.518745261672656,
			"host_user":	1.1143366133521913,
			"host_system":	20.404398734205451,
			"remote_total":	0.33611309881208457,
			"remote_user":	0.034916453044652136,
			"remote_system":	0.3011965076775025
		},
		"sender_tcp_congestion":	"cubic",
		"receiver_tcp_congestion":	"cubic"
	}
}
