{
	"start":	{
		"connected":	[{
				"socket":	5,
				"local_host":	"10.10.10.2",
				"local_port":	48042,
				"remote_host":	"10.10.10.4",
				"remote_port":	5201
			}],
		"version":	"iperf 3.9",
		"system_info":	"Linux zelda 5.10.0-18-amd64 #1 SMP Debian 5.10.140-1 (2022-09-02) x86_64",
		"timestamp":	{
			"time":	"Wed, 31 Jan 2024 04:13:47 GMT",
			"timesecs":	1706674427
		},
		"connecting_to":	{
			"host":	"10.10.10.4",
			"port":	5201
		},
		"cookie":	"skojvm4mzcmb7nyc67ykfefvn5owpeiu24m5",
		"tcp_mss_default":	1448,
		"target_bitrate":	3000000000,
		"sock_bufsize":	0,
		"sndbuf_actual":	1000000,
		"rcvbuf_actual":	1000000,
		"test_start":	{
			"protocol":	"TCP",
			"num_streams":	1,
			"blksize":	131072,
			"omit":	0,
			"duration":	100,
			"bytes":	0,
			"blocks":	0,
			"reverse":	0,
			"tos":	0
		}
	},
	"intervals":	[{
			"streams":	[{
					"socket":	5,
					"start":	0,
					"end":	60.000086,
					"seconds":	60.0000877380371,
					"bytes":	7062814720,
					"bits_per_second":	941707252.274236,
					"retransmits":	0,
					"snd_cwnd":	447432,
					"rtt":	2268,
					"rttvar":	144,
					"pmtu":	9000,
					"omitted":	false,
					"sender":	true
				}],
			"sum":	{
				"start":	0,
				"end":	60.000086,
				"seconds":	60.0000877380371,
				"bytes":	7062814720,
				"bits_per_second":	941707252.274236,
				"retransmits":	0,
				"omitted":	false,
				"sender":	true
			}
		}, {
			"streams":	[{
					"socket":	5,
					"start":	60.000086,
					"end":	100.000075,
					"seconds":	39.9999885559082,
					"bytes":	4707975168,
					"bits_per_second":	941595302.992577,
					"retransmits":	0,
					"snd_cwnd":	700832,
					"rtt":	2813,
					"rttvar":	149,
					"pmtu":	9000,
					"omitted":	false,
					"sender":	true
				}],
			"sum":	{
				"start":	60.000086,
				"end":	100.000075,
				"seconds":	39.9999885559082,
				"bytes":	4707975168,
				"bits_per_second":	941595302.992577,
				"retransmits":	0,
				"omitted":	false,
				"sender":	true
			}
		}],
	"end":	{
		"streams":	[{
				"sender":	{
					"socket":	5,
					"start":	0,
					"end":	100.000075,
					"seconds":	100.000075,
					"bytes":	11770789888,
					"bits_per_second":	941662484.79313648,
					"retransmits":	0,
					"max_snd_cwnd":	700832,
					"max_rtt":	2813,
					"min_rtt":	2268,
					"mean_rtt":	2540,
					"sender":	true
				},
				"receiver":	{
					"socket":	5,
					"start":	0,
					"end":	100.04374814033508,
					"seconds":	100.000075,
					"bytes":	11768357088,
					"bits_per_second":	941056872.158935,
					"sender":	true
				}
			}],
		"sum_sent":	{
			"start":	0,
			"end":	100.000075,
			"seconds":	100.000075,
			"bytes":	11770789888,
			"bits_per_second":	941662484.79313648,
			"retransmits":	0,
			"sender":	true
		},
		"sum_received":	{
			"start":	0,
			"end":	100.04374814033508,
			"seconds":	100.04374814033508,
			"bytes":	11768357088,
			"bits_per_second":	941056872.158935,
			"sender":	true
		},
		"cpu_utilization_percent":	{
			"host_total":	18.6845026057777,
			"host_user":	0.71135778885117451,
			"host_system":	17.973144816926524,
			"remote_total":	25.786468896133773,
			"remote_user":	2.6204240029515438,
			"remote_system":	23.166044893182232
		},
		"sender_tcp_congestion":	"cubic",
		"receiver_tcp_congestion":	"cubic"
	}
}
