{
	"start":	{
		"connected":	[{
				"socket":	5,
				"local_host":	"10.10.10.2",
				"local_port":	58492,
				"remote_host":	"10.10.10.4",
				"remote_port":	5201
			}],
		"version":	"iperf 3.9",
		"system_info":	"Linux zelda 5.10.0-18-amd64 #1 SMP Debian 5.10.140-1 (2022-09-02) x86_64",
		"timestamp":	{
			"time":	"Wed, 31 Jan 2024 04:32:12 GMT",
			"timesecs":	1706675532
		},
		"connecting_to":	{
			"host":	"10.10.10.4",
			"port":	5201
		},
		"cookie":	"xjop7kipnzfurogf5t6ajf2424ez2fudmqqq",
		"tcp_mss_default":	1448,
		"target_bitrate":	4000000000,
		"sock_bufsize":	0,
		"sndbuf_actual":	1000000,
		"rcvbuf_actual":	1000000,
		"test_start":	{
			"protocol":	"TCP",
			"num_streams":	1,
			"blksize":	131072,
			"omit":	0,
			"duration":	20,
			"bytes":	0,
			"blocks":	0,
			"reverse":	0,
			"tos":	0
		}
	},
	"intervals":	[{
			"streams":	[{
					"socket":	5,
					"start":	0,
					"end":	20.000082,
					"seconds":	20.000082015991211,
					"bytes":	2356150272,
					"bits_per_second":	942456243.975849,
					"retransmits":	0,
					"snd_cwnd":	616848,
					"rtt":	2811,
					"rttvar":	150,
					"pmtu":	9000,
					"omitted":	false,
					"sender":	true
				}],
			"sum":	{
				"start":	0,
				"end":	20.000082,
				"seconds":	20.000082015991211,
				"bytes":	2356150272,
				"bits_per_second":	942456243.975849,
				"retransmits":	0,
				"omitted":	false,
				"sender":	true
			}
		}],
	"end":	{
		"streams":	[{
				"sender":	{
					"socket":	5,
					"start":	0,
					"end":	20.000082,
					"seconds":	20.000082,
					"bytes":	2356150272,
					"bits_per_second":	942456244.7293967,
					"retransmits":	0,
					"max_snd_cwnd":	616848,
					"max_rtt":	2811,
					"min_rtt":	2811,
					"mean_rtt":	2811,
					"sender":	true
				},
				"receiver":	{
					"socket":	5,
					"start":	0,
					"end":	20.043639898300171,
					"seconds":	20.000082,
					"bytes":	2353908312,
					"bits_per_second":	939513311.531655,
					"sender":	true
				}
			}],
		"sum_sent":	{
			"start":	0,
			"end":	20.000082,
			"seconds":	20.000082,
			"bytes":	2356150272,
			"bits_per_second":	942456244.7293967,
			"retransmits":	0,
			"sender":	true
		},
		"sum_received":	{
			"start":	0,
			"end":	20.043639898300171,
			"seconds":	20.043639898300171,
			"bytes":	2353908312,
			"bits_per_second":	939513311.531655,
			"sender":	true
		},
		"cpu_utilization_percent":	{
			"host_total":	18.45399187334046,
			"host_user":	0.79950142068913943,
			"host_system":	17.654495431672963,
			"remote_total":	26.762219737433686,
			"remote_user":	2.0888494437682934,
			"remote_system":	24.673365322983713
		},
		"sender_tcp_congestion":	"cubic",
		"receiver_tcp_congestion":	"cubic"
	}
}
