{
	"start":	{
		"connected":	[{
				"socket":	5,
				"local_host":	"10.10.10.2",
				"local_port":	44002,
				"remote_host":	"10.10.10.4",
				"remote_port":	5201
			}],
		"version":	"iperf 3.9",
		"system_info":	"Linux zelda 5.10.0-18-amd64 #1 SMP Debian 5.10.140-1 (2022-09-02) x86_64",
		"timestamp":	{
			"time":	"Wed, 31 Jan 2024 08:00:01 GMT",
			"timesecs":	1706688001
		},
		"connecting_to":	{
			"host":	"10.10.10.4",
			"port":	5201
		},
		"cookie":	"bshog36jxmhi3q4z3zfzdqhk6inhhv7q3wxl",
		"tcp_mss_default":	1448,
		"target_bitrate":	6000000000,
		"sock_bufsize":	0,
		"sndbuf_actual":	1000000,
		"rcvbuf_actual":	1000000,
		"test_start":	{
			"protocol":	"TCP",
			"num_streams":	1,
			"blksize":	131072,
			"omit":	0,
			"duration":	60,
			"bytes":	0,
			"blocks":	0,
			"reverse":	0,
			"tos":	0
		}
	},
	"intervals":	[{
			"streams":	[{
					"socket":	5,
					"start":	0,
					"end":	60.000069,
					"seconds":	60.000068664550781,
					"bytes":	7063601152,
					"bits_per_second":	941812409.1145668,
					"retransmits":	0,
					"snd_cwnd":	632776,
					"rtt":	2802,
					"rttvar":	100,
					"pmtu":	9000,
					"omitted":	false,
					"sender":	true
				}],
			"sum":	{
				"start":	0,
				"end":	60.000069,
				"seconds":	60.000068664550781,
				"bytes":	7063601152,
				"bits_per_second":	941812409.1145668,
				"retransmits":	0,
				"omitted":	false,
				"sender":	true
			}
		}],
	"end":	{
		"streams":	[{
				"sender":	{
					"socket":	5,
					"start":	0,
					"end":	60.000069,
					"seconds":	60.000069,
					"bytes":	7063601152,
					"bits_per_second":	941812403.849069,
					"retransmits":	0,
					"max_snd_cwnd":	632776,
					"max_rtt":	2802,
					"min_rtt":	2802,
					"mean_rtt":	2802,
					"sender":	true
				},
				"receiver":	{
					"socket":	5,
					"start":	0,
					"end":	60.045245885849,
					"seconds":	60.000069,
					"bytes":	7061344728,
					"bits_per_second":	940803172.51749825,
					"sender":	true
				}
			}],
		"sum_sent":	{
			"start":	0,
			"end":	60.000069,
			"seconds":	60.000069,
			"bytes":	7063601152,
			"bits_per_second":	941812403.849069,
			"retransmits":	0,
			"sender":	true
		},
		"sum_received":	{
			"start":	0,
			"end":	60.045245885849,
			"seconds":	60.045245885849,
			"bytes":	7061344728,
			"bits_per_second":	940803172.51749825,
			"sender":	true
		},
		"cpu_utilization_percent":	{
			"host_total":	19.637733754777994,
			"host_user":	0.701365227274017,
			"host_system":	18.936368527503976,
			"remote_total":	23.459069664682769,
			"remote_user":	2.42780750566522,
			"remote_system":	21.031260495748359
		},
		"sender_tcp_congestion":	"cubic",
		"receiver_tcp_congestion":	"cubic"
	}
}
