{
	"start":	{
		"connected":	[{
				"socket":	5,
				"local_host":	"10.10.10.2",
				"local_port":	40366,
				"remote_host":	"10.10.10.4",
				"remote_port":	5201
			}],
		"version":	"iperf 3.9",
		"system_info":	"Linux zelda 5.10.0-18-amd64 #1 SMP Debian 5.10.140-1 (2022-09-02) x86_64",
		"timestamp":	{
			"time":	"Wed, 31 Jan 2024 04:37:24 GMT",
			"timesecs":	1706675844
		},
		"connecting_to":	{
			"host":	"10.10.10.4",
			"port":	5201
		},
		"cookie":	"xplpeqvh6drfhzumqjgcxnttku5353ymvgtp",
		"tcp_mss_default":	1448,
		"target_bitrate":	4000000000,
		"sock_bufsize":	0,
		"sndbuf_actual":	1000000,
		"rcvbuf_actual":	1000000,
		"test_start":	{
			"protocol":	"TCP",
			"num_streams":	1,
			"blksize":	131072,
			"omit":	0,
			"duration":	30,
			"bytes":	0,
			"blocks":	0,
			"reverse":	0,
			"tos":	0
		}
	},
	"intervals":	[{
			"streams":	[{
					"socket":	5,
					"start":	0,
					"end":	30.000081,
					"seconds":	30.000080108642578,
					"bytes":	3533045760,
					"bits_per_second":	942143020.206718,
					"retransmits":	0,
					"snd_cwnd":	621192,
					"rtt":	2775,
					"rttvar":	158,
					"pmtu":	9000,
					"omitted":	false,
					"sender":	true
				}],
			"sum":	{
				"start":	0,
				"end":	30.000081,
				"seconds":	30.000080108642578,
				"bytes":	3533045760,
				"bits_per_second":	942143020.206718,
				"retransmits":	0,
				"omitted":	false,
				"sender":	true
			}
		}],
	"end":	{
		"streams":	[{
				"sender":	{
					"socket":	5,
					"start":	0,
					"end":	30.000081,
					"seconds":	30.000081,
					"bytes":	3533045760,
					"bits_per_second":	942142992.213921,
					"retransmits":	0,
					"max_snd_cwnd":	621192,
					"max_rtt":	2775,
					"min_rtt":	2775,
					"mean_rtt":	2775,
					"sender":	true
				},
				"receiver":	{
					"socket":	5,
					"start":	0,
					"end":	30.044169902801514,
					"seconds":	30.000081,
					"bytes":	3530806848,
					"bits_per_second":	940164260.666297,
					"sender":	true
				}
			}],
		"sum_sent":	{
			"start":	0,
			"end":	30.000081,
			"seconds":	30.000081,
			"bytes":	3533045760,
			"bits_per_second":	942142992.213921,
			"retransmits":	0,
			"sender":	true
		},
		"sum_received":	{
			"start":	0,
			"end":	30.044169902801514,
			"seconds":	30.044169902801514,
			"bytes":	3530806848,
			"bits_per_second":	940164260.666297,
			"sender":	true
		},
		"cpu_utilization_percent":	{
			"host_total":	18.930921134637956,
			"host_user":	0.69922162083823758,
			"host_system":	18.231699513799718,
			"remote_total":	23.43730825725601,
			"remote_user":	2.2135944443411484,
			"remote_system":	21.223713812914863
		},
		"sender_tcp_congestion":	"cubic",
		"receiver_tcp_congestion":	"cubic"
	}
}
