{
	"start":	{
		"connected":	[{
				"socket":	5,
				"local_host":	"10.10.10.2",
				"local_port":	58720,
				"remote_host":	"10.10.10.4",
				"remote_port":	5201
			}],
		"version":	"iperf 3.9",
		"system_info":	"Linux zelda 5.10.0-18-amd64 #1 SMP Debian 5.10.140-1 (2022-09-02) x86_64",
		"timestamp":	{
			"time":	"Wed, 31 Jan 2024 03:30:00 GMT",
			"timesecs":	1706671800
		},
		"connecting_to":	{
			"host":	"10.10.10.4",
			"port":	5201
		},
		"cookie":	"5nqfqvu35uknznyljjxw7qrgihiyplrimi7k",
		"tcp_mss_default":	1448,
		"target_bitrate":	3000000000,
		"sock_bufsize":	0,
		"sndbuf_actual":	1000000,
		"rcvbuf_actual":	1000000,
		"test_start":	{
			"protocol":	"TCP",
			"num_streams":	1,
			"blksize":	131072,
			"omit":	0,
			"duration":	60,
			"bytes":	0,
			"blocks":	0,
			"reverse":	0,
			"tos":	0
		}
	},
	"intervals":	[{
			"streams":	[{
					"socket":	5,
					"start":	0,
					"end":	60.000071,
					"seconds":	60.000072479248047,
					"bytes":	7062814720,
					"bits_per_second":	941707491.76248527,
					"retransmits":	0,
					"snd_cwnd":	443088,
					"rtt":	2213,
					"rttvar":	120,
					"pmtu":	9000,
					"omitted":	false,
					"sender":	true
				}],
			"sum":	{
				"start":	0,
				"end":	60.000071,
				"seconds":	60.000072479248047,
				"bytes":	7062814720,
				"bits_per_second":	941707491.76248527,
				"retransmits":	0,
				"omitted":	false,
				"sender":	true
			}
		}],
	"end":	{
		"streams":	[{
				"sender":	{
					"socket":	5,
					"start":	0,
					"end":	60.000071,
					"seconds":	60.000071,
					"bytes":	7062814720,
					"bits_per_second":	941707514.97944069,
					"retransmits":	0,
					"max_snd_cwnd":	443088,
					"max_rtt":	2213,
					"min_rtt":	2213,
					"mean_rtt":	2213,
					"sender":	true
				},
				"receiver":	{
					"socket":	5,
					"start":	0,
					"end":	60.043154001235962,
					"seconds":	60.000071,
					"bytes":	7061308528,
					"bits_per_second":	940831126.60665977,
					"sender":	true
				}
			}],
		"sum_sent":	{
			"start":	0,
			"end":	60.000071,
			"seconds":	60.000071,
			"bytes":	7062814720,
			"bits_per_second":	941707514.97944069,
			"retransmits":	0,
			"sender":	true
		},
		"sum_received":	{
			"start":	0,
			"end":	60.043154001235962,
			"seconds":	60.043154001235962,
			"bytes":	7061308528,
			"bits_per_second":	940831126.60665977,
			"sender":	true
		},
		"cpu_utilization_percent":	{
			"host_total":	18.989171999158774,
			"host_user":	0.80301942025954,
			"host_system":	18.186150914558542,
			"remote_total":	25.451293773133983,
			"remote_user":	2.410944373846565,
			"remote_system":	23.0403460725116
		},
		"sender_tcp_congestion":	"cubic",
		"receiver_tcp_congestion":	"cubic"
	}
}
