{
	"start":	{
		"connected":	[{
				"socket":	5,
				"local_host":	"10.10.10.2",
				"local_port":	39164,
				"remote_host":	"10.10.10.4",
				"remote_port":	5201
			}],
		"version":	"iperf 3.9",
		"system_info":	"Linux zelda 5.10.0-18-amd64 #1 SMP Debian 5.10.140-1 (2022-09-02) x86_64",
		"timestamp":	{
			"time":	"Tue, 30 Jan 2024 23:57:10 GMT",
			"timesecs":	1706659030
		},
		"connecting_to":	{
			"host":	"10.10.10.4",
			"port":	5201
		},
		"cookie":	"vn2p644kpftjix2nlsxwgtzuhxfuj7kjrgtk",
		"tcp_mss_default":	1448,
		"target_bitrate":	1000000000,
		"sock_bufsize":	0,
		"sndbuf_actual":	1000000,
		"rcvbuf_actual":	1000000,
		"test_start":	{
			"protocol":	"TCP",
			"num_streams":	1,
			"blksize":	131072,
			"omit":	0,
			"duration":	20,
			"bytes":	0,
			"blocks":	0,
			"reverse":	0,
			"tos":	0
		}
	},
	"intervals":	[{
			"streams":	[{
					"socket":	5,
					"start":	0,
					"end":	20.000076,
					"seconds":	20.000076293945312,
					"bytes":	2355101696,
					"bits_per_second":	942037084.81370842,
					"retransmits":	0,
					"snd_cwnd":	409784,
					"rtt":	2193,
					"rttvar":	93,
					"pmtu":	9000,
					"omitted":	false,
					"sender":	true
				}],
			"sum":	{
				"start":	0,
				"end":	20.000076,
				"seconds":	20.000076293945312,
				"bytes":	2355101696,
				"bits_per_second":	942037084.81370842,
				"retransmits":	0,
				"omitted":	false,
				"sender":	true
			}
		}],
	"end":	{
		"streams":	[{
				"sender":	{
					"socket":	5,
					"start":	0,
					"end":	20.000076,
					"seconds":	20.000076,
					"bytes":	2355101696,
					"bits_per_second":	942037098.659025,
					"retransmits":	0,
					"max_snd_cwnd":	409784,
					"max_rtt":	2193,
					"min_rtt":	2193,
					"mean_rtt":	2193,
					"sender":	true
				},
				"receiver":	{
					"socket":	5,
					"start":	0,
					"end":	20.044082880020142,
					"seconds":	20.000076,
					"bytes":	2353744328,
					"bits_per_second":	939427098.59624565,
					"sender":	true
				}
			}],
		"sum_sent":	{
			"start":	0,
			"end":	20.000076,
			"seconds":	20.000076,
			"bytes":	2355101696,
			"bits_per_second":	942037098.659025,
			"retransmits":	0,
			"sender":	true
		},
		"sum_received":	{
			"start":	0,
			"end":	20.044082880020142,
			"seconds":	20.044082880020142,
			"bytes":	2353744328,
			"bits_per_second":	939427098.59624565,
			"sender":	true
		},
		"cpu_utilization_percent":	{
			"host_total":	19.012524336114,
			"host_user":	0.650752069565439,
			"host_system":	18.361772266548556,
			"remote_total":	26.0901893754897,
			"remote_user":	2.6074377805267566,
			"remote_system":	23.482756565591746
		},
		"sender_tcp_congestion":	"cubic",
		"receiver_tcp_congestion":	"cubic"
	}
}
