{
	"start":	{
		"connected":	[{
				"socket":	5,
				"local_host":	"10.10.10.2",
				"local_port":	44756,
				"remote_host":	"10.10.10.4",
				"remote_port":	5201
			}],
		"version":	"iperf 3.9",
		"system_info":	"Linux zelda 5.10.0-18-amd64 #1 SMP Debian 5.10.140-1 (2022-09-02) x86_64",
		"timestamp":	{
			"time":	"Wed, 31 Jan 2024 09:47:05 GMT",
			"timesecs":	1706694425
		},
		"connecting_to":	{
			"host":	"10.10.10.4",
			"port":	5201
		},
		"cookie":	"2qutlri5t6ghf5dl4dh22uhpfkzzc3efks2q",
		"tcp_mss_default":	1448,
		"target_bitrate":	7000000000,
		"sock_bufsize":	0,
		"sndbuf_actual":	1000000,
		"rcvbuf_actual":	1000000,
		"test_start":	{
			"protocol":	"TCP",
			"num_streams":	1,
			"blksize":	131072,
			"omit":	0,
			"duration":	70,
			"bytes":	0,
			"blocks":	0,
			"reverse":	0,
			"tos":	0
		}
	},
	"intervals":	[{
			"streams":	[{
					"socket":	5,
					"start":	0,
					"end":	60.000082,
					"seconds":	60.000080108642578,
					"bytes":	7063076864,
					"bits_per_second":	941742324.505012,
					"retransmits":	0,
					"snd_cwnd":	540104,
					"rtt":	2187,
					"rttvar":	150,
					"pmtu":	9000,
					"omitted":	false,
					"sender":	true
				}],
			"sum":	{
				"start":	0,
				"end":	60.000082,
				"seconds":	60.000080108642578,
				"bytes":	7063076864,
				"bits_per_second":	941742324.505012,
				"retransmits":	0,
				"omitted":	false,
				"sender":	true
			}
		}, {
			"streams":	[{
					"socket":	5,
					"start":	60.000082,
					"end":	70.000079,
					"seconds":	9.99999713897705,
					"bytes":	1176764416,
					"bits_per_second":	941411802.140077,
					"retransmits":	0,
					"snd_cwnd":	540104,
					"rtt":	2425,
					"rttvar":	117,
					"pmtu":	9000,
					"omitted":	false,
					"sender":	true
				}],
			"sum":	{
				"start":	60.000082,
				"end":	70.000079,
				"seconds":	9.99999713897705,
				"bytes":	1176764416,
				"bits_per_second":	941411802.140077,
				"retransmits":	0,
				"omitted":	false,
				"sender":	true
			}
		}],
	"end":	{
		"streams":	[{
				"sender":	{
					"socket":	5,
					"start":	0,
					"end":	70.000079,
					"seconds":	70.000079,
					"bytes":	8239841280,
					"bits_per_second":	941695083.51554859,
					"retransmits":	0,
					"max_snd_cwnd":	540104,
					"max_rtt":	2425,
					"min_rtt":	2187,
					"mean_rtt":	2306,
					"sender":	true
				},
				"receiver":	{
					"socket":	5,
					"start":	0,
					"end":	70.043493986129761,
					"seconds":	70.000079,
					"bytes":	8237974440,
					"bits_per_second":	940898172.97021878,
					"sender":	true
				}
			}],
		"sum_sent":	{
			"start":	0,
			"end":	70.000079,
			"seconds":	70.000079,
			"bytes":	8239841280,
			"bits_per_second":	941695083.51554859,
			"retransmits":	0,
			"sender":	true
		},
		"sum_received":	{
			"start":	0,
			"end":	70.043493986129761,
			"seconds":	70.043493986129761,
			"bytes":	8237974440,
			"bits_per_second":	940898172.97021878,
			"sender":	true
		},
		"cpu_utilization_percent":	{
			"host_total":	19.673783512516,
			"host_user":	0.70446406840883435,
			"host_system":	18.969320870898734,
			"remote_total":	26.622093070681508,
			"remote_user":	2.8193290510021884,
			"remote_system":	23.802765445766667
		},
		"sender_tcp_congestion":	"cubic",
		"receiver_tcp_congestion":	"cubic"
	}
}
