{
	"start":	{
		"connected":	[{
				"socket":	5,
				"local_host":	"10.10.10.2",
				"local_port":	54950,
				"remote_host":	"10.10.10.4",
				"remote_port":	5201
			}],
		"version":	"iperf 3.9",
		"system_info":	"Linux zelda 5.10.0-18-amd64 #1 SMP Debian 5.10.140-1 (2022-09-02) x86_64",
		"timestamp":	{
			"time":	"Wed, 31 Jan 2024 05:23:45 GMT",
			"timesecs":	1706678625
		},
		"connecting_to":	{
			"host":	"10.10.10.4",
			"port":	5201
		},
		"cookie":	"y6wkututf4lk5ypotsdyltqwyhe2wtiqmtfm",
		"tcp_mss_default":	1448,
		"target_bitrate":	4000000000,
		"sock_bufsize":	0,
		"sndbuf_actual":	1000000,
		"rcvbuf_actual":	1000000,
		"test_start":	{
			"protocol":	"TCP",
			"num_streams":	1,
			"blksize":	131072,
			"omit":	0,
			"duration":	80,
			"bytes":	0,
			"blocks":	0,
			"reverse":	0,
			"tos":	0
		}
	},
	"intervals":	[{
			"streams":	[{
					"socket":	5,
					"start":	0,
					"end":	60.000221,
					"seconds":	60.0002212524414,
					"bytes":	7063601152,
					"bits_per_second":	941810013.97058451,
					"retransmits":	0,
					"snd_cwnd":	629880,
					"rtt":	2733,
					"rttvar":	124,
					"pmtu":	9000,
					"omitted":	false,
					"sender":	true
				}],
			"sum":	{
				"start":	0,
				"end":	60.000221,
				"seconds":	60.0002212524414,
				"bytes":	7063601152,
				"bits_per_second":	941810013.97058451,
				"retransmits":	0,
				"omitted":	false,
				"sender":	true
			}
		}, {
			"streams":	[{
					"socket":	5,
					"start":	60.000221,
					"end":	80.000076,
					"seconds":	19.999855041503906,
					"bytes":	2353659904,
					"bits_per_second":	941470785.30945778,
					"retransmits":	0,
					"snd_cwnd":	629880,
					"rtt":	2803,
					"rttvar":	155,
					"pmtu":	9000,
					"omitted":	false,
					"sender":	true
				}],
			"sum":	{
				"start":	60.000221,
				"end":	80.000076,
				"seconds":	19.999855041503906,
				"bytes":	2353659904,
				"bits_per_second":	941470785.30945778,
				"retransmits":	0,
				"omitted":	false,
				"sender":	true
			}
		}],
	"end":	{
		"streams":	[{
				"sender":	{
					"socket":	5,
					"start":	0,
					"end":	80.000076,
					"seconds":	80.000076,
					"bytes":	9417261056,
					"bits_per_second":	941725210.96104956,
					"retransmits":	0,
					"max_snd_cwnd":	629880,
					"max_rtt":	2803,
					"min_rtt":	2733,
					"mean_rtt":	2768,
					"sender":	true
				},
				"receiver":	{
					"socket":	5,
					"start":	0,
					"end":	80.044586896896362,
					"seconds":	80.000076,
					"bytes":	9415011144,
					"bits_per_second":	940976674.02566671,
					"sender":	true
				}
			}],
		"sum_sent":	{
			"start":	0,
			"end":	80.000076,
			"seconds":	80.000076,
			"bytes":	9417261056,
			"bits_per_second":	941725210.96104956,
			"retransmits":	0,
			"sender":	true
		},
		"sum_received":	{
			"start":	0,
			"end":	80.044586896896362,
			"seconds":	80.044586896896362,
			"bytes":	9415011144,
			"bits_per_second":	940976674.02566671,
			"sender":	true
		},
		"cpu_utilization_percent":	{
			"host_total":	20.133635048219226,
			"host_user":	0.74389697369287866,
			"host_system":	19.389738074526345,
			"remote_total":	25.242771641834466,
			"remote_user":	2.2361629003741856,
			"remote_system":	23.006608741460283
		},
		"sender_tcp_congestion":	"cubic",
		"receiver_tcp_congestion":	"cubic"
	}
}
