{
	"start":	{
		"connected":	[{
				"socket":	5,
				"local_host":	"10.10.10.2",
				"local_port":	47080,
				"remote_host":	"10.10.10.4",
				"remote_port":	5201
			}],
		"version":	"iperf 3.9",
		"system_info":	"Linux zelda 5.10.0-18-amd64 #1 SMP Debian 5.10.140-1 (2022-09-02) x86_64",
		"timestamp":	{
			"time":	"Wed, 31 Jan 2024 13:27:32 GMT",
			"timesecs":	1706707652
		},
		"connecting_to":	{
			"host":	"10.10.10.4",
			"port":	5201
		},
		"cookie":	"m3uigpsdrpu7w5btm4yoa4gba6pbwrptbz67",
		"tcp_mss_default":	1448,
		"target_bitrate":	9000000000,
		"sock_bufsize":	0,
		"sndbuf_actual":	1000000,
		"rcvbuf_actual":	1000000,
		"test_start":	{
			"protocol":	"TCP",
			"num_streams":	1,
			"blksize":	131072,
			"omit":	0,
			"duration":	100,
			"bytes":	0,
			"blocks":	0,
			"reverse":	0,
			"tos":	0
		}
	},
	"intervals":	[{
			"streams":	[{
					"socket":	5,
					"start":	0,
					"end":	60.000229,
					"seconds":	60.000228881835938,
					"bytes":	7063076864,
					"bits_per_second":	941739989.413704,
					"retransmits":	0,
					"snd_cwnd":	531416,
					"rtt":	2229,
					"rttvar":	83,
					"pmtu":	9000,
					"omitted":	false,
					"sender":	true
				}],
			"sum":	{
				"start":	0,
				"end":	60.000229,
				"seconds":	60.000228881835938,
				"bytes":	7063076864,
				"bits_per_second":	941739989.413704,
				"retransmits":	0,
				"omitted":	false,
				"sender":	true
			}
		}, {
			"streams":	[{
					"socket":	5,
					"start":	60.000229,
					"end":	100.000075,
					"seconds":	39.999847412109375,
					"bytes":	4707188736,
					"bits_per_second":	941441338.51369977,
					"retransmits":	0,
					"snd_cwnd":	531416,
					"rtt":	2731,
					"rttvar":	149,
					"pmtu":	9000,
					"omitted":	false,
					"sender":	true
				}],
			"sum":	{
				"start":	60.000229,
				"end":	100.000075,
				"seconds":	39.999847412109375,
				"bytes":	4707188736,
				"bits_per_second":	941441338.51369977,
				"retransmits":	0,
				"omitted":	false,
				"sender":	true
			}
		}],
	"end":	{
		"streams":	[{
				"sender":	{
					"socket":	5,
					"start":	0,
					"end":	100.000075,
					"seconds":	100.000075,
					"bytes":	11770265600,
					"bits_per_second":	941620541.7845937,
					"retransmits":	0,
					"max_snd_cwnd":	531416,
					"max_rtt":	2731,
					"min_rtt":	2229,
					"mean_rtt":	2480,
					"sender":	true
				},
				"receiver":	{
					"socket":	5,
					"start":	0,
					"end":	100.04420113563538,
					"seconds":	100.000075,
					"bytes":	11768394864,
					"bits_per_second":	941055631.84376442,
					"sender":	true
				}
			}],
		"sum_sent":	{
			"start":	0,
			"end":	100.000075,
			"seconds":	100.000075,
			"bytes":	11770265600,
			"bits_per_second":	941620541.7845937,
			"retransmits":	0,
			"sender":	true
		},
		"sum_received":	{
			"start":	0,
			"end":	100.04420113563538,
			"seconds":	100.04420113563538,
			"bytes":	11768394864,
			"bits_per_second":	941055631.84376442,
			"sender":	true
		},
		"cpu_utilization_percent":	{
			"host_total":	20.236359477682971,
			"host_user":	0.70595879583082422,
			"host_system":	19.530400681852143,
			"remote_total":	25.016563326199954,
			"remote_user":	2.3559734714312661,
			"remote_system":	22.660588855985186
		},
		"sender_tcp_congestion":	"cubic",
		"receiver_tcp_congestion":	"cubic"
	}
}
