{
	"start":	{
		"connected":	[{
				"socket":	5,
				"local_host":	"10.10.10.2",
				"local_port":	60670,
				"remote_host":	"10.10.10.4",
				"remote_port":	5201
			}],
		"version":	"iperf 3.9",
		"system_info":	"Linux zelda 5.10.0-18-amd64 #1 SMP Debian 5.10.140-1 (2022-09-02) x86_64",
		"timestamp":	{
			"time":	"Wed, 31 Jan 2024 14:34:30 GMT",
			"timesecs":	1706711670
		},
		"connecting_to":	{
			"host":	"10.10.10.4",
			"port":	5201
		},
		"cookie":	"nhuxcyc64jcdufueehdouyll5rg5ictwwv7v",
		"tcp_mss_default":	1448,
		"target_bitrate":	10000000000,
		"sock_bufsize":	0,
		"sndbuf_actual":	1000000,
		"rcvbuf_actual":	1000000,
		"test_start":	{
			"protocol":	"TCP",
			"num_streams":	1,
			"blksize":	131072,
			"omit":	0,
			"duration":	80,
			"bytes":	0,
			"blocks":	0,
			"reverse":	0,
			"tos":	0
		}
	},
	"intervals":	[{
			"streams":	[{
					"socket":	5,
					"start":	0,
					"end":	60.00015,
					"seconds":	60.000148773193359,
					"bytes":	7063863296,
					"bits_per_second":	941846104.109124,
					"retransmits":	0,
					"snd_cwnd":	792056,
					"rtt":	2753,
					"rttvar":	104,
					"pmtu":	9000,
					"omitted":	false,
					"sender":	true
				}],
			"sum":	{
				"start":	0,
				"end":	60.00015,
				"seconds":	60.000148773193359,
				"bytes":	7063863296,
				"bits_per_second":	941846104.109124,
				"retransmits":	0,
				"omitted":	false,
				"sender":	true
			}
		}, {
			"streams":	[{
					"socket":	5,
					"start":	60.00015,
					"end":	80.000073,
					"seconds":	19.999923706054688,
					"bytes":	2353659904,
					"bits_per_second":	941467553.0137,
					"retransmits":	0,
					"snd_cwnd":	792056,
					"rtt":	2786,
					"rttvar":	122,
					"pmtu":	9000,
					"omitted":	false,
					"sender":	true
				}],
			"sum":	{
				"start":	60.00015,
				"end":	80.000073,
				"seconds":	19.999923706054688,
				"bytes":	2353659904,
				"bits_per_second":	941467553.0137,
				"retransmits":	0,
				"omitted":	false,
				"sender":	true
			}
		}],
	"end":	{
		"streams":	[{
				"sender":	{
					"socket":	5,
					"start":	0,
					"end":	80.000073,
					"seconds":	80.000073,
					"bytes":	9417523200,
					"bits_per_second":	941751460.651792,
					"retransmits":	0,
					"max_snd_cwnd":	792056,
					"max_rtt":	2786,
					"min_rtt":	2753,
					"mean_rtt":	2769,
					"sender":	true
				},
				"receiver":	{
					"socket":	5,
					"start":	0,
					"end":	80.045315980911255,
					"seconds":	80.000073,
					"bytes":	9415080648,
					"bits_per_second":	940975049.70761847,
					"sender":	true
				}
			}],
		"sum_sent":	{
			"start":	0,
			"end":	80.000073,
			"seconds":	80.000073,
			"bytes":	9417523200,
			"bits_per_second":	941751460.651792,
			"retransmits":	0,
			"sender":	true
		},
		"sum_received":	{
			"start":	0,
			"end":	80.045315980911255,
			"seconds":	80.045315980911255,
			"bytes":	9415080648,
			"bits_per_second":	940975049.70761847,
			"sender":	true
		},
		"cpu_utilization_percent":	{
			"host_total":	19.910670501785493,
			"host_user":	0.73858173332805077,
			"host_system":	19.172088768457442,
			"remote_total":	26.043755730008993,
			"remote_user":	2.8311438011862968,
			"remote_system":	23.212610680743634
		},
		"sender_tcp_congestion":	"cubic",
		"receiver_tcp_congestion":	"cubic"
	}
}
