{
	"start":	{
		"connected":	[{
				"socket":	5,
				"local_host":	"10.10.10.2",
				"local_port":	50082,
				"remote_host":	"10.10.10.4",
				"remote_port":	5201
			}],
		"version":	"iperf 3.9",
		"system_info":	"Linux zelda 5.10.0-18-amd64 #1 SMP Debian 5.10.140-1 (2022-09-02) x86_64",
		"timestamp":	{
			"time":	"Wed, 31 Jan 2024 12:11:56 GMT",
			"timesecs":	1706703116
		},
		"connecting_to":	{
			"host":	"10.10.10.4",
			"port":	5201
		},
		"cookie":	"x3vjqgdd34pnpr6twviuir2fz4kmvezrvdbc",
		"tcp_mss_default":	1448,
		"target_bitrate":	9000000000,
		"sock_bufsize":	0,
		"sndbuf_actual":	1000000,
		"rcvbuf_actual":	1000000,
		"test_start":	{
			"protocol":	"TCP",
			"num_streams":	1,
			"blksize":	131072,
			"omit":	0,
			"duration":	20,
			"bytes":	0,
			"blocks":	0,
			"reverse":	0,
			"tos":	0
		}
	},
	"intervals":	[{
			"streams":	[{
					"socket":	5,
					"start":	0,
					"end":	20.00007,
					"seconds":	20.000070571899414,
					"bytes":	2356281344,
					"bits_per_second":	942509211.86673522,
					"retransmits":	0,
					"snd_cwnd":	644360,
					"rtt":	2771,
					"rttvar":	153,
					"pmtu":	9000,
					"omitted":	false,
					"sender":	true
				}],
			"sum":	{
				"start":	0,
				"end":	20.00007,
				"seconds":	20.000070571899414,
				"bytes":	2356281344,
				"bits_per_second":	942509211.86673522,
				"retransmits":	0,
				"omitted":	false,
				"sender":	true
			}
		}],
	"end":	{
		"streams":	[{
				"sender":	{
					"socket":	5,
					"start":	0,
					"end":	20.00007,
					"seconds":	20.00007,
					"bytes":	2356281344,
					"bits_per_second":	942509238.817664,
					"retransmits":	0,
					"max_snd_cwnd":	644360,
					"max_rtt":	2771,
					"min_rtt":	2771,
					"mean_rtt":	2771,
					"sender":	true
				},
				"receiver":	{
					"socket":	5,
					"start":	0,
					"end":	20.044143915176392,
					"seconds":	20.00007,
					"bytes":	2353959200,
					"bits_per_second":	939509997.51810944,
					"sender":	true
				}
			}],
		"sum_sent":	{
			"start":	0,
			"end":	20.00007,
			"seconds":	20.00007,
			"bytes":	2356281344,
			"bits_per_second":	942509238.817664,
			"retransmits":	0,
			"sender":	true
		},
		"sum_received":	{
			"start":	0,
			"end":	20.044143915176392,
			"seconds":	20.044143915176392,
			"bytes":	2353959200,
			"bits_per_second":	939509997.51810944,
			"sender":	true
		},
		"cpu_utilization_percent":	{
			"host_total":	19.741006763012191,
			"host_user":	0.73324545924698181,
			"host_system":	19.007761303765211,
			"remote_total":	22.868542887956973,
			"remote_user":	2.5045444150036613,
			"remote_system":	20.363998472953313
		},
		"sender_tcp_congestion":	"cubic",
		"receiver_tcp_congestion":	"cubic"
	}
}
