{
	"start":	{
		"connected":	[{
				"socket":	5,
				"local_host":	"10.10.10.2",
				"local_port":	42100,
				"remote_host":	"10.10.10.4",
				"remote_port":	5201
			}],
		"version":	"iperf 3.9",
		"system_info":	"Linux zelda 5.10.0-18-amd64 #1 SMP Debian 5.10.140-1 (2022-09-02) x86_64",
		"timestamp":	{
			"time":	"Wed, 31 Jan 2024 09:37:03 GMT",
			"timesecs":	1706693823
		},
		"connecting_to":	{
			"host":	"10.10.10.4",
			"port":	5201
		},
		"cookie":	"vsbq6j6w2eytia6amojkcivnur7qvv3vv2gn",
		"tcp_mss_default":	1448,
		"target_bitrate":	7000000000,
		"sock_bufsize":	0,
		"sndbuf_actual":	1000000,
		"rcvbuf_actual":	1000000,
		"test_start":	{
			"protocol":	"TCP",
			"num_streams":	1,
			"blksize":	131072,
			"omit":	0,
			"duration":	60,
			"bytes":	0,
			"blocks":	0,
			"reverse":	0,
			"tos":	0
		}
	},
	"intervals":	[{
			"streams":	[{
					"socket":	5,
					"start":	0,
					"end":	60.000032,
					"seconds":	60.000030517578125,
					"bytes":	7062945792,
					"bits_per_second":	941725626.613577,
					"retransmits":	0,
					"snd_cwnd":	463360,
					"rtt":	2173,
					"rttvar":	135,
					"pmtu":	9000,
					"omitted":	false,
					"sender":	true
				}],
			"sum":	{
				"start":	0,
				"end":	60.000032,
				"seconds":	60.000030517578125,
				"bytes":	7062945792,
				"bits_per_second":	941725626.613577,
				"retransmits":	0,
				"omitted":	false,
				"sender":	true
			}
		}],
	"end":	{
		"streams":	[{
				"sender":	{
					"socket":	5,
					"start":	0,
					"end":	60.000032,
					"seconds":	60.000032,
					"bytes":	7062945792,
					"bits_per_second":	941725603.346345,
					"retransmits":	0,
					"max_snd_cwnd":	463360,
					"max_rtt":	2173,
					"min_rtt":	2173,
					"mean_rtt":	2173,
					"sender":	true
				},
				"receiver":	{
					"socket":	5,
					"start":	0,
					"end":	60.04325008392334,
					"seconds":	60.000032,
					"bytes":	7061240808,
					"bits_per_second":	940820598.236158,
					"sender":	true
				}
			}],
		"sum_sent":	{
			"start":	0,
			"end":	60.000032,
			"seconds":	60.000032,
			"bytes":	7062945792,
			"bits_per_second":	941725603.346345,
			"retransmits":	0,
			"sender":	true
		},
		"sum_received":	{
			"start":	0,
			"end":	60.04325008392334,
			"seconds":	60.04325008392334,
			"bytes":	7061240808,
			"bits_per_second":	940820598.236158,
			"sender":	true
		},
		"cpu_utilization_percent":	{
			"host_total":	19.259062107287157,
			"host_user":	0.761096916095151,
			"host_system":	18.497965191192009,
			"remote_total":	24.092289352069464,
			"remote_user":	2.0654259031831641,
			"remote_system":	22.0268634488863
		},
		"sender_tcp_congestion":	"cubic",
		"receiver_tcp_congestion":	"cubic"
	}
}
