{
	"start":	{
		"connected":	[{
				"socket":	5,
				"local_host":	"10.10.10.2",
				"local_port":	37296,
				"remote_host":	"10.10.10.4",
				"remote_port":	5201
			}],
		"version":	"iperf 3.9",
		"system_info":	"Linux zelda 5.10.0-18-amd64 #1 SMP Debian 5.10.140-1 (2022-09-02) x86_64",
		"timestamp":	{
			"time":	"Wed, 31 Jan 2024 12:31:33 GMT",
			"timesecs":	1706704293
		},
		"connecting_to":	{
			"host":	"10.10.10.4",
			"port":	5201
		},
		"cookie":	"emzvlfpibizrrwcuod7mm4yfmp2o4675vkij",
		"tcp_mss_default":	1448,
		"target_bitrate":	9000000000,
		"sock_bufsize":	0,
		"sndbuf_actual":	1000000,
		"rcvbuf_actual":	1000000,
		"test_start":	{
			"protocol":	"TCP",
			"num_streams":	1,
			"blksize":	131072,
			"omit":	0,
			"duration":	50,
			"bytes":	0,
			"blocks":	0,
			"reverse":	0,
			"tos":	0
		}
	},
	"intervals":	[{
			"streams":	[{
					"socket":	5,
					"start":	0,
					"end":	50.000078,
					"seconds":	50.000076293945312,
					"bytes":	5886967808,
					"bits_per_second":	941913412.034193,
					"retransmits":	0,
					"snd_cwnd":	768888,
					"rtt":	3105,
					"rttvar":	296,
					"pmtu":	9000,
					"omitted":	false,
					"sender":	true
				}],
			"sum":	{
				"start":	0,
				"end":	50.000078,
				"seconds":	50.000076293945312,
				"bytes":	5886967808,
				"bits_per_second":	941913412.034193,
				"retransmits":	0,
				"omitted":	false,
				"sender":	true
			}
		}],
	"end":	{
		"streams":	[{
				"sender":	{
					"socket":	5,
					"start":	0,
					"end":	50.000078,
					"seconds":	50.000078,
					"bytes":	5886967808,
					"bits_per_second":	941913379.8951273,
					"retransmits":	0,
					"max_snd_cwnd":	768888,
					"max_rtt":	3105,
					"min_rtt":	3105,
					"mean_rtt":	3105,
					"sender":	true
				},
				"receiver":	{
					"socket":	5,
					"start":	0,
					"end":	50.044676065444946,
					"seconds":	50.000078,
					"bytes":	5884516368,
					"bits_per_second":	940682099.37930477,
					"sender":	true
				}
			}],
		"sum_sent":	{
			"start":	0,
			"end":	50.000078,
			"seconds":	50.000078,
			"bytes":	5886967808,
			"bits_per_second":	941913379.8951273,
			"retransmits":	0,
			"sender":	true
		},
		"sum_received":	{
			"start":	0,
			"end":	50.044676065444946,
			"seconds":	50.044676065444946,
			"bytes":	5884516368,
			"bits_per_second":	940682099.37930477,
			"sender":	true
		},
		"cpu_utilization_percent":	{
			"host_total":	18.730771336431577,
			"host_user":	0.950271593735528,
			"host_system":	17.78050173931242,
			"remote_total":	24.636056780595293,
			"remote_user":	2.2945432974076829,
			"remote_system":	22.341513483187608
		},
		"sender_tcp_congestion":	"cubic",
		"receiver_tcp_congestion":	"cubic"
	}
}
