{
	"start":	{
		"connected":	[{
				"socket":	5,
				"local_host":	"10.10.10.2",
				"local_port":	42758,
				"remote_host":	"10.10.10.4",
				"remote_port":	5201
			}],
		"version":	"iperf 3.9",
		"system_info":	"Linux zelda 5.10.0-18-amd64 #1 SMP Debian 5.10.140-1 (2022-09-02) x86_64",
		"timestamp":	{
			"time":	"Wed, 31 Jan 2024 14:21:58 GMT",
			"timesecs":	1706710918
		},
		"connecting_to":	{
			"host":	"10.10.10.4",
			"port":	5201
		},
		"cookie":	"mkjq3djpnb4km5xp7ybcziadipgov33zykb4",
		"tcp_mss_default":	1448,
		"target_bitrate":	10000000000,
		"sock_bufsize":	0,
		"sndbuf_actual":	1000000,
		"rcvbuf_actual":	1000000,
		"test_start":	{
			"protocol":	"TCP",
			"num_streams":	1,
			"blksize":	131072,
			"omit":	0,
			"duration":	70,
			"bytes":	0,
			"blocks":	0,
			"reverse":	0,
			"tos":	0
		}
	},
	"intervals":	[{
			"streams":	[{
					"socket":	5,
					"start":	0,
					"end":	60.00017,
					"seconds":	60.000171661376953,
					"bytes":	7063076864,
					"bits_per_second":	941740887.5243752,
					"retransmits":	36,
					"snd_cwnd":	541552,
					"rtt":	2747,
					"rttvar":	164,
					"pmtu":	9000,
					"omitted":	false,
					"sender":	true
				}],
			"sum":	{
				"start":	0,
				"end":	60.00017,
				"seconds":	60.000171661376953,
				"bytes":	7063076864,
				"bits_per_second":	941740887.5243752,
				"retransmits":	36,
				"omitted":	false,
				"sender":	true
			}
		}, {
			"streams":	[{
					"socket":	5,
					"start":	60.00017,
					"end":	70.000088,
					"seconds":	9.99991798400879,
					"bytes":	1176764416,
					"bits_per_second":	941419253.94332576,
					"retransmits":	0,
					"snd_cwnd":	541552,
					"rtt":	2465,
					"rttvar":	144,
					"pmtu":	9000,
					"omitted":	false,
					"sender":	true
				}],
			"sum":	{
				"start":	60.00017,
				"end":	70.000088,
				"seconds":	9.99991798400879,
				"bytes":	1176764416,
				"bits_per_second":	941419253.94332576,
				"retransmits":	0,
				"omitted":	false,
				"sender":	true
			}
		}],
	"end":	{
		"streams":	[{
				"sender":	{
					"socket":	5,
					"start":	0,
					"end":	70.000088,
					"seconds":	70.000088,
					"bytes":	8239841280,
					"bits_per_second":	941694962.44061863,
					"retransmits":	36,
					"max_snd_cwnd":	541552,
					"max_rtt":	2747,
					"min_rtt":	2465,
					"mean_rtt":	2606,
					"sender":	true
				},
				"receiver":	{
					"socket":	5,
					"start":	0,
					"end":	70.0440800189972,
					"seconds":	70.000088,
					"bytes":	8237359648,
					"bits_per_second":	940820083.09805858,
					"sender":	true
				}
			}],
		"sum_sent":	{
			"start":	0,
			"end":	70.000088,
			"seconds":	70.000088,
			"bytes":	8239841280,
			"bits_per_second":	941694962.44061863,
			"retransmits":	36,
			"sender":	true
		},
		"sum_received":	{
			"start":	0,
			"end":	70.0440800189972,
			"seconds":	70.0440800189972,
			"bytes":	8237359648,
			"bits_per_second":	940820083.09805858,
			"sender":	true
		},
		"cpu_utilization_percent":	{
			"host_total":	19.158165050298,
			"host_user":	0.78942867151856921,
			"host_system":	18.368737805608166,
			"remote_total":	25.2956715147217,
			"remote_user":	2.2899892090500678,
			"remote_system":	23.005680879504634
		},
		"sender_tcp_congestion":	"cubic",
		"receiver_tcp_congestion":	"cubic"
	}
}
