{
	"start":	{
		"connected":	[{
				"socket":	5,
				"local_host":	"10.10.10.2",
				"local_port":	41340,
				"remote_host":	"10.10.10.4",
				"remote_port":	5201
			}],
		"version":	"iperf 3.9",
		"system_info":	"Linux zelda 5.10.0-18-amd64 #1 SMP Debian 5.10.140-1 (2022-09-02) x86_64",
		"timestamp":	{
			"time":	"Wed, 31 Jan 2024 00:17:57 GMT",
			"timesecs":	1706660277
		},
		"connecting_to":	{
			"host":	"10.10.10.4",
			"port":	5201
		},
		"cookie":	"ukt67dbdgyy5pc26pwmtivrviq2pd7tde3eh",
		"tcp_mss_default":	1448,
		"target_bitrate":	1000000000,
		"sock_bufsize":	0,
		"sndbuf_actual":	1000000,
		"rcvbuf_actual":	1000000,
		"test_start":	{
			"protocol":	"TCP",
			"num_streams":	1,
			"blksize":	131072,
			"omit":	0,
			"duration":	60,
			"bytes":	0,
			"blocks":	0,
			"reverse":	0,
			"tos":	0
		}
	},
	"intervals":	[{
			"streams":	[{
					"socket":	5,
					"start":	0,
					"end":	60.000075,
					"seconds":	60.000076293945312,
					"bytes":	7063339008,
					"bits_per_second":	941777336.86818945,
					"retransmits":	0,
					"snd_cwnd":	602368,
					"rtt":	2668,
					"rttvar":	131,
					"pmtu":	9000,
					"omitted":	false,
					"sender":	true
				}],
			"sum":	{
				"start":	0,
				"end":	60.000075,
				"seconds":	60.000076293945312,
				"bytes":	7063339008,
				"bits_per_second":	941777336.86818945,
				"retransmits":	0,
				"omitted":	false,
				"sender":	true
			}
		}],
	"end":	{
		"streams":	[{
				"sender":	{
					"socket":	5,
					"start":	0,
					"end":	60.000075,
					"seconds":	60.000075,
					"bytes":	7063339008,
					"bits_per_second":	941777357.17830348,
					"retransmits":	0,
					"max_snd_cwnd":	602368,
					"max_rtt":	2668,
					"min_rtt":	2668,
					"mean_rtt":	2668,
					"sender":	true
				},
				"receiver":	{
					"socket":	5,
					"start":	0,
					"end":	60.043796062469482,
					"seconds":	60.000075,
					"bytes":	7061211376,
					"bits_per_second":	940808121.94532478,
					"sender":	true
				}
			}],
		"sum_sent":	{
			"start":	0,
			"end":	60.000075,
			"seconds":	60.000075,
			"bytes":	7063339008,
			"bits_per_second":	941777357.17830348,
			"retransmits":	0,
			"sender":	true
		},
		"sum_received":	{
			"start":	0,
			"end":	60.043796062469482,
			"seconds":	60.043796062469482,
			"bytes":	7061211376,
			"bits_per_second":	940808121.94532478,
			"sender":	true
		},
		"cpu_utilization_percent":	{
			"host_total":	19.3726280478642,
			"host_user":	0.84890108285233623,
			"host_system":	18.523725300695741,
			"remote_total":	27.0461526971345,
			"remote_user":	2.471220216255805,
			"remote_system":	24.5749324808787
		},
		"sender_tcp_congestion":	"cubic",
		"receiver_tcp_congestion":	"cubic"
	}
}
