{
	"start":	{
		"connected":	[{
				"socket":	5,
				"local_host":	"10.10.10.2",
				"local_port":	34776,
				"remote_host":	"10.10.10.4",
				"remote_port":	5201
			}],
		"version":	"iperf 3.9",
		"system_info":	"Linux zelda 5.10.0-18-amd64 #1 SMP Debian 5.10.140-1 (2022-09-02) x86_64",
		"timestamp":	{
			"time":	"Wed, 31 Jan 2024 08:59:50 GMT",
			"timesecs":	1706691590
		},
		"connecting_to":	{
			"host":	"10.10.10.4",
			"port":	5201
		},
		"cookie":	"5rmrdt7mkygma5xjxv6rn5svwrpsafav5zw6",
		"tcp_mss_default":	1448,
		"target_bitrate":	6000000000,
		"sock_bufsize":	0,
		"sndbuf_actual":	1000000,
		"rcvbuf_actual":	1000000,
		"test_start":	{
			"protocol":	"TCP",
			"num_streams":	1,
			"blksize":	131072,
			"omit":	0,
			"duration":	100,
			"bytes":	0,
			"blocks":	0,
			"reverse":	0,
			"tos":	0
		}
	},
	"intervals":	[{
			"streams":	[{
					"socket":	5,
					"start":	0,
					"end":	60.000163,
					"seconds":	60.000164031982422,
					"bytes":	7062945792,
					"bits_per_second":	941723531.053705,
					"retransmits":	0,
					"snd_cwnd":	463360,
					"rtt":	2184,
					"rttvar":	130,
					"pmtu":	9000,
					"omitted":	false,
					"sender":	true
				}],
			"sum":	{
				"start":	0,
				"end":	60.000163,
				"seconds":	60.000164031982422,
				"bytes":	7062945792,
				"bits_per_second":	941723531.053705,
				"retransmits":	0,
				"omitted":	false,
				"sender":	true
			}
		}, {
			"streams":	[{
					"socket":	5,
					"start":	60.000163,
					"end":	100.000081,
					"seconds":	39.999919891357422,
					"bytes":	4708106240,
					"bits_per_second":	941623133.80377674,
					"retransmits":	0,
					"snd_cwnd":	655944,
					"rtt":	2736,
					"rttvar":	94,
					"pmtu":	9000,
					"omitted":	false,
					"sender":	true
				}],
			"sum":	{
				"start":	60.000163,
				"end":	100.000081,
				"seconds":	39.999919891357422,
				"bytes":	4708106240,
				"bits_per_second":	941623133.80377674,
				"retransmits":	0,
				"omitted":	false,
				"sender":	true
			}
		}],
	"end":	{
		"streams":	[{
				"sender":	{
					"socket":	5,
					"start":	0,
					"end":	100.000081,
					"seconds":	100.000081,
					"bytes":	11771052032,
					"bits_per_second":	941683399.7964462,
					"retransmits":	0,
					"max_snd_cwnd":	655944,
					"max_rtt":	2736,
					"min_rtt":	2184,
					"mean_rtt":	2460,
					"sender":	true
				},
				"receiver":	{
					"socket":	5,
					"start":	0,
					"end":	100.044753074646,
					"seconds":	100.000081,
					"bytes":	11768725008,
					"bits_per_second":	941076839.81939948,
					"sender":	true
				}
			}],
		"sum_sent":	{
			"start":	0,
			"end":	100.000081,
			"seconds":	100.000081,
			"bytes":	11771052032,
			"bits_per_second":	941683399.7964462,
			"retransmits":	0,
			"sender":	true
		},
		"sum_received":	{
			"start":	0,
			"end":	100.044753074646,
			"seconds":	100.044753074646,
			"bytes":	11768725008,
			"bits_per_second":	941076839.81939948,
			"sender":	true
		},
		"cpu_utilization_percent":	{
			"host_total":	19.044297623268449,
			"host_user":	0.780476819062731,
			"host_system":	18.263821803359285,
			"remote_total":	26.792348621858515,
			"remote_user":	2.6050665355903173,
			"remote_system":	24.1872820862682
		},
		"sender_tcp_congestion":	"cubic",
		"receiver_tcp_congestion":	"cubic"
	}
}
