{
	"start":	{
		"connected":	[{
				"socket":	5,
				"local_host":	"10.10.10.2",
				"local_port":	33266,
				"remote_host":	"10.10.10.4",
				"remote_port":	5201
			}],
		"version":	"iperf 3.9",
		"system_info":	"Linux zelda 5.10.0-18-amd64 #1 SMP Debian 5.10.140-1 (2022-09-02) x86_64",
		"timestamp":	{
			"time":	"Wed, 31 Jan 2024 09:27:31 GMT",
			"timesecs":	1706693251
		},
		"connecting_to":	{
			"host":	"10.10.10.4",
			"port":	5201
		},
		"cookie":	"yp57bheb2sm2g25mvycfrs6c4krdueh5x62w",
		"tcp_mss_default":	1448,
		"target_bitrate":	7000000000,
		"sock_bufsize":	0,
		"sndbuf_actual":	1000000,
		"rcvbuf_actual":	1000000,
		"test_start":	{
			"protocol":	"TCP",
			"num_streams":	1,
			"blksize":	131072,
			"omit":	0,
			"duration":	50,
			"bytes":	0,
			"blocks":	0,
			"reverse":	0,
			"tos":	0
		}
	},
	"intervals":	[{
			"streams":	[{
					"socket":	5,
					"start":	0,
					"end":	50.000091,
					"seconds":	50.000091552734375,
					"bytes":	5886050304,
					"bits_per_second":	941766324.2143575,
					"retransmits":	0,
					"snd_cwnd":	469152,
					"rtt":	2247,
					"rttvar":	109,
					"pmtu":	9000,
					"omitted":	false,
					"sender":	true
				}],
			"sum":	{
				"start":	0,
				"end":	50.000091,
				"seconds":	50.000091552734375,
				"bytes":	5886050304,
				"bits_per_second":	941766324.2143575,
				"retransmits":	0,
				"omitted":	false,
				"sender":	true
			}
		}],
	"end":	{
		"streams":	[{
				"sender":	{
					"socket":	5,
					"start":	0,
					"end":	50.000091,
					"seconds":	50.000091,
					"bytes":	5886050304,
					"bits_per_second":	941766334.625271,
					"retransmits":	0,
					"max_snd_cwnd":	469152,
					"max_rtt":	2247,
					"min_rtt":	2247,
					"mean_rtt":	2247,
					"sender":	true
				},
				"receiver":	{
					"socket":	5,
					"start":	0,
					"end":	50.043638944625854,
					"seconds":	50.000091,
					"bytes":	5884430808,
					"bits_per_second":	940687916.72183931,
					"sender":	true
				}
			}],
		"sum_sent":	{
			"start":	0,
			"end":	50.000091,
			"seconds":	50.000091,
			"bytes":	5886050304,
			"bits_per_second":	941766334.625271,
			"retransmits":	0,
			"sender":	true
		},
		"sum_received":	{
			"start":	0,
			"end":	50.043638944625854,
			"seconds":	50.043638944625854,
			"bytes":	5884430808,
			"bits_per_second":	940687916.72183931,
			"sender":	true
		},
		"cpu_utilization_percent":	{
			"host_total":	18.498263681773324,
			"host_user":	0.69697715407534377,
			"host_system":	17.801288524326676,
			"remote_total":	22.133778315016368,
			"remote_user":	2.149891482141213,
			"remote_system":	19.983886832875157
		},
		"sender_tcp_congestion":	"cubic",
		"receiver_tcp_congestion":	"cubic"
	}
}
