{
	"start":	{
		"connected":	[{
				"socket":	5,
				"local_host":	"10.10.10.2",
				"local_port":	42234,
				"remote_host":	"10.10.10.4",
				"remote_port":	5201
			}],
		"version":	"iperf 3.9",
		"system_info":	"Linux zelda 5.10.0-18-amd64 #1 SMP Debian 5.10.140-1 (2022-09-02) x86_64",
		"timestamp":	{
			"time":	"Wed, 31 Jan 2024 01:24:47 GMT",
			"timesecs":	1706664287
		},
		"connecting_to":	{
			"host":	"10.10.10.4",
			"port":	5201
		},
		"cookie":	"kdekefikb7kc3rjeksigfpclj37zxxf4ukou",
		"tcp_mss_default":	1448,
		"target_bitrate":	2000000000,
		"sock_bufsize":	0,
		"sndbuf_actual":	1000000,
		"rcvbuf_actual":	1000000,
		"test_start":	{
			"protocol":	"TCP",
			"num_streams":	1,
			"blksize":	131072,
			"omit":	0,
			"duration":	10,
			"bytes":	0,
			"blocks":	0,
			"reverse":	0,
			"tos":	0
		}
	},
	"intervals":	[{
			"streams":	[{
					"socket":	5,
					"start":	0,
					"end":	10.000084,
					"seconds":	10.000083923339844,
					"bytes":	1179385856,
					"bits_per_second":	943500766.626452,
					"retransmits":	0,
					"snd_cwnd":	640016,
					"rtt":	2752,
					"rttvar":	97,
					"pmtu":	9000,
					"omitted":	false,
					"sender":	true
				}],
			"sum":	{
				"start":	0,
				"end":	10.000084,
				"seconds":	10.000083923339844,
				"bytes":	1179385856,
				"bits_per_second":	943500766.626452,
				"retransmits":	0,
				"omitted":	false,
				"sender":	true
			}
		}],
	"end":	{
		"streams":	[{
				"sender":	{
					"socket":	5,
					"start":	0,
					"end":	10.000084,
					"seconds":	10.000084,
					"bytes":	1179385856,
					"bits_per_second":	943500759.39362121,
					"retransmits":	0,
					"max_snd_cwnd":	640016,
					"max_rtt":	2752,
					"min_rtt":	2752,
					"mean_rtt":	2752,
					"sender":	true
				},
				"receiver":	{
					"socket":	5,
					"start":	0,
					"end":	10.043483018875122,
					"seconds":	10.000084,
					"bytes":	1177163936,
					"bits_per_second":	937653946.37514365,
					"sender":	true
				}
			}],
		"sum_sent":	{
			"start":	0,
			"end":	10.000084,
			"seconds":	10.000084,
			"bytes":	1179385856,
			"bits_per_second":	943500759.39362121,
			"retransmits":	0,
			"sender":	true
		},
		"sum_received":	{
			"start":	0,
			"end":	10.043483018875122,
			"seconds":	10.043483018875122,
			"bytes":	1177163936,
			"bits_per_second":	937653946.37514365,
			"sender":	true
		},
		"cpu_utilization_percent":	{
			"host_total":	21.6560321993592,
			"host_user":	0.50677603370641133,
			"host_system":	21.149266080469644,
			"remote_total":	25.0720707068412,
			"remote_user":	0.556590742902732,
			"remote_system":	24.515470085149236
		},
		"sender_tcp_congestion":	"cubic",
		"receiver_tcp_congestion":	"cubic"
	}
}
