{
	"start":	{
		"connected":	[{
				"socket":	5,
				"local_host":	"10.10.10.2",
				"local_port":	60368,
				"remote_host":	"10.10.10.4",
				"remote_port":	5201
			}],
		"version":	"iperf 3.9",
		"system_info":	"Linux zelda 5.10.0-18-amd64 #1 SMP Debian 5.10.140-1 (2022-09-02) x86_64",
		"timestamp":	{
			"time":	"Wed, 31 Jan 2024 07:34:12 GMT",
			"timesecs":	1706686452
		},
		"connecting_to":	{
			"host":	"10.10.10.4",
			"port":	5201
		},
		"cookie":	"kzkh2mpiljavzl5jz72zf3e6jnaqeq65v76p",
		"tcp_mss_default":	1448,
		"target_bitrate":	6000000000,
		"sock_bufsize":	0,
		"sndbuf_actual":	1000000,
		"rcvbuf_actual":	1000000,
		"test_start":	{
			"protocol":	"TCP",
			"num_streams":	1,
			"blksize":	131072,
			"omit":	0,
			"duration":	10,
			"bytes":	0,
			"blocks":	0,
			"reverse":	0,
			"tos":	0
		}
	},
	"intervals":	[{
			"streams":	[{
					"socket":	5,
					"start":	0,
					"end":	10.000073,
					"seconds":	10.000073432922363,
					"bytes":	1177944064,
					"bits_per_second":	942348331.260815,
					"retransmits":	0,
					"snd_cwnd":	461912,
					"rtt":	2183,
					"rttvar":	146,
					"pmtu":	9000,
					"omitted":	false,
					"sender":	true
				}],
			"sum":	{
				"start":	0,
				"end":	10.000073,
				"seconds":	10.000073432922363,
				"bytes":	1177944064,
				"bits_per_second":	942348331.260815,
				"retransmits":	0,
				"omitted":	false,
				"sender":	true
			}
		}],
	"end":	{
		"streams":	[{
				"sender":	{
					"socket":	5,
					"start":	0,
					"end":	10.000073,
					"seconds":	10.000073,
					"bytes":	1177944064,
					"bits_per_second":	942348372.056884,
					"retransmits":	0,
					"max_snd_cwnd":	461912,
					"max_rtt":	2183,
					"min_rtt":	2183,
					"mean_rtt":	2183,
					"sender":	true
				},
				"receiver":	{
					"socket":	5,
					"start":	0,
					"end":	10.040747165679932,
					"seconds":	10.000073,
					"bytes":	1176298032,
					"bits_per_second":	937219521.687135,
					"sender":	true
				}
			}],
		"sum_sent":	{
			"start":	0,
			"end":	10.000073,
			"seconds":	10.000073,
			"bytes":	1177944064,
			"bits_per_second":	942348372.056884,
			"retransmits":	0,
			"sender":	true
		},
		"sum_received":	{
			"start":	0,
			"end":	10.040747165679932,
			"seconds":	10.040747165679932,
			"bytes":	1176298032,
			"bits_per_second":	937219521.687135,
			"sender":	true
		},
		"cpu_utilization_percent":	{
			"host_total":	18.748276213969341,
			"host_user":	0.760712167973149,
			"host_system":	17.987564045996191,
			"remote_total":	27.449863932413539,
			"remote_user":	3.0724173696051085,
			"remote_system":	24.37744656280843
		},
		"sender_tcp_congestion":	"cubic",
		"receiver_tcp_congestion":	"cubic"
	}
}
