{
	"start":	{
		"connected":	[{
				"socket":	5,
				"local_host":	"10.10.10.2",
				"local_port":	38622,
				"remote_host":	"10.10.10.4",
				"remote_port":	5201
			}],
		"version":	"iperf 3.9",
		"system_info":	"Linux zelda 5.10.0-18-amd64 #1 SMP Debian 5.10.140-1 (2022-09-02) x86_64",
		"timestamp":	{
			"time":	"Wed, 31 Jan 2024 01:52:58 GMT",
			"timesecs":	1706665978
		},
		"connecting_to":	{
			"host":	"10.10.10.4",
			"port":	5201
		},
		"cookie":	"ngn67jv3ypunnacfx4enzzh2othnd4y6wjzc",
		"tcp_mss_default":	1448,
		"target_bitrate":	2000000000,
		"sock_bufsize":	0,
		"sndbuf_actual":	1000000,
		"rcvbuf_actual":	1000000,
		"test_start":	{
			"protocol":	"TCP",
			"num_streams":	1,
			"blksize":	131072,
			"omit":	0,
			"duration":	60,
			"bytes":	0,
			"blocks":	0,
			"reverse":	0,
			"tos":	0
		}
	},
	"intervals":	[{
			"streams":	[{
					"socket":	5,
					"start":	0,
					"end":	60.000074,
					"seconds":	60.000072479248047,
					"bytes":	7063470080,
					"bits_per_second":	941794872.99026322,
					"retransmits":	0,
					"snd_cwnd":	624088,
					"rtt":	2731,
					"rttvar":	119,
					"pmtu":	9000,
					"omitted":	false,
					"sender":	true
				}],
			"sum":	{
				"start":	0,
				"end":	60.000074,
				"seconds":	60.000072479248047,
				"bytes":	7063470080,
				"bits_per_second":	941794872.99026322,
				"retransmits":	0,
				"omitted":	false,
				"sender":	true
			}
		}],
	"end":	{
		"streams":	[{
				"sender":	{
					"socket":	5,
					"start":	0,
					"end":	60.000074,
					"seconds":	60.000074,
					"bytes":	7063470080,
					"bits_per_second":	941794849.119686,
					"retransmits":	0,
					"max_snd_cwnd":	624088,
					"max_rtt":	2731,
					"min_rtt":	2731,
					"mean_rtt":	2731,
					"sender":	true
				},
				"receiver":	{
					"socket":	5,
					"start":	0,
					"end":	60.046715974807739,
					"seconds":	60.000074,
					"bytes":	7061229224,
					"bits_per_second":	940764750.826673,
					"sender":	true
				}
			}],
		"sum_sent":	{
			"start":	0,
			"end":	60.000074,
			"seconds":	60.000074,
			"bytes":	7063470080,
			"bits_per_second":	941794849.119686,
			"retransmits":	0,
			"sender":	true
		},
		"sum_received":	{
			"start":	0,
			"end":	60.046715974807739,
			"seconds":	60.046715974807739,
			"bytes":	7061229224,
			"bits_per_second":	940764750.826673,
			"sender":	true
		},
		"cpu_utilization_percent":	{
			"host_total":	18.354848461620925,
			"host_user":	0.894151706225664,
			"host_system":	17.460696755395265,
			"remote_total":	26.246385785105037,
			"remote_user":	2.0763016915321479,
			"remote_system":	24.170082430517244
		},
		"sender_tcp_congestion":	"cubic",
		"receiver_tcp_congestion":	"cubic"
	}
}
