{
	"start":	{
		"connected":	[{
				"socket":	5,
				"local_host":	"10.10.10.2",
				"local_port":	41114,
				"remote_host":	"10.10.10.4",
				"remote_port":	5201
			}],
		"version":	"iperf 3.9",
		"system_info":	"Linux zelda 5.10.0-18-amd64 #1 SMP Debian 5.10.140-1 (2022-09-02) x86_64",
		"timestamp":	{
			"time":	"Wed, 31 Jan 2024 07:56:20 GMT",
			"timesecs":	1706687780
		},
		"connecting_to":	{
			"host":	"10.10.10.4",
			"port":	5201
		},
		"cookie":	"qo3hxwxpcd5gnlx7m5tv6ltgwbqqiuxdghbs",
		"tcp_mss_default":	1448,
		"target_bitrate":	6000000000,
		"sock_bufsize":	0,
		"sndbuf_actual":	1000000,
		"rcvbuf_actual":	1000000,
		"test_start":	{
			"protocol":	"TCP",
			"num_streams":	1,
			"blksize":	131072,
			"omit":	0,
			"duration":	50,
			"bytes":	0,
			"blocks":	0,
			"reverse":	0,
			"tos":	0
		}
	},
	"intervals":	[{
			"streams":	[{
					"socket":	5,
					"start":	0,
					"end":	50.000079,
					"seconds":	50.000080108642578,
					"bytes":	5886050304,
					"bits_per_second":	941766539.76721752,
					"retransmits":	0,
					"snd_cwnd":	474944,
					"rtt":	2268,
					"rttvar":	122,
					"pmtu":	9000,
					"omitted":	false,
					"sender":	true
				}],
			"sum":	{
				"start":	0,
				"end":	50.000079,
				"seconds":	50.000080108642578,
				"bytes":	5886050304,
				"bits_per_second":	941766539.76721752,
				"retransmits":	0,
				"omitted":	false,
				"sender":	true
			}
		}],
	"end":	{
		"streams":	[{
				"sender":	{
					"socket":	5,
					"start":	0,
					"end":	50.000079,
					"seconds":	50.000079,
					"bytes":	5886050304,
					"bits_per_second":	941766560.64883423,
					"retransmits":	0,
					"max_snd_cwnd":	474944,
					"max_rtt":	2268,
					"min_rtt":	2268,
					"mean_rtt":	2268,
					"sender":	true
				},
				"receiver":	{
					"socket":	5,
					"start":	0,
					"end":	50.040748119354248,
					"seconds":	50.000079,
					"bytes":	5884435192,
					"bits_per_second":	940742960.59120321,
					"sender":	true
				}
			}],
		"sum_sent":	{
			"start":	0,
			"end":	50.000079,
			"seconds":	50.000079,
			"bytes":	5886050304,
			"bits_per_second":	941766560.64883423,
			"retransmits":	0,
			"sender":	true
		},
		"sum_received":	{
			"start":	0,
			"end":	50.040748119354248,
			"seconds":	50.040748119354248,
			"bytes":	5884435192,
			"bits_per_second":	940742960.59120321,
			"sender":	true
		},
		"cpu_utilization_percent":	{
			"host_total":	20.04730273727899,
			"host_user":	0.783921166390614,
			"host_system":	19.263381570888377,
			"remote_total":	26.287890783812728,
			"remote_user":	2.4698974372317233,
			"remote_system":	23.817991351289571
		},
		"sender_tcp_congestion":	"cubic",
		"receiver_tcp_congestion":	"cubic"
	}
}
