{
	"start":	{
		"connected":	[{
				"socket":	5,
				"local_host":	"10.10.10.2",
				"local_port":	54272,
				"remote_host":	"10.10.10.4",
				"remote_port":	5201
			}],
		"version":	"iperf 3.9",
		"system_info":	"Linux zelda 5.10.0-18-amd64 #1 SMP Debian 5.10.140-1 (2022-09-02) x86_64",
		"timestamp":	{
			"time":	"Wed, 31 Jan 2024 14:11:06 GMT",
			"timesecs":	1706710266
		},
		"connecting_to":	{
			"host":	"10.10.10.4",
			"port":	5201
		},
		"cookie":	"wtq2dshnk4at7yh7ofcxuzosklmk4yzjkjgn",
		"tcp_mss_default":	1448,
		"target_bitrate":	10000000000,
		"sock_bufsize":	0,
		"sndbuf_actual":	1000000,
		"rcvbuf_actual":	1000000,
		"test_start":	{
			"protocol":	"TCP",
			"num_streams":	1,
			"blksize":	131072,
			"omit":	0,
			"duration":	60,
			"bytes":	0,
			"blocks":	0,
			"reverse":	0,
			"tos":	0
		}
	},
	"intervals":	[{
			"streams":	[{
					"socket":	5,
					"start":	0,
					"end":	60.000079,
					"seconds":	60.000080108642578,
					"bytes":	7062814720,
					"bits_per_second":	941707372.01834536,
					"retransmits":	0,
					"snd_cwnd":	443088,
					"rtt":	2180,
					"rttvar":	118,
					"pmtu":	9000,
					"omitted":	false,
					"sender":	true
				}],
			"sum":	{
				"start":	0,
				"end":	60.000079,
				"seconds":	60.000080108642578,
				"bytes":	7062814720,
				"bits_per_second":	941707372.01834536,
				"retransmits":	0,
				"omitted":	false,
				"sender":	true
			}
		}],
	"end":	{
		"streams":	[{
				"sender":	{
					"socket":	5,
					"start":	0,
					"end":	60.000079,
					"seconds":	60.000079,
					"bytes":	7062814720,
					"bits_per_second":	941707389.418604,
					"retransmits":	0,
					"max_snd_cwnd":	443088,
					"max_rtt":	2180,
					"min_rtt":	2180,
					"mean_rtt":	2180,
					"sender":	true
				},
				"receiver":	{
					"socket":	5,
					"start":	0,
					"end":	60.044564962387085,
					"seconds":	60.000079,
					"bytes":	7061305968,
					"bits_per_second":	940808677.344678,
					"sender":	true
				}
			}],
		"sum_sent":	{
			"start":	0,
			"end":	60.000079,
			"seconds":	60.000079,
			"bytes":	7062814720,
			"bits_per_second":	941707389.418604,
			"retransmits":	0,
			"sender":	true
		},
		"sum_received":	{
			"start":	0,
			"end":	60.044564962387085,
			"seconds":	60.044564962387085,
			"bytes":	7061305968,
			"bits_per_second":	940808677.344678,
			"sender":	true
		},
		"cpu_utilization_percent":	{
			"host_total":	20.064635696059948,
			"host_user":	0.75646687729710826,
			"host_system":	19.308168818762841,
			"remote_total":	26.838254171097294,
			"remote_user":	2.6063013710614853,
			"remote_system":	24.231954463313574
		},
		"sender_tcp_congestion":	"cubic",
		"receiver_tcp_congestion":	"cubic"
	}
}
