{
	"start":	{
		"connected":	[{
				"socket":	5,
				"local_host":	"10.10.10.2",
				"local_port":	41662,
				"remote_host":	"10.10.10.4",
				"remote_port":	5201
			}],
		"version":	"iperf 3.9",
		"system_info":	"Linux zelda 5.10.0-18-amd64 #1 SMP Debian 5.10.140-1 (2022-09-02) x86_64",
		"timestamp":	{
			"time":	"Wed, 31 Jan 2024 01:44:56 GMT",
			"timesecs":	1706665496
		},
		"connecting_to":	{
			"host":	"10.10.10.4",
			"port":	5201
		},
		"cookie":	"itifyzj5mqyo3nk4qfxrzapbpqjvz6wtj5ah",
		"tcp_mss_default":	1448,
		"target_bitrate":	2000000000,
		"sock_bufsize":	0,
		"sndbuf_actual":	1000000,
		"rcvbuf_actual":	1000000,
		"test_start":	{
			"protocol":	"TCP",
			"num_streams":	1,
			"blksize":	131072,
			"omit":	0,
			"duration":	50,
			"bytes":	0,
			"blocks":	0,
			"reverse":	0,
			"tos":	0
		}
	},
	"intervals":	[{
			"streams":	[{
					"socket":	5,
					"start":	0,
					"end":	50.000083,
					"seconds":	50.000083923339844,
					"bytes":	5885919232,
					"bits_per_second":	941745496.431453,
					"retransmits":	0,
					"snd_cwnd":	434400,
					"rtt":	2180,
					"rttvar":	92,
					"pmtu":	9000,
					"omitted":	false,
					"sender":	true
				}],
			"sum":	{
				"start":	0,
				"end":	50.000083,
				"seconds":	50.000083923339844,
				"bytes":	5885919232,
				"bits_per_second":	941745496.431453,
				"retransmits":	0,
				"omitted":	false,
				"sender":	true
			}
		}],
	"end":	{
		"streams":	[{
				"sender":	{
					"socket":	5,
					"start":	0,
					"end":	50.000083,
					"seconds":	50.000083,
					"bytes":	5885919232,
					"bits_per_second":	941745513.822447,
					"retransmits":	0,
					"max_snd_cwnd":	434400,
					"max_rtt":	2180,
					"min_rtt":	2180,
					"mean_rtt":	2180,
					"sender":	true
				},
				"receiver":	{
					"socket":	5,
					"start":	0,
					"end":	50.043007850646973,
					"seconds":	50.000083,
					"bytes":	5884452320,
					"bits_per_second":	940703218.72931528,
					"sender":	true
				}
			}],
		"sum_sent":	{
			"start":	0,
			"end":	50.000083,
			"seconds":	50.000083,
			"bytes":	5885919232,
			"bits_per_second":	941745513.822447,
			"retransmits":	0,
			"sender":	true
		},
		"sum_received":	{
			"start":	0,
			"end":	50.043007850646973,
			"seconds":	50.043007850646973,
			"bytes":	5884452320,
			"bits_per_second":	940703218.72931528,
			"sender":	true
		},
		"cpu_utilization_percent":	{
			"host_total":	20.264125478560238,
			"host_user":	0.82505993258926436,
			"host_system":	19.439067542592532,
			"remote_total":	26.216832262511552,
			"remote_user":	2.25705006280552,
			"remote_system":	23.959780204423119
		},
		"sender_tcp_congestion":	"cubic",
		"receiver_tcp_congestion":	"cubic"
	}
}
