{
	"start":	{
		"connected":	[{
				"socket":	5,
				"local_host":	"10.10.10.2",
				"local_port":	44102,
				"remote_host":	"10.10.10.4",
				"remote_port":	5201
			}],
		"version":	"iperf 3.9",
		"system_info":	"Linux zelda 5.10.0-18-amd64 #1 SMP Debian 5.10.140-1 (2022-09-02) x86_64",
		"timestamp":	{
			"time":	"Wed, 31 Jan 2024 10:37:53 GMT",
			"timesecs":	1706697473
		},
		"connecting_to":	{
			"host":	"10.10.10.4",
			"port":	5201
		},
		"cookie":	"n4ic6ggqf66f4qm4jg7cofjhnd7oyqde75yx",
		"tcp_mss_default":	1448,
		"target_bitrate":	8000000000,
		"sock_bufsize":	0,
		"sndbuf_actual":	1000000,
		"rcvbuf_actual":	1000000,
		"test_start":	{
			"protocol":	"TCP",
			"num_streams":	1,
			"blksize":	131072,
			"omit":	0,
			"duration":	10,
			"bytes":	0,
			"blocks":	0,
			"reverse":	0,
			"tos":	0
		}
	},
	"intervals":	[{
			"streams":	[{
					"socket":	5,
					"start":	0,
					"end":	10.000083,
					"seconds":	10.000082969665527,
					"bytes":	1178468352,
					"bits_per_second":	942766859.49489975,
					"retransmits":	0,
					"snd_cwnd":	398200,
					"rtt":	2224,
					"rttvar":	116,
					"pmtu":	9000,
					"omitted":	false,
					"sender":	true
				}],
			"sum":	{
				"start":	0,
				"end":	10.000083,
				"seconds":	10.000082969665527,
				"bytes":	1178468352,
				"bits_per_second":	942766859.49489975,
				"retransmits":	0,
				"omitted":	false,
				"sender":	true
			}
		}],
	"end":	{
		"streams":	[{
				"sender":	{
					"socket":	5,
					"start":	0,
					"end":	10.000083,
					"seconds":	10.000083,
					"bytes":	1178468352,
					"bits_per_second":	942766856.63509,
					"retransmits":	0,
					"max_snd_cwnd":	398200,
					"max_rtt":	2224,
					"min_rtt":	2224,
					"mean_rtt":	2224,
					"sender":	true
				},
				"receiver":	{
					"socket":	5,
					"start":	0,
					"end":	10.043858051300049,
					"seconds":	10.000083,
					"bytes":	1177097328,
					"bits_per_second":	937565881.14874029,
					"sender":	true
				}
			}],
		"sum_sent":	{
			"start":	0,
			"end":	10.000083,
			"seconds":	10.000083,
			"bytes":	1178468352,
			"bits_per_second":	942766856.63509,
			"retransmits":	0,
			"sender":	true
		},
		"sum_received":	{
			"start":	0,
			"end":	10.043858051300049,
			"seconds":	10.043858051300049,
			"bytes":	1177097328,
			"bits_per_second":	937565881.14874029,
			"sender":	true
		},
		"cpu_utilization_percent":	{
			"host_total":	19.29580301077171,
			"host_user":	0.82952038389039728,
			"host_system":	18.466292542020607,
			"remote_total":	27.360474089231118,
			"remote_user":	2.7156931268051516,
			"remote_system":	24.644780962425965
		},
		"sender_tcp_congestion":	"cubic",
		"receiver_tcp_congestion":	"cubic"
	}
}
