{
	"start":	{
		"connected":	[{
				"socket":	5,
				"local_host":	"10.10.10.2",
				"local_port":	46426,
				"remote_host":	"10.10.10.4",
				"remote_port":	5201
			}],
		"version":	"iperf 3.9",
		"system_info":	"Linux zelda 5.10.0-18-amd64 #1 SMP Debian 5.10.140-1 (2022-09-02) x86_64",
		"timestamp":	{
			"time":	"Wed, 31 Jan 2024 11:17:56 GMT",
			"timesecs":	1706699876
		},
		"connecting_to":	{
			"host":	"10.10.10.4",
			"port":	5201
		},
		"cookie":	"fpp2dry3o5dba77vledqq3x5zd3r4entdjo5",
		"tcp_mss_default":	1448,
		"target_bitrate":	8000000000,
		"sock_bufsize":	0,
		"sndbuf_actual":	1000000,
		"rcvbuf_actual":	1000000,
		"test_start":	{
			"protocol":	"TCP",
			"num_streams":	1,
			"blksize":	131072,
			"omit":	0,
			"duration":	70,
			"bytes":	0,
			"blocks":	0,
			"reverse":	0,
			"tos":	0
		}
	},
	"intervals":	[{
			"streams":	[{
					"socket":	5,
					"start":	0,
					"end":	60.000264,
					"seconds":	60.000263214111328,
					"bytes":	7063601152,
					"bits_per_second":	941809355.308125,
					"retransmits":	0,
					"snd_cwnd":	628432,
					"rtt":	2760,
					"rttvar":	140,
					"pmtu":	9000,
					"omitted":	false,
					"sender":	true
				}],
			"sum":	{
				"start":	0,
				"end":	60.000264,
				"seconds":	60.000263214111328,
				"bytes":	7063601152,
				"bits_per_second":	941809355.308125,
				"retransmits":	0,
				"omitted":	false,
				"sender":	true
			}
		}, {
			"streams":	[{
					"socket":	5,
					"start":	60.000264,
					"end":	70.00011,
					"seconds":	9.99984645843506,
					"bytes":	1176764416,
					"bits_per_second":	941425987.60194135,
					"retransmits":	0,
					"snd_cwnd":	628432,
					"rtt":	2731,
					"rttvar":	118,
					"pmtu":	9000,
					"omitted":	false,
					"sender":	true
				}],
			"sum":	{
				"start":	60.000264,
				"end":	70.00011,
				"seconds":	9.99984645843506,
				"bytes":	1176764416,
				"bits_per_second":	941425987.60194135,
				"retransmits":	0,
				"omitted":	false,
				"sender":	true
			}
		}],
	"end":	{
		"streams":	[{
				"sender":	{
					"socket":	5,
					"start":	0,
					"end":	70.00011,
					"seconds":	70.00011,
					"bytes":	8240365568,
					"bits_per_second":	941754585.01422346,
					"retransmits":	0,
					"max_snd_cwnd":	628432,
					"max_rtt":	2760,
					"min_rtt":	2731,
					"mean_rtt":	2745,
					"sender":	true
				},
				"receiver":	{
					"socket":	5,
					"start":	0,
					"end":	70.044198989868164,
					"seconds":	70.00011,
					"bytes":	8238150464,
					"bits_per_second":	940908807.04529345,
					"sender":	true
				}
			}],
		"sum_sent":	{
			"start":	0,
			"end":	70.00011,
			"seconds":	70.00011,
			"bytes":	8240365568,
			"bits_per_second":	941754585.01422346,
			"retransmits":	0,
			"sender":	true
		},
		"sum_received":	{
			"start":	0,
			"end":	70.044198989868164,
			"seconds":	70.044198989868164,
			"bytes":	8238150464,
			"bits_per_second":	940908807.04529345,
			"sender":	true
		},
		"cpu_utilization_percent":	{
			"host_total":	19.2092202339437,
			"host_user":	0.739129520978464,
			"host_system":	18.470090712965238,
			"remote_total":	26.978507319559565,
			"remote_user":	2.644013423601745,
			"remote_system":	24.334493895957817
		},
		"sender_tcp_congestion":	"cubic",
		"receiver_tcp_congestion":	"cubic"
	}
}
