{
	"start":	{
		"connected":	[{
				"socket":	5,
				"local_host":	"10.10.10.2",
				"local_port":	43448,
				"remote_host":	"10.10.10.4",
				"remote_port":	5201
			}],
		"version":	"iperf 3.9",
		"system_info":	"Linux zelda 5.10.0-18-amd64 #1 SMP Debian 5.10.140-1 (2022-09-02) x86_64",
		"timestamp":	{
			"time":	"Wed, 31 Jan 2024 13:57:42 GMT",
			"timesecs":	1706709462
		},
		"connecting_to":	{
			"host":	"10.10.10.4",
			"port":	5201
		},
		"cookie":	"tnhfjp2bfxgjalxmus23jetarhmgerbsm2br",
		"tcp_mss_default":	1448,
		"target_bitrate":	10000000000,
		"sock_bufsize":	0,
		"sndbuf_actual":	1000000,
		"rcvbuf_actual":	1000000,
		"test_start":	{
			"protocol":	"TCP",
			"num_streams":	1,
			"blksize":	131072,
			"omit":	0,
			"duration":	50,
			"bytes":	0,
			"blocks":	0,
			"reverse":	0,
			"tos":	0
		}
	},
	"intervals":	[{
			"streams":	[{
					"socket":	5,
					"start":	0,
					"end":	50.000074,
					"seconds":	50.000072479248047,
					"bytes":	5885001728,
					"bits_per_second":	941598911.55237854,
					"retransmits":	69,
					"snd_cwnd":	447432,
					"rtt":	2209,
					"rttvar":	92,
					"pmtu":	9000,
					"omitted":	false,
					"sender":	true
				}],
			"sum":	{
				"start":	0,
				"end":	50.000074,
				"seconds":	50.000072479248047,
				"bytes":	5885001728,
				"bits_per_second":	941598911.55237854,
				"retransmits":	69,
				"omitted":	false,
				"sender":	true
			}
		}],
	"end":	{
		"streams":	[{
				"sender":	{
					"socket":	5,
					"start":	0,
					"end":	50.000074,
					"seconds":	50.000074,
					"bytes":	5885001728,
					"bits_per_second":	941598882.91365337,
					"retransmits":	69,
					"max_snd_cwnd":	447432,
					"max_rtt":	2209,
					"min_rtt":	2209,
					"mean_rtt":	2209,
					"sender":	true
				},
				"receiver":	{
					"socket":	5,
					"start":	0,
					"end":	50.0442111492157,
					"seconds":	50.000074,
					"bytes":	5883145112,
					"bits_per_second":	940471631.28752029,
					"sender":	true
				}
			}],
		"sum_sent":	{
			"start":	0,
			"end":	50.000074,
			"seconds":	50.000074,
			"bytes":	5885001728,
			"bits_per_second":	941598882.91365337,
			"retransmits":	69,
			"sender":	true
		},
		"sum_received":	{
			"start":	0,
			"end":	50.0442111492157,
			"seconds":	50.0442111492157,
			"bytes":	5883145112,
			"bits_per_second":	940471631.28752029,
			"sender":	true
		},
		"cpu_utilization_percent":	{
			"host_total":	18.7831997172324,
			"host_user":	0.75183014714009255,
			"host_system":	18.031369570092313,
			"remote_total":	25.475274300323964,
			"remote_user":	2.701615359321798,
			"remote_system":	22.7736569458767
		},
		"sender_tcp_congestion":	"cubic",
		"receiver_tcp_congestion":	"cubic"
	}
}
