{
	"start":	{
		"connected":	[{
				"socket":	5,
				"local_host":	"10.10.10.2",
				"local_port":	60730,
				"remote_host":	"10.10.10.4",
				"remote_port":	5201
			}],
		"version":	"iperf 3.9",
		"system_info":	"Linux zelda 5.10.0-18-amd64 #1 SMP Debian 5.10.140-1 (2022-09-02) x86_64",
		"timestamp":	{
			"time":	"Wed, 31 Jan 2024 02:57:19 GMT",
			"timesecs":	1706669839
		},
		"connecting_to":	{
			"host":	"10.10.10.4",
			"port":	5201
		},
		"cookie":	"abw6gglmeihxaqscussvfuyhr6tmoz2oej2w",
		"tcp_mss_default":	1448,
		"target_bitrate":	3000000000,
		"sock_bufsize":	0,
		"sndbuf_actual":	1000000,
		"rcvbuf_actual":	1000000,
		"test_start":	{
			"protocol":	"TCP",
			"num_streams":	1,
			"blksize":	131072,
			"omit":	0,
			"duration":	10,
			"bytes":	0,
			"blocks":	0,
			"reverse":	0,
			"tos":	0
		}
	},
	"intervals":	[{
			"streams":	[{
					"socket":	5,
					"start":	0,
					"end":	10.000077,
					"seconds":	10.000077247619629,
					"bytes":	1178730496,
					"bits_per_second":	942977112.52626932,
					"retransmits":	0,
					"snd_cwnd":	480736,
					"rtt":	2192,
					"rttvar":	95,
					"pmtu":	9000,
					"omitted":	false,
					"sender":	true
				}],
			"sum":	{
				"start":	0,
				"end":	10.000077,
				"seconds":	10.000077247619629,
				"bytes":	1178730496,
				"bits_per_second":	942977112.52626932,
				"retransmits":	0,
				"omitted":	false,
				"sender":	true
			}
		}],
	"end":	{
		"streams":	[{
				"sender":	{
					"socket":	5,
					"start":	0,
					"end":	10.000077,
					"seconds":	10.000077,
					"bytes":	1178730496,
					"bits_per_second":	942977135.87605381,
					"retransmits":	0,
					"max_snd_cwnd":	480736,
					"max_rtt":	2192,
					"min_rtt":	2192,
					"mean_rtt":	2192,
					"sender":	true
				},
				"receiver":	{
					"socket":	5,
					"start":	0,
					"end":	10.042816877365112,
					"seconds":	10.000077,
					"bytes":	1177094432,
					"bits_per_second":	937660774.958851,
					"sender":	true
				}
			}],
		"sum_sent":	{
			"start":	0,
			"end":	10.000077,
			"seconds":	10.000077,
			"bytes":	1178730496,
			"bits_per_second":	942977135.87605381,
			"retransmits":	0,
			"sender":	true
		},
		"sum_received":	{
			"start":	0,
			"end":	10.042816877365112,
			"seconds":	10.042816877365112,
			"bytes":	1177094432,
			"bits_per_second":	937660774.958851,
			"sender":	true
		},
		"cpu_utilization_percent":	{
			"host_total":	19.250014750410656,
			"host_user":	0.84503243355001978,
			"host_system":	18.404982316860639,
			"remote_total":	22.905173419145189,
			"remote_user":	1.8648364442107637,
			"remote_system":	21.040327091812227
		},
		"sender_tcp_congestion":	"cubic",
		"receiver_tcp_congestion":	"cubic"
	}
}
