{
	"start":	{
		"connected":	[{
				"socket":	5,
				"local_host":	"10.10.10.2",
				"local_port":	51292,
				"remote_host":	"10.10.10.4",
				"remote_port":	5201
			}],
		"version":	"iperf 3.9",
		"system_info":	"Linux zelda 5.10.0-18-amd64 #1 SMP Debian 5.10.140-1 (2022-09-02) x86_64",
		"timestamp":	{
			"time":	"Wed, 31 Jan 2024 14:42:41 GMT",
			"timesecs":	1706712161
		},
		"connecting_to":	{
			"host":	"10.10.10.4",
			"port":	5201
		},
		"cookie":	"4zlhylhcvgas7vywjatlmvoobu3vrktihumu",
		"tcp_mss_default":	1448,
		"target_bitrate":	10000000000,
		"sock_bufsize":	0,
		"sndbuf_actual":	1000000,
		"rcvbuf_actual":	1000000,
		"test_start":	{
			"protocol":	"TCP",
			"num_streams":	1,
			"blksize":	131072,
			"omit":	0,
			"duration":	90,
			"bytes":	0,
			"blocks":	0,
			"reverse":	0,
			"tos":	0
		}
	},
	"intervals":	[{
			"streams":	[{
					"socket":	5,
					"start":	0,
					"end":	60.000083,
					"seconds":	60.000083923339844,
					"bytes":	7063076864,
					"bits_per_second":	941742264.63073134,
					"retransmits":	0,
					"snd_cwnd":	505352,
					"rtt":	2170,
					"rttvar":	93,
					"pmtu":	9000,
					"omitted":	false,
					"sender":	true
				}],
			"sum":	{
				"start":	0,
				"end":	60.000083,
				"seconds":	60.000083923339844,
				"bytes":	7063076864,
				"bits_per_second":	941742264.63073134,
				"retransmits":	0,
				"omitted":	false,
				"sender":	true
			}
		}, {
			"streams":	[{
					"socket":	5,
					"start":	60.000083,
					"end":	90.000091,
					"seconds":	30.000007629394531,
					"bytes":	3530555392,
					"bits_per_second":	941481198.43561649,
					"retransmits":	0,
					"snd_cwnd":	505352,
					"rtt":	2415,
					"rttvar":	174,
					"pmtu":	9000,
					"omitted":	false,
					"sender":	true
				}],
			"sum":	{
				"start":	60.000083,
				"end":	90.000091,
				"seconds":	30.000007629394531,
				"bytes":	3530555392,
				"bits_per_second":	941481198.43561649,
				"retransmits":	0,
				"omitted":	false,
				"sender":	true
			}
		}],
	"end":	{
		"streams":	[{
				"sender":	{
					"socket":	5,
					"start":	0,
					"end":	90.000091,
					"seconds":	90.000091,
					"bytes":	10593632256,
					"bits_per_second":	941655248.415249,
					"retransmits":	0,
					"max_snd_cwnd":	505352,
					"max_rtt":	2415,
					"min_rtt":	2170,
					"mean_rtt":	2292,
					"sender":	true
				},
				"receiver":	{
					"socket":	5,
					"start":	0,
					"end":	90.044371128082275,
					"seconds":	90.000091,
					"bytes":	10591805088,
					"bits_per_second":	941029846.09077621,
					"sender":	true
				}
			}],
		"sum_sent":	{
			"start":	0,
			"end":	90.000091,
			"seconds":	90.000091,
			"bytes":	10593632256,
			"bits_per_second":	941655248.415249,
			"retransmits":	0,
			"sender":	true
		},
		"sum_received":	{
			"start":	0,
			"end":	90.044371128082275,
			"seconds":	90.044371128082275,
			"bytes":	10591805088,
			"bits_per_second":	941029846.09077621,
			"sender":	true
		},
		"cpu_utilization_percent":	{
			"host_total":	19.577222921587147,
			"host_user":	0.683346141836861,
			"host_system":	18.893875669715751,
			"remote_total":	25.088917484434635,
			"remote_user":	2.1559421219930455,
			"remote_system":	22.932974252835091
		},
		"sender_tcp_congestion":	"cubic",
		"receiver_tcp_congestion":	"cubic"
	}
}
