{
	"start":	{
		"connected":	[{
				"socket":	5,
				"local_host":	"10.10.10.2",
				"local_port":	54694,
				"remote_host":	"10.10.10.4",
				"remote_port":	5201
			}],
		"version":	"iperf 3.9",
		"system_info":	"Linux zelda 5.10.0-18-amd64 #1 SMP Debian 5.10.140-1 (2022-09-02) x86_64",
		"timestamp":	{
			"time":	"Wed, 31 Jan 2024 13:41:25 GMT",
			"timesecs":	1706708485
		},
		"connecting_to":	{
			"host":	"10.10.10.4",
			"port":	5201
		},
		"cookie":	"ttxl3avttpl7gzgeqacsiaan6h3j4pul4lel",
		"tcp_mss_default":	1448,
		"target_bitrate":	10000000000,
		"sock_bufsize":	0,
		"sndbuf_actual":	1000000,
		"rcvbuf_actual":	1000000,
		"test_start":	{
			"protocol":	"TCP",
			"num_streams":	1,
			"blksize":	131072,
			"omit":	0,
			"duration":	10,
			"bytes":	0,
			"blocks":	0,
			"reverse":	0,
			"tos":	0
		}
	},
	"intervals":	[{
			"streams":	[{
					"socket":	5,
					"start":	0,
					"end":	10.000078,
					"seconds":	10.000078201293945,
					"bytes":	1178599424,
					"bits_per_second":	942872165.81766081,
					"retransmits":	0,
					"snd_cwnd":	445984,
					"rtt":	2205,
					"rttvar":	94,
					"pmtu":	9000,
					"omitted":	false,
					"sender":	true
				}],
			"sum":	{
				"start":	0,
				"end":	10.000078,
				"seconds":	10.000078201293945,
				"bytes":	1178599424,
				"bits_per_second":	942872165.81766081,
				"retransmits":	0,
				"omitted":	false,
				"sender":	true
			}
		}],
	"end":	{
		"streams":	[{
				"sender":	{
					"socket":	5,
					"start":	0,
					"end":	10.000078,
					"seconds":	10.000078,
					"bytes":	1178599424,
					"bits_per_second":	942872184.79695857,
					"retransmits":	0,
					"max_snd_cwnd":	445984,
					"max_rtt":	2205,
					"min_rtt":	2205,
					"mean_rtt":	2205,
					"sender":	true
				},
				"receiver":	{
					"socket":	5,
					"start":	0,
					"end":	10.044365882873535,
					"seconds":	10.000078,
					"bytes":	1177098776,
					"bits_per_second":	937519632.180703,
					"sender":	true
				}
			}],
		"sum_sent":	{
			"start":	0,
			"end":	10.000078,
			"seconds":	10.000078,
			"bytes":	1178599424,
			"bits_per_second":	942872184.79695857,
			"retransmits":	0,
			"sender":	true
		},
		"sum_received":	{
			"start":	0,
			"end":	10.044365882873535,
			"seconds":	10.044365882873535,
			"bytes":	1177098776,
			"bits_per_second":	937519632.180703,
			"sender":	true
		},
		"cpu_utilization_percent":	{
			"host_total":	20.373135674902588,
			"host_user":	0.828532752180957,
			"host_system":	19.54461283683959,
			"remote_total":	27.51098998209179,
			"remote_user":	2.2524313702206036,
			"remote_system":	25.258558611871184
		},
		"sender_tcp_congestion":	"cubic",
		"receiver_tcp_congestion":	"cubic"
	}
}
