{
	"start":	{
		"connected":	[{
				"socket":	5,
				"local_host":	"10.10.10.2",
				"local_port":	45130,
				"remote_host":	"10.10.10.4",
				"remote_port":	5201
			}],
		"version":	"iperf 3.9",
		"system_info":	"Linux zelda 5.10.0-18-amd64 #1 SMP Debian 5.10.140-1 (2022-09-02) x86_64",
		"timestamp":	{
			"time":	"Wed, 31 Jan 2024 09:49:25 GMT",
			"timesecs":	1706694565
		},
		"connecting_to":	{
			"host":	"10.10.10.4",
			"port":	5201
		},
		"cookie":	"d6c64t2uzlvkyx7bs6bibuutiubywwnu5ceg",
		"tcp_mss_default":	1448,
		"target_bitrate":	7000000000,
		"sock_bufsize":	0,
		"sndbuf_actual":	1000000,
		"rcvbuf_actual":	1000000,
		"test_start":	{
			"protocol":	"TCP",
			"num_streams":	1,
			"blksize":	131072,
			"omit":	0,
			"duration":	70,
			"bytes":	0,
			"blocks":	0,
			"reverse":	0,
			"tos":	0
		}
	},
	"intervals":	[{
			"streams":	[{
					"socket":	5,
					"start":	0,
					"end":	60.000092,
					"seconds":	60.000091552734375,
					"bytes":	7063732224,
					"bits_per_second":	941829526.082193,
					"retransmits":	0,
					"snd_cwnd":	699384,
					"rtt":	2747,
					"rttvar":	97,
					"pmtu":	9000,
					"omitted":	false,
					"sender":	true
				}],
			"sum":	{
				"start":	0,
				"end":	60.000092,
				"seconds":	60.000091552734375,
				"bytes":	7063732224,
				"bits_per_second":	941829526.082193,
				"retransmits":	0,
				"omitted":	false,
				"sender":	true
			}
		}, {
			"streams":	[{
					"socket":	5,
					"start":	60.000092,
					"end":	70.000075,
					"seconds":	9.9999828338623047,
					"bytes":	1176895488,
					"bits_per_second":	941518006.62277448,
					"retransmits":	0,
					"snd_cwnd":	699384,
					"rtt":	2761,
					"rttvar":	143,
					"pmtu":	9000,
					"omitted":	false,
					"sender":	true
				}],
			"sum":	{
				"start":	60.000092,
				"end":	70.000075,
				"seconds":	9.9999828338623047,
				"bytes":	1176895488,
				"bits_per_second":	941518006.62277448,
				"retransmits":	0,
				"omitted":	false,
				"sender":	true
			}
		}],
	"end":	{
		"streams":	[{
				"sender":	{
					"socket":	5,
					"start":	0,
					"end":	70.000075,
					"seconds":	70.000075,
					"bytes":	8240627712,
					"bits_per_second":	941785015.173198,
					"retransmits":	0,
					"max_snd_cwnd":	699384,
					"max_rtt":	2761,
					"min_rtt":	2747,
					"mean_rtt":	2754,
					"sender":	true
				},
				"receiver":	{
					"socket":	5,
					"start":	0,
					"end":	70.043816089630127,
					"seconds":	70.000075,
					"bytes":	8238135984,
					"bits_per_second":	940912296.778147,
					"sender":	true
				}
			}],
		"sum_sent":	{
			"start":	0,
			"end":	70.000075,
			"seconds":	70.000075,
			"bytes":	8240627712,
			"bits_per_second":	941785015.173198,
			"retransmits":	0,
			"sender":	true
		},
		"sum_received":	{
			"start":	0,
			"end":	70.043816089630127,
			"seconds":	70.043816089630127,
			"bytes":	8238135984,
			"bits_per_second":	940912296.778147,
			"sender":	true
		},
		"cpu_utilization_percent":	{
			"host_total":	18.530444091885251,
			"host_user":	0.83899305936544766,
			"host_system":	17.6914510325198,
			"remote_total":	23.18130121765542,
			"remote_user":	2.3084822805899812,
			"remote_system":	20.872820363227124
		},
		"sender_tcp_congestion":	"cubic",
		"receiver_tcp_congestion":	"cubic"
	}
}
