{
	"start":	{
		"connected":	[{
				"socket":	5,
				"local_host":	"10.10.10.2",
				"local_port":	48684,
				"remote_host":	"10.10.10.4",
				"remote_port":	5201
			}],
		"version":	"iperf 3.9",
		"system_info":	"Linux zelda 5.10.0-18-amd64 #1 SMP Debian 5.10.140-1 (2022-09-02) x86_64",
		"timestamp":	{
			"time":	"Wed, 31 Jan 2024 03:33:11 GMT",
			"timesecs":	1706671991
		},
		"connecting_to":	{
			"host":	"10.10.10.4",
			"port":	5201
		},
		"cookie":	"mxzo35sump2hze5flvhtjsrx3re5zndkp6lm",
		"tcp_mss_default":	1448,
		"target_bitrate":	3000000000,
		"sock_bufsize":	0,
		"sndbuf_actual":	1000000,
		"rcvbuf_actual":	1000000,
		"test_start":	{
			"protocol":	"TCP",
			"num_streams":	1,
			"blksize":	131072,
			"omit":	0,
			"duration":	70,
			"bytes":	0,
			"blocks":	0,
			"reverse":	0,
			"tos":	0
		}
	},
	"intervals":	[{
			"streams":	[{
					"socket":	5,
					"start":	0,
					"end":	60.000079,
					"seconds":	60.000080108642578,
					"bytes":	7063601152,
					"bits_per_second":	941812229.47834551,
					"retransmits":	0,
					"snd_cwnd":	642912,
					"rtt":	2749,
					"rttvar":	184,
					"pmtu":	9000,
					"omitted":	false,
					"sender":	true
				}],
			"sum":	{
				"start":	0,
				"end":	60.000079,
				"seconds":	60.000080108642578,
				"bytes":	7063601152,
				"bits_per_second":	941812229.47834551,
				"retransmits":	0,
				"omitted":	false,
				"sender":	true
			}
		}, {
			"streams":	[{
					"socket":	5,
					"start":	60.000079,
					"end":	70.000081,
					"seconds":	10.000001907348633,
					"bytes":	1176764416,
					"bits_per_second":	941411353.24003422,
					"retransmits":	0,
					"snd_cwnd":	642912,
					"rtt":	2796,
					"rttvar":	103,
					"pmtu":	9000,
					"omitted":	false,
					"sender":	true
				}],
			"sum":	{
				"start":	60.000079,
				"end":	70.000081,
				"seconds":	10.000001907348633,
				"bytes":	1176764416,
				"bits_per_second":	941411353.24003422,
				"retransmits":	0,
				"omitted":	false,
				"sender":	true
			}
		}],
	"end":	{
		"streams":	[{
				"sender":	{
					"socket":	5,
					"start":	0,
					"end":	70.000081,
					"seconds":	70.000081,
					"bytes":	8240365568,
					"bits_per_second":	941754975.169243,
					"retransmits":	0,
					"max_snd_cwnd":	642912,
					"max_rtt":	2796,
					"min_rtt":	2749,
					"mean_rtt":	2772,
					"sender":	true
				},
				"receiver":	{
					"socket":	5,
					"start":	0,
					"end":	70.043470144271851,
					"seconds":	70.000081,
					"bytes":	8238165072,
					"bits_per_second":	940920266.232551,
					"sender":	true
				}
			}],
		"sum_sent":	{
			"start":	0,
			"end":	70.000081,
			"seconds":	70.000081,
			"bytes":	8240365568,
			"bits_per_second":	941754975.169243,
			"retransmits":	0,
			"sender":	true
		},
		"sum_received":	{
			"start":	0,
			"end":	70.043470144271851,
			"seconds":	70.043470144271851,
			"bytes":	8238165072,
			"bits_per_second":	940920266.232551,
			"sender":	true
		},
		"cpu_utilization_percent":	{
			"host_total":	19.054242296478137,
			"host_user":	0.748001931899818,
			"host_system":	18.306240364578315,
			"remote_total":	25.6886614472075,
			"remote_user":	2.476143529836198,
			"remote_system":	23.212516491297364
		},
		"sender_tcp_congestion":	"cubic",
		"receiver_tcp_congestion":	"cubic"
	}
}
