{
	"start":	{
		"connected":	[{
				"socket":	5,
				"local_host":	"10.10.10.2",
				"local_port":	60658,
				"remote_host":	"10.10.10.4",
				"remote_port":	5201
			}],
		"version":	"iperf 3.9",
		"system_info":	"Linux zelda 5.10.0-18-amd64 #1 SMP Debian 5.10.140-1 (2022-09-02) x86_64",
		"timestamp":	{
			"time":	"Wed, 31 Jan 2024 07:37:14 GMT",
			"timesecs":	1706686634
		},
		"connecting_to":	{
			"host":	"10.10.10.4",
			"port":	5201
		},
		"cookie":	"vqxey6hxy4puwjs4bp7qfqwp6kbkiv5jutpq",
		"tcp_mss_default":	1448,
		"target_bitrate":	6000000000,
		"sock_bufsize":	0,
		"sndbuf_actual":	1000000,
		"rcvbuf_actual":	1000000,
		"test_start":	{
			"protocol":	"TCP",
			"num_streams":	1,
			"blksize":	131072,
			"omit":	0,
			"duration":	20,
			"bytes":	0,
			"blocks":	0,
			"reverse":	0,
			"tos":	0
		}
	},
	"intervals":	[{
			"streams":	[{
					"socket":	5,
					"start":	0,
					"end":	20.000077,
					"seconds":	20.000076293945312,
					"bytes":	2356150272,
					"bits_per_second":	942456513.61371458,
					"retransmits":	0,
					"snd_cwnd":	622640,
					"rtt":	2749,
					"rttvar":	159,
					"pmtu":	9000,
					"omitted":	false,
					"sender":	true
				}],
			"sum":	{
				"start":	0,
				"end":	20.000077,
				"seconds":	20.000076293945312,
				"bytes":	2356150272,
				"bits_per_second":	942456513.61371458,
				"retransmits":	0,
				"omitted":	false,
				"sender":	true
			}
		}],
	"end":	{
		"streams":	[{
				"sender":	{
					"socket":	5,
					"start":	0,
					"end":	20.000077,
					"seconds":	20.000077,
					"bytes":	2356150272,
					"bits_per_second":	942456480.34255064,
					"retransmits":	0,
					"max_snd_cwnd":	622640,
					"max_rtt":	2749,
					"min_rtt":	2749,
					"mean_rtt":	2749,
					"sender":	true
				},
				"receiver":	{
					"socket":	5,
					"start":	0,
					"end":	20.041069030761719,
					"seconds":	20.000077,
					"bytes":	2353952088,
					"bits_per_second":	939651306.77883053,
					"sender":	true
				}
			}],
		"sum_sent":	{
			"start":	0,
			"end":	20.000077,
			"seconds":	20.000077,
			"bytes":	2356150272,
			"bits_per_second":	942456480.34255064,
			"retransmits":	0,
			"sender":	true
		},
		"sum_received":	{
			"start":	0,
			"end":	20.041069030761719,
			"seconds":	20.041069030761719,
			"bytes":	2353952088,
			"bits_per_second":	939651306.77883053,
			"sender":	true
		},
		"cpu_utilization_percent":	{
			"host_total":	17.905633694263063,
			"host_user":	0.591731178150876,
			"host_system":	17.313902516112186,
			"remote_total":	24.315712303939357,
			"remote_user":	2.4495523460223758,
			"remote_system":	21.866164928508724
		},
		"sender_tcp_congestion":	"cubic",
		"receiver_tcp_congestion":	"cubic"
	}
}
