{
	"start":	{
		"connected":	[{
				"socket":	5,
				"local_host":	"10.10.10.2",
				"local_port":	45666,
				"remote_host":	"10.10.10.4",
				"remote_port":	5201
			}],
		"version":	"iperf 3.9",
		"system_info":	"Linux zelda 5.10.0-18-amd64 #1 SMP Debian 5.10.140-1 (2022-09-02) x86_64",
		"timestamp":	{
			"time":	"Wed, 31 Jan 2024 12:16:58 GMT",
			"timesecs":	1706703418
		},
		"connecting_to":	{
			"host":	"10.10.10.4",
			"port":	5201
		},
		"cookie":	"lxytjsdrwz6sjfl5r2rz3cjanpcsudqieacq",
		"tcp_mss_default":	1448,
		"target_bitrate":	9000000000,
		"sock_bufsize":	0,
		"sndbuf_actual":	1000000,
		"rcvbuf_actual":	1000000,
		"test_start":	{
			"protocol":	"TCP",
			"num_streams":	1,
			"blksize":	131072,
			"omit":	0,
			"duration":	30,
			"bytes":	0,
			"blocks":	0,
			"reverse":	0,
			"tos":	0
		}
	},
	"intervals":	[{
			"streams":	[{
					"socket":	5,
					"start":	0,
					"end":	30.000078,
					"seconds":	30.000078201293945,
					"bytes":	3532259328,
					"bits_per_second":	941933365.453067,
					"retransmits":	0,
					"snd_cwnd":	437296,
					"rtt":	2210,
					"rttvar":	145,
					"pmtu":	9000,
					"omitted":	false,
					"sender":	true
				}],
			"sum":	{
				"start":	0,
				"end":	30.000078,
				"seconds":	30.000078201293945,
				"bytes":	3532259328,
				"bits_per_second":	941933365.453067,
				"retransmits":	0,
				"omitted":	false,
				"sender":	true
			}
		}],
	"end":	{
		"streams":	[{
				"sender":	{
					"socket":	5,
					"start":	0,
					"end":	30.000078,
					"seconds":	30.000078,
					"bytes":	3532259328,
					"bits_per_second":	941933371.77323341,
					"retransmits":	0,
					"max_snd_cwnd":	437296,
					"max_rtt":	2210,
					"min_rtt":	2210,
					"mean_rtt":	2210,
					"sender":	true
				},
				"receiver":	{
					"socket":	5,
					"start":	0,
					"end":	30.043913841247559,
					"seconds":	30.000078,
					"bytes":	3530741688,
					"bits_per_second":	940154922.99877739,
					"sender":	true
				}
			}],
		"sum_sent":	{
			"start":	0,
			"end":	30.000078,
			"seconds":	30.000078,
			"bytes":	3532259328,
			"bits_per_second":	941933371.77323341,
			"retransmits":	0,
			"sender":	true
		},
		"sum_received":	{
			"start":	0,
			"end":	30.043913841247559,
			"seconds":	30.043913841247559,
			"bytes":	3530741688,
			"bits_per_second":	940154922.99877739,
			"sender":	true
		},
		"cpu_utilization_percent":	{
			"host_total":	18.909166487980649,
			"host_user":	0.76899193597843152,
			"host_system":	18.140177875877907,
			"remote_total":	25.809106336616328,
			"remote_user":	2.614802713504647,
			"remote_system":	23.194303623111679
		},
		"sender_tcp_congestion":	"cubic",
		"receiver_tcp_congestion":	"cubic"
	}
}
