{
	"start":	{
		"connected":	[{
				"socket":	5,
				"local_host":	"10.10.10.2",
				"local_port":	57000,
				"remote_host":	"10.10.10.4",
				"remote_port":	5201
			}],
		"version":	"iperf 3.9",
		"system_info":	"Linux zelda 5.10.0-18-amd64 #1 SMP Debian 5.10.140-1 (2022-09-02) x86_64",
		"timestamp":	{
			"time":	"Wed, 31 Jan 2024 01:28:10 GMT",
			"timesecs":	1706664490
		},
		"connecting_to":	{
			"host":	"10.10.10.4",
			"port":	5201
		},
		"cookie":	"u7glcfz6f5owhuo55ibeviz4uyycibprr7a4",
		"tcp_mss_default":	1448,
		"target_bitrate":	2000000000,
		"sock_bufsize":	0,
		"sndbuf_actual":	1000000,
		"rcvbuf_actual":	1000000,
		"test_start":	{
			"protocol":	"TCP",
			"num_streams":	1,
			"blksize":	131072,
			"omit":	0,
			"duration":	20,
			"bytes":	0,
			"blocks":	0,
			"reverse":	0,
			"tos":	0
		}
	},
	"intervals":	[{
			"streams":	[{
					"socket":	5,
					"start":	0,
					"end":	20.000069,
					"seconds":	20.000068664550781,
					"bytes":	2355494912,
					"bits_per_second":	942194730.03110576,
					"retransmits":	0,
					"snd_cwnd":	444536,
					"rtt":	2214,
					"rttvar":	119,
					"pmtu":	9000,
					"omitted":	false,
					"sender":	true
				}],
			"sum":	{
				"start":	0,
				"end":	20.000069,
				"seconds":	20.000068664550781,
				"bytes":	2355494912,
				"bits_per_second":	942194730.03110576,
				"retransmits":	0,
				"omitted":	false,
				"sender":	true
			}
		}],
	"end":	{
		"streams":	[{
				"sender":	{
					"socket":	5,
					"start":	0,
					"end":	20.000069,
					"seconds":	20.000069,
					"bytes":	2355494912,
					"bits_per_second":	942194714.228236,
					"retransmits":	0,
					"max_snd_cwnd":	444536,
					"max_rtt":	2214,
					"min_rtt":	2214,
					"mean_rtt":	2214,
					"sender":	true
				},
				"receiver":	{
					"socket":	5,
					"start":	0,
					"end":	20.0431559085846,
					"seconds":	20.000069,
					"bytes":	2353949192,
					"bits_per_second":	939552315.10893571,
					"sender":	true
				}
			}],
		"sum_sent":	{
			"start":	0,
			"end":	20.000069,
			"seconds":	20.000069,
			"bytes":	2355494912,
			"bits_per_second":	942194714.228236,
			"retransmits":	0,
			"sender":	true
		},
		"sum_received":	{
			"start":	0,
			"end":	20.0431559085846,
			"seconds":	20.0431559085846,
			"bytes":	2353949192,
			"bits_per_second":	939552315.10893571,
			"sender":	true
		},
		"cpu_utilization_percent":	{
			"host_total":	18.239625998859079,
			"host_user":	0.976334694613651,
			"host_system":	17.263281345965144,
			"remote_total":	26.28272361629589,
			"remote_user":	3.3314493447859563,
			"remote_system":	22.951269301875147
		},
		"sender_tcp_congestion":	"cubic",
		"receiver_tcp_congestion":	"cubic"
	}
}
