{
	"start":	{
		"connected":	[{
				"socket":	5,
				"local_host":	"10.10.10.2",
				"local_port":	60082,
				"remote_host":	"10.10.10.4",
				"remote_port":	5201
			}],
		"version":	"iperf 3.9",
		"system_info":	"Linux zelda 5.10.0-18-amd64 #1 SMP Debian 5.10.140-1 (2022-09-02) x86_64",
		"timestamp":	{
			"time":	"Wed, 31 Jan 2024 06:40:43 GMT",
			"timesecs":	1706683243
		},
		"connecting_to":	{
			"host":	"10.10.10.4",
			"port":	5201
		},
		"cookie":	"p5kuo3bsse7n5avdrfzl5zthq4y2vq6xmo7k",
		"tcp_mss_default":	1448,
		"target_bitrate":	5000000000,
		"sock_bufsize":	0,
		"sndbuf_actual":	1000000,
		"rcvbuf_actual":	1000000,
		"test_start":	{
			"protocol":	"TCP",
			"num_streams":	1,
			"blksize":	131072,
			"omit":	0,
			"duration":	70,
			"bytes":	0,
			"blocks":	0,
			"reverse":	0,
			"tos":	0
		}
	},
	"intervals":	[{
			"streams":	[{
					"socket":	5,
					"start":	0,
					"end":	60.00004,
					"seconds":	60.000038146972656,
					"bytes":	7063207936,
					"bits_per_second":	941760459.37815845,
					"retransmits":	0,
					"snd_cwnd":	534312,
					"rtt":	2211,
					"rttvar":	129,
					"pmtu":	9000,
					"omitted":	false,
					"sender":	true
				}],
			"sum":	{
				"start":	0,
				"end":	60.00004,
				"seconds":	60.000038146972656,
				"bytes":	7063207936,
				"bits_per_second":	941760459.37815845,
				"retransmits":	0,
				"omitted":	false,
				"sender":	true
			}
		}, {
			"streams":	[{
					"socket":	5,
					"start":	60.00004,
					"end":	70.000076,
					"seconds":	10.000036239624023,
					"bytes":	1176764416,
					"bits_per_second":	941408121.17236364,
					"retransmits":	0,
					"snd_cwnd":	534312,
					"rtt":	2234,
					"rttvar":	119,
					"pmtu":	9000,
					"omitted":	false,
					"sender":	true
				}],
			"sum":	{
				"start":	60.00004,
				"end":	70.000076,
				"seconds":	10.000036239624023,
				"bytes":	1176764416,
				"bits_per_second":	941408121.17236364,
				"retransmits":	0,
				"omitted":	false,
				"sender":	true
			}
		}],
	"end":	{
		"streams":	[{
				"sender":	{
					"socket":	5,
					"start":	0,
					"end":	70.000076,
					"seconds":	70.000076,
					"bytes":	8239972352,
					"bits_per_second":	941710103.51474464,
					"retransmits":	0,
					"max_snd_cwnd":	534312,
					"max_rtt":	2234,
					"min_rtt":	2211,
					"mean_rtt":	2222,
					"sender":	true
				},
				"receiver":	{
					"socket":	5,
					"start":	0,
					"end":	70.041397094726562,
					"seconds":	70.000076,
					"bytes":	8238156048,
					"bits_per_second":	940947084.40591669,
					"sender":	true
				}
			}],
		"sum_sent":	{
			"start":	0,
			"end":	70.000076,
			"seconds":	70.000076,
			"bytes":	8239972352,
			"bits_per_second":	941710103.51474464,
			"retransmits":	0,
			"sender":	true
		},
		"sum_received":	{
			"start":	0,
			"end":	70.041397094726562,
			"seconds":	70.041397094726562,
			"bytes":	8238156048,
			"bits_per_second":	940947084.40591669,
			"sender":	true
		},
		"cpu_utilization_percent":	{
			"host_total":	18.633652349875447,
			"host_user":	0.67571493350706735,
			"host_system":	17.957935989512038,
			"remote_total":	27.619445259415233,
			"remote_user":	2.8326232676514733,
			"remote_system":	24.786820565604494
		},
		"sender_tcp_congestion":	"cubic",
		"receiver_tcp_congestion":	"cubic"
	}
}
