{
	"start":	{
		"connected":	[{
				"socket":	5,
				"local_host":	"10.10.10.2",
				"local_port":	54416,
				"remote_host":	"10.10.10.4",
				"remote_port":	5201
			}],
		"version":	"iperf 3.9",
		"system_info":	"Linux zelda 5.10.0-18-amd64 #1 SMP Debian 5.10.140-1 (2022-09-02) x86_64",
		"timestamp":	{
			"time":	"Wed, 31 Jan 2024 12:19:39 GMT",
			"timesecs":	1706703579
		},
		"connecting_to":	{
			"host":	"10.10.10.4",
			"port":	5201
		},
		"cookie":	"rz3plgrf6lw2hiy24g4d7g5ocpqlfjqdgvho",
		"tcp_mss_default":	1448,
		"target_bitrate":	9000000000,
		"sock_bufsize":	0,
		"sndbuf_actual":	1000000,
		"rcvbuf_actual":	1000000,
		"test_start":	{
			"protocol":	"TCP",
			"num_streams":	1,
			"blksize":	131072,
			"omit":	0,
			"duration":	40,
			"bytes":	0,
			"blocks":	0,
			"reverse":	0,
			"tos":	0
		}
	},
	"intervals":	[{
			"streams":	[{
					"socket":	5,
					"start":	0,
					"end":	40.000069,
					"seconds":	40.000068664550781,
					"bytes":	4709285888,
					"bits_per_second":	941855560.79777539,
					"retransmits":	0,
					"snd_cwnd":	501008,
					"rtt":	2215,
					"rttvar":	94,
					"pmtu":	9000,
					"omitted":	false,
					"sender":	true
				}],
			"sum":	{
				"start":	0,
				"end":	40.000069,
				"seconds":	40.000068664550781,
				"bytes":	4709285888,
				"bits_per_second":	941855560.79777539,
				"retransmits":	0,
				"omitted":	false,
				"sender":	true
			}
		}],
	"end":	{
		"streams":	[{
				"sender":	{
					"socket":	5,
					"start":	0,
					"end":	40.000069,
					"seconds":	40.000069,
					"bytes":	4709285888,
					"bits_per_second":	941855552.899171,
					"retransmits":	0,
					"max_snd_cwnd":	501008,
					"max_rtt":	2215,
					"min_rtt":	2215,
					"mean_rtt":	2215,
					"sender":	true
				},
				"receiver":	{
					"socket":	5,
					"start":	0,
					"end":	40.044135093688965,
					"seconds":	40.000069,
					"bytes":	4707600792,
					"bits_per_second":	940482451.37239635,
					"sender":	true
				}
			}],
		"sum_sent":	{
			"start":	0,
			"end":	40.000069,
			"seconds":	40.000069,
			"bytes":	4709285888,
			"bits_per_second":	941855552.899171,
			"retransmits":	0,
			"sender":	true
		},
		"sum_received":	{
			"start":	0,
			"end":	40.044135093688965,
			"seconds":	40.044135093688965,
			"bytes":	4707600792,
			"bits_per_second":	940482451.37239635,
			"sender":	true
		},
		"cpu_utilization_percent":	{
			"host_total":	18.818096397417538,
			"host_user":	0.897328289550741,
			"host_system":	17.9207681078668,
			"remote_total":	21.566260471384741,
			"remote_user":	1.6364267318262147,
			"remote_system":	19.929833739558529
		},
		"sender_tcp_congestion":	"cubic",
		"receiver_tcp_congestion":	"cubic"
	}
}
