{
	"start":	{
		"connected":	[{
				"socket":	5,
				"local_host":	"10.10.10.2",
				"local_port":	43524,
				"remote_host":	"10.10.10.4",
				"remote_port":	5201
			}],
		"version":	"iperf 3.9",
		"system_info":	"Linux zelda 5.10.0-18-amd64 #1 SMP Debian 5.10.140-1 (2022-09-02) x86_64",
		"timestamp":	{
			"time":	"Wed, 31 Jan 2024 14:24:18 GMT",
			"timesecs":	1706711058
		},
		"connecting_to":	{
			"host":	"10.10.10.4",
			"port":	5201
		},
		"cookie":	"zgzcfbqd3qc3sak4okmd2upihi3kgxdimcr2",
		"tcp_mss_default":	1448,
		"target_bitrate":	10000000000,
		"sock_bufsize":	0,
		"sndbuf_actual":	1000000,
		"rcvbuf_actual":	1000000,
		"test_start":	{
			"protocol":	"TCP",
			"num_streams":	1,
			"blksize":	131072,
			"omit":	0,
			"duration":	70,
			"bytes":	0,
			"blocks":	0,
			"reverse":	0,
			"tos":	0
		}
	},
	"intervals":	[{
			"streams":	[{
					"socket":	5,
					"start":	0,
					"end":	60.000215,
					"seconds":	60.000213623046875,
					"bytes":	7062945792,
					"bits_per_second":	941722752.705271,
					"retransmits":	0,
					"snd_cwnd":	463360,
					"rtt":	2194,
					"rttvar":	112,
					"pmtu":	9000,
					"omitted":	false,
					"sender":	true
				}],
			"sum":	{
				"start":	0,
				"end":	60.000215,
				"seconds":	60.000213623046875,
				"bytes":	7062945792,
				"bits_per_second":	941722752.705271,
				"retransmits":	0,
				"omitted":	false,
				"sender":	true
			}
		}, {
			"streams":	[{
					"socket":	5,
					"start":	60.000215,
					"end":	70.000082,
					"seconds":	9.99986743927002,
					"bytes":	1176764416,
					"bits_per_second":	941424012.38543034,
					"retransmits":	0,
					"snd_cwnd":	463360,
					"rtt":	2193,
					"rttvar":	155,
					"pmtu":	9000,
					"omitted":	false,
					"sender":	true
				}],
			"sum":	{
				"start":	60.000215,
				"end":	70.000082,
				"seconds":	9.99986743927002,
				"bytes":	1176764416,
				"bits_per_second":	941424012.38543034,
				"retransmits":	0,
				"omitted":	false,
				"sender":	true
			}
		}],
	"end":	{
		"streams":	[{
				"sender":	{
					"socket":	5,
					"start":	0,
					"end":	70.000082,
					"seconds":	70.000082,
					"bytes":	8239710208,
					"bits_per_second":	941680063.51763976,
					"retransmits":	0,
					"max_snd_cwnd":	463360,
					"max_rtt":	2194,
					"min_rtt":	2193,
					"mean_rtt":	2193,
					"sender":	true
				},
				"receiver":	{
					"socket":	5,
					"start":	0,
					"end":	70.0441689491272,
					"seconds":	70.000082,
					"bytes":	8238095568,
					"bits_per_second":	940902940.71254337,
					"sender":	true
				}
			}],
		"sum_sent":	{
			"start":	0,
			"end":	70.000082,
			"seconds":	70.000082,
			"bytes":	8239710208,
			"bits_per_second":	941680063.51763976,
			"retransmits":	0,
			"sender":	true
		},
		"sum_received":	{
			"start":	0,
			"end":	70.0441689491272,
			"seconds":	70.0441689491272,
			"bytes":	8238095568,
			"bits_per_second":	940902940.71254337,
			"sender":	true
		},
		"cpu_utilization_percent":	{
			"host_total":	19.433152387909868,
			"host_user":	0.69541689821856667,
			"host_system":	18.737734062890716,
			"remote_total":	24.9509475711657,
			"remote_user":	2.6989994995857929,
			"remote_system":	22.251948071579911
		},
		"sender_tcp_congestion":	"cubic",
		"receiver_tcp_congestion":	"cubic"
	}
}
