{
	"start":	{
		"connected":	[{
				"socket":	5,
				"local_host":	"10.10.10.2",
				"local_port":	39996,
				"remote_host":	"10.10.10.4",
				"remote_port":	5201
			}],
		"version":	"iperf 3.9",
		"system_info":	"Linux zelda 5.10.0-18-amd64 #1 SMP Debian 5.10.140-1 (2022-09-02) x86_64",
		"timestamp":	{
			"time":	"Wed, 31 Jan 2024 03:17:47 GMT",
			"timesecs":	1706671067
		},
		"connecting_to":	{
			"host":	"10.10.10.4",
			"port":	5201
		},
		"cookie":	"cmkkh6q2k4455ly6szoq262mhrxkypr4oyqo",
		"tcp_mss_default":	1448,
		"target_bitrate":	3000000000,
		"sock_bufsize":	0,
		"sndbuf_actual":	1000000,
		"rcvbuf_actual":	1000000,
		"test_start":	{
			"protocol":	"TCP",
			"num_streams":	1,
			"blksize":	131072,
			"omit":	0,
			"duration":	50,
			"bytes":	0,
			"blocks":	0,
			"reverse":	0,
			"tos":	0
		}
	},
	"intervals":	[{
			"streams":	[{
					"socket":	5,
					"start":	0,
					"end":	50.000044,
					"seconds":	50.000045776367188,
					"bytes":	5886050304,
					"bits_per_second":	941767186.42638934,
					"retransmits":	0,
					"snd_cwnd":	448880,
					"rtt":	2229,
					"rttvar":	94,
					"pmtu":	9000,
					"omitted":	false,
					"sender":	true
				}],
			"sum":	{
				"start":	0,
				"end":	50.000044,
				"seconds":	50.000045776367188,
				"bytes":	5886050304,
				"bits_per_second":	941767186.42638934,
				"retransmits":	0,
				"omitted":	false,
				"sender":	true
			}
		}],
	"end":	{
		"streams":	[{
				"sender":	{
					"socket":	5,
					"start":	0,
					"end":	50.000044,
					"seconds":	50.000044,
					"bytes":	5886050304,
					"bits_per_second":	941767219.88484645,
					"retransmits":	0,
					"max_snd_cwnd":	448880,
					"max_rtt":	2229,
					"min_rtt":	2229,
					"mean_rtt":	2229,
					"sender":	true
				},
				"receiver":	{
					"socket":	5,
					"start":	0,
					"end":	50.0429859161377,
					"seconds":	50.000044,
					"bytes":	5884457000,
					"bits_per_second":	940704379.20889926,
					"sender":	true
				}
			}],
		"sum_sent":	{
			"start":	0,
			"end":	50.000044,
			"seconds":	50.000044,
			"bytes":	5886050304,
			"bits_per_second":	941767219.88484645,
			"retransmits":	0,
			"sender":	true
		},
		"sum_received":	{
			"start":	0,
			"end":	50.0429859161377,
			"seconds":	50.0429859161377,
			"bytes":	5884457000,
			"bits_per_second":	940704379.20889926,
			"sender":	true
		},
		"cpu_utilization_percent":	{
			"host_total":	18.90676947489483,
			"host_user":	0.936060747151047,
			"host_system":	17.970708727743784,
			"remote_total":	25.540778707291707,
			"remote_user":	2.7430260350583291,
			"remote_system":	22.797750676949828
		},
		"sender_tcp_congestion":	"cubic",
		"receiver_tcp_congestion":	"cubic"
	}
}
