{
	"start":	{
		"connected":	[{
				"socket":	5,
				"local_host":	"10.10.10.2",
				"local_port":	56408,
				"remote_host":	"10.10.10.4",
				"remote_port":	5201
			}],
		"version":	"iperf 3.9",
		"system_info":	"Linux zelda 5.10.0-18-amd64 #1 SMP Debian 5.10.140-1 (2022-09-02) x86_64",
		"timestamp":	{
			"time":	"Wed, 31 Jan 2024 01:29:11 GMT",
			"timesecs":	1706664551
		},
		"connecting_to":	{
			"host":	"10.10.10.4",
			"port":	5201
		},
		"cookie":	"dqfvdfgqqwhkbigzyncdgzdy453ehodwunzb",
		"tcp_mss_default":	1448,
		"target_bitrate":	2000000000,
		"sock_bufsize":	0,
		"sndbuf_actual":	1000000,
		"rcvbuf_actual":	1000000,
		"test_start":	{
			"protocol":	"TCP",
			"num_streams":	1,
			"blksize":	131072,
			"omit":	0,
			"duration":	20,
			"bytes":	0,
			"blocks":	0,
			"reverse":	0,
			"tos":	0
		}
	},
	"intervals":	[{
			"streams":	[{
					"socket":	5,
					"start":	0,
					"end":	20.000073,
					"seconds":	20.000072479248047,
					"bytes":	2355494912,
					"bits_per_second":	942194550.322374,
					"retransmits":	0,
					"snd_cwnd":	460464,
					"rtt":	2194,
					"rttvar":	153,
					"pmtu":	9000,
					"omitted":	false,
					"sender":	true
				}],
			"sum":	{
				"start":	0,
				"end":	20.000073,
				"seconds":	20.000072479248047,
				"bytes":	2355494912,
				"bits_per_second":	942194550.322374,
				"retransmits":	0,
				"omitted":	false,
				"sender":	true
			}
		}],
	"end":	{
		"streams":	[{
				"sender":	{
					"socket":	5,
					"start":	0,
					"end":	20.000073,
					"seconds":	20.000073,
					"bytes":	2355494912,
					"bits_per_second":	942194525.789981,
					"retransmits":	0,
					"max_snd_cwnd":	460464,
					"max_rtt":	2194,
					"min_rtt":	2194,
					"mean_rtt":	2194,
					"sender":	true
				},
				"receiver":	{
					"socket":	5,
					"start":	0,
					"end":	20.042451858520508,
					"seconds":	20.000073,
					"bytes":	2353882584,
					"bits_per_second":	939558732.88000357,
					"sender":	true
				}
			}],
		"sum_sent":	{
			"start":	0,
			"end":	20.000073,
			"seconds":	20.000073,
			"bytes":	2355494912,
			"bits_per_second":	942194525.789981,
			"retransmits":	0,
			"sender":	true
		},
		"sum_received":	{
			"start":	0,
			"end":	20.042451858520508,
			"seconds":	20.042451858520508,
			"bytes":	2353882584,
			"bits_per_second":	939558732.88000357,
			"sender":	true
		},
		"cpu_utilization_percent":	{
			"host_total":	20.897695881077425,
			"host_user":	0.59570525612239067,
			"host_system":	20.301990624955035,
			"remote_total":	27.017152296800557,
			"remote_user":	2.572911611513784,
			"remote_system":	24.444240685286776
		},
		"sender_tcp_congestion":	"cubic",
		"receiver_tcp_congestion":	"cubic"
	}
}
