{
	"start":	{
		"connected":	[{
				"socket":	5,
				"local_host":	"10.10.10.2",
				"local_port":	45882,
				"remote_host":	"10.10.10.4",
				"remote_port":	5201
			}],
		"version":	"iperf 3.9",
		"system_info":	"Linux zelda 5.10.0-18-amd64 #1 SMP Debian 5.10.140-1 (2022-09-02) x86_64",
		"timestamp":	{
			"time":	"Wed, 31 Jan 2024 11:10:04 GMT",
			"timesecs":	1706699404
		},
		"connecting_to":	{
			"host":	"10.10.10.4",
			"port":	5201
		},
		"cookie":	"xuauhrgakdlpeoly6xkf36zzipykfbgzcvzl",
		"tcp_mss_default":	1448,
		"target_bitrate":	8000000000,
		"sock_bufsize":	0,
		"sndbuf_actual":	1000000,
		"rcvbuf_actual":	1000000,
		"test_start":	{
			"protocol":	"TCP",
			"num_streams":	1,
			"blksize":	131072,
			"omit":	0,
			"duration":	60,
			"bytes":	0,
			"blocks":	0,
			"reverse":	0,
			"tos":	0
		}
	},
	"intervals":	[{
			"streams":	[{
					"socket":	5,
					"start":	0,
					"end":	60.000074,
					"seconds":	60.000072479248047,
					"bytes":	7063732224,
					"bits_per_second":	941829825.48137438,
					"retransmits":	0,
					"snd_cwnd":	786264,
					"rtt":	2824,
					"rttvar":	139,
					"pmtu":	9000,
					"omitted":	false,
					"sender":	true
				}],
			"sum":	{
				"start":	0,
				"end":	60.000074,
				"seconds":	60.000072479248047,
				"bytes":	7063732224,
				"bits_per_second":	941829825.48137438,
				"retransmits":	0,
				"omitted":	false,
				"sender":	true
			}
		}],
	"end":	{
		"streams":	[{
				"sender":	{
					"socket":	5,
					"start":	0,
					"end":	60.000074,
					"seconds":	60.000074,
					"bytes":	7063732224,
					"bits_per_second":	941829801.60991132,
					"retransmits":	0,
					"max_snd_cwnd":	786264,
					"max_rtt":	2824,
					"min_rtt":	2824,
					"mean_rtt":	2824,
					"sender":	true
				},
				"receiver":	{
					"socket":	5,
					"start":	0,
					"end":	60.044701814651489,
					"seconds":	60.000074,
					"bytes":	7061371128,
					"bits_per_second":	940815214.61091936,
					"sender":	true
				}
			}],
		"sum_sent":	{
			"start":	0,
			"end":	60.000074,
			"seconds":	60.000074,
			"bytes":	7063732224,
			"bits_per_second":	941829801.60991132,
			"retransmits":	0,
			"sender":	true
		},
		"sum_received":	{
			"start":	0,
			"end":	60.044701814651489,
			"seconds":	60.044701814651489,
			"bytes":	7061371128,
			"bits_per_second":	940815214.61091936,
			"sender":	true
		},
		"cpu_utilization_percent":	{
			"host_total":	19.965910054503468,
			"host_user":	0.77369846616881222,
			"host_system":	19.192213252638986,
			"remote_total":	25.522832602664252,
			"remote_user":	2.4253640261641314,
			"remote_system":	23.097470239865039
		},
		"sender_tcp_congestion":	"cubic",
		"receiver_tcp_congestion":	"cubic"
	}
}
