{
	"start":	{
		"connected":	[{
				"socket":	5,
				"local_host":	"10.10.10.2",
				"local_port":	51598,
				"remote_host":	"10.10.10.4",
				"remote_port":	5201
			}],
		"version":	"iperf 3.9",
		"system_info":	"Linux zelda 5.10.0-18-amd64 #1 SMP Debian 5.10.140-1 (2022-09-02) x86_64",
		"timestamp":	{
			"time":	"Wed, 31 Jan 2024 04:36:24 GMT",
			"timesecs":	1706675784
		},
		"connecting_to":	{
			"host":	"10.10.10.4",
			"port":	5201
		},
		"cookie":	"iem4bsle5hlol5j7hk5dtufffbawsrdqdqwy",
		"tcp_mss_default":	1448,
		"target_bitrate":	4000000000,
		"sock_bufsize":	0,
		"sndbuf_actual":	1000000,
		"rcvbuf_actual":	1000000,
		"test_start":	{
			"protocol":	"TCP",
			"num_streams":	1,
			"blksize":	131072,
			"omit":	0,
			"duration":	30,
			"bytes":	0,
			"blocks":	0,
			"reverse":	0,
			"tos":	0
		}
	},
	"intervals":	[{
			"streams":	[{
					"socket":	5,
					"start":	0,
					"end":	30.0001,
					"seconds":	30.000099182128906,
					"bytes":	3532914688,
					"bits_per_second":	942107468.79251957,
					"retransmits":	0,
					"snd_cwnd":	618296,
					"rtt":	2716,
					"rttvar":	169,
					"pmtu":	9000,
					"omitted":	false,
					"sender":	true
				}],
			"sum":	{
				"start":	0,
				"end":	30.0001,
				"seconds":	30.000099182128906,
				"bytes":	3532914688,
				"bits_per_second":	942107468.79251957,
				"retransmits":	0,
				"omitted":	false,
				"sender":	true
			}
		}],
	"end":	{
		"streams":	[{
				"sender":	{
					"socket":	5,
					"start":	0,
					"end":	30.0001,
					"seconds":	30.0001,
					"bytes":	3532914688,
					"bits_per_second":	942107443.108523,
					"retransmits":	0,
					"max_snd_cwnd":	618296,
					"max_rtt":	2716,
					"min_rtt":	2716,
					"mean_rtt":	2716,
					"sender":	true
				},
				"receiver":	{
					"socket":	5,
					"start":	0,
					"end":	30.0441210269928,
					"seconds":	30.0001,
					"bytes":	3530808296,
					"bits_per_second":	940166175.692818,
					"sender":	true
				}
			}],
		"sum_sent":	{
			"start":	0,
			"end":	30.0001,
			"seconds":	30.0001,
			"bytes":	3532914688,
			"bits_per_second":	942107443.108523,
			"retransmits":	0,
			"sender":	true
		},
		"sum_received":	{
			"start":	0,
			"end":	30.0441210269928,
			"seconds":	30.0441210269928,
			"bytes":	3530808296,
			"bits_per_second":	940166175.692818,
			"sender":	true
		},
		"cpu_utilization_percent":	{
			"host_total":	18.616117896606632,
			"host_user":	0.75918219059627878,
			"host_system":	17.856935706010351,
			"remote_total":	26.864256584830056,
			"remote_user":	2.5651337896662674,
			"remote_system":	24.299119474946085
		},
		"sender_tcp_congestion":	"cubic",
		"receiver_tcp_congestion":	"cubic"
	}
}
