{
	"start":	{
		"connected":	[{
				"socket":	5,
				"local_host":	"10.10.10.2",
				"local_port":	43400,
				"remote_host":	"10.10.10.4",
				"remote_port":	5201
			}],
		"version":	"iperf 3.9",
		"system_info":	"Linux zelda 5.10.0-18-amd64 #1 SMP Debian 5.10.140-1 (2022-09-02) x86_64",
		"timestamp":	{
			"time":	"Wed, 31 Jan 2024 03:25:59 GMT",
			"timesecs":	1706671559
		},
		"connecting_to":	{
			"host":	"10.10.10.4",
			"port":	5201
		},
		"cookie":	"tyace3lqzfcncrz5wn4ghe4l3fk63gdvezpb",
		"tcp_mss_default":	1448,
		"target_bitrate":	3000000000,
		"sock_bufsize":	0,
		"sndbuf_actual":	1000000,
		"rcvbuf_actual":	1000000,
		"test_start":	{
			"protocol":	"TCP",
			"num_streams":	1,
			"blksize":	131072,
			"omit":	0,
			"duration":	60,
			"bytes":	0,
			"blocks":	0,
			"reverse":	0,
			"tos":	0
		}
	},
	"intervals":	[{
			"streams":	[{
					"socket":	5,
					"start":	0,
					"end":	60.000073,
					"seconds":	60.000072479248047,
					"bytes":	7063863296,
					"bits_per_second":	941847301.72693,
					"retransmits":	0,
					"snd_cwnd":	699384,
					"rtt":	2784,
					"rttvar":	144,
					"pmtu":	9000,
					"omitted":	false,
					"sender":	true
				}],
			"sum":	{
				"start":	0,
				"end":	60.000073,
				"seconds":	60.000072479248047,
				"bytes":	7063863296,
				"bits_per_second":	941847301.72693,
				"retransmits":	0,
				"omitted":	false,
				"sender":	true
			}
		}],
	"end":	{
		"streams":	[{
				"sender":	{
					"socket":	5,
					"start":	0,
					"end":	60.000073,
					"seconds":	60.000073,
					"bytes":	7063863296,
					"bits_per_second":	941847293.55245948,
					"retransmits":	0,
					"max_snd_cwnd":	699384,
					"max_rtt":	2784,
					"min_rtt":	2784,
					"mean_rtt":	2784,
					"sender":	true
				},
				"receiver":	{
					"socket":	5,
					"start":	0,
					"end":	60.043222188949585,
					"seconds":	60.000073,
					"bytes":	7061305968,
					"bits_per_second":	940829717.06999028,
					"sender":	true
				}
			}],
		"sum_sent":	{
			"start":	0,
			"end":	60.000073,
			"seconds":	60.000073,
			"bytes":	7063863296,
			"bits_per_second":	941847293.55245948,
			"retransmits":	0,
			"sender":	true
		},
		"sum_received":	{
			"start":	0,
			"end":	60.043222188949585,
			"seconds":	60.043222188949585,
			"bytes":	7061305968,
			"bits_per_second":	940829717.06999028,
			"sender":	true
		},
		"cpu_utilization_percent":	{
			"host_total":	20.034864327806961,
			"host_user":	0.776735177580517,
			"host_system":	19.258129150226448,
			"remote_total":	26.560345084086372,
			"remote_user":	2.5240123166670521,
			"remote_system":	24.036329441089631
		},
		"sender_tcp_congestion":	"cubic",
		"receiver_tcp_congestion":	"cubic"
	}
}
