{
	"start":	{
		"connected":	[{
				"socket":	5,
				"local_host":	"10.10.10.2",
				"local_port":	58576,
				"remote_host":	"10.10.10.4",
				"remote_port":	5201
			}],
		"version":	"iperf 3.9",
		"system_info":	"Linux zelda 5.10.0-18-amd64 #1 SMP Debian 5.10.140-1 (2022-09-02) x86_64",
		"timestamp":	{
			"time":	"Tue, 30 Jan 2024 23:56:09 GMT",
			"timesecs":	1706658969
		},
		"connecting_to":	{
			"host":	"10.10.10.4",
			"port":	5201
		},
		"cookie":	"quyunslicnqgbmcw5byvr5vprilck2dccn5b",
		"tcp_mss_default":	1448,
		"target_bitrate":	1000000000,
		"sock_bufsize":	0,
		"sndbuf_actual":	1000000,
		"rcvbuf_actual":	1000000,
		"test_start":	{
			"protocol":	"TCP",
			"num_streams":	1,
			"blksize":	131072,
			"omit":	0,
			"duration":	20,
			"bytes":	0,
			"blocks":	0,
			"reverse":	0,
			"tos":	0
		}
	},
	"intervals":	[{
			"streams":	[{
					"socket":	5,
					"start":	0,
					"end":	20.00007,
					"seconds":	20.000070571899414,
					"bytes":	2355494912,
					"bits_per_second":	942194640.17673123,
					"retransmits":	0,
					"snd_cwnd":	466256,
					"rtt":	2172,
					"rttvar":	94,
					"pmtu":	9000,
					"omitted":	false,
					"sender":	true
				}],
			"sum":	{
				"start":	0,
				"end":	20.00007,
				"seconds":	20.000070571899414,
				"bytes":	2355494912,
				"bits_per_second":	942194640.17673123,
				"retransmits":	0,
				"omitted":	false,
				"sender":	true
			}
		}],
	"end":	{
		"streams":	[{
				"sender":	{
					"socket":	5,
					"start":	0,
					"end":	20.00007,
					"seconds":	20.00007,
					"bytes":	2355494912,
					"bits_per_second":	942194667.118665,
					"retransmits":	0,
					"max_snd_cwnd":	466256,
					"max_rtt":	2172,
					"min_rtt":	2172,
					"mean_rtt":	2172,
					"sender":	true
				},
				"receiver":	{
					"socket":	5,
					"start":	0,
					"end":	20.044345855712891,
					"seconds":	20.00007,
					"bytes":	2353856744,
					"bits_per_second":	939459640.51667821,
					"sender":	true
				}
			}],
		"sum_sent":	{
			"start":	0,
			"end":	20.00007,
			"seconds":	20.00007,
			"bytes":	2355494912,
			"bits_per_second":	942194667.118665,
			"retransmits":	0,
			"sender":	true
		},
		"sum_received":	{
			"start":	0,
			"end":	20.044345855712891,
			"seconds":	20.044345855712891,
			"bytes":	2353856744,
			"bits_per_second":	939459640.51667821,
			"sender":	true
		},
		"cpu_utilization_percent":	{
			"host_total":	19.074182853615557,
			"host_user":	1.0259654921794885,
			"host_system":	18.048207405342438,
			"remote_total":	27.599259883150118,
			"remote_user":	2.389665796451566,
			"remote_system":	25.209589117069942
		},
		"sender_tcp_congestion":	"cubic",
		"receiver_tcp_congestion":	"cubic"
	}
}
