{
	"start":	{
		"connected":	[{
				"socket":	5,
				"local_host":	"10.10.10.2",
				"local_port":	51604,
				"remote_host":	"10.10.10.4",
				"remote_port":	5201
			}],
		"version":	"iperf 3.9",
		"system_info":	"Linux zelda 5.10.0-18-amd64 #1 SMP Debian 5.10.140-1 (2022-09-02) x86_64",
		"timestamp":	{
			"time":	"Wed, 31 Jan 2024 07:38:55 GMT",
			"timesecs":	1706686735
		},
		"connecting_to":	{
			"host":	"10.10.10.4",
			"port":	5201
		},
		"cookie":	"nnmqs5cgkvvp3bko3fsrvchf3zyyq7aiyuqx",
		"tcp_mss_default":	1448,
		"target_bitrate":	6000000000,
		"sock_bufsize":	0,
		"sndbuf_actual":	1000000,
		"rcvbuf_actual":	1000000,
		"test_start":	{
			"protocol":	"TCP",
			"num_streams":	1,
			"blksize":	131072,
			"omit":	0,
			"duration":	30,
			"bytes":	0,
			"blocks":	0,
			"reverse":	0,
			"tos":	0
		}
	},
	"intervals":	[{
			"streams":	[{
					"socket":	5,
					"start":	0,
					"end":	30.00007,
					"seconds":	30.000070571899414,
					"bytes":	3532390400,
					"bits_per_second":	941968557.449657,
					"retransmits":	0,
					"snd_cwnd":	474944,
					"rtt":	2220,
					"rttvar":	153,
					"pmtu":	9000,
					"omitted":	false,
					"sender":	true
				}],
			"sum":	{
				"start":	0,
				"end":	30.00007,
				"seconds":	30.000070571899414,
				"bytes":	3532390400,
				"bits_per_second":	941968557.449657,
				"retransmits":	0,
				"omitted":	false,
				"sender":	true
			}
		}],
	"end":	{
		"streams":	[{
				"sender":	{
					"socket":	5,
					"start":	0,
					"end":	30.00007,
					"seconds":	30.00007,
					"bytes":	3532390400,
					"bits_per_second":	941968575.40665734,
					"retransmits":	0,
					"max_snd_cwnd":	474944,
					"max_rtt":	2220,
					"min_rtt":	2220,
					"mean_rtt":	2220,
					"sender":	true
				},
				"receiver":	{
					"socket":	5,
					"start":	0,
					"end":	30.040749073028564,
					"seconds":	30.00007,
					"bytes":	3530741688,
					"bits_per_second":	940253967.54703426,
					"sender":	true
				}
			}],
		"sum_sent":	{
			"start":	0,
			"end":	30.00007,
			"seconds":	30.00007,
			"bytes":	3532390400,
			"bits_per_second":	941968575.40665734,
			"retransmits":	0,
			"sender":	true
		},
		"sum_received":	{
			"start":	0,
			"end":	30.040749073028564,
			"seconds":	30.040749073028564,
			"bytes":	3530741688,
			"bits_per_second":	940253967.54703426,
			"sender":	true
		},
		"cpu_utilization_percent":	{
			"host_total":	19.1264285582042,
			"host_user":	0.67149427685913121,
			"host_system":	18.454934281345068,
			"remote_total":	21.767134593472644,
			"remote_user":	1.8667976276024942,
			"remote_system":	19.900336965870149
		},
		"sender_tcp_congestion":	"cubic",
		"receiver_tcp_congestion":	"cubic"
	}
}
