{
	"start":	{
		"connected":	[{
				"socket":	5,
				"local_host":	"10.10.10.2",
				"local_port":	36668,
				"remote_host":	"10.10.10.4",
				"remote_port":	5201
			}],
		"version":	"iperf 3.9",
		"system_info":	"Linux zelda 5.10.0-18-amd64 #1 SMP Debian 5.10.140-1 (2022-09-02) x86_64",
		"timestamp":	{
			"time":	"Mon, 29 Jan 2024 20:33:09 GMT",
			"timesecs":	1706560389
		},
		"connecting_to":	{
			"host":	"10.10.10.4",
			"port":	5201
		},
		"cookie":	"xjzkzcx3uh6hrhmg2edhgfimlu4eyac7es3n",
		"tcp_mss_default":	1448,
		"target_bitrate":	7000000000,
		"sock_bufsize":	0,
		"sndbuf_actual":	1000000,
		"rcvbuf_actual":	1000000,
		"test_start":	{
			"protocol":	"TCP",
			"num_streams":	1,
			"blksize":	131072,
			"omit":	0,
			"duration":	60,
			"bytes":	0,
			"blocks":	0,
			"reverse":	0,
			"tos":	0
		}
	},
	"intervals":	[{
			"streams":	[{
					"socket":	5,
					"start":	0,
					"end":	60.000069,
					"seconds":	60.000068664550781,
					"bytes":	7063076864,
					"bits_per_second":	941742504.1279,
					"retransmits":	0,
					"snd_cwnd":	499560,
					"rtt":	2441,
					"rttvar":	236,
					"pmtu":	9000,
					"omitted":	false,
					"sender":	true
				}],
			"sum":	{
				"start":	0,
				"end":	60.000069,
				"seconds":	60.000068664550781,
				"bytes":	7063076864,
				"bits_per_second":	941742504.1279,
				"retransmits":	0,
				"omitted":	false,
				"sender":	true
			}
		}],
	"end":	{
		"streams":	[{
				"sender":	{
					"socket":	5,
					"start":	0,
					"end":	60.000069,
					"seconds":	60.000069,
					"bytes":	7063076864,
					"bits_per_second":	941742498.862793,
					"retransmits":	0,
					"max_snd_cwnd":	499560,
					"max_rtt":	2441,
					"min_rtt":	2441,
					"mean_rtt":	2441,
					"sender":	true
				},
				"receiver":	{
					"socket":	5,
					"start":	0,
					"end":	60.043596982955933,
					"seconds":	60.000069,
					"bytes":	7061242256,
					"bits_per_second":	940815355.61627531,
					"sender":	true
				}
			}],
		"sum_sent":	{
			"start":	0,
			"end":	60.000069,
			"seconds":	60.000069,
			"bytes":	7063076864,
			"bits_per_second":	941742498.862793,
			"retransmits":	0,
			"sender":	true
		},
		"sum_received":	{
			"start":	0,
			"end":	60.043596982955933,
			"seconds":	60.043596982955933,
			"bytes":	7061242256,
			"bits_per_second":	940815355.61627531,
			"sender":	true
		},
		"cpu_utilization_percent":	{
			"host_total":	7.83926144267032,
			"host_user":	0.2512436573520811,
			"host_system":	7.5880161210672066,
			"remote_total":	25.6104536407961,
			"remote_user":	2.5191725562074958,
			"remote_system":	23.091279421405055
		},
		"sender_tcp_congestion":	"cubic",
		"receiver_tcp_congestion":	"cubic"
	}
}
