{
	"start":	{
		"connected":	[{
				"socket":	5,
				"local_host":	"10.10.10.2",
				"local_port":	43870,
				"remote_host":	"10.10.10.4",
				"remote_port":	5201
			}],
		"version":	"iperf 3.9",
		"system_info":	"Linux zelda 5.10.0-18-amd64 #1 SMP Debian 5.10.140-1 (2022-09-02) x86_64",
		"timestamp":	{
			"time":	"Tue, 30 Jan 2024 14:29:27 GMT",
			"timesecs":	1706624967
		},
		"connecting_to":	{
			"host":	"10.10.10.4",
			"port":	5201
		},
		"cookie":	"lhkr7sjvpjmrx2uau3sdrxlrcge4hpdl6t2k",
		"tcp_mss_default":	1448,
		"target_bitrate":	5000000000,
		"sock_bufsize":	0,
		"sndbuf_actual":	1000000,
		"rcvbuf_actual":	1000000,
		"test_start":	{
			"protocol":	"TCP",
			"num_streams":	1,
			"blksize":	131072,
			"omit":	0,
			"duration":	10,
			"bytes":	0,
			"blocks":	0,
			"reverse":	0,
			"tos":	0
		}
	},
	"intervals":	[{
			"streams":	[{
					"socket":	5,
					"start":	0,
					"end":	10.000071,
					"seconds":	10.000070571899414,
					"bytes":	1178599424,
					"bits_per_second":	942872885.16695881,
					"retransmits":	0,
					"snd_cwnd":	440192,
					"rtt":	2195,
					"rttvar":	115,
					"pmtu":	9000,
					"omitted":	false,
					"sender":	true
				}],
			"sum":	{
				"start":	0,
				"end":	10.000071,
				"seconds":	10.000070571899414,
				"bytes":	1178599424,
				"bits_per_second":	942872885.16695881,
				"retransmits":	0,
				"omitted":	false,
				"sender":	true
			}
		}],
	"end":	{
		"streams":	[{
				"sender":	{
					"socket":	5,
					"start":	0,
					"end":	10.000071,
					"seconds":	10.000071,
					"bytes":	1178599424,
					"bits_per_second":	942872844.802802,
					"retransmits":	0,
					"max_snd_cwnd":	440192,
					"max_rtt":	2195,
					"min_rtt":	2195,
					"mean_rtt":	2195,
					"sender":	true
				},
				"receiver":	{
					"socket":	5,
					"start":	0,
					"end":	10.043938159942627,
					"seconds":	10.000071,
					"bytes":	1177092984,
					"bits_per_second":	937554943.294652,
					"sender":	true
				}
			}],
		"sum_sent":	{
			"start":	0,
			"end":	10.000071,
			"seconds":	10.000071,
			"bytes":	1178599424,
			"bits_per_second":	942872844.802802,
			"retransmits":	0,
			"sender":	true
		},
		"sum_received":	{
			"start":	0,
			"end":	10.043938159942627,
			"seconds":	10.043938159942627,
			"bytes":	1177092984,
			"bits_per_second":	937554943.294652,
			"sender":	true
		},
		"cpu_utilization_percent":	{
			"host_total":	17.176872906555541,
			"host_user":	0.93213056034315234,
			"host_system":	16.244742346212387,
			"remote_total":	25.786359928023167,
			"remote_user":	2.3820541612420922,
			"remote_system":	23.404315646109037
		},
		"sender_tcp_congestion":	"cubic",
		"receiver_tcp_congestion":	"cubic"
	}
}
