{
	"start":	{
		"connected":	[{
				"socket":	5,
				"local_host":	"10.10.10.2",
				"local_port":	42812,
				"remote_host":	"10.10.10.4",
				"remote_port":	5201
			}],
		"version":	"iperf 3.9",
		"system_info":	"Linux zelda 5.10.0-18-amd64 #1 SMP Debian 5.10.140-1 (2022-09-02) x86_64",
		"timestamp":	{
			"time":	"Tue, 30 Jan 2024 22:39:03 GMT",
			"timesecs":	1706654343
		},
		"connecting_to":	{
			"host":	"10.10.10.4",
			"port":	5201
		},
		"cookie":	"jyarfjzpmoq7s7almx7tzwm6ds3xlapnntqj",
		"tcp_mss_default":	1448,
		"target_bitrate":	10000000000,
		"sock_bufsize":	0,
		"sndbuf_actual":	1000000,
		"rcvbuf_actual":	1000000,
		"test_start":	{
			"protocol":	"TCP",
			"num_streams":	1,
			"blksize":	131072,
			"omit":	0,
			"duration":	60,
			"bytes":	0,
			"blocks":	0,
			"reverse":	0,
			"tos":	0
		}
	},
	"intervals":	[{
			"streams":	[{
					"socket":	5,
					"start":	0,
					"end":	60.000072,
					"seconds":	60.000072479248047,
					"bytes":	7063470080,
					"bits_per_second":	941794872.99026322,
					"retransmits":	0,
					"snd_cwnd":	612504,
					"rtt":	2712,
					"rttvar":	105,
					"pmtu":	9000,
					"omitted":	false,
					"sender":	true
				}],
			"sum":	{
				"start":	0,
				"end":	60.000072,
				"seconds":	60.000072479248047,
				"bytes":	7063470080,
				"bits_per_second":	941794872.99026322,
				"retransmits":	0,
				"omitted":	false,
				"sender":	true
			}
		}],
	"end":	{
		"streams":	[{
				"sender":	{
					"socket":	5,
					"start":	0,
					"end":	60.000072,
					"seconds":	60.000072,
					"bytes":	7063470080,
					"bits_per_second":	941794880.51281,
					"retransmits":	0,
					"max_snd_cwnd":	612504,
					"max_rtt":	2712,
					"min_rtt":	2712,
					"mean_rtt":	2712,
					"sender":	true
				},
				"receiver":	{
					"socket":	5,
					"start":	0,
					"end":	60.041420936584473,
					"seconds":	60.000072,
					"bytes":	7061305968,
					"bits_per_second":	940857942.11407828,
					"sender":	true
				}
			}],
		"sum_sent":	{
			"start":	0,
			"end":	60.000072,
			"seconds":	60.000072,
			"bytes":	7063470080,
			"bits_per_second":	941794880.51281,
			"retransmits":	0,
			"sender":	true
		},
		"sum_received":	{
			"start":	0,
			"end":	60.041420936584473,
			"seconds":	60.041420936584473,
			"bytes":	7061305968,
			"bits_per_second":	940857942.11407828,
			"sender":	true
		},
		"cpu_utilization_percent":	{
			"host_total":	16.04712555445165,
			"host_user":	0.642341127902321,
			"host_system":	15.40478276217287,
			"remote_total":	25.788362784925788,
			"remote_user":	2.63658435004988,
			"remote_system":	23.151775108096221
		},
		"sender_tcp_congestion":	"cubic",
		"receiver_tcp_congestion":	"cubic"
	}
}
