{
	"start":	{
		"connected":	[{
				"socket":	5,
				"local_host":	"10.10.10.2",
				"local_port":	48504,
				"remote_host":	"10.10.10.4",
				"remote_port":	5201
			}],
		"version":	"iperf 3.9",
		"system_info":	"Linux zelda 5.10.0-18-amd64 #1 SMP Debian 5.10.140-1 (2022-09-02) x86_64",
		"timestamp":	{
			"time":	"Tue, 30 Jan 2024 19:54:25 GMT",
			"timesecs":	1706644465
		},
		"connecting_to":	{
			"host":	"10.10.10.4",
			"port":	5201
		},
		"cookie":	"lijayfwkj2zjzifvzrqmb27bp2n2uefrhyju",
		"tcp_mss_default":	1448,
		"target_bitrate":	8000000000,
		"sock_bufsize":	0,
		"sndbuf_actual":	1000000,
		"rcvbuf_actual":	1000000,
		"test_start":	{
			"protocol":	"TCP",
			"num_streams":	1,
			"blksize":	131072,
			"omit":	0,
			"duration":	80,
			"bytes":	0,
			"blocks":	0,
			"reverse":	0,
			"tos":	0
		}
	},
	"intervals":	[{
			"streams":	[{
					"socket":	5,
					"start":	0,
					"end":	60.000087,
					"seconds":	60.0000877380371,
					"bytes":	7062683648,
					"bits_per_second":	941689776.0331248,
					"retransmits":	0,
					"snd_cwnd":	424264,
					"rtt":	2167,
					"rttvar":	100,
					"pmtu":	9000,
					"omitted":	false,
					"sender":	true
				}],
			"sum":	{
				"start":	0,
				"end":	60.000087,
				"seconds":	60.0000877380371,
				"bytes":	7062683648,
				"bits_per_second":	941689776.0331248,
				"retransmits":	0,
				"omitted":	false,
				"sender":	true
			}
		}, {
			"streams":	[{
					"socket":	5,
					"start":	60.000087,
					"end":	80.000066,
					"seconds":	19.999979019165039,
					"bytes":	2353790976,
					"bits_per_second":	941517378.091036,
					"retransmits":	0,
					"snd_cwnd":	424264,
					"rtt":	2217,
					"rttvar":	152,
					"pmtu":	9000,
					"omitted":	false,
					"sender":	true
				}],
			"sum":	{
				"start":	60.000087,
				"end":	80.000066,
				"seconds":	19.999979019165039,
				"bytes":	2353790976,
				"bits_per_second":	941517378.091036,
				"retransmits":	0,
				"omitted":	false,
				"sender":	true
			}
		}],
	"end":	{
		"streams":	[{
				"sender":	{
					"socket":	5,
					"start":	0,
					"end":	80.000066,
					"seconds":	80.000066,
					"bytes":	9416474624,
					"bits_per_second":	941646685.54148436,
					"retransmits":	0,
					"max_snd_cwnd":	424264,
					"max_rtt":	2217,
					"min_rtt":	2167,
					"mean_rtt":	2192,
					"sender":	true
				},
				"receiver":	{
					"socket":	5,
					"start":	0,
					"end":	80.0437171459198,
					"seconds":	80.000066,
					"bytes":	9414957568,
					"bits_per_second":	940981543.95668757,
					"sender":	true
				}
			}],
		"sum_sent":	{
			"start":	0,
			"end":	80.000066,
			"seconds":	80.000066,
			"bytes":	9416474624,
			"bits_per_second":	941646685.54148436,
			"retransmits":	0,
			"sender":	true
		},
		"sum_received":	{
			"start":	0,
			"end":	80.0437171459198,
			"seconds":	80.0437171459198,
			"bytes":	9414957568,
			"bits_per_second":	940981543.95668757,
			"sender":	true
		},
		"cpu_utilization_percent":	{
			"host_total":	15.952366783216162,
			"host_user":	0.7136214521863663,
			"host_system":	15.238746579676295,
			"remote_total":	23.862960915341567,
			"remote_user":	2.0840351808055608,
			"remote_system":	21.778924486437361
		},
		"sender_tcp_congestion":	"cubic",
		"receiver_tcp_congestion":	"cubic"
	}
}
