{
	"start":	{
		"connected":	[{
				"socket":	5,
				"local_host":	"10.10.10.2",
				"local_port":	41130,
				"remote_host":	"10.10.10.4",
				"remote_port":	5201
			}],
		"version":	"iperf 3.9",
		"system_info":	"Linux zelda 5.10.0-18-amd64 #1 SMP Debian 5.10.140-1 (2022-09-02) x86_64",
		"timestamp":	{
			"time":	"Sun, 28 Jan 2024 15:37:50 GMT",
			"timesecs":	1706456270
		},
		"connecting_to":	{
			"host":	"10.10.10.4",
			"port":	5201
		},
		"cookie":	"tbvf2bhr3talbynqwzdxrinyykrmenyxfzpp",
		"tcp_mss_default":	1448,
		"target_bitrate":	3000000000,
		"sock_bufsize":	0,
		"sndbuf_actual":	1000000,
		"rcvbuf_actual":	1000000,
		"test_start":	{
			"protocol":	"TCP",
			"num_streams":	1,
			"blksize":	131072,
			"omit":	0,
			"duration":	60,
			"bytes":	0,
			"blocks":	0,
			"reverse":	0,
			"tos":	0
		}
	},
	"intervals":	[{
			"streams":	[{
					"socket":	5,
					"start":	0,
					"end":	60.000071,
					"seconds":	60.000072479248047,
					"bytes":	7062814720,
					"bits_per_second":	941707491.76248527,
					"retransmits":	0,
					"snd_cwnd":	519832,
					"rtt":	2748,
					"rttvar":	208,
					"pmtu":	9000,
					"omitted":	false,
					"sender":	true
				}],
			"sum":	{
				"start":	0,
				"end":	60.000071,
				"seconds":	60.000072479248047,
				"bytes":	7062814720,
				"bits_per_second":	941707491.76248527,
				"retransmits":	0,
				"omitted":	false,
				"sender":	true
			}
		}],
	"end":	{
		"streams":	[{
				"sender":	{
					"socket":	5,
					"start":	0,
					"end":	60.000071,
					"seconds":	60.000071,
					"bytes":	7062814720,
					"bits_per_second":	941707514.97944069,
					"retransmits":	0,
					"max_snd_cwnd":	519832,
					"max_rtt":	2748,
					"min_rtt":	2748,
					"mean_rtt":	2748,
					"sender":	true
				},
				"receiver":	{
					"socket":	5,
					"start":	0,
					"end":	60.048166036605835,
					"seconds":	60.000071,
					"bytes":	7060981616,
					"bits_per_second":	940709045.028362,
					"sender":	true
				}
			}],
		"sum_sent":	{
			"start":	0,
			"end":	60.000071,
			"seconds":	60.000071,
			"bytes":	7062814720,
			"bits_per_second":	941707514.97944069,
			"retransmits":	0,
			"sender":	true
		},
		"sum_received":	{
			"start":	0,
			"end":	60.048166036605835,
			"seconds":	60.048166036605835,
			"bytes":	7060981616,
			"bits_per_second":	940709045.028362,
			"sender":	true
		},
		"cpu_utilization_percent":	{
			"host_total":	4.0010137814873215,
			"host_user":	0.16123818464884879,
			"host_system":	3.8397789250771051,
			"remote_total":	21.56757991293599,
			"remote_user":	2.0984925224160547,
			"remote_system":	19.469085727450572
		},
		"sender_tcp_congestion":	"cubic",
		"receiver_tcp_congestion":	"cubic"
	}
}
