{
	"start":	{
		"connected":	[{
				"socket":	5,
				"local_host":	"10.10.10.2",
				"local_port":	43894,
				"remote_host":	"10.10.10.4",
				"remote_port":	5201
			}],
		"version":	"iperf 3.9",
		"system_info":	"Linux zelda 5.10.0-18-amd64 #1 SMP Debian 5.10.140-1 (2022-09-02) x86_64",
		"timestamp":	{
			"time":	"Wed, 31 Jan 2024 04:53:59 GMT",
			"timesecs":	1706676839
		},
		"connecting_to":	{
			"host":	"10.10.10.4",
			"port":	5201
		},
		"cookie":	"j4jr3ivt4pvuga6mgwtlhtkzpjbo5al6himi",
		"tcp_mss_default":	1448,
		"target_bitrate":	4000000000,
		"sock_bufsize":	0,
		"sndbuf_actual":	1000000,
		"rcvbuf_actual":	1000000,
		"test_start":	{
			"protocol":	"TCP",
			"num_streams":	1,
			"blksize":	131072,
			"omit":	0,
			"duration":	60,
			"bytes":	0,
			"blocks":	0,
			"reverse":	0,
			"tos":	0
		}
	},
	"intervals":	[{
			"streams":	[{
					"socket":	5,
					"start":	0,
					"end":	60.000072,
					"seconds":	60.000072479248047,
					"bytes":	7062814720,
					"bits_per_second":	941707491.76248527,
					"retransmits":	0,
					"snd_cwnd":	437296,
					"rtt":	2226,
					"rttvar":	120,
					"pmtu":	9000,
					"omitted":	false,
					"sender":	true
				}],
			"sum":	{
				"start":	0,
				"end":	60.000072,
				"seconds":	60.000072479248047,
				"bytes":	7062814720,
				"bits_per_second":	941707491.76248527,
				"retransmits":	0,
				"omitted":	false,
				"sender":	true
			}
		}],
	"end":	{
		"streams":	[{
				"sender":	{
					"socket":	5,
					"start":	0,
					"end":	60.000072,
					"seconds":	60.000072,
					"bytes":	7062814720,
					"bits_per_second":	941707499.28433418,
					"retransmits":	0,
					"max_snd_cwnd":	437296,
					"max_rtt":	2226,
					"min_rtt":	2226,
					"mean_rtt":	2226,
					"sender":	true
				},
				"receiver":	{
					"socket":	5,
					"start":	0,
					"end":	60.044164896011353,
					"seconds":	60.000072,
					"bytes":	7061299840,
					"bits_per_second":	940814129.363511,
					"sender":	true
				}
			}],
		"sum_sent":	{
			"start":	0,
			"end":	60.000072,
			"seconds":	60.000072,
			"bytes":	7062814720,
			"bits_per_second":	941707499.28433418,
			"retransmits":	0,
			"sender":	true
		},
		"sum_received":	{
			"start":	0,
			"end":	60.044164896011353,
			"seconds":	60.044164896011353,
			"bytes":	7061299840,
			"bits_per_second":	940814129.363511,
			"sender":	true
		},
		"cpu_utilization_percent":	{
			"host_total":	19.990541410312769,
			"host_user":	0.68928011967677227,
			"host_system":	19.301259626387537,
			"remote_total":	25.4593912191981,
			"remote_user":	2.63854812706468,
			"remote_system":	22.820844755411688
		},
		"sender_tcp_congestion":	"cubic",
		"receiver_tcp_congestion":	"cubic"
	}
}
