{
	"start":	{
		"connected":	[{
				"socket":	5,
				"local_host":	"10.10.10.2",
				"local_port":	52302,
				"remote_host":	"10.10.10.4",
				"remote_port":	5201
			}],
		"version":	"iperf 3.9",
		"system_info":	"Linux zelda 5.10.0-18-amd64 #1 SMP Debian 5.10.140-1 (2022-09-02) x86_64",
		"timestamp":	{
			"time":	"Mon, 29 Jan 2024 21:05:35 GMT",
			"timesecs":	1706562335
		},
		"connecting_to":	{
			"host":	"10.10.10.4",
			"port":	5201
		},
		"cookie":	"f62parzfgrhsvpwhjaxzfhkwkxsvlrvw5yi7",
		"tcp_mss_default":	1448,
		"target_bitrate":	7000000000,
		"sock_bufsize":	0,
		"sndbuf_actual":	1000000,
		"rcvbuf_actual":	1000000,
		"test_start":	{
			"protocol":	"TCP",
			"num_streams":	1,
			"blksize":	131072,
			"omit":	0,
			"duration":	80,
			"bytes":	0,
			"blocks":	0,
			"reverse":	0,
			"tos":	0
		}
	},
	"intervals":	[{
			"streams":	[{
					"socket":	5,
					"start":	0,
					"end":	60.000073,
					"seconds":	60.000072479248047,
					"bytes":	7063076864,
					"bits_per_second":	941742444.25359643,
					"retransmits":	0,
					"snd_cwnd":	508248,
					"rtt":	2181,
					"rttvar":	93,
					"pmtu":	9000,
					"omitted":	false,
					"sender":	true
				}],
			"sum":	{
				"start":	0,
				"end":	60.000073,
				"seconds":	60.000072479248047,
				"bytes":	7063076864,
				"bits_per_second":	941742444.25359643,
				"retransmits":	0,
				"omitted":	false,
				"sender":	true
			}
		}, {
			"streams":	[{
					"socket":	5,
					"start":	60.000073,
					"end":	80.000078,
					"seconds":	20.0000057220459,
					"bytes":	2353659904,
					"bits_per_second":	941463692.245077,
					"retransmits":	0,
					"snd_cwnd":	508248,
					"rtt":	2694,
					"rttvar":	171,
					"pmtu":	9000,
					"omitted":	false,
					"sender":	true
				}],
			"sum":	{
				"start":	60.000073,
				"end":	80.000078,
				"seconds":	20.0000057220459,
				"bytes":	2353659904,
				"bits_per_second":	941463692.245077,
				"retransmits":	0,
				"omitted":	false,
				"sender":	true
			}
		}],
	"end":	{
		"streams":	[{
				"sender":	{
					"socket":	5,
					"start":	0,
					"end":	80.000078,
					"seconds":	80.000078,
					"bytes":	9416736768,
					"bits_per_second":	941672758.66906023,
					"retransmits":	0,
					"max_snd_cwnd":	508248,
					"max_rtt":	2694,
					"min_rtt":	2181,
					"mean_rtt":	2437,
					"sender":	true
				},
				"receiver":	{
					"socket":	5,
					"start":	0,
					"end":	80.043814897537231,
					"seconds":	80.000078,
					"bytes":	9414950328,
					"bits_per_second":	940979671.201521,
					"sender":	true
				}
			}],
		"sum_sent":	{
			"start":	0,
			"end":	80.000078,
			"seconds":	80.000078,
			"bytes":	9416736768,
			"bits_per_second":	941672758.66906023,
			"retransmits":	0,
			"sender":	true
		},
		"sum_received":	{
			"start":	0,
			"end":	80.043814897537231,
			"seconds":	80.043814897537231,
			"bytes":	9414950328,
			"bits_per_second":	940979671.201521,
			"sender":	true
		},
		"cpu_utilization_percent":	{
			"host_total":	9.4597829335137558,
			"host_user":	0.28546684848025639,
			"host_system":	9.1743160850335,
			"remote_total":	23.530713165188562,
			"remote_user":	2.1654235805647475,
			"remote_system":	21.365289584623817
		},
		"sender_tcp_congestion":	"cubic",
		"receiver_tcp_congestion":	"cubic"
	}
}
