{
	"start":	{
		"connected":	[{
				"socket":	5,
				"local_host":	"10.10.10.2",
				"local_port":	51690,
				"remote_host":	"10.10.10.4",
				"remote_port":	5201
			}],
		"version":	"iperf 3.9",
		"system_info":	"Linux zelda 5.10.0-18-amd64 #1 SMP Debian 5.10.140-1 (2022-09-02) x86_64",
		"timestamp":	{
			"time":	"Tue, 30 Jan 2024 09:20:59 GMT",
			"timesecs":	1706606459
		},
		"connecting_to":	{
			"host":	"10.10.10.4",
			"port":	5201
		},
		"cookie":	"albwiwievt4pxbnr2q3sy4iucvev5kxu6jt7",
		"tcp_mss_default":	1448,
		"target_bitrate":	1000000000,
		"sock_bufsize":	0,
		"sndbuf_actual":	1000000,
		"rcvbuf_actual":	1000000,
		"test_start":	{
			"protocol":	"TCP",
			"num_streams":	1,
			"blksize":	131072,
			"omit":	0,
			"duration":	90,
			"bytes":	0,
			"blocks":	0,
			"reverse":	0,
			"tos":	0
		}
	},
	"intervals":	[{
			"streams":	[{
					"socket":	5,
					"start":	0,
					"end":	60.000072,
					"seconds":	60.000072479248047,
					"bytes":	7062814720,
					"bits_per_second":	941707491.76248527,
					"retransmits":	0,
					"snd_cwnd":	453224,
					"rtt":	2182,
					"rttvar":	111,
					"pmtu":	9000,
					"omitted":	false,
					"sender":	true
				}],
			"sum":	{
				"start":	0,
				"end":	60.000072,
				"seconds":	60.000072479248047,
				"bytes":	7062814720,
				"bits_per_second":	941707491.76248527,
				"retransmits":	0,
				"omitted":	false,
				"sender":	true
			}
		}, {
			"streams":	[{
					"socket":	5,
					"start":	60.000072,
					"end":	90.000072,
					"seconds":	30,
					"bytes":	3531341824,
					"bits_per_second":	941691153.06666672,
					"retransmits":	0,
					"snd_cwnd":	1075864,
					"rtt":	3301,
					"rttvar":	94,
					"pmtu":	9000,
					"omitted":	false,
					"sender":	true
				}],
			"sum":	{
				"start":	60.000072,
				"end":	90.000072,
				"seconds":	30,
				"bytes":	3531341824,
				"bits_per_second":	941691153.06666672,
				"retransmits":	0,
				"omitted":	false,
				"sender":	true
			}
		}],
	"end":	{
		"streams":	[{
				"sender":	{
					"socket":	5,
					"start":	0,
					"end":	90.000072,
					"seconds":	90.000072,
					"bytes":	10594156544,
					"bits_per_second":	941702050.54947066,
					"retransmits":	0,
					"max_snd_cwnd":	1075864,
					"max_rtt":	3301,
					"min_rtt":	2182,
					"mean_rtt":	2741,
					"sender":	true
				},
				"receiver":	{
					"socket":	5,
					"start":	0,
					"end":	90.0425741672516,
					"seconds":	90.000072,
					"bytes":	10591775656,
					"bits_per_second":	941046011.08591771,
					"sender":	true
				}
			}],
		"sum_sent":	{
			"start":	0,
			"end":	90.000072,
			"seconds":	90.000072,
			"bytes":	10594156544,
			"bits_per_second":	941702050.54947066,
			"retransmits":	0,
			"sender":	true
		},
		"sum_received":	{
			"start":	0,
			"end":	90.0425741672516,
			"seconds":	90.0425741672516,
			"bytes":	10591775656,
			"bits_per_second":	941046011.08591771,
			"sender":	true
		},
		"cpu_utilization_percent":	{
			"host_total":	16.17937777848822,
			"host_user":	0.628713161442265,
			"host_system":	15.550664617045953,
			"remote_total":	27.060614946136663,
			"remote_user":	2.5938579732249289,
			"remote_system":	24.466758082552261
		},
		"sender_tcp_congestion":	"cubic",
		"receiver_tcp_congestion":	"cubic"
	}
}
