{
	"start":	{
		"connected":	[{
				"socket":	5,
				"local_host":	"10.10.10.2",
				"local_port":	37168,
				"remote_host":	"10.10.10.4",
				"remote_port":	5201
			}],
		"version":	"iperf 3.9",
		"system_info":	"Linux zelda 5.10.0-18-amd64 #1 SMP Debian 5.10.140-1 (2022-09-02) x86_64",
		"timestamp":	{
			"time":	"Wed, 31 Jan 2024 04:27:08 GMT",
			"timesecs":	1706675228
		},
		"connecting_to":	{
			"host":	"10.10.10.4",
			"port":	5201
		},
		"cookie":	"6ebxmwyod2tvvnic3d625et74mf2e7367rim",
		"tcp_mss_default":	1448,
		"target_bitrate":	3000000000,
		"sock_bufsize":	0,
		"sndbuf_actual":	1000000,
		"rcvbuf_actual":	1000000,
		"test_start":	{
			"protocol":	"TCP",
			"num_streams":	1,
			"blksize":	131072,
			"omit":	0,
			"duration":	100,
			"bytes":	0,
			"blocks":	0,
			"reverse":	0,
			"tos":	0
		}
	},
	"intervals":	[{
			"streams":	[{
					"socket":	5,
					"start":	0,
					"end":	60.00008,
					"seconds":	60.000080108642578,
					"bytes":	7063601152,
					"bits_per_second":	941812229.47834551,
					"retransmits":	0,
					"snd_cwnd":	641464,
					"rtt":	2740,
					"rttvar":	152,
					"pmtu":	9000,
					"omitted":	false,
					"sender":	true
				}],
			"sum":	{
				"start":	0,
				"end":	60.00008,
				"seconds":	60.000080108642578,
				"bytes":	7063601152,
				"bits_per_second":	941812229.47834551,
				"retransmits":	0,
				"omitted":	false,
				"sender":	true
			}
		}, {
			"streams":	[{
					"socket":	5,
					"start":	60.00008,
					"end":	100.000083,
					"seconds":	40.000003814697266,
					"bytes":	4707319808,
					"bits_per_second":	941463871.81500852,
					"retransmits":	0,
					"snd_cwnd":	641464,
					"rtt":	2770,
					"rttvar":	93,
					"pmtu":	9000,
					"omitted":	false,
					"sender":	true
				}],
			"sum":	{
				"start":	60.00008,
				"end":	100.000083,
				"seconds":	40.000003814697266,
				"bytes":	4707319808,
				"bits_per_second":	941463871.81500852,
				"retransmits":	0,
				"omitted":	false,
				"sender":	true
			}
		}],
	"end":	{
		"streams":	[{
				"sender":	{
					"socket":	5,
					"start":	0,
					"end":	100.000083,
					"seconds":	100.000083,
					"bytes":	11770920960,
					"bits_per_second":	941672895.211497,
					"retransmits":	0,
					"max_snd_cwnd":	641464,
					"max_rtt":	2770,
					"min_rtt":	2740,
					"mean_rtt":	2755,
					"sender":	true
				},
				"receiver":	{
					"socket":	5,
					"start":	0,
					"end":	100.04410099983215,
					"seconds":	100.000083,
					"bytes":	11768658400,
					"bits_per_second":	941077647.34832251,
					"sender":	true
				}
			}],
		"sum_sent":	{
			"start":	0,
			"end":	100.000083,
			"seconds":	100.000083,
			"bytes":	11770920960,
			"bits_per_second":	941672895.211497,
			"retransmits":	0,
			"sender":	true
		},
		"sum_received":	{
			"start":	0,
			"end":	100.04410099983215,
			"seconds":	100.04410099983215,
			"bytes":	11768658400,
			"bits_per_second":	941077647.34832251,
			"sender":	true
		},
		"cpu_utilization_percent":	{
			"host_total":	18.891833787727407,
			"host_user":	0.71040463913189256,
			"host_system":	18.181430147746916,
			"remote_total":	25.89583670204042,
			"remote_user":	2.591582795702748,
			"remote_system":	23.304254905151307
		},
		"sender_tcp_congestion":	"cubic",
		"receiver_tcp_congestion":	"cubic"
	}
}
