{
	"start":	{
		"connected":	[{
				"socket":	5,
				"local_host":	"10.10.10.2",
				"local_port":	59678,
				"remote_host":	"10.10.10.4",
				"remote_port":	5201
			}],
		"version":	"iperf 3.9",
		"system_info":	"Linux zelda 5.10.0-18-amd64 #1 SMP Debian 5.10.140-1 (2022-09-02) x86_64",
		"timestamp":	{
			"time":	"Mon, 29 Jan 2024 21:40:20 GMT",
			"timesecs":	1706564420
		},
		"connecting_to":	{
			"host":	"10.10.10.4",
			"port":	5201
		},
		"cookie":	"5pgsbj6meufvm362vg7qygp6qljcgyfhmqi6",
		"tcp_mss_default":	1448,
		"target_bitrate":	8000000000,
		"sock_bufsize":	0,
		"sndbuf_actual":	1000000,
		"rcvbuf_actual":	1000000,
		"test_start":	{
			"protocol":	"TCP",
			"num_streams":	1,
			"blksize":	131072,
			"omit":	0,
			"duration":	10,
			"bytes":	0,
			"blocks":	0,
			"reverse":	0,
			"tos":	0
		}
	},
	"intervals":	[{
			"streams":	[{
					"socket":	5,
					"start":	0,
					"end":	10.000088,
					"seconds":	10.000087738037109,
					"bytes":	1178337280,
					"bits_per_second":	942661553.27256572,
					"retransmits":	0,
					"snd_cwnd":	386616,
					"rtt":	2231,
					"rttvar":	122,
					"pmtu":	9000,
					"omitted":	false,
					"sender":	true
				}],
			"sum":	{
				"start":	0,
				"end":	10.000088,
				"seconds":	10.000087738037109,
				"bytes":	1178337280,
				"bits_per_second":	942661553.27256572,
				"retransmits":	0,
				"omitted":	false,
				"sender":	true
			}
		}],
	"end":	{
		"streams":	[{
				"sender":	{
					"socket":	5,
					"start":	0,
					"end":	10.000088,
					"seconds":	10.000088,
					"bytes":	1178337280,
					"bits_per_second":	942661528.57854855,
					"retransmits":	0,
					"max_snd_cwnd":	386616,
					"max_rtt":	2231,
					"min_rtt":	2231,
					"mean_rtt":	2231,
					"sender":	true
				},
				"receiver":	{
					"socket":	5,
					"start":	0,
					"end":	10.043993949890137,
					"seconds":	10.000088,
					"bytes":	1177075272,
					"bits_per_second":	937535628.055909,
					"sender":	true
				}
			}],
		"sum_sent":	{
			"start":	0,
			"end":	10.000088,
			"seconds":	10.000088,
			"bytes":	1178337280,
			"bits_per_second":	942661528.57854855,
			"retransmits":	0,
			"sender":	true
		},
		"sum_received":	{
			"start":	0,
			"end":	10.043993949890137,
			"seconds":	10.043993949890137,
			"bytes":	1177075272,
			"bits_per_second":	937535628.055909,
			"sender":	true
		},
		"cpu_utilization_percent":	{
			"host_total":	11.847404093108816,
			"host_user":	0.429661603312436,
			"host_system":	11.41774248979638,
			"remote_total":	23.968228203051726,
			"remote_user":	1.6706196336213646,
			"remote_system":	22.29759868989451
		},
		"sender_tcp_congestion":	"cubic",
		"receiver_tcp_congestion":	"cubic"
	}
}
