{
	"start":	{
		"connected":	[{
				"socket":	5,
				"local_host":	"10.10.10.2",
				"local_port":	38716,
				"remote_host":	"10.10.10.4",
				"remote_port":	5201
			}],
		"version":	"iperf 3.9",
		"system_info":	"Linux zelda 5.10.0-18-amd64 #1 SMP Debian 5.10.140-1 (2022-09-02) x86_64",
		"timestamp":	{
			"time":	"Mon, 29 Jan 2024 16:50:33 GMT",
			"timesecs":	1706547033
		},
		"connecting_to":	{
			"host":	"10.10.10.4",
			"port":	5201
		},
		"cookie":	"tuorv2p5md3gf3qjh6plwcllwam2pcibxori",
		"tcp_mss_default":	1448,
		"target_bitrate":	4000000000,
		"sock_bufsize":	0,
		"sndbuf_actual":	1000000,
		"rcvbuf_actual":	1000000,
		"test_start":	{
			"protocol":	"TCP",
			"num_streams":	1,
			"blksize":	131072,
			"omit":	0,
			"duration":	100,
			"bytes":	0,
			"blocks":	0,
			"reverse":	0,
			"tos":	0
		}
	},
	"intervals":	[{
			"streams":	[{
					"socket":	5,
					"start":	0,
					"end":	60.00007,
					"seconds":	60.000068664550781,
					"bytes":	7063076864,
					"bits_per_second":	941742504.1279,
					"retransmits":	0,
					"snd_cwnd":	499560,
					"rtt":	2211,
					"rttvar":	114,
					"pmtu":	9000,
					"omitted":	false,
					"sender":	true
				}],
			"sum":	{
				"start":	0,
				"end":	60.00007,
				"seconds":	60.000068664550781,
				"bytes":	7063076864,
				"bits_per_second":	941742504.1279,
				"retransmits":	0,
				"omitted":	false,
				"sender":	true
			}
		}, {
			"streams":	[{
					"socket":	5,
					"start":	60.00007,
					"end":	100.000079,
					"seconds":	40.000007629394531,
					"bytes":	4707319808,
					"bits_per_second":	941463782.0300343,
					"retransmits":	0,
					"snd_cwnd":	499560,
					"rtt":	2229,
					"rttvar":	94,
					"pmtu":	9000,
					"omitted":	false,
					"sender":	true
				}],
			"sum":	{
				"start":	60.00007,
				"end":	100.000079,
				"seconds":	40.000007629394531,
				"bytes":	4707319808,
				"bits_per_second":	941463782.0300343,
				"retransmits":	0,
				"omitted":	false,
				"sender":	true
			}
		}],
	"end":	{
		"streams":	[{
				"sender":	{
					"socket":	5,
					"start":	0,
					"end":	100.000079,
					"seconds":	100.000079,
					"bytes":	11770396672,
					"bits_per_second":	941630989.871518,
					"retransmits":	0,
					"max_snd_cwnd":	499560,
					"max_rtt":	2229,
					"min_rtt":	2211,
					"mean_rtt":	2220,
					"sender":	true
				},
				"receiver":	{
					"socket":	5,
					"start":	0,
					"end":	100.04386115074158,
					"seconds":	100.000079,
					"bytes":	11768663856,
					"bits_per_second":	941080339.813555,
					"sender":	true
				}
			}],
		"sum_sent":	{
			"start":	0,
			"end":	100.000079,
			"seconds":	100.000079,
			"bytes":	11770396672,
			"bits_per_second":	941630989.871518,
			"retransmits":	0,
			"sender":	true
		},
		"sum_received":	{
			"start":	0,
			"end":	100.04386115074158,
			"seconds":	100.04386115074158,
			"bytes":	11768663856,
			"bits_per_second":	941080339.813555,
			"sender":	true
		},
		"cpu_utilization_percent":	{
			"host_total":	9.3105832219268869,
			"host_user":	0.27336421857567633,
			"host_system":	9.03721900335121,
			"remote_total":	26.807238310444877,
			"remote_user":	2.5591795655463287,
			"remote_system":	24.248058744898543
		},
		"sender_tcp_congestion":	"cubic",
		"receiver_tcp_congestion":	"cubic"
	}
}
