{
	"start":	{
		"connected":	[{
				"socket":	5,
				"local_host":	"10.10.10.2",
				"local_port":	49594,
				"remote_host":	"10.10.10.4",
				"remote_port":	5201
			}],
		"version":	"iperf 3.9",
		"system_info":	"Linux zelda 5.10.0-18-amd64 #1 SMP Debian 5.10.140-1 (2022-09-02) x86_64",
		"timestamp":	{
			"time":	"Mon, 29 Jan 2024 21:34:59 GMT",
			"timesecs":	1706564099
		},
		"connecting_to":	{
			"host":	"10.10.10.4",
			"port":	5201
		},
		"cookie":	"4kkcjyyzfstc7dqhgxll737hr2k555lhw7jr",
		"tcp_mss_default":	1448,
		"target_bitrate":	7000000000,
		"sock_bufsize":	0,
		"sndbuf_actual":	1000000,
		"rcvbuf_actual":	1000000,
		"test_start":	{
			"protocol":	"TCP",
			"num_streams":	1,
			"blksize":	131072,
			"omit":	0,
			"duration":	100,
			"bytes":	0,
			"blocks":	0,
			"reverse":	0,
			"tos":	0
		}
	},
	"intervals":	[{
			"streams":	[{
					"socket":	5,
					"start":	0,
					"end":	60.00007,
					"seconds":	60.000068664550781,
					"bytes":	7062552576,
					"bits_per_second":	941672599.14123333,
					"retransmits":	0,
					"snd_cwnd":	415576,
					"rtt":	2210,
					"rttvar":	143,
					"pmtu":	9000,
					"omitted":	false,
					"sender":	true
				}],
			"sum":	{
				"start":	0,
				"end":	60.00007,
				"seconds":	60.000068664550781,
				"bytes":	7062552576,
				"bits_per_second":	941672599.14123333,
				"retransmits":	0,
				"omitted":	false,
				"sender":	true
			}
		}, {
			"streams":	[{
					"socket":	5,
					"start":	60.00007,
					"end":	100.000073,
					"seconds":	40.000003814697266,
					"bytes":	4707319808,
					"bits_per_second":	941463871.81500852,
					"retransmits":	0,
					"snd_cwnd":	415576,
					"rtt":	2188,
					"rttvar":	160,
					"pmtu":	9000,
					"omitted":	false,
					"sender":	true
				}],
			"sum":	{
				"start":	60.00007,
				"end":	100.000073,
				"seconds":	40.000003814697266,
				"bytes":	4707319808,
				"bits_per_second":	941463871.81500852,
				"retransmits":	0,
				"omitted":	false,
				"sender":	true
			}
		}],
	"end":	{
		"streams":	[{
				"sender":	{
					"socket":	5,
					"start":	0,
					"end":	100.000073,
					"seconds":	100.000073,
					"bytes":	11769872384,
					"bits_per_second":	941589103.3599546,
					"retransmits":	0,
					"max_snd_cwnd":	415576,
					"max_rtt":	2210,
					"min_rtt":	2188,
					"mean_rtt":	2199,
					"sender":	true
				},
				"receiver":	{
					"socket":	5,
					"start":	0,
					"end":	100.0437638759613,
					"seconds":	100.000073,
					"bytes":	11768464368,
					"bits_per_second":	941065302.788173,
					"sender":	true
				}
			}],
		"sum_sent":	{
			"start":	0,
			"end":	100.000073,
			"seconds":	100.000073,
			"bytes":	11769872384,
			"bits_per_second":	941589103.3599546,
			"retransmits":	0,
			"sender":	true
		},
		"sum_received":	{
			"start":	0,
			"end":	100.0437638759613,
			"seconds":	100.0437638759613,
			"bytes":	11768464368,
			"bits_per_second":	941065302.788173,
			"sender":	true
		},
		"cpu_utilization_percent":	{
			"host_total":	8.3245259206399371,
			"host_user":	0.30786587037751212,
			"host_system":	8.0166590511326,
			"remote_total":	22.958819835353967,
			"remote_user":	2.2890268091271477,
			"remote_system":	20.66979302622682
		},
		"sender_tcp_congestion":	"cubic",
		"receiver_tcp_congestion":	"cubic"
	}
}
