{
	"start":	{
		"connected":	[{
				"socket":	5,
				"local_host":	"10.10.10.2",
				"local_port":	35746,
				"remote_host":	"10.10.10.4",
				"remote_port":	5201
			}],
		"version":	"iperf 3.9",
		"system_info":	"Linux zelda 5.10.0-18-amd64 #1 SMP Debian 5.10.140-1 (2022-09-02) x86_64",
		"timestamp":	{
			"time":	"Tue, 30 Jan 2024 16:01:28 GMT",
			"timesecs":	1706630488
		},
		"connecting_to":	{
			"host":	"10.10.10.4",
			"port":	5201
		},
		"cookie":	"npobbbpwdnyvw4uv4wur6zvcylru5tounty7",
		"tcp_mss_default":	1448,
		"target_bitrate":	6000000000,
		"sock_bufsize":	0,
		"sndbuf_actual":	1000000,
		"rcvbuf_actual":	1000000,
		"test_start":	{
			"protocol":	"TCP",
			"num_streams":	1,
			"blksize":	131072,
			"omit":	0,
			"duration":	10,
			"bytes":	0,
			"blocks":	0,
			"reverse":	0,
			"tos":	0
		}
	},
	"intervals":	[{
			"streams":	[{
					"socket":	5,
					"start":	0,
					"end":	10.000078,
					"seconds":	10.000078201293945,
					"bytes":	1178468352,
					"bits_per_second":	942767309.0376544,
					"retransmits":	0,
					"snd_cwnd":	419920,
					"rtt":	2199,
					"rttvar":	117,
					"pmtu":	9000,
					"omitted":	false,
					"sender":	true
				}],
			"sum":	{
				"start":	0,
				"end":	10.000078,
				"seconds":	10.000078201293945,
				"bytes":	1178468352,
				"bits_per_second":	942767309.0376544,
				"retransmits":	0,
				"omitted":	false,
				"sender":	true
			}
		}],
	"end":	{
		"streams":	[{
				"sender":	{
					"socket":	5,
					"start":	0,
					"end":	10.000078,
					"seconds":	10.000078,
					"bytes":	1178468352,
					"bits_per_second":	942767328.01484144,
					"retransmits":	0,
					"max_snd_cwnd":	419920,
					"max_rtt":	2199,
					"min_rtt":	2199,
					"mean_rtt":	2199,
					"sender":	true
				},
				"receiver":	{
					"socket":	5,
					"start":	0,
					"end":	10.04387903213501,
					"seconds":	10.000078,
					"bytes":	1177100224,
					"bits_per_second":	937566229.32945526,
					"sender":	true
				}
			}],
		"sum_sent":	{
			"start":	0,
			"end":	10.000078,
			"seconds":	10.000078,
			"bytes":	1178468352,
			"bits_per_second":	942767328.01484144,
			"retransmits":	0,
			"sender":	true
		},
		"sum_received":	{
			"start":	0,
			"end":	10.04387903213501,
			"seconds":	10.04387903213501,
			"bytes":	1177100224,
			"bits_per_second":	937566229.32945526,
			"sender":	true
		},
		"cpu_utilization_percent":	{
			"host_total":	17.730530837065768,
			"host_user":	0.73758407087279043,
			"host_system":	16.992956680357135,
			"remote_total":	27.394436159038694,
			"remote_user":	2.9857888825925074,
			"remote_system":	24.408637397186546
		},
		"sender_tcp_congestion":	"cubic",
		"receiver_tcp_congestion":	"cubic"
	}
}
