{
	"start":	{
		"connected":	[{
				"socket":	5,
				"local_host":	"10.10.10.2",
				"local_port":	50648,
				"remote_host":	"10.10.10.4",
				"remote_port":	5201
			}],
		"version":	"iperf 3.9",
		"system_info":	"Linux zelda 5.10.0-18-amd64 #1 SMP Debian 5.10.140-1 (2022-09-02) x86_64",
		"timestamp":	{
			"time":	"Tue, 30 Jan 2024 16:36:00 GMT",
			"timesecs":	1706632560
		},
		"connecting_to":	{
			"host":	"10.10.10.4",
			"port":	5201
		},
		"cookie":	"ccwyuhbnatgjpg7prxuvhankysjylxzbmw2k",
		"tcp_mss_default":	1448,
		"target_bitrate":	6000000000,
		"sock_bufsize":	0,
		"sndbuf_actual":	1000000,
		"rcvbuf_actual":	1000000,
		"test_start":	{
			"protocol":	"TCP",
			"num_streams":	1,
			"blksize":	131072,
			"omit":	0,
			"duration":	70,
			"bytes":	0,
			"blocks":	0,
			"reverse":	0,
			"tos":	0
		}
	},
	"intervals":	[{
			"streams":	[{
					"socket":	5,
					"start":	0,
					"end":	60.000079,
					"seconds":	60.000080108642578,
					"bytes":	7062945792,
					"bits_per_second":	941724848.2616787,
					"retransmits":	0,
					"snd_cwnd":	474944,
					"rtt":	2196,
					"rttvar":	119,
					"pmtu":	9000,
					"omitted":	false,
					"sender":	true
				}],
			"sum":	{
				"start":	0,
				"end":	60.000079,
				"seconds":	60.000080108642578,
				"bytes":	7062945792,
				"bits_per_second":	941724848.2616787,
				"retransmits":	0,
				"omitted":	false,
				"sender":	true
			}
		}, {
			"streams":	[{
					"socket":	5,
					"start":	60.000079,
					"end":	70.000083,
					"seconds":	10.000003814697266,
					"bytes":	1176895488,
					"bits_per_second":	941516031.240137,
					"retransmits":	0,
					"snd_cwnd":	474944,
					"rtt":	2269,
					"rttvar":	158,
					"pmtu":	9000,
					"omitted":	false,
					"sender":	true
				}],
			"sum":	{
				"start":	60.000079,
				"end":	70.000083,
				"seconds":	10.000003814697266,
				"bytes":	1176895488,
				"bits_per_second":	941516031.240137,
				"retransmits":	0,
				"omitted":	false,
				"sender":	true
			}
		}],
	"end":	{
		"streams":	[{
				"sender":	{
					"socket":	5,
					"start":	0,
					"end":	70.000083,
					"seconds":	70.000083,
					"bytes":	8239841280,
					"bits_per_second":	941695029.70446467,
					"retransmits":	0,
					"max_snd_cwnd":	474944,
					"max_rtt":	2269,
					"min_rtt":	2196,
					"mean_rtt":	2232,
					"sender":	true
				},
				"receiver":	{
					"socket":	5,
					"start":	0,
					"end":	70.0434730052948,
					"seconds":	70.000083,
					"bytes":	8238094120,
					"bits_per_second":	940912124.032143,
					"sender":	true
				}
			}],
		"sum_sent":	{
			"start":	0,
			"end":	70.000083,
			"seconds":	70.000083,
			"bytes":	8239841280,
			"bits_per_second":	941695029.70446467,
			"retransmits":	0,
			"sender":	true
		},
		"sum_received":	{
			"start":	0,
			"end":	70.0434730052948,
			"seconds":	70.0434730052948,
			"bytes":	8238094120,
			"bits_per_second":	940912124.032143,
			"sender":	true
		},
		"cpu_utilization_percent":	{
			"host_total":	16.236746765893052,
			"host_user":	0.59729023668641168,
			"host_system":	15.639456529206644,
			"remote_total":	23.019460968154924,
			"remote_user":	2.3178827968947857,
			"remote_system":	20.701576745169984
		},
		"sender_tcp_congestion":	"cubic",
		"receiver_tcp_congestion":	"cubic"
	}
}
