{
	"start":	{
		"connected":	[{
				"socket":	5,
				"local_host":	"10.10.10.2",
				"local_port":	60766,
				"remote_host":	"10.10.10.4",
				"remote_port":	5201
			}],
		"version":	"iperf 3.9",
		"system_info":	"Linux zelda 5.10.0-18-amd64 #1 SMP Debian 5.10.140-1 (2022-09-02) x86_64",
		"timestamp":	{
			"time":	"Tue, 30 Jan 2024 20:52:19 GMT",
			"timesecs":	1706647939
		},
		"connecting_to":	{
			"host":	"10.10.10.4",
			"port":	5201
		},
		"cookie":	"k3xlyprly2kk2biwedvn7lbu6jzq2nwgsiqq",
		"tcp_mss_default":	1448,
		"target_bitrate":	9000000000,
		"sock_bufsize":	0,
		"sndbuf_actual":	1000000,
		"rcvbuf_actual":	1000000,
		"test_start":	{
			"protocol":	"TCP",
			"num_streams":	1,
			"blksize":	131072,
			"omit":	0,
			"duration":	40,
			"bytes":	0,
			"blocks":	0,
			"reverse":	0,
			"tos":	0
		}
	},
	"intervals":	[{
			"streams":	[{
					"socket":	5,
					"start":	0,
					"end":	40.000081,
					"seconds":	40.000080108642578,
					"bytes":	4709154816,
					"bits_per_second":	941829076.98377752,
					"retransmits":	0,
					"snd_cwnd":	440192,
					"rtt":	2232,
					"rttvar":	127,
					"pmtu":	9000,
					"omitted":	false,
					"sender":	true
				}],
			"sum":	{
				"start":	0,
				"end":	40.000081,
				"seconds":	40.000080108642578,
				"bytes":	4709154816,
				"bits_per_second":	941829076.98377752,
				"retransmits":	0,
				"omitted":	false,
				"sender":	true
			}
		}],
	"end":	{
		"streams":	[{
				"sender":	{
					"socket":	5,
					"start":	0,
					"end":	40.000081,
					"seconds":	40.000081,
					"bytes":	4709154816,
					"bits_per_second":	941829055.99616158,
					"retransmits":	0,
					"max_snd_cwnd":	440192,
					"max_rtt":	2232,
					"min_rtt":	2232,
					"mean_rtt":	2232,
					"sender":	true
				},
				"receiver":	{
					"socket":	5,
					"start":	0,
					"end":	40.04417085647583,
					"seconds":	40.000081,
					"bytes":	4707596448,
					"bits_per_second":	940480743.60140252,
					"sender":	true
				}
			}],
		"sum_sent":	{
			"start":	0,
			"end":	40.000081,
			"seconds":	40.000081,
			"bytes":	4709154816,
			"bits_per_second":	941829055.99616158,
			"retransmits":	0,
			"sender":	true
		},
		"sum_received":	{
			"start":	0,
			"end":	40.04417085647583,
			"seconds":	40.04417085647583,
			"bytes":	4707596448,
			"bits_per_second":	940480743.60140252,
			"sender":	true
		},
		"cpu_utilization_percent":	{
			"host_total":	16.3148541983382,
			"host_user":	0.488377032247597,
			"host_system":	15.826479660648346,
			"remote_total":	26.236756457291794,
			"remote_user":	2.5671174068415223,
			"remote_system":	23.669639050450268
		},
		"sender_tcp_congestion":	"cubic",
		"receiver_tcp_congestion":	"cubic"
	}
}
