{
	"start":	{
		"connected":	[{
				"socket":	5,
				"local_host":	"10.10.10.2",
				"local_port":	48006,
				"remote_host":	"10.10.10.4",
				"remote_port":	5201
			}],
		"version":	"iperf 3.9",
		"system_info":	"Linux zelda 5.10.0-18-amd64 #1 SMP Debian 5.10.140-1 (2022-09-02) x86_64",
		"timestamp":	{
			"time":	"Mon, 29 Jan 2024 18:36:07 GMT",
			"timesecs":	1706553367
		},
		"connecting_to":	{
			"host":	"10.10.10.4",
			"port":	5201
		},
		"cookie":	"7nkwx627m3ydcjjxtynlgixzkaxytyzgezpc",
		"tcp_mss_default":	1448,
		"target_bitrate":	6000000000,
		"sock_bufsize":	0,
		"sndbuf_actual":	1000000,
		"rcvbuf_actual":	1000000,
		"test_start":	{
			"protocol":	"TCP",
			"num_streams":	1,
			"blksize":	131072,
			"omit":	0,
			"duration":	10,
			"bytes":	0,
			"blocks":	0,
			"reverse":	0,
			"tos":	0
		}
	},
	"intervals":	[{
			"streams":	[{
					"socket":	5,
					"start":	0,
					"end":	10.000072,
					"seconds":	10.00007152557373,
					"bytes":	1178337280,
					"bits_per_second":	942663081.54822576,
					"retransmits":	0,
					"snd_cwnd":	366344,
					"rtt":	2207,
					"rttvar":	98,
					"pmtu":	9000,
					"omitted":	false,
					"sender":	true
				}],
			"sum":	{
				"start":	0,
				"end":	10.000072,
				"seconds":	10.00007152557373,
				"bytes":	1178337280,
				"bits_per_second":	942663081.54822576,
				"retransmits":	0,
				"omitted":	false,
				"sender":	true
			}
		}],
	"end":	{
		"streams":	[{
				"sender":	{
					"socket":	5,
					"start":	0,
					"end":	10.000072,
					"seconds":	10.000072,
					"bytes":	1178337280,
					"bits_per_second":	942663036.826135,
					"retransmits":	0,
					"max_snd_cwnd":	366344,
					"max_rtt":	2207,
					"min_rtt":	2207,
					"mean_rtt":	2207,
					"sender":	true
				},
				"receiver":	{
					"socket":	5,
					"start":	0,
					"end":	10.043532848358154,
					"seconds":	10.000072,
					"bytes":	1177035064,
					"bits_per_second":	937546643.61348772,
					"sender":	true
				}
			}],
		"sum_sent":	{
			"start":	0,
			"end":	10.000072,
			"seconds":	10.000072,
			"bytes":	1178337280,
			"bits_per_second":	942663036.826135,
			"retransmits":	0,
			"sender":	true
		},
		"sum_received":	{
			"start":	0,
			"end":	10.043532848358154,
			"seconds":	10.043532848358154,
			"bytes":	1177035064,
			"bits_per_second":	937546643.61348772,
			"sender":	true
		},
		"cpu_utilization_percent":	{
			"host_total":	9.883862533541226,
			"host_user":	0.40080456314305,
			"host_system":	9.48307779601404,
			"remote_total":	27.132855682191565,
			"remote_user":	2.8235880405561353,
			"remote_system":	24.309267641635429
		},
		"sender_tcp_congestion":	"cubic",
		"receiver_tcp_congestion":	"cubic"
	}
}
