{
	"start":	{
		"connected":	[{
				"socket":	5,
				"local_host":	"10.10.10.2",
				"local_port":	48414,
				"remote_host":	"10.10.10.4",
				"remote_port":	5201
			}],
		"version":	"iperf 3.9",
		"system_info":	"Linux zelda 5.10.0-18-amd64 #1 SMP Debian 5.10.140-1 (2022-09-02) x86_64",
		"timestamp":	{
			"time":	"Tue, 30 Jan 2024 11:24:44 GMT",
			"timesecs":	1706613884
		},
		"connecting_to":	{
			"host":	"10.10.10.4",
			"port":	5201
		},
		"cookie":	"ssgv2zzgxuul4u4xiwbt63weyusfroyaednp",
		"tcp_mss_default":	1448,
		"target_bitrate":	3000000000,
		"sock_bufsize":	0,
		"sndbuf_actual":	1000000,
		"rcvbuf_actual":	1000000,
		"test_start":	{
			"protocol":	"TCP",
			"num_streams":	1,
			"blksize":	131072,
			"omit":	0,
			"duration":	10,
			"bytes":	0,
			"blocks":	0,
			"reverse":	0,
			"tos":	0
		}
	},
	"intervals":	[{
			"streams":	[{
					"socket":	5,
					"start":	0,
					"end":	10.000071,
					"seconds":	10.000070571899414,
					"bytes":	1178468352,
					"bits_per_second":	942768028.30695355,
					"retransmits":	0,
					"snd_cwnd":	418472,
					"rtt":	2202,
					"rttvar":	118,
					"pmtu":	9000,
					"omitted":	false,
					"sender":	true
				}],
			"sum":	{
				"start":	0,
				"end":	10.000071,
				"seconds":	10.000070571899414,
				"bytes":	1178468352,
				"bits_per_second":	942768028.30695355,
				"retransmits":	0,
				"omitted":	false,
				"sender":	true
			}
		}],
	"end":	{
		"streams":	[{
				"sender":	{
					"socket":	5,
					"start":	0,
					"end":	10.000071,
					"seconds":	10.000071,
					"bytes":	1178468352,
					"bits_per_second":	942767987.94728553,
					"retransmits":	0,
					"max_snd_cwnd":	418472,
					"max_rtt":	2202,
					"min_rtt":	2202,
					"mean_rtt":	2202,
					"sender":	true
				},
				"receiver":	{
					"socket":	5,
					"start":	0,
					"end":	10.047847032546997,
					"seconds":	10.000071,
					"bytes":	1177027824,
					"bits_per_second":	937138330.3805244,
					"sender":	true
				}
			}],
		"sum_sent":	{
			"start":	0,
			"end":	10.000071,
			"seconds":	10.000071,
			"bytes":	1178468352,
			"bits_per_second":	942767987.94728553,
			"retransmits":	0,
			"sender":	true
		},
		"sum_received":	{
			"start":	0,
			"end":	10.047847032546997,
			"seconds":	10.047847032546997,
			"bytes":	1177027824,
			"bits_per_second":	937138330.3805244,
			"sender":	true
		},
		"cpu_utilization_percent":	{
			"host_total":	16.9203527789514,
			"host_user":	0.72890219865922434,
			"host_system":	16.191450580292177,
			"remote_total":	27.357948976241094,
			"remote_user":	3.1992830107622452,
			"remote_system":	24.158665965478846
		},
		"sender_tcp_congestion":	"cubic",
		"receiver_tcp_congestion":	"cubic"
	}
}
