{
	"start":	{
		"connected":	[{
				"socket":	5,
				"local_host":	"10.10.10.2",
				"local_port":	49834,
				"remote_host":	"10.10.10.4",
				"remote_port":	5201
			}],
		"version":	"iperf 3.9",
		"system_info":	"Linux zelda 5.10.0-18-amd64 #1 SMP Debian 5.10.140-1 (2022-09-02) x86_64",
		"timestamp":	{
			"time":	"Wed, 31 Jan 2024 11:08:04 GMT",
			"timesecs":	1706699284
		},
		"connecting_to":	{
			"host":	"10.10.10.4",
			"port":	5201
		},
		"cookie":	"baqejkjmvwr4gffweignvnde6aarwzoxmrow",
		"tcp_mss_default":	1448,
		"target_bitrate":	8000000000,
		"sock_bufsize":	0,
		"sndbuf_actual":	1000000,
		"rcvbuf_actual":	1000000,
		"test_start":	{
			"protocol":	"TCP",
			"num_streams":	1,
			"blksize":	131072,
			"omit":	0,
			"duration":	60,
			"bytes":	0,
			"blocks":	0,
			"reverse":	0,
			"tos":	0
		}
	},
	"intervals":	[{
			"streams":	[{
					"socket":	5,
					"start":	0,
					"end":	60.000075,
					"seconds":	60.000076293945312,
					"bytes":	7062814720,
					"bits_per_second":	941707431.8904115,
					"retransmits":	0,
					"snd_cwnd":	459016,
					"rtt":	2176,
					"rttvar":	150,
					"pmtu":	9000,
					"omitted":	false,
					"sender":	true
				}],
			"sum":	{
				"start":	0,
				"end":	60.000075,
				"seconds":	60.000076293945312,
				"bytes":	7062814720,
				"bits_per_second":	941707431.8904115,
				"retransmits":	0,
				"omitted":	false,
				"sender":	true
			}
		}],
	"end":	{
		"streams":	[{
				"sender":	{
					"socket":	5,
					"start":	0,
					"end":	60.000075,
					"seconds":	60.000075,
					"bytes":	7062814720,
					"bits_per_second":	941707452.199018,
					"retransmits":	0,
					"max_snd_cwnd":	459016,
					"max_rtt":	2176,
					"min_rtt":	2176,
					"mean_rtt":	2176,
					"sender":	true
				},
				"receiver":	{
					"socket":	5,
					"start":	0,
					"end":	60.043349027633667,
					"seconds":	60.000075,
					"bytes":	7061236464,
					"bits_per_second":	940818469.10307646,
					"sender":	true
				}
			}],
		"sum_sent":	{
			"start":	0,
			"end":	60.000075,
			"seconds":	60.000075,
			"bytes":	7062814720,
			"bits_per_second":	941707452.199018,
			"retransmits":	0,
			"sender":	true
		},
		"sum_received":	{
			"start":	0,
			"end":	60.043349027633667,
			"seconds":	60.043349027633667,
			"bytes":	7061236464,
			"bits_per_second":	940818469.10307646,
			"sender":	true
		},
		"cpu_utilization_percent":	{
			"host_total":	18.555076730334083,
			"host_user":	0.66473966073278978,
			"host_system":	17.890335405376462,
			"remote_total":	25.594794827960733,
			"remote_user":	2.1913354470446134,
			"remote_system":	23.403461044207969
		},
		"sender_tcp_congestion":	"cubic",
		"receiver_tcp_congestion":	"cubic"
	}
}
