{
	"start":	{
		"connected":	[{
				"socket":	5,
				"local_host":	"10.10.10.2",
				"local_port":	41930,
				"remote_host":	"10.10.10.4",
				"remote_port":	5201
			}],
		"version":	"iperf 3.9",
		"system_info":	"Linux zelda 5.10.0-18-amd64 #1 SMP Debian 5.10.140-1 (2022-09-02) x86_64",
		"timestamp":	{
			"time":	"Mon, 29 Jan 2024 23:22:47 GMT",
			"timesecs":	1706570567
		},
		"connecting_to":	{
			"host":	"10.10.10.4",
			"port":	5201
		},
		"cookie":	"doki7s2t3tc52yurgkakfvf7xa4um7545tt7",
		"tcp_mss_default":	1448,
		"target_bitrate":	9000000000,
		"sock_bufsize":	0,
		"sndbuf_actual":	1000000,
		"rcvbuf_actual":	1000000,
		"test_start":	{
			"protocol":	"TCP",
			"num_streams":	1,
			"blksize":	131072,
			"omit":	0,
			"duration":	40,
			"bytes":	0,
			"blocks":	0,
			"reverse":	0,
			"tos":	0
		}
	},
	"intervals":	[{
			"streams":	[{
					"socket":	5,
					"start":	0,
					"end":	40.000079,
					"seconds":	40.000080108642578,
					"bytes":	4708761600,
					"bits_per_second":	941750433.94127727,
					"retransmits":	0,
					"snd_cwnd":	362000,
					"rtt":	2226,
					"rttvar":	125,
					"pmtu":	9000,
					"omitted":	false,
					"sender":	true
				}],
			"sum":	{
				"start":	0,
				"end":	40.000079,
				"seconds":	40.000080108642578,
				"bytes":	4708761600,
				"bits_per_second":	941750433.94127727,
				"retransmits":	0,
				"omitted":	false,
				"sender":	true
			}
		}],
	"end":	{
		"streams":	[{
				"sender":	{
					"socket":	5,
					"start":	0,
					"end":	40.000079,
					"seconds":	40.000079,
					"bytes":	4708761600,
					"bits_per_second":	941750460.04284143,
					"retransmits":	0,
					"max_snd_cwnd":	362000,
					"max_rtt":	2226,
					"min_rtt":	2226,
					"mean_rtt":	2226,
					"sender":	true
				},
				"receiver":	{
					"socket":	5,
					"start":	0,
					"end":	40.043632984161377,
					"seconds":	40.000079,
					"bytes":	4707531288,
					"bits_per_second":	940480358.485353,
					"sender":	true
				}
			}],
		"sum_sent":	{
			"start":	0,
			"end":	40.000079,
			"seconds":	40.000079,
			"bytes":	4708761600,
			"bits_per_second":	941750460.04284143,
			"retransmits":	0,
			"sender":	true
		},
		"sum_received":	{
			"start":	0,
			"end":	40.043632984161377,
			"seconds":	40.043632984161377,
			"bytes":	4707531288,
			"bits_per_second":	940480358.485353,
			"sender":	true
		},
		"cpu_utilization_percent":	{
			"host_total":	8.84414557767275,
			"host_user":	0.28146654583025571,
			"host_system":	8.5626790318424959,
			"remote_total":	25.90447244062381,
			"remote_user":	2.4153776983056958,
			"remote_system":	23.489092249884333
		},
		"sender_tcp_congestion":	"cubic",
		"receiver_tcp_congestion":	"cubic"
	}
}
