{
	"start":	{
		"connected":	[{
				"socket":	5,
				"local_host":	"10.10.10.2",
				"local_port":	60320,
				"remote_host":	"10.10.10.4",
				"remote_port":	5201
			}],
		"version":	"iperf 3.9",
		"system_info":	"Linux zelda 5.10.0-18-amd64 #1 SMP Debian 5.10.140-1 (2022-09-02) x86_64",
		"timestamp":	{
			"time":	"Tue, 30 Jan 2024 01:00:50 GMT",
			"timesecs":	1706576450
		},
		"connecting_to":	{
			"host":	"10.10.10.4",
			"port":	5201
		},
		"cookie":	"d4iro3y7eid6gtxooa3x32vtkvw673s3qyhh",
		"tcp_mss_default":	1448,
		"target_bitrate":	10000000000,
		"sock_bufsize":	0,
		"sndbuf_actual":	1000000,
		"rcvbuf_actual":	1000000,
		"test_start":	{
			"protocol":	"TCP",
			"num_streams":	1,
			"blksize":	131072,
			"omit":	0,
			"duration":	50,
			"bytes":	0,
			"blocks":	0,
			"reverse":	0,
			"tos":	0
		}
	},
	"intervals":	[{
			"streams":	[{
					"socket":	5,
					"start":	0,
					"end":	50.000077,
					"seconds":	50.000076293945312,
					"bytes":	5885788160,
					"bits_per_second":	941724668.6421926,
					"retransmits":	0,
					"snd_cwnd":	399648,
					"rtt":	2208,
					"rttvar":	102,
					"pmtu":	9000,
					"omitted":	false,
					"sender":	true
				}],
			"sum":	{
				"start":	0,
				"end":	50.000077,
				"seconds":	50.000076293945312,
				"bytes":	5885788160,
				"bits_per_second":	941724668.6421926,
				"retransmits":	0,
				"omitted":	false,
				"sender":	true
			}
		}],
	"end":	{
		"streams":	[{
				"sender":	{
					"socket":	5,
					"start":	0,
					"end":	50.000077,
					"seconds":	50.000077,
					"bytes":	5885788160,
					"bits_per_second":	941724655.344031,
					"retransmits":	0,
					"max_snd_cwnd":	399648,
					"max_rtt":	2208,
					"min_rtt":	2208,
					"mean_rtt":	2208,
					"sender":	true
				},
				"receiver":	{
					"socket":	5,
					"start":	0,
					"end":	50.040755987167358,
					"seconds":	50.000077,
					"bytes":	5884446528,
					"bits_per_second":	940744624.96274519,
					"sender":	true
				}
			}],
		"sum_sent":	{
			"start":	0,
			"end":	50.000077,
			"seconds":	50.000077,
			"bytes":	5885788160,
			"bits_per_second":	941724655.344031,
			"retransmits":	0,
			"sender":	true
		},
		"sum_received":	{
			"start":	0,
			"end":	50.040755987167358,
			"seconds":	50.040755987167358,
			"bytes":	5884446528,
			"bits_per_second":	940744624.96274519,
			"sender":	true
		},
		"cpu_utilization_percent":	{
			"host_total":	9.64230698040697,
			"host_user":	0.31454031648909669,
			"host_system":	9.3277686606189256,
			"remote_total":	25.218117809993039,
			"remote_user":	2.3485796535317549,
			"remote_system":	22.869536161329247
		},
		"sender_tcp_congestion":	"cubic",
		"receiver_tcp_congestion":	"cubic"
	}
}
