{
	"start":	{
		"connected":	[{
				"socket":	5,
				"local_host":	"10.10.10.2",
				"local_port":	51534,
				"remote_host":	"10.10.10.4",
				"remote_port":	5201
			}],
		"version":	"iperf 3.9",
		"system_info":	"Linux zelda 5.10.0-18-amd64 #1 SMP Debian 5.10.140-1 (2022-09-02) x86_64",
		"timestamp":	{
			"time":	"Mon, 29 Jan 2024 11:07:57 GMT",
			"timesecs":	1706526477
		},
		"connecting_to":	{
			"host":	"10.10.10.4",
			"port":	5201
		},
		"cookie":	"vot6slpnejhuevta43ewkpaj5qamnplj2adi",
		"tcp_mss_default":	1448,
		"target_bitrate":	1000000000,
		"sock_bufsize":	0,
		"sndbuf_actual":	1000000,
		"rcvbuf_actual":	1000000,
		"test_start":	{
			"protocol":	"TCP",
			"num_streams":	1,
			"blksize":	131072,
			"omit":	0,
			"duration":	40,
			"bytes":	0,
			"blocks":	0,
			"reverse":	0,
			"tos":	0
		}
	},
	"intervals":	[{
			"streams":	[{
					"socket":	5,
					"start":	0,
					"end":	40.00009,
					"seconds":	40.000091552734375,
					"bytes":	4708761600,
					"bits_per_second":	941750164.5049336,
					"retransmits":	0,
					"snd_cwnd":	380824,
					"rtt":	2211,
					"rttvar":	148,
					"pmtu":	9000,
					"omitted":	false,
					"sender":	true
				}],
			"sum":	{
				"start":	0,
				"end":	40.00009,
				"seconds":	40.000091552734375,
				"bytes":	4708761600,
				"bits_per_second":	941750164.5049336,
				"retransmits":	0,
				"omitted":	false,
				"sender":	true
			}
		}],
	"end":	{
		"streams":	[{
				"sender":	{
					"socket":	5,
					"start":	0,
					"end":	40.00009,
					"seconds":	40.00009,
					"bytes":	4708761600,
					"bits_per_second":	941750201.0620476,
					"retransmits":	0,
					"max_snd_cwnd":	380824,
					"max_rtt":	2211,
					"min_rtt":	2211,
					"mean_rtt":	2211,
					"sender":	true
				},
				"receiver":	{
					"socket":	5,
					"start":	0,
					"end":	40.04501485824585,
					"seconds":	40.00009,
					"bytes":	4707499656,
					"bits_per_second":	940441585.08397353,
					"sender":	true
				}
			}],
		"sum_sent":	{
			"start":	0,
			"end":	40.00009,
			"seconds":	40.00009,
			"bytes":	4708761600,
			"bits_per_second":	941750201.0620476,
			"retransmits":	0,
			"sender":	true
		},
		"sum_received":	{
			"start":	0,
			"end":	40.04501485824585,
			"seconds":	40.04501485824585,
			"bytes":	4707499656,
			"bits_per_second":	940441585.08397353,
			"sender":	true
		},
		"cpu_utilization_percent":	{
			"host_total":	9.43021502434383,
			"host_user":	0.302988213144849,
			"host_system":	9.12722930575038,
			"remote_total":	26.664164043485432,
			"remote_user":	2.6047691843499474,
			"remote_system":	24.05939236697936
		},
		"sender_tcp_congestion":	"cubic",
		"receiver_tcp_congestion":	"cubic"
	}
}
