{
	"start":	{
		"connected":	[{
				"socket":	5,
				"local_host":	"10.10.10.2",
				"local_port":	60244,
				"remote_host":	"10.10.10.4",
				"remote_port":	5201
			}],
		"version":	"iperf 3.9",
		"system_info":	"Linux zelda 5.10.0-18-amd64 #1 SMP Debian 5.10.140-1 (2022-09-02) x86_64",
		"timestamp":	{
			"time":	"Wed, 31 Jan 2024 09:28:21 GMT",
			"timesecs":	1706693301
		},
		"connecting_to":	{
			"host":	"10.10.10.4",
			"port":	5201
		},
		"cookie":	"szl5clpmklvvbqamht5fvotec7lcyir75i4o",
		"tcp_mss_default":	1448,
		"target_bitrate":	7000000000,
		"sock_bufsize":	0,
		"sndbuf_actual":	1000000,
		"rcvbuf_actual":	1000000,
		"test_start":	{
			"protocol":	"TCP",
			"num_streams":	1,
			"blksize":	131072,
			"omit":	0,
			"duration":	50,
			"bytes":	0,
			"blocks":	0,
			"reverse":	0,
			"tos":	0
		}
	},
	"intervals":	[{
			"streams":	[{
					"socket":	5,
					"start":	0,
					"end":	50.000078,
					"seconds":	50.000076293945312,
					"bytes":	5886705664,
					"bits_per_second":	941871469.058193,
					"retransmits":	0,
					"snd_cwnd":	641464,
					"rtt":	2800,
					"rttvar":	105,
					"pmtu":	9000,
					"omitted":	false,
					"sender":	true
				}],
			"sum":	{
				"start":	0,
				"end":	50.000078,
				"seconds":	50.000076293945312,
				"bytes":	5886705664,
				"bits_per_second":	941871469.058193,
				"retransmits":	0,
				"omitted":	false,
				"sender":	true
			}
		}],
	"end":	{
		"streams":	[{
				"sender":	{
					"socket":	5,
					"start":	0,
					"end":	50.000078,
					"seconds":	50.000078,
					"bytes":	5886705664,
					"bits_per_second":	941871436.92055833,
					"retransmits":	0,
					"max_snd_cwnd":	641464,
					"max_rtt":	2800,
					"min_rtt":	2800,
					"mean_rtt":	2800,
					"sender":	true
				},
				"receiver":	{
					"socket":	5,
					"start":	0,
					"end":	50.044150114059448,
					"seconds":	50.000078,
					"bytes":	5884454104,
					"bits_per_second":	940682032.25964129,
					"sender":	true
				}
			}],
		"sum_sent":	{
			"start":	0,
			"end":	50.000078,
			"seconds":	50.000078,
			"bytes":	5886705664,
			"bits_per_second":	941871436.92055833,
			"retransmits":	0,
			"sender":	true
		},
		"sum_received":	{
			"start":	0,
			"end":	50.044150114059448,
			"seconds":	50.044150114059448,
			"bytes":	5884454104,
			"bits_per_second":	940682032.25964129,
			"sender":	true
		},
		"cpu_utilization_percent":	{
			"host_total":	18.921991280760448,
			"host_user":	0.52675694226293979,
			"host_system":	18.395238331591212,
			"remote_total":	26.165438417204356,
			"remote_user":	2.5897064223822275,
			"remote_system":	23.5757299997123
		},
		"sender_tcp_congestion":	"cubic",
		"receiver_tcp_congestion":	"cubic"
	}
}
