{
	"start":	{
		"connected":	[{
				"socket":	5,
				"local_host":	"10.10.10.2",
				"local_port":	40454,
				"remote_host":	"10.10.10.4",
				"remote_port":	5201
			}],
		"version":	"iperf 3.9",
		"system_info":	"Linux zelda 5.10.0-18-amd64 #1 SMP Debian 5.10.140-1 (2022-09-02) x86_64",
		"timestamp":	{
			"time":	"Mon, 29 Jan 2024 20:08:18 GMT",
			"timesecs":	1706558898
		},
		"connecting_to":	{
			"host":	"10.10.10.4",
			"port":	5201
		},
		"cookie":	"4efaznpvjcpusbkldd6abdwb462wx3lkxqmj",
		"tcp_mss_default":	1448,
		"target_bitrate":	7000000000,
		"sock_bufsize":	0,
		"sndbuf_actual":	1000000,
		"rcvbuf_actual":	1000000,
		"test_start":	{
			"protocol":	"TCP",
			"num_streams":	1,
			"blksize":	131072,
			"omit":	0,
			"duration":	10,
			"bytes":	0,
			"blocks":	0,
			"reverse":	0,
			"tos":	0
		}
	},
	"intervals":	[{
			"streams":	[{
					"socket":	5,
					"start":	0,
					"end":	10.000082,
					"seconds":	10.000082015991211,
					"bytes":	1178337280,
					"bits_per_second":	942662092.66340935,
					"retransmits":	0,
					"snd_cwnd":	379376,
					"rtt":	2178,
					"rttvar":	95,
					"pmtu":	9000,
					"omitted":	false,
					"sender":	true
				}],
			"sum":	{
				"start":	0,
				"end":	10.000082,
				"seconds":	10.000082015991211,
				"bytes":	1178337280,
				"bits_per_second":	942662092.66340935,
				"retransmits":	0,
				"omitted":	false,
				"sender":	true
			}
		}],
	"end":	{
		"streams":	[{
				"sender":	{
					"socket":	5,
					"start":	0,
					"end":	10.000082,
					"seconds":	10.000082,
					"bytes":	1178337280,
					"bits_per_second":	942662094.17082775,
					"retransmits":	0,
					"max_snd_cwnd":	379376,
					"max_rtt":	2178,
					"min_rtt":	2178,
					"mean_rtt":	2178,
					"sender":	true
				},
				"receiver":	{
					"socket":	5,
					"start":	0,
					"end":	10.044094085693359,
					"seconds":	10.000082,
					"bytes":	1177097328,
					"bits_per_second":	937543848.52020681,
					"sender":	true
				}
			}],
		"sum_sent":	{
			"start":	0,
			"end":	10.000082,
			"seconds":	10.000082,
			"bytes":	1178337280,
			"bits_per_second":	942662094.17082775,
			"retransmits":	0,
			"sender":	true
		},
		"sum_received":	{
			"start":	0,
			"end":	10.044094085693359,
			"seconds":	10.044094085693359,
			"bytes":	1177097328,
			"bits_per_second":	937543848.52020681,
			"sender":	true
		},
		"cpu_utilization_percent":	{
			"host_total":	10.015265804330635,
			"host_user":	0.33836770791169962,
			"host_system":	9.6769080099226237,
			"remote_total":	21.308040545304763,
			"remote_user":	1.9256373150161452,
			"remote_system":	19.382403230288617
		},
		"sender_tcp_congestion":	"cubic",
		"receiver_tcp_congestion":	"cubic"
	}
}
