{
	"start":	{
		"connected":	[{
				"socket":	5,
				"local_host":	"10.10.10.2",
				"local_port":	39190,
				"remote_host":	"10.10.10.4",
				"remote_port":	5201
			}],
		"version":	"iperf 3.9",
		"system_info":	"Linux zelda 5.10.0-18-amd64 #1 SMP Debian 5.10.140-1 (2022-09-02) x86_64",
		"timestamp":	{
			"time":	"Wed, 31 Jan 2024 05:13:23 GMT",
			"timesecs":	1706678003
		},
		"connecting_to":	{
			"host":	"10.10.10.4",
			"port":	5201
		},
		"cookie":	"5zl3ils4adglodhkqvy3ew6egwgtamxrsz73",
		"tcp_mss_default":	1448,
		"target_bitrate":	4000000000,
		"sock_bufsize":	0,
		"sndbuf_actual":	1000000,
		"rcvbuf_actual":	1000000,
		"test_start":	{
			"protocol":	"TCP",
			"num_streams":	1,
			"blksize":	131072,
			"omit":	0,
			"duration":	70,
			"bytes":	0,
			"blocks":	0,
			"reverse":	0,
			"tos":	0
		}
	},
	"intervals":	[{
			"streams":	[{
					"socket":	5,
					"start":	0,
					"end":	60.000164,
					"seconds":	60.000164031982422,
					"bytes":	7063601152,
					"bits_per_second":	941810912.14815021,
					"retransmits":	0,
					"snd_cwnd":	634224,
					"rtt":	2809,
					"rttvar":	141,
					"pmtu":	9000,
					"omitted":	false,
					"sender":	true
				}],
			"sum":	{
				"start":	0,
				"end":	60.000164,
				"seconds":	60.000164031982422,
				"bytes":	7063601152,
				"bits_per_second":	941810912.14815021,
				"retransmits":	0,
				"omitted":	false,
				"sender":	true
			}
		}, {
			"streams":	[{
					"socket":	5,
					"start":	60.000164,
					"end":	70.000072,
					"seconds":	9.999908447265625,
					"bytes":	1176764416,
					"bits_per_second":	941420151.758909,
					"retransmits":	0,
					"snd_cwnd":	634224,
					"rtt":	2813,
					"rttvar":	125,
					"pmtu":	9000,
					"omitted":	false,
					"sender":	true
				}],
			"sum":	{
				"start":	60.000164,
				"end":	70.000072,
				"seconds":	9.999908447265625,
				"bytes":	1176764416,
				"bits_per_second":	941420151.758909,
				"retransmits":	0,
				"omitted":	false,
				"sender":	true
			}
		}],
	"end":	{
		"streams":	[{
				"sender":	{
					"socket":	5,
					"start":	0,
					"end":	70.000072,
					"seconds":	70.000072,
					"bytes":	8240365568,
					"bits_per_second":	941755096.251901,
					"retransmits":	0,
					"max_snd_cwnd":	634224,
					"max_rtt":	2813,
					"min_rtt":	2809,
					"mean_rtt":	2811,
					"sender":	true
				},
				"receiver":	{
					"socket":	5,
					"start":	0,
					"end":	70.0444860458374,
					"seconds":	70.000072,
					"bytes":	8238165072,
					"bits_per_second":	940906619.44283926,
					"sender":	true
				}
			}],
		"sum_sent":	{
			"start":	0,
			"end":	70.000072,
			"seconds":	70.000072,
			"bytes":	8240365568,
			"bits_per_second":	941755096.251901,
			"retransmits":	0,
			"sender":	true
		},
		"sum_received":	{
			"start":	0,
			"end":	70.0444860458374,
			"seconds":	70.0444860458374,
			"bytes":	8238165072,
			"bits_per_second":	940906619.44283926,
			"sender":	true
		},
		"cpu_utilization_percent":	{
			"host_total":	18.757751238725049,
			"host_user":	0.80168370070701556,
			"host_system":	17.956066111240084,
			"remote_total":	25.739445096327,
			"remote_user":	2.7132228179554625,
			"remote_system":	23.026220852296742
		},
		"sender_tcp_congestion":	"cubic",
		"receiver_tcp_congestion":	"cubic"
	}
}
