{
	"start":	{
		"connected":	[{
				"socket":	5,
				"local_host":	"10.10.10.2",
				"local_port":	60240,
				"remote_host":	"10.10.10.4",
				"remote_port":	5201
			}],
		"version":	"iperf 3.9",
		"system_info":	"Linux zelda 5.10.0-18-amd64 #1 SMP Debian 5.10.140-1 (2022-09-02) x86_64",
		"timestamp":	{
			"time":	"Mon, 29 Jan 2024 13:31:08 GMT",
			"timesecs":	1706535068
		},
		"connecting_to":	{
			"host":	"10.10.10.4",
			"port":	5201
		},
		"cookie":	"pqastupjoowma77vctynmxgt67z2qucsbdhz",
		"tcp_mss_default":	1448,
		"target_bitrate":	2000000000,
		"sock_bufsize":	0,
		"sndbuf_actual":	1000000,
		"rcvbuf_actual":	1000000,
		"test_start":	{
			"protocol":	"TCP",
			"num_streams":	1,
			"blksize":	131072,
			"omit":	0,
			"duration":	90,
			"bytes":	0,
			"blocks":	0,
			"reverse":	0,
			"tos":	0
		}
	},
	"intervals":	[{
			"streams":	[{
					"socket":	5,
					"start":	0,
					"end":	60.00007,
					"seconds":	60.000068664550781,
					"bytes":	7063339008,
					"bits_per_second":	941777456.62123346,
					"retransmits":	0,
					"snd_cwnd":	580648,
					"rtt":	2733,
					"rttvar":	120,
					"pmtu":	9000,
					"omitted":	false,
					"sender":	true
				}],
			"sum":	{
				"start":	0,
				"end":	60.00007,
				"seconds":	60.000068664550781,
				"bytes":	7063339008,
				"bits_per_second":	941777456.62123346,
				"retransmits":	0,
				"omitted":	false,
				"sender":	true
			}
		}, {
			"streams":	[{
					"socket":	5,
					"start":	60.00007,
					"end":	90.000076,
					"seconds":	30.0000057220459,
					"bytes":	3530555392,
					"bits_per_second":	941481258.29336762,
					"retransmits":	0,
					"snd_cwnd":	580648,
					"rtt":	2321,
					"rttvar":	153,
					"pmtu":	9000,
					"omitted":	false,
					"sender":	true
				}],
			"sum":	{
				"start":	60.00007,
				"end":	90.000076,
				"seconds":	30.0000057220459,
				"bytes":	3530555392,
				"bits_per_second":	941481258.29336762,
				"retransmits":	0,
				"omitted":	false,
				"sender":	true
			}
		}],
	"end":	{
		"streams":	[{
				"sender":	{
					"socket":	5,
					"start":	0,
					"end":	90.000076,
					"seconds":	90.000076,
					"bytes":	10593894400,
					"bits_per_second":	941678707.02686954,
					"retransmits":	0,
					"max_snd_cwnd":	580648,
					"max_rtt":	2733,
					"min_rtt":	2321,
					"mean_rtt":	2527,
					"sender":	true
				},
				"receiver":	{
					"socket":	5,
					"start":	0,
					"end":	90.0411629676819,
					"seconds":	90.000076,
					"bytes":	10591870248,
					"bits_per_second":	941069164.27116323,
					"sender":	true
				}
			}],
		"sum_sent":	{
			"start":	0,
			"end":	90.000076,
			"seconds":	90.000076,
			"bytes":	10593894400,
			"bits_per_second":	941678707.02686954,
			"retransmits":	0,
			"sender":	true
		},
		"sum_received":	{
			"start":	0,
			"end":	90.0411629676819,
			"seconds":	90.0411629676819,
			"bytes":	10591870248,
			"bits_per_second":	941069164.27116323,
			"sender":	true
		},
		"cpu_utilization_percent":	{
			"host_total":	9.24868901688186,
			"host_user":	0.294856237144728,
			"host_system":	8.95383277973713,
			"remote_total":	24.977110414460427,
			"remote_user":	2.395878892562509,
			"remote_system":	22.581231521897919
		},
		"sender_tcp_congestion":	"cubic",
		"receiver_tcp_congestion":	"cubic"
	}
}
