{
	"start":	{
		"connected":	[{
				"socket":	5,
				"local_host":	"10.10.10.2",
				"local_port":	32840,
				"remote_host":	"10.10.10.4",
				"remote_port":	5201
			}],
		"version":	"iperf 3.9",
		"system_info":	"Linux zelda 5.10.0-18-amd64 #1 SMP Debian 5.10.140-1 (2022-09-02) x86_64",
		"timestamp":	{
			"time":	"Mon, 29 Jan 2024 19:18:11 GMT",
			"timesecs":	1706555891
		},
		"connecting_to":	{
			"host":	"10.10.10.4",
			"port":	5201
		},
		"cookie":	"jl6ndilihpgta57meaiyyeryt2ohnzvzbao7",
		"tcp_mss_default":	1448,
		"target_bitrate":	6000000000,
		"sock_bufsize":	0,
		"sndbuf_actual":	1000000,
		"rcvbuf_actual":	1000000,
		"test_start":	{
			"protocol":	"TCP",
			"num_streams":	1,
			"blksize":	131072,
			"omit":	0,
			"duration":	70,
			"bytes":	0,
			"blocks":	0,
			"reverse":	0,
			"tos":	0
		}
	},
	"intervals":	[{
			"streams":	[{
					"socket":	5,
					"start":	0,
					"end":	60.000071,
					"seconds":	60.000072479248047,
					"bytes":	7062552576,
					"bits_per_second":	941672539.271374,
					"retransmits":	0,
					"snd_cwnd":	379376,
					"rtt":	2228,
					"rttvar":	143,
					"pmtu":	9000,
					"omitted":	false,
					"sender":	true
				}],
			"sum":	{
				"start":	0,
				"end":	60.000071,
				"seconds":	60.000072479248047,
				"bytes":	7062552576,
				"bits_per_second":	941672539.271374,
				"retransmits":	0,
				"omitted":	false,
				"sender":	true
			}
		}, {
			"streams":	[{
					"socket":	5,
					"start":	60.000071,
					"end":	70.000083,
					"seconds":	10.000012397766113,
					"bytes":	1176895488,
					"bits_per_second":	941515223.1314472,
					"retransmits":	0,
					"snd_cwnd":	379376,
					"rtt":	2256,
					"rttvar":	151,
					"pmtu":	9000,
					"omitted":	false,
					"sender":	true
				}],
			"sum":	{
				"start":	60.000071,
				"end":	70.000083,
				"seconds":	10.000012397766113,
				"bytes":	1176895488,
				"bits_per_second":	941515223.1314472,
				"retransmits":	0,
				"omitted":	false,
				"sender":	true
			}
		}],
	"end":	{
		"streams":	[{
				"sender":	{
					"socket":	5,
					"start":	0,
					"end":	70.000083,
					"seconds":	70.000083,
					"bytes":	8239448064,
					"bits_per_second":	941650090.786321,
					"retransmits":	0,
					"max_snd_cwnd":	379376,
					"max_rtt":	2256,
					"min_rtt":	2228,
					"mean_rtt":	2242,
					"sender":	true
				},
				"receiver":	{
					"socket":	5,
					"start":	0,
					"end":	70.047681093215942,
					"seconds":	70.000083,
					"bytes":	8238099912,
					"bits_per_second":	940856260.58480358,
					"sender":	true
				}
			}],
		"sum_sent":	{
			"start":	0,
			"end":	70.000083,
			"seconds":	70.000083,
			"bytes":	8239448064,
			"bits_per_second":	941650090.786321,
			"retransmits":	0,
			"sender":	true
		},
		"sum_received":	{
			"start":	0,
			"end":	70.047681093215942,
			"seconds":	70.047681093215942,
			"bytes":	8238099912,
			"bits_per_second":	940856260.58480358,
			"sender":	true
		},
		"cpu_utilization_percent":	{
			"host_total":	8.7428213137806861,
			"host_user":	0.25491530244544858,
			"host_system":	8.48790601133524,
			"remote_total":	23.571004245744071,
			"remote_user":	2.307441333355825,
			"remote_system":	21.26356148646002
		},
		"sender_tcp_congestion":	"cubic",
		"receiver_tcp_congestion":	"cubic"
	}
}
