{
	"start":	{
		"connected":	[{
				"socket":	5,
				"local_host":	"10.10.10.2",
				"local_port":	36008,
				"remote_host":	"10.10.10.4",
				"remote_port":	5201
			}],
		"version":	"iperf 3.9",
		"system_info":	"Linux zelda 5.10.0-18-amd64 #1 SMP Debian 5.10.140-1 (2022-09-02) x86_64",
		"timestamp":	{
			"time":	"Tue, 30 Jan 2024 15:57:27 GMT",
			"timesecs":	1706630247
		},
		"connecting_to":	{
			"host":	"10.10.10.4",
			"port":	5201
		},
		"cookie":	"4h2chn2mk5owhe4ponv2uhfanddfhdzispyk",
		"tcp_mss_default":	1448,
		"target_bitrate":	5000000000,
		"sock_bufsize":	0,
		"sndbuf_actual":	1000000,
		"rcvbuf_actual":	1000000,
		"test_start":	{
			"protocol":	"TCP",
			"num_streams":	1,
			"blksize":	131072,
			"omit":	0,
			"duration":	100,
			"bytes":	0,
			"blocks":	0,
			"reverse":	0,
			"tos":	0
		}
	},
	"intervals":	[{
			"streams":	[{
					"socket":	5,
					"start":	0,
					"end":	60.000084,
					"seconds":	60.000083923339844,
					"bytes":	7062814720,
					"bits_per_second":	941707312.146287,
					"retransmits":	0,
					"snd_cwnd":	448880,
					"rtt":	2206,
					"rttvar":	138,
					"pmtu":	9000,
					"omitted":	false,
					"sender":	true
				}],
			"sum":	{
				"start":	0,
				"end":	60.000084,
				"seconds":	60.000083923339844,
				"bytes":	7062814720,
				"bits_per_second":	941707312.146287,
				"retransmits":	0,
				"omitted":	false,
				"sender":	true
			}
		}, {
			"streams":	[{
					"socket":	5,
					"start":	60.000084,
					"end":	100.000077,
					"seconds":	39.999992370605469,
					"bytes":	4707319808,
					"bits_per_second":	941464141.17003429,
					"retransmits":	0,
					"snd_cwnd":	448880,
					"rtt":	2214,
					"rttvar":	116,
					"pmtu":	9000,
					"omitted":	false,
					"sender":	true
				}],
			"sum":	{
				"start":	60.000084,
				"end":	100.000077,
				"seconds":	39.999992370605469,
				"bytes":	4707319808,
				"bits_per_second":	941464141.17003429,
				"retransmits":	0,
				"omitted":	false,
				"sender":	true
			}
		}],
	"end":	{
		"streams":	[{
				"sender":	{
					"socket":	5,
					"start":	0,
					"end":	100.000077,
					"seconds":	100.000077,
					"bytes":	11770134528,
					"bits_per_second":	941610037.20027137,
					"retransmits":	0,
					"max_snd_cwnd":	448880,
					"max_rtt":	2214,
					"min_rtt":	2206,
					"mean_rtt":	2210,
					"sender":	true
				},
				"receiver":	{
					"socket":	5,
					"start":	0,
					"end":	100.04387402534485,
					"seconds":	100.000077,
					"bytes":	11768664192,
					"bits_per_second":	941080245.57454121,
					"sender":	true
				}
			}],
		"sum_sent":	{
			"start":	0,
			"end":	100.000077,
			"seconds":	100.000077,
			"bytes":	11770134528,
			"bits_per_second":	941610037.20027137,
			"retransmits":	0,
			"sender":	true
		},
		"sum_received":	{
			"start":	0,
			"end":	100.04387402534485,
			"seconds":	100.04387402534485,
			"bytes":	11768664192,
			"bits_per_second":	941080245.57454121,
			"sender":	true
		},
		"cpu_utilization_percent":	{
			"host_total":	15.875215704771106,
			"host_user":	0.56160350612219423,
			"host_system":	15.313613197808287,
			"remote_total":	26.360289184140967,
			"remote_user":	2.4908564340664681,
			"remote_system":	23.869431751255256
		},
		"sender_tcp_congestion":	"cubic",
		"receiver_tcp_congestion":	"cubic"
	}
}
