{
	"start":	{
		"connected":	[{
				"socket":	5,
				"local_host":	"10.10.10.2",
				"local_port":	38514,
				"remote_host":	"10.10.10.4",
				"remote_port":	5201
			}],
		"version":	"iperf 3.9",
		"system_info":	"Linux zelda 5.10.0-18-amd64 #1 SMP Debian 5.10.140-1 (2022-09-02) x86_64",
		"timestamp":	{
			"time":	"Wed, 31 Jan 2024 09:08:55 GMT",
			"timesecs":	1706692135
		},
		"connecting_to":	{
			"host":	"10.10.10.4",
			"port":	5201
		},
		"cookie":	"l4w4vnftzkrh2gv2pvs22aucoqvtcfneapjg",
		"tcp_mss_default":	1448,
		"target_bitrate":	7000000000,
		"sock_bufsize":	0,
		"sndbuf_actual":	1000000,
		"rcvbuf_actual":	1000000,
		"test_start":	{
			"protocol":	"TCP",
			"num_streams":	1,
			"blksize":	131072,
			"omit":	0,
			"duration":	20,
			"bytes":	0,
			"blocks":	0,
			"reverse":	0,
			"tos":	0
		}
	},
	"intervals":	[{
			"streams":	[{
					"socket":	5,
					"start":	0,
					"end":	20.000053,
					"seconds":	20.000053405761719,
					"bytes":	2355363840,
					"bits_per_second":	942143020.206718,
					"retransmits":	0,
					"snd_cwnd":	406888,
					"rtt":	2178,
					"rttvar":	116,
					"pmtu":	9000,
					"omitted":	false,
					"sender":	true
				}],
			"sum":	{
				"start":	0,
				"end":	20.000053,
				"seconds":	20.000053405761719,
				"bytes":	2355363840,
				"bits_per_second":	942143020.206718,
				"retransmits":	0,
				"omitted":	false,
				"sender":	true
			}
		}],
	"end":	{
		"streams":	[{
				"sender":	{
					"socket":	5,
					"start":	0,
					"end":	20.000053,
					"seconds":	20.000053,
					"bytes":	2355363840,
					"bits_per_second":	942143039.32094574,
					"retransmits":	0,
					"max_snd_cwnd":	406888,
					"max_rtt":	2178,
					"min_rtt":	2178,
					"mean_rtt":	2178,
					"sender":	true
				},
				"receiver":	{
					"socket":	5,
					"start":	0,
					"end":	20.043405055999756,
					"seconds":	20.000053,
					"bytes":	2353869424,
					"bits_per_second":	939508798.00052619,
					"sender":	true
				}
			}],
		"sum_sent":	{
			"start":	0,
			"end":	20.000053,
			"seconds":	20.000053,
			"bytes":	2355363840,
			"bits_per_second":	942143039.32094574,
			"retransmits":	0,
			"sender":	true
		},
		"sum_received":	{
			"start":	0,
			"end":	20.043405055999756,
			"seconds":	20.043405055999756,
			"bytes":	2353869424,
			"bits_per_second":	939508798.00052619,
			"sender":	true
		},
		"cpu_utilization_percent":	{
			"host_total":	17.811060834670339,
			"host_user":	0.85092151385830272,
			"host_system":	16.960144299115594,
			"remote_total":	26.912784334922051,
			"remote_user":	1.6983051438776215,
			"remote_system":	25.214479191044433
		},
		"sender_tcp_congestion":	"cubic",
		"receiver_tcp_congestion":	"cubic"
	}
}
