{
	"start":	{
		"connected":	[{
				"socket":	5,
				"local_host":	"10.10.10.2",
				"local_port":	58878,
				"remote_host":	"10.10.10.4",
				"remote_port":	5201
			}],
		"version":	"iperf 3.9",
		"system_info":	"Linux zelda 5.10.0-18-amd64 #1 SMP Debian 5.10.140-1 (2022-09-02) x86_64",
		"timestamp":	{
			"time":	"Sun, 28 Jan 2024 15:15:24 GMT",
			"timesecs":	1706454924
		},
		"connecting_to":	{
			"host":	"10.10.10.4",
			"port":	5201
		},
		"cookie":	"vvh7wt3xl2ssbees7afatrjt7hiqb7qtspnz",
		"tcp_mss_default":	1448,
		"target_bitrate":	3000000000,
		"sock_bufsize":	0,
		"sndbuf_actual":	1000000,
		"rcvbuf_actual":	1000000,
		"test_start":	{
			"protocol":	"TCP",
			"num_streams":	1,
			"blksize":	131072,
			"omit":	0,
			"duration":	40,
			"bytes":	0,
			"blocks":	0,
			"reverse":	0,
			"tos":	0
		}
	},
	"intervals":	[{
			"streams":	[{
					"socket":	5,
					"start":	0,
					"end":	40.000055,
					"seconds":	40.000053405761719,
					"bytes":	4708892672,
					"bits_per_second":	941777276.991679,
					"retransmits":	0,
					"snd_cwnd":	364896,
					"rtt":	1875,
					"rttvar":	116,
					"pmtu":	9000,
					"omitted":	false,
					"sender":	true
				}],
			"sum":	{
				"start":	0,
				"end":	40.000055,
				"seconds":	40.000053405761719,
				"bytes":	4708892672,
				"bits_per_second":	941777276.991679,
				"retransmits":	0,
				"omitted":	false,
				"sender":	true
			}
		}],
	"end":	{
		"streams":	[{
				"sender":	{
					"socket":	5,
					"start":	0,
					"end":	40.000055,
					"seconds":	40.000055,
					"bytes":	4708892672,
					"bits_per_second":	941777239.45629573,
					"retransmits":	0,
					"max_snd_cwnd":	364896,
					"max_rtt":	1875,
					"min_rtt":	1875,
					"mean_rtt":	1875,
					"sender":	true
				},
				"receiver":	{
					"socket":	5,
					"start":	0,
					"end":	40.044265031814575,
					"seconds":	40.000055,
					"bytes":	4707596448,
					"bits_per_second":	940478531.7967273,
					"sender":	true
				}
			}],
		"sum_sent":	{
			"start":	0,
			"end":	40.000055,
			"seconds":	40.000055,
			"bytes":	4708892672,
			"bits_per_second":	941777239.45629573,
			"retransmits":	0,
			"sender":	true
		},
		"sum_received":	{
			"start":	0,
			"end":	40.044265031814575,
			"seconds":	40.044265031814575,
			"bytes":	4707596448,
			"bits_per_second":	940478531.7967273,
			"sender":	true
		},
		"cpu_utilization_percent":	{
			"host_total":	3.7691085180655648,
			"host_user":	0.12883547008520357,
			"host_system":	3.64027554247134,
			"remote_total":	24.806746695906682,
			"remote_user":	2.3679507820323438,
			"remote_system":	22.438795913874337
		},
		"sender_tcp_congestion":	"cubic",
		"receiver_tcp_congestion":	"cubic"
	}
}
