{
	"start":	{
		"connected":	[{
				"socket":	5,
				"local_host":	"10.10.10.2",
				"local_port":	55174,
				"remote_host":	"10.10.10.4",
				"remote_port":	5201
			}],
		"version":	"iperf 3.9",
		"system_info":	"Linux zelda 5.10.0-18-amd64 #1 SMP Debian 5.10.140-1 (2022-09-02) x86_64",
		"timestamp":	{
			"time":	"Sun, 28 Jan 2024 17:08:51 GMT",
			"timesecs":	1706461731
		},
		"connecting_to":	{
			"host":	"10.10.10.4",
			"port":	5201
		},
		"cookie":	"2rlaogn7csfunbq62f663xe4irc22xy5tgeo",
		"tcp_mss_default":	1448,
		"target_bitrate":	4000000000,
		"sock_bufsize":	0,
		"sndbuf_actual":	1000000,
		"rcvbuf_actual":	1000000,
		"test_start":	{
			"protocol":	"TCP",
			"num_streams":	1,
			"blksize":	131072,
			"omit":	0,
			"duration":	60,
			"bytes":	0,
			"blocks":	0,
			"reverse":	0,
			"tos":	0
		}
	},
	"intervals":	[{
			"streams":	[{
					"socket":	5,
					"start":	0,
					"end":	60.000068,
					"seconds":	60.000068664550781,
					"bytes":	7063076864,
					"bits_per_second":	941742504.1279,
					"retransmits":	0,
					"snd_cwnd":	499560,
					"rtt":	2230,
					"rttvar":	95,
					"pmtu":	9000,
					"omitted":	false,
					"sender":	true
				}],
			"sum":	{
				"start":	0,
				"end":	60.000068,
				"seconds":	60.000068664550781,
				"bytes":	7063076864,
				"bits_per_second":	941742504.1279,
				"retransmits":	0,
				"omitted":	false,
				"sender":	true
			}
		}],
	"end":	{
		"streams":	[{
				"sender":	{
					"socket":	5,
					"start":	0,
					"end":	60.000068,
					"seconds":	60.000068,
					"bytes":	7063076864,
					"bits_per_second":	941742514.55848348,
					"retransmits":	0,
					"max_snd_cwnd":	499560,
					"max_rtt":	2230,
					"min_rtt":	2230,
					"mean_rtt":	2230,
					"sender":	true
				},
				"receiver":	{
					"socket":	5,
					"start":	0,
					"end":	60.041024923324585,
					"seconds":	60.000068,
					"bytes":	7061311760,
					"bits_per_second":	940864919.48032546,
					"sender":	true
				}
			}],
		"sum_sent":	{
			"start":	0,
			"end":	60.000068,
			"seconds":	60.000068,
			"bytes":	7063076864,
			"bits_per_second":	941742514.55848348,
			"retransmits":	0,
			"sender":	true
		},
		"sum_received":	{
			"start":	0,
			"end":	60.041024923324585,
			"seconds":	60.041024923324585,
			"bytes":	7061311760,
			"bits_per_second":	940864919.48032546,
			"sender":	true
		},
		"cpu_utilization_percent":	{
			"host_total":	4.0951517674532143,
			"host_user":	0.06383687903235967,
			"host_system":	4.03131655274662,
			"remote_total":	23.324419689769144,
			"remote_user":	2.3970400484906822,
			"remote_system":	20.927377977995633
		},
		"sender_tcp_congestion":	"cubic",
		"receiver_tcp_congestion":	"cubic"
	}
}
