{
	"start":	{
		"connected":	[{
				"socket":	5,
				"local_host":	"10.10.10.2",
				"local_port":	53224,
				"remote_host":	"10.10.10.4",
				"remote_port":	5201
			}],
		"version":	"iperf 3.9",
		"system_info":	"Linux zelda 5.10.0-18-amd64 #1 SMP Debian 5.10.140-1 (2022-09-02) x86_64",
		"timestamp":	{
			"time":	"Mon, 29 Jan 2024 23:53:05 GMT",
			"timesecs":	1706572385
		},
		"connecting_to":	{
			"host":	"10.10.10.4",
			"port":	5201
		},
		"cookie":	"kprz4q5yzjckxzfhafahzcvhwgfe7h5iyjen",
		"tcp_mss_default":	1448,
		"target_bitrate":	9000000000,
		"sock_bufsize":	0,
		"sndbuf_actual":	1000000,
		"rcvbuf_actual":	1000000,
		"test_start":	{
			"protocol":	"TCP",
			"num_streams":	1,
			"blksize":	131072,
			"omit":	0,
			"duration":	70,
			"bytes":	0,
			"blocks":	0,
			"reverse":	0,
			"tos":	0
		}
	},
	"intervals":	[{
			"streams":	[{
					"socket":	5,
					"start":	0,
					"end":	60.00007,
					"seconds":	60.000068664550781,
					"bytes":	7062552576,
					"bits_per_second":	941672599.14123333,
					"retransmits":	0,
					"snd_cwnd":	383720,
					"rtt":	2220,
					"rttvar":	117,
					"pmtu":	9000,
					"omitted":	false,
					"sender":	true
				}],
			"sum":	{
				"start":	0,
				"end":	60.00007,
				"seconds":	60.000068664550781,
				"bytes":	7062552576,
				"bits_per_second":	941672599.14123333,
				"retransmits":	0,
				"omitted":	false,
				"sender":	true
			}
		}, {
			"streams":	[{
					"socket":	5,
					"start":	60.00007,
					"end":	70.000082,
					"seconds":	10.000012397766113,
					"bytes":	1176895488,
					"bits_per_second":	941515223.1314472,
					"retransmits":	0,
					"snd_cwnd":	383720,
					"rtt":	2185,
					"rttvar":	148,
					"pmtu":	9000,
					"omitted":	false,
					"sender":	true
				}],
			"sum":	{
				"start":	60.00007,
				"end":	70.000082,
				"seconds":	10.000012397766113,
				"bytes":	1176895488,
				"bits_per_second":	941515223.1314472,
				"retransmits":	0,
				"omitted":	false,
				"sender":	true
			}
		}],
	"end":	{
		"streams":	[{
				"sender":	{
					"socket":	5,
					"start":	0,
					"end":	70.000082,
					"seconds":	70.000082,
					"bytes":	8239448064,
					"bits_per_second":	941650104.23844922,
					"retransmits":	0,
					"max_snd_cwnd":	383720,
					"max_rtt":	2220,
					"min_rtt":	2185,
					"mean_rtt":	2202,
					"sender":	true
				},
				"receiver":	{
					"socket":	5,
					"start":	0,
					"end":	70.0440719127655,
					"seconds":	70.000082,
					"bytes":	8238095568,
					"bits_per_second":	940904244.20326829,
					"sender":	true
				}
			}],
		"sum_sent":	{
			"start":	0,
			"end":	70.000082,
			"seconds":	70.000082,
			"bytes":	8239448064,
			"bits_per_second":	941650104.23844922,
			"retransmits":	0,
			"sender":	true
		},
		"sum_received":	{
			"start":	0,
			"end":	70.0440719127655,
			"seconds":	70.0440719127655,
			"bytes":	8238095568,
			"bits_per_second":	940904244.20326829,
			"sender":	true
		},
		"cpu_utilization_percent":	{
			"host_total":	9.1866077588749953,
			"host_user":	0.28403897194303468,
			"host_system":	8.90256736010951,
			"remote_total":	26.257060838636427,
			"remote_user":	2.5979208607080211,
			"remote_system":	23.659141404018335
		},
		"sender_tcp_congestion":	"cubic",
		"receiver_tcp_congestion":	"cubic"
	}
}
