{
	"start":	{
		"connected":	[{
				"socket":	5,
				"local_host":	"10.10.10.2",
				"local_port":	33596,
				"remote_host":	"10.10.10.4",
				"remote_port":	5201
			}],
		"version":	"iperf 3.9",
		"system_info":	"Linux zelda 5.10.0-18-amd64 #1 SMP Debian 5.10.140-1 (2022-09-02) x86_64",
		"timestamp":	{
			"time":	"Tue, 30 Jan 2024 20:18:38 GMT",
			"timesecs":	1706645918
		},
		"connecting_to":	{
			"host":	"10.10.10.4",
			"port":	5201
		},
		"cookie":	"7rlwovajfyc64mqnypbxwc56gemk5wfobhx3",
		"tcp_mss_default":	1448,
		"target_bitrate":	8000000000,
		"sock_bufsize":	0,
		"sndbuf_actual":	1000000,
		"rcvbuf_actual":	1000000,
		"test_start":	{
			"protocol":	"TCP",
			"num_streams":	1,
			"blksize":	131072,
			"omit":	0,
			"duration":	90,
			"bytes":	0,
			"blocks":	0,
			"reverse":	0,
			"tos":	0
		}
	},
	"intervals":	[{
			"streams":	[{
					"socket":	5,
					"start":	0,
					"end":	60.000075,
					"seconds":	60.000076293945312,
					"bytes":	7063076864,
					"bits_per_second":	941742384.37930048,
					"retransmits":	0,
					"snd_cwnd":	506800,
					"rtt":	2626,
					"rttvar":	151,
					"pmtu":	9000,
					"omitted":	false,
					"sender":	true
				}],
			"sum":	{
				"start":	0,
				"end":	60.000075,
				"seconds":	60.000076293945312,
				"bytes":	7063076864,
				"bits_per_second":	941742384.37930048,
				"retransmits":	0,
				"omitted":	false,
				"sender":	true
			}
		}, {
			"streams":	[{
					"socket":	5,
					"start":	60.000075,
					"end":	90.0001,
					"seconds":	30.000024795532227,
					"bytes":	3530555392,
					"bits_per_second":	941480659.71619868,
					"retransmits":	0,
					"snd_cwnd":	506800,
					"rtt":	2308,
					"rttvar":	89,
					"pmtu":	9000,
					"omitted":	false,
					"sender":	true
				}],
			"sum":	{
				"start":	60.000075,
				"end":	90.0001,
				"seconds":	30.000024795532227,
				"bytes":	3530555392,
				"bits_per_second":	941480659.71619868,
				"retransmits":	0,
				"omitted":	false,
				"sender":	true
			}
		}],
	"end":	{
		"streams":	[{
				"sender":	{
					"socket":	5,
					"start":	0,
					"end":	90.0001,
					"seconds":	90.0001,
					"bytes":	10593632256,
					"bits_per_second":	941655154.24982858,
					"retransmits":	0,
					"max_snd_cwnd":	506800,
					"max_rtt":	2626,
					"min_rtt":	2308,
					"mean_rtt":	2467,
					"sender":	true
				},
				"receiver":	{
					"socket":	5,
					"start":	0,
					"end":	90.044003009796143,
					"seconds":	90.0001,
					"bytes":	10591802192,
					"bits_per_second":	941033435.91667628,
					"sender":	true
				}
			}],
		"sum_sent":	{
			"start":	0,
			"end":	90.0001,
			"seconds":	90.0001,
			"bytes":	10593632256,
			"bits_per_second":	941655154.24982858,
			"retransmits":	0,
			"sender":	true
		},
		"sum_received":	{
			"start":	0,
			"end":	90.044003009796143,
			"seconds":	90.044003009796143,
			"bytes":	10591802192,
			"bits_per_second":	941033435.91667628,
			"sender":	true
		},
		"cpu_utilization_percent":	{
			"host_total":	16.263805929722857,
			"host_user":	0.683895827560974,
			"host_system":	15.579928973337029,
			"remote_total":	22.091069512869225,
			"remote_user":	2.4496366531274578,
			"remote_system":	19.641432859741766
		},
		"sender_tcp_congestion":	"cubic",
		"receiver_tcp_congestion":	"cubic"
	}
}
