{
	"start":	{
		"connected":	[{
				"socket":	5,
				"local_host":	"10.10.10.2",
				"local_port":	48104,
				"remote_host":	"10.10.10.4",
				"remote_port":	5201
			}],
		"version":	"iperf 3.9",
		"system_info":	"Linux zelda 5.10.0-18-amd64 #1 SMP Debian 5.10.140-1 (2022-09-02) x86_64",
		"timestamp":	{
			"time":	"Tue, 30 Jan 2024 15:12:10 GMT",
			"timesecs":	1706627530
		},
		"connecting_to":	{
			"host":	"10.10.10.4",
			"port":	5201
		},
		"cookie":	"lsdteonqtbbg6fey6nhdfc7lv4k2gzkemidd",
		"tcp_mss_default":	1448,
		"target_bitrate":	5000000000,
		"sock_bufsize":	0,
		"sndbuf_actual":	1000000,
		"rcvbuf_actual":	1000000,
		"test_start":	{
			"protocol":	"TCP",
			"num_streams":	1,
			"blksize":	131072,
			"omit":	0,
			"duration":	70,
			"bytes":	0,
			"blocks":	0,
			"reverse":	0,
			"tos":	0
		}
	},
	"intervals":	[{
			"streams":	[{
					"socket":	5,
					"start":	0,
					"end":	60.000086,
					"seconds":	60.0000877380371,
					"bytes":	7062814720,
					"bits_per_second":	941707252.274236,
					"retransmits":	0,
					"snd_cwnd":	460464,
					"rtt":	2111,
					"rttvar":	153,
					"pmtu":	9000,
					"omitted":	false,
					"sender":	true
				}],
			"sum":	{
				"start":	0,
				"end":	60.000086,
				"seconds":	60.0000877380371,
				"bytes":	7062814720,
				"bits_per_second":	941707252.274236,
				"retransmits":	0,
				"omitted":	false,
				"sender":	true
			}
		}, {
			"streams":	[{
					"socket":	5,
					"start":	60.000086,
					"end":	70.000072,
					"seconds":	9.9999856948852539,
					"bytes":	1176895488,
					"bits_per_second":	941517737.25192666,
					"retransmits":	0,
					"snd_cwnd":	460464,
					"rtt":	2195,
					"rttvar":	158,
					"pmtu":	9000,
					"omitted":	false,
					"sender":	true
				}],
			"sum":	{
				"start":	60.000086,
				"end":	70.000072,
				"seconds":	9.9999856948852539,
				"bytes":	1176895488,
				"bits_per_second":	941517737.25192666,
				"retransmits":	0,
				"omitted":	false,
				"sender":	true
			}
		}],
	"end":	{
		"streams":	[{
				"sender":	{
					"socket":	5,
					"start":	0,
					"end":	70.000072,
					"seconds":	70.000072,
					"bytes":	8239710208,
					"bits_per_second":	941680198.04322481,
					"retransmits":	0,
					"max_snd_cwnd":	460464,
					"max_rtt":	2195,
					"min_rtt":	2111,
					"mean_rtt":	2153,
					"sender":	true
				},
				"receiver":	{
					"socket":	5,
					"start":	0,
					"end":	70.0434808731079,
					"seconds":	70.000072,
					"bytes":	8238102808,
					"bits_per_second":	940913010.639697,
					"sender":	true
				}
			}],
		"sum_sent":	{
			"start":	0,
			"end":	70.000072,
			"seconds":	70.000072,
			"bytes":	8239710208,
			"bits_per_second":	941680198.04322481,
			"retransmits":	0,
			"sender":	true
		},
		"sum_received":	{
			"start":	0,
			"end":	70.0434808731079,
			"seconds":	70.0434808731079,
			"bytes":	8238102808,
			"bits_per_second":	940913010.639697,
			"sender":	true
		},
		"cpu_utilization_percent":	{
			"host_total":	16.65219892771746,
			"host_user":	0.69696695703877,
			"host_system":	15.955231970678691,
			"remote_total":	25.065861417051138,
			"remote_user":	2.5268411666039827,
			"remote_system":	22.539018824358322
		},
		"sender_tcp_congestion":	"cubic",
		"receiver_tcp_congestion":	"cubic"
	}
}
