{
	"start":	{
		"connected":	[{
				"socket":	5,
				"local_host":	"10.10.10.2",
				"local_port":	36902,
				"remote_host":	"10.10.10.4",
				"remote_port":	5201
			}],
		"version":	"iperf 3.9",
		"system_info":	"Linux zelda 5.10.0-18-amd64 #1 SMP Debian 5.10.140-1 (2022-09-02) x86_64",
		"timestamp":	{
			"time":	"Mon, 29 Jan 2024 10:57:12 GMT",
			"timesecs":	1706525832
		},
		"connecting_to":	{
			"host":	"10.10.10.4",
			"port":	5201
		},
		"cookie":	"uynptakucf5wsheokaocotphhqs4mkruecit",
		"tcp_mss_default":	1448,
		"target_bitrate":	1000000000,
		"sock_bufsize":	0,
		"sndbuf_actual":	1000000,
		"rcvbuf_actual":	1000000,
		"test_start":	{
			"protocol":	"TCP",
			"num_streams":	1,
			"blksize":	131072,
			"omit":	0,
			"duration":	10,
			"bytes":	0,
			"blocks":	0,
			"reverse":	0,
			"tos":	0
		}
	},
	"intervals":	[{
			"streams":	[{
					"socket":	5,
					"start":	0,
					"end":	10.000077,
					"seconds":	10.000077247619629,
					"bytes":	1178861568,
					"bits_per_second":	943081969.3162756,
					"retransmits":	0,
					"snd_cwnd":	560376,
					"rtt":	3170,
					"rttvar":	116,
					"pmtu":	9000,
					"omitted":	false,
					"sender":	true
				}],
			"sum":	{
				"start":	0,
				"end":	10.000077,
				"seconds":	10.000077247619629,
				"bytes":	1178861568,
				"bits_per_second":	943081969.3162756,
				"retransmits":	0,
				"omitted":	false,
				"sender":	true
			}
		}],
	"end":	{
		"streams":	[{
				"sender":	{
					"socket":	5,
					"start":	0,
					"end":	10.000077,
					"seconds":	10.000077,
					"bytes":	1178861568,
					"bits_per_second":	943081992.66865647,
					"retransmits":	0,
					"max_snd_cwnd":	560376,
					"max_rtt":	3170,
					"min_rtt":	3170,
					"mean_rtt":	3170,
					"sender":	true
				},
				"receiver":	{
					"socket":	5,
					"start":	0,
					"end":	10.042510986328125,
					"seconds":	10.000077,
					"bytes":	1177004880,
					"bits_per_second":	937617997.41309679,
					"sender":	true
				}
			}],
		"sum_sent":	{
			"start":	0,
			"end":	10.000077,
			"seconds":	10.000077,
			"bytes":	1178861568,
			"bits_per_second":	943081992.66865647,
			"retransmits":	0,
			"sender":	true
		},
		"sum_received":	{
			"start":	0,
			"end":	10.042510986328125,
			"seconds":	10.042510986328125,
			"bytes":	1177004880,
			"bits_per_second":	937617997.41309679,
			"sender":	true
		},
		"cpu_utilization_percent":	{
			"host_total":	9.0251685614371429,
			"host_user":	0.12502747529603886,
			"host_system":	8.9001410861411046,
			"remote_total":	27.44696098594283,
			"remote_user":	2.9898912321241733,
			"remote_system":	24.457059871938743
		},
		"sender_tcp_congestion":	"cubic",
		"receiver_tcp_congestion":	"cubic"
	}
}
