{
	"start":	{
		"connected":	[{
				"socket":	5,
				"local_host":	"10.10.10.2",
				"local_port":	49366,
				"remote_host":	"10.10.10.4",
				"remote_port":	5201
			}],
		"version":	"iperf 3.9",
		"system_info":	"Linux zelda 5.10.0-18-amd64 #1 SMP Debian 5.10.140-1 (2022-09-02) x86_64",
		"timestamp":	{
			"time":	"Sun, 28 Jan 2024 17:16:32 GMT",
			"timesecs":	1706462192
		},
		"connecting_to":	{
			"host":	"10.10.10.4",
			"port":	5201
		},
		"cookie":	"tmo2alihnstjiaxpk2p5niejrbizsbnsplqj",
		"tcp_mss_default":	1448,
		"target_bitrate":	4000000000,
		"sock_bufsize":	0,
		"sndbuf_actual":	1000000,
		"rcvbuf_actual":	1000000,
		"test_start":	{
			"protocol":	"TCP",
			"num_streams":	1,
			"blksize":	131072,
			"omit":	0,
			"duration":	70,
			"bytes":	0,
			"blocks":	0,
			"reverse":	0,
			"tos":	0
		}
	},
	"intervals":	[{
			"streams":	[{
					"socket":	5,
					"start":	0,
					"end":	60.000061,
					"seconds":	60.00006103515625,
					"bytes":	7062552576,
					"bits_per_second":	941672718.88097441,
					"retransmits":	0,
					"snd_cwnd":	364896,
					"rtt":	2163,
					"rttvar":	112,
					"pmtu":	9000,
					"omitted":	false,
					"sender":	true
				}],
			"sum":	{
				"start":	0,
				"end":	60.000061,
				"seconds":	60.00006103515625,
				"bytes":	7062552576,
				"bits_per_second":	941672718.88097441,
				"retransmits":	0,
				"omitted":	false,
				"sender":	true
			}
		}, {
			"streams":	[{
					"socket":	5,
					"start":	60.000061,
					"end":	70.000069,
					"seconds":	10.000007629394531,
					"bytes":	1176764416,
					"bits_per_second":	941410814.560548,
					"retransmits":	0,
					"snd_cwnd":	364896,
					"rtt":	1914,
					"rttvar":	181,
					"pmtu":	9000,
					"omitted":	false,
					"sender":	true
				}],
			"sum":	{
				"start":	60.000061,
				"end":	70.000069,
				"seconds":	10.000007629394531,
				"bytes":	1176764416,
				"bits_per_second":	941410814.560548,
				"retransmits":	0,
				"omitted":	false,
				"sender":	true
			}
		}],
	"end":	{
		"streams":	[{
				"sender":	{
					"socket":	5,
					"start":	0,
					"end":	70.000069,
					"seconds":	70.000069,
					"bytes":	8239316992,
					"bits_per_second":	941635299.47377634,
					"retransmits":	0,
					"max_snd_cwnd":	364896,
					"max_rtt":	2163,
					"min_rtt":	1914,
					"mean_rtt":	2038,
					"sender":	true
				},
				"receiver":	{
					"socket":	5,
					"start":	0,
					"end":	70.0405960083008,
					"seconds":	70.000069,
					"bytes":	8238095568,
					"bits_per_second":	940950938.45559752,
					"sender":	true
				}
			}],
		"sum_sent":	{
			"start":	0,
			"end":	70.000069,
			"seconds":	70.000069,
			"bytes":	8239316992,
			"bits_per_second":	941635299.47377634,
			"retransmits":	0,
			"sender":	true
		},
		"sum_received":	{
			"start":	0,
			"end":	70.0405960083008,
			"seconds":	70.0405960083008,
			"bytes":	8238095568,
			"bits_per_second":	940950938.45559752,
			"sender":	true
		},
		"cpu_utilization_percent":	{
			"host_total":	4.4247627879400753,
			"host_user":	0.17953886211836595,
			"host_system":	4.24522392582171,
			"remote_total":	23.113589235487559,
			"remote_user":	2.2869563390752625,
			"remote_system":	20.82663147031964
		},
		"sender_tcp_congestion":	"cubic",
		"receiver_tcp_congestion":	"cubic"
	}
}
