{
	"start":	{
		"connected":	[{
				"socket":	5,
				"local_host":	"10.10.10.2",
				"local_port":	43916,
				"remote_host":	"10.10.10.4",
				"remote_port":	5201
			}],
		"version":	"iperf 3.9",
		"system_info":	"Linux zelda 5.10.0-18-amd64 #1 SMP Debian 5.10.140-1 (2022-09-02) x86_64",
		"timestamp":	{
			"time":	"Wed, 31 Jan 2024 09:54:26 GMT",
			"timesecs":	1706694866
		},
		"connecting_to":	{
			"host":	"10.10.10.4",
			"port":	5201
		},
		"cookie":	"i4hkbpiewutaqx5d3due7hrdxgbz26pnxkao",
		"tcp_mss_default":	1448,
		"target_bitrate":	7000000000,
		"sock_bufsize":	0,
		"sndbuf_actual":	1000000,
		"rcvbuf_actual":	1000000,
		"test_start":	{
			"protocol":	"TCP",
			"num_streams":	1,
			"blksize":	131072,
			"omit":	0,
			"duration":	80,
			"bytes":	0,
			"blocks":	0,
			"reverse":	0,
			"tos":	0
		}
	},
	"intervals":	[{
			"streams":	[{
					"socket":	5,
					"start":	0,
					"end":	60.000204,
					"seconds":	60.000202178955078,
					"bytes":	7063076864,
					"bits_per_second":	941740408.531804,
					"retransmits":	0,
					"snd_cwnd":	501008,
					"rtt":	2713,
					"rttvar":	148,
					"pmtu":	9000,
					"omitted":	false,
					"sender":	true
				}],
			"sum":	{
				"start":	0,
				"end":	60.000204,
				"seconds":	60.000202178955078,
				"bytes":	7063076864,
				"bits_per_second":	941740408.531804,
				"retransmits":	0,
				"omitted":	false,
				"sender":	true
			}
		}, {
			"streams":	[{
					"socket":	5,
					"start":	60.000204,
					"end":	80.000076,
					"seconds":	19.9998722076416,
					"bytes":	2353659904,
					"bits_per_second":	941469977.23343766,
					"retransmits":	0,
					"snd_cwnd":	501008,
					"rtt":	2214,
					"rttvar":	93,
					"pmtu":	9000,
					"omitted":	false,
					"sender":	true
				}],
			"sum":	{
				"start":	60.000204,
				"end":	80.000076,
				"seconds":	19.9998722076416,
				"bytes":	2353659904,
				"bits_per_second":	941469977.23343766,
				"retransmits":	0,
				"omitted":	false,
				"sender":	true
			}
		}],
	"end":	{
		"streams":	[{
				"sender":	{
					"socket":	5,
					"start":	0,
					"end":	80.000076,
					"seconds":	80.000076,
					"bytes":	9416736768,
					"bits_per_second":	941672782.2108568,
					"retransmits":	0,
					"max_snd_cwnd":	501008,
					"max_rtt":	2713,
					"min_rtt":	2214,
					"mean_rtt":	2463,
					"sender":	true
				},
				"receiver":	{
					"socket":	5,
					"start":	0,
					"end":	80.0436110496521,
					"seconds":	80.000076,
					"bytes":	9414948880,
					"bits_per_second":	940981922.88299274,
					"sender":	true
				}
			}],
		"sum_sent":	{
			"start":	0,
			"end":	80.000076,
			"seconds":	80.000076,
			"bytes":	9416736768,
			"bits_per_second":	941672782.2108568,
			"retransmits":	0,
			"sender":	true
		},
		"sum_received":	{
			"start":	0,
			"end":	80.0436110496521,
			"seconds":	80.0436110496521,
			"bytes":	9414948880,
			"bits_per_second":	940981922.88299274,
			"sender":	true
		},
		"cpu_utilization_percent":	{
			"host_total":	19.239359855221956,
			"host_user":	0.74725288062740181,
			"host_system":	18.492106974594552,
			"remote_total":	25.989865144308546,
			"remote_user":	2.3394071663726779,
			"remote_system":	23.650456729779407
		},
		"sender_tcp_congestion":	"cubic",
		"receiver_tcp_congestion":	"cubic"
	}
}
