{
	"start":	{
		"connected":	[{
				"socket":	5,
				"local_host":	"10.10.10.2",
				"local_port":	46848,
				"remote_host":	"10.10.10.4",
				"remote_port":	5201
			}],
		"version":	"iperf 3.9",
		"system_info":	"Linux zelda 5.10.0-18-amd64 #1 SMP Debian 5.10.140-1 (2022-09-02) x86_64",
		"timestamp":	{
			"time":	"Wed, 31 Jan 2024 06:09:56 GMT",
			"timesecs":	1706681396
		},
		"connecting_to":	{
			"host":	"10.10.10.4",
			"port":	5201
		},
		"cookie":	"a7y2gtpwya2chrwueyrkkkytyhs64ac5ygzt",
		"tcp_mss_default":	1448,
		"target_bitrate":	5000000000,
		"sock_bufsize":	0,
		"sndbuf_actual":	1000000,
		"rcvbuf_actual":	1000000,
		"test_start":	{
			"protocol":	"TCP",
			"num_streams":	1,
			"blksize":	131072,
			"omit":	0,
			"duration":	30,
			"bytes":	0,
			"blocks":	0,
			"reverse":	0,
			"tos":	0
		}
	},
	"intervals":	[{
			"streams":	[{
					"socket":	5,
					"start":	0,
					"end":	30.000081,
					"seconds":	30.000080108642578,
					"bytes":	3532521472,
					"bits_per_second":	942003210.446717,
					"retransmits":	0,
					"snd_cwnd":	489424,
					"rtt":	2214,
					"rttvar":	151,
					"pmtu":	9000,
					"omitted":	false,
					"sender":	true
				}],
			"sum":	{
				"start":	0,
				"end":	30.000081,
				"seconds":	30.000080108642578,
				"bytes":	3532521472,
				"bits_per_second":	942003210.446717,
				"retransmits":	0,
				"omitted":	false,
				"sender":	true
			}
		}],
	"end":	{
		"streams":	[{
				"sender":	{
					"socket":	5,
					"start":	0,
					"end":	30.000081,
					"seconds":	30.000081,
					"bytes":	3532521472,
					"bits_per_second":	942003182.458074,
					"retransmits":	0,
					"max_snd_cwnd":	489424,
					"max_rtt":	2214,
					"min_rtt":	2214,
					"mean_rtt":	2214,
					"sender":	true
				},
				"receiver":	{
					"socket":	5,
					"start":	0,
					"end":	30.040708065032959,
					"seconds":	30.000081,
					"bytes":	3530737344,
					"bits_per_second":	940254094.239473,
					"sender":	true
				}
			}],
		"sum_sent":	{
			"start":	0,
			"end":	30.000081,
			"seconds":	30.000081,
			"bytes":	3532521472,
			"bits_per_second":	942003182.458074,
			"retransmits":	0,
			"sender":	true
		},
		"sum_received":	{
			"start":	0,
			"end":	30.040708065032959,
			"seconds":	30.040708065032959,
			"bytes":	3530737344,
			"bits_per_second":	940254094.239473,
			"sender":	true
		},
		"cpu_utilization_percent":	{
			"host_total":	18.845053648513073,
			"host_user":	0.815426285175289,
			"host_system":	18.029627363337784,
			"remote_total":	23.4029448644334,
			"remote_user":	1.6035338506012464,
			"remote_system":	21.799407693542587
		},
		"sender_tcp_congestion":	"cubic",
		"receiver_tcp_congestion":	"cubic"
	}
}
