{
	"start":	{
		"connected":	[{
				"socket":	5,
				"local_host":	"10.10.10.2",
				"local_port":	52984,
				"remote_host":	"10.10.10.4",
				"remote_port":	5201
			}],
		"version":	"iperf 3.9",
		"system_info":	"Linux zelda 5.10.0-18-amd64 #1 SMP Debian 5.10.140-1 (2022-09-02) x86_64",
		"timestamp":	{
			"time":	"Tue, 30 Jan 2024 10:30:16 GMT",
			"timesecs":	1706610616
		},
		"connecting_to":	{
			"host":	"10.10.10.4",
			"port":	5201
		},
		"cookie":	"5u7i7jikuoeuw3owfkdhnsxxx75me23emtxw",
		"tcp_mss_default":	1448,
		"target_bitrate":	2000000000,
		"sock_bufsize":	0,
		"sndbuf_actual":	1000000,
		"rcvbuf_actual":	1000000,
		"test_start":	{
			"protocol":	"TCP",
			"num_streams":	1,
			"blksize":	131072,
			"omit":	0,
			"duration":	70,
			"bytes":	0,
			"blocks":	0,
			"reverse":	0,
			"tos":	0
		}
	},
	"intervals":	[{
			"streams":	[{
					"socket":	5,
					"start":	0,
					"end":	60.00017,
					"seconds":	60.000171661376953,
					"bytes":	7063601152,
					"bits_per_second":	941810792.39104247,
					"retransmits":	0,
					"snd_cwnd":	629880,
					"rtt":	2701,
					"rttvar":	108,
					"pmtu":	9000,
					"omitted":	false,
					"sender":	true
				}],
			"sum":	{
				"start":	0,
				"end":	60.00017,
				"seconds":	60.000171661376953,
				"bytes":	7063601152,
				"bits_per_second":	941810792.39104247,
				"retransmits":	0,
				"omitted":	false,
				"sender":	true
			}
		}, {
			"streams":	[{
					"socket":	5,
					"start":	60.00017,
					"end":	70.000074,
					"seconds":	9.999903678894043,
					"bytes":	1176764416,
					"bits_per_second":	941420600.66734266,
					"retransmits":	0,
					"snd_cwnd":	629880,
					"rtt":	2737,
					"rttvar":	142,
					"pmtu":	9000,
					"omitted":	false,
					"sender":	true
				}],
			"sum":	{
				"start":	60.00017,
				"end":	70.000074,
				"seconds":	9.999903678894043,
				"bytes":	1176764416,
				"bits_per_second":	941420600.66734266,
				"retransmits":	0,
				"omitted":	false,
				"sender":	true
			}
		}],
	"end":	{
		"streams":	[{
				"sender":	{
					"socket":	5,
					"start":	0,
					"end":	70.000074,
					"seconds":	70.000074,
					"bytes":	8240365568,
					"bits_per_second":	941755069.344641,
					"retransmits":	0,
					"max_snd_cwnd":	629880,
					"max_rtt":	2737,
					"min_rtt":	2701,
					"mean_rtt":	2719,
					"sender":	true
				},
				"receiver":	{
					"socket":	5,
					"start":	0,
					"end":	70.041126012802124,
					"seconds":	70.000074,
					"bytes":	8238150464,
					"bits_per_second":	940950088.380273,
					"sender":	true
				}
			}],
		"sum_sent":	{
			"start":	0,
			"end":	70.000074,
			"seconds":	70.000074,
			"bytes":	8240365568,
			"bits_per_second":	941755069.344641,
			"retransmits":	0,
			"sender":	true
		},
		"sum_received":	{
			"start":	0,
			"end":	70.041126012802124,
			"seconds":	70.041126012802124,
			"bytes":	8238150464,
			"bits_per_second":	940950088.380273,
			"sender":	true
		},
		"cpu_utilization_percent":	{
			"host_total":	16.74183464467902,
			"host_user":	0.66567187204950073,
			"host_system":	16.07616277262952,
			"remote_total":	24.768382429020612,
			"remote_user":	2.3364721297986257,
			"remote_system":	22.4319088730603
		},
		"sender_tcp_congestion":	"cubic",
		"receiver_tcp_congestion":	"cubic"
	}
}
