{
	"start":	{
		"connected":	[{
				"socket":	5,
				"local_host":	"10.10.10.2",
				"local_port":	45456,
				"remote_host":	"10.10.10.4",
				"remote_port":	5201
			}],
		"version":	"iperf 3.9",
		"system_info":	"Linux zelda 5.10.0-18-amd64 #1 SMP Debian 5.10.140-1 (2022-09-02) x86_64",
		"timestamp":	{
			"time":	"Tue, 30 Jan 2024 17:05:35 GMT",
			"timesecs":	1706634335
		},
		"connecting_to":	{
			"host":	"10.10.10.4",
			"port":	5201
		},
		"cookie":	"ljeidh7s53ap7xjxlicyfn5p23wo4psk7piq",
		"tcp_mss_default":	1448,
		"target_bitrate":	6000000000,
		"sock_bufsize":	0,
		"sndbuf_actual":	1000000,
		"rcvbuf_actual":	1000000,
		"test_start":	{
			"protocol":	"TCP",
			"num_streams":	1,
			"blksize":	131072,
			"omit":	0,
			"duration":	90,
			"bytes":	0,
			"blocks":	0,
			"reverse":	0,
			"tos":	0
		}
	},
	"intervals":	[{
			"streams":	[{
					"socket":	5,
					"start":	0,
					"end":	60.000244,
					"seconds":	60.000244140625,
					"bytes":	7062945792,
					"bits_per_second":	941722273.72225857,
					"retransmits":	0,
					"snd_cwnd":	460464,
					"rtt":	2138,
					"rttvar":	127,
					"pmtu":	9000,
					"omitted":	false,
					"sender":	true
				}],
			"sum":	{
				"start":	0,
				"end":	60.000244,
				"seconds":	60.000244140625,
				"bytes":	7062945792,
				"bits_per_second":	941722273.72225857,
				"retransmits":	0,
				"omitted":	false,
				"sender":	true
			}
		}, {
			"streams":	[{
					"socket":	5,
					"start":	60.000244,
					"end":	90.000071,
					"seconds":	29.999826431274414,
					"bytes":	3530424320,
					"bits_per_second":	941451932.22040248,
					"retransmits":	0,
					"snd_cwnd":	460464,
					"rtt":	2192,
					"rttvar":	94,
					"pmtu":	9000,
					"omitted":	false,
					"sender":	true
				}],
			"sum":	{
				"start":	60.000244,
				"end":	90.000071,
				"seconds":	29.999826431274414,
				"bytes":	3530424320,
				"bits_per_second":	941451932.22040248,
				"retransmits":	0,
				"omitted":	false,
				"sender":	true
			}
		}],
	"end":	{
		"streams":	[{
				"sender":	{
					"socket":	5,
					"start":	0,
					"end":	90.000071,
					"seconds":	90.000071,
					"bytes":	10593370112,
					"bits_per_second":	941632156.001299,
					"retransmits":	0,
					"max_snd_cwnd":	460464,
					"max_rtt":	2192,
					"min_rtt":	2138,
					"mean_rtt":	2165,
					"sender":	true
				},
				"receiver":	{
					"socket":	5,
					"start":	0,
					"end":	90.043843030929565,
					"seconds":	90.000071,
					"bytes":	10591805088,
					"bits_per_second":	941035365.126455,
					"sender":	true
				}
			}],
		"sum_sent":	{
			"start":	0,
			"end":	90.000071,
			"seconds":	90.000071,
			"bytes":	10593370112,
			"bits_per_second":	941632156.001299,
			"retransmits":	0,
			"sender":	true
		},
		"sum_received":	{
			"start":	0,
			"end":	90.043843030929565,
			"seconds":	90.043843030929565,
			"bytes":	10591805088,
			"bits_per_second":	941035365.126455,
			"sender":	true
		},
		"cpu_utilization_percent":	{
			"host_total":	16.247663774296388,
			"host_user":	0.715819988511065,
			"host_system":	15.531842675721855,
			"remote_total":	24.012170692078953,
			"remote_user":	2.5423338852846848,
			"remote_system":	21.469837916400348
		},
		"sender_tcp_congestion":	"cubic",
		"receiver_tcp_congestion":	"cubic"
	}
}
