{
	"start":	{
		"connected":	[{
				"socket":	5,
				"local_host":	"10.10.10.2",
				"local_port":	50618,
				"remote_host":	"10.10.10.4",
				"remote_port":	5201
			}],
		"version":	"iperf 3.9",
		"system_info":	"Linux zelda 5.10.0-18-amd64 #1 SMP Debian 5.10.140-1 (2022-09-02) x86_64",
		"timestamp":	{
			"time":	"Tue, 30 Jan 2024 14:58:58 GMT",
			"timesecs":	1706626738
		},
		"connecting_to":	{
			"host":	"10.10.10.4",
			"port":	5201
		},
		"cookie":	"pttagifk5hfnnewgr5yuo6tmzyqzkb4s72jj",
		"tcp_mss_default":	1448,
		"target_bitrate":	5000000000,
		"sock_bufsize":	0,
		"sndbuf_actual":	1000000,
		"rcvbuf_actual":	1000000,
		"test_start":	{
			"protocol":	"TCP",
			"num_streams":	1,
			"blksize":	131072,
			"omit":	0,
			"duration":	60,
			"bytes":	0,
			"blocks":	0,
			"reverse":	0,
			"tos":	0
		}
	},
	"intervals":	[{
			"streams":	[{
					"socket":	5,
					"start":	0,
					"end":	60.000083,
					"seconds":	60.000083923339844,
					"bytes":	7063601152,
					"bits_per_second":	941812169.59962034,
					"retransmits":	0,
					"snd_cwnd":	631328,
					"rtt":	2728,
					"rttvar":	120,
					"pmtu":	9000,
					"omitted":	false,
					"sender":	true
				}],
			"sum":	{
				"start":	0,
				"end":	60.000083,
				"seconds":	60.000083923339844,
				"bytes":	7063601152,
				"bits_per_second":	941812169.59962034,
				"retransmits":	0,
				"omitted":	false,
				"sender":	true
			}
		}],
	"end":	{
		"streams":	[{
				"sender":	{
					"socket":	5,
					"start":	0,
					"end":	60.000083,
					"seconds":	60.000083,
					"bytes":	7063601152,
					"bits_per_second":	941812184.09314537,
					"retransmits":	0,
					"max_snd_cwnd":	631328,
					"max_rtt":	2728,
					"min_rtt":	2728,
					"mean_rtt":	2728,
					"sender":	true
				},
				"receiver":	{
					"socket":	5,
					"start":	0,
					"end":	60.043963193893433,
					"seconds":	60.000083,
					"bytes":	7061305968,
					"bits_per_second":	940818106.25293922,
					"sender":	true
				}
			}],
		"sum_sent":	{
			"start":	0,
			"end":	60.000083,
			"seconds":	60.000083,
			"bytes":	7063601152,
			"bits_per_second":	941812184.09314537,
			"retransmits":	0,
			"sender":	true
		},
		"sum_received":	{
			"start":	0,
			"end":	60.043963193893433,
			"seconds":	60.043963193893433,
			"bytes":	7061305968,
			"bits_per_second":	940818106.25293922,
			"sender":	true
		},
		"cpu_utilization_percent":	{
			"host_total":	16.381167469405973,
			"host_user":	0.63862388821636373,
			"host_system":	15.742545245421146,
			"remote_total":	22.356985461338031,
			"remote_user":	2.24829337074418,
			"remote_system":	20.108692090593852
		},
		"sender_tcp_congestion":	"cubic",
		"receiver_tcp_congestion":	"cubic"
	}
}
