{
	"start":	{
		"connected":	[{
				"socket":	5,
				"local_host":	"10.10.10.2",
				"local_port":	52054,
				"remote_host":	"10.10.10.4",
				"remote_port":	5201
			}],
		"version":	"iperf 3.9",
		"system_info":	"Linux zelda 5.10.0-18-amd64 #1 SMP Debian 5.10.140-1 (2022-09-02) x86_64",
		"timestamp":	{
			"time":	"Sun, 28 Jan 2024 13:46:04 GMT",
			"timesecs":	1706449564
		},
		"connecting_to":	{
			"host":	"10.10.10.4",
			"port":	5201
		},
		"cookie":	"nrus3w5dptfemtwnfdh4swleua46x3bdm2zs",
		"tcp_mss_default":	1448,
		"target_bitrate":	2000000000,
		"sock_bufsize":	0,
		"sndbuf_actual":	1000000,
		"rcvbuf_actual":	1000000,
		"test_start":	{
			"protocol":	"TCP",
			"num_streams":	1,
			"blksize":	131072,
			"omit":	0,
			"duration":	40,
			"bytes":	0,
			"blocks":	0,
			"reverse":	0,
			"tos":	0
		}
	},
	"intervals":	[{
			"streams":	[{
					"socket":	5,
					"start":	0,
					"end":	40.000032,
					"seconds":	40.000030517578125,
					"bytes":	4708892672,
					"bits_per_second":	941777815.88054824,
					"retransmits":	0,
					"snd_cwnd":	364896,
					"rtt":	1828,
					"rttvar":	151,
					"pmtu":	9000,
					"omitted":	false,
					"sender":	true
				}],
			"sum":	{
				"start":	0,
				"end":	40.000032,
				"seconds":	40.000030517578125,
				"bytes":	4708892672,
				"bits_per_second":	941777815.88054824,
				"retransmits":	0,
				"omitted":	false,
				"sender":	true
			}
		}],
	"end":	{
		"streams":	[{
				"sender":	{
					"socket":	5,
					"start":	0,
					"end":	40.000032,
					"seconds":	40.000032,
					"bytes":	4708892672,
					"bits_per_second":	941777780.97777534,
					"retransmits":	0,
					"max_snd_cwnd":	364896,
					"max_rtt":	1828,
					"min_rtt":	1828,
					"mean_rtt":	1828,
					"sender":	true
				},
				"receiver":	{
					"socket":	5,
					"start":	0,
					"end":	40.043899059295654,
					"seconds":	40.000032,
					"bytes":	4707602240,
					"bits_per_second":	940488284.22609723,
					"sender":	true
				}
			}],
		"sum_sent":	{
			"start":	0,
			"end":	40.000032,
			"seconds":	40.000032,
			"bytes":	4708892672,
			"bits_per_second":	941777780.97777534,
			"retransmits":	0,
			"sender":	true
		},
		"sum_received":	{
			"start":	0,
			"end":	40.043899059295654,
			"seconds":	40.043899059295654,
			"bytes":	4707602240,
			"bits_per_second":	940488284.22609723,
			"sender":	true
		},
		"cpu_utilization_percent":	{
			"host_total":	3.7539009426626349,
			"host_user":	0.18023905574373283,
			"host_system":	3.5736618869189023,
			"remote_total":	26.434753133267787,
			"remote_user":	2.6285403090834545,
			"remote_system":	23.806212824184328
		},
		"sender_tcp_congestion":	"cubic",
		"receiver_tcp_congestion":	"cubic"
	}
}
