{
	"start":	{
		"connected":	[{
				"socket":	5,
				"local_host":	"10.10.10.2",
				"local_port":	46158,
				"remote_host":	"10.10.10.4",
				"remote_port":	5201
			}],
		"version":	"iperf 3.9",
		"system_info":	"Linux zelda 5.10.0-18-amd64 #1 SMP Debian 5.10.140-1 (2022-09-02) x86_64",
		"timestamp":	{
			"time":	"Sun, 28 Jan 2024 23:35:39 GMT",
			"timesecs":	1706484939
		},
		"connecting_to":	{
			"host":	"10.10.10.4",
			"port":	5201
		},
		"cookie":	"v4cifuplyxhx4qlregy3jzmlaqitvap52vn7",
		"tcp_mss_default":	1448,
		"target_bitrate":	8000000000,
		"sock_bufsize":	0,
		"sndbuf_actual":	1000000,
		"rcvbuf_actual":	1000000,
		"test_start":	{
			"protocol":	"TCP",
			"num_streams":	1,
			"blksize":	131072,
			"omit":	0,
			"duration":	80,
			"bytes":	0,
			"blocks":	0,
			"reverse":	0,
			"tos":	0
		}
	},
	"intervals":	[{
			"streams":	[{
					"socket":	5,
					"start":	0,
					"end":	60.000059,
					"seconds":	60.000057220458984,
					"bytes":	7063339008,
					"bits_per_second":	941777636.25085652,
					"retransmits":	0,
					"snd_cwnd":	564720,
					"rtt":	2463,
					"rttvar":	204,
					"pmtu":	9000,
					"omitted":	false,
					"sender":	true
				}],
			"sum":	{
				"start":	0,
				"end":	60.000059,
				"seconds":	60.000057220458984,
				"bytes":	7063339008,
				"bits_per_second":	941777636.25085652,
				"retransmits":	0,
				"omitted":	false,
				"sender":	true
			}
		}, {
			"streams":	[{
					"socket":	5,
					"start":	60.000059,
					"end":	80.000066,
					"seconds":	20.000007629394531,
					"bytes":	2353659904,
					"bits_per_second":	941463602.460137,
					"retransmits":	0,
					"snd_cwnd":	564720,
					"rtt":	2747,
					"rttvar":	158,
					"pmtu":	9000,
					"omitted":	false,
					"sender":	true
				}],
			"sum":	{
				"start":	60.000059,
				"end":	80.000066,
				"seconds":	20.000007629394531,
				"bytes":	2353659904,
				"bits_per_second":	941463602.460137,
				"retransmits":	0,
				"omitted":	false,
				"sender":	true
			}
		}],
	"end":	{
		"streams":	[{
				"sender":	{
					"socket":	5,
					"start":	0,
					"end":	80.000066,
					"seconds":	80.000066,
					"bytes":	9416998912,
					"bits_per_second":	941699114.29823065,
					"retransmits":	0,
					"max_snd_cwnd":	564720,
					"max_rtt":	2747,
					"min_rtt":	2463,
					"mean_rtt":	2605,
					"sender":	true
				},
				"receiver":	{
					"socket":	5,
					"start":	0,
					"end":	80.04450511932373,
					"seconds":	80.000066,
					"bytes":	9414950328,
					"bits_per_second":	940971557.157106,
					"sender":	true
				}
			}],
		"sum_sent":	{
			"start":	0,
			"end":	80.000066,
			"seconds":	80.000066,
			"bytes":	9416998912,
			"bits_per_second":	941699114.29823065,
			"retransmits":	0,
			"sender":	true
		},
		"sum_received":	{
			"start":	0,
			"end":	80.04450511932373,
			"seconds":	80.04450511932373,
			"bytes":	9414950328,
			"bits_per_second":	940971557.157106,
			"sender":	true
		},
		"cpu_utilization_percent":	{
			"host_total":	4.0918835511402438,
			"host_user":	0.133505211928848,
			"host_system":	3.9583795878572241,
			"remote_total":	25.699658594028019,
			"remote_user":	2.6848731547155356,
			"remote_system":	23.014785439312487
		},
		"sender_tcp_congestion":	"cubic",
		"receiver_tcp_congestion":	"cubic"
	}
}
