{
	"start":	{
		"connected":	[{
				"socket":	5,
				"local_host":	"10.10.10.2",
				"local_port":	55568,
				"remote_host":	"10.10.10.4",
				"remote_port":	5201
			}],
		"version":	"iperf 3.9",
		"system_info":	"Linux zelda 5.10.0-18-amd64 #1 SMP Debian 5.10.140-1 (2022-09-02) x86_64",
		"timestamp":	{
			"time":	"Mon, 29 Jan 2024 12:40:38 GMT",
			"timesecs":	1706532038
		},
		"connecting_to":	{
			"host":	"10.10.10.4",
			"port":	5201
		},
		"cookie":	"vmpegdnroigoiwaigz3j3apxtm2ko2krh5cx",
		"tcp_mss_default":	1448,
		"target_bitrate":	2000000000,
		"sock_bufsize":	0,
		"sndbuf_actual":	1000000,
		"rcvbuf_actual":	1000000,
		"test_start":	{
			"protocol":	"TCP",
			"num_streams":	1,
			"blksize":	131072,
			"omit":	0,
			"duration":	40,
			"bytes":	0,
			"blocks":	0,
			"reverse":	0,
			"tos":	0
		}
	},
	"intervals":	[{
			"streams":	[{
					"socket":	5,
					"start":	0,
					"end":	40.000073,
					"seconds":	40.000072479248047,
					"bytes":	4709416960,
					"bits_per_second":	941881685.32809246,
					"retransmits":	0,
					"snd_cwnd":	503904,
					"rtt":	2804,
					"rttvar":	166,
					"pmtu":	9000,
					"omitted":	false,
					"sender":	true
				}],
			"sum":	{
				"start":	0,
				"end":	40.000073,
				"seconds":	40.000072479248047,
				"bytes":	4709416960,
				"bits_per_second":	941881685.32809246,
				"retransmits":	0,
				"omitted":	false,
				"sender":	true
			}
		}],
	"end":	{
		"streams":	[{
				"sender":	{
					"socket":	5,
					"start":	0,
					"end":	40.000073,
					"seconds":	40.000073,
					"bytes":	4709416960,
					"bits_per_second":	941881673.0659467,
					"retransmits":	0,
					"max_snd_cwnd":	503904,
					"max_rtt":	2804,
					"min_rtt":	2804,
					"mean_rtt":	2804,
					"sender":	true
				},
				"receiver":	{
					"socket":	5,
					"start":	0,
					"end":	40.041157960891724,
					"seconds":	40.000073,
					"bytes":	4707596448,
					"bits_per_second":	940551510.04332459,
					"sender":	true
				}
			}],
		"sum_sent":	{
			"start":	0,
			"end":	40.000073,
			"seconds":	40.000073,
			"bytes":	4709416960,
			"bits_per_second":	941881673.0659467,
			"retransmits":	0,
			"sender":	true
		},
		"sum_received":	{
			"start":	0,
			"end":	40.041157960891724,
			"seconds":	40.041157960891724,
			"bytes":	4707596448,
			"bits_per_second":	940551510.04332459,
			"sender":	true
		},
		"cpu_utilization_percent":	{
			"host_total":	9.13754283762324,
			"host_user":	0.38273815303518555,
			"host_system":	8.7548071794264839,
			"remote_total":	26.07234145186818,
			"remote_user":	2.503869094682694,
			"remote_system":	23.568469864533327
		},
		"sender_tcp_congestion":	"cubic",
		"receiver_tcp_congestion":	"cubic"
	}
}
