{
	"start":	{
		"connected":	[{
				"socket":	5,
				"local_host":	"10.10.10.2",
				"local_port":	38544,
				"remote_host":	"10.10.10.4",
				"remote_port":	5201
			}],
		"version":	"iperf 3.9",
		"system_info":	"Linux zelda 5.10.0-18-amd64 #1 SMP Debian 5.10.140-1 (2022-09-02) x86_64",
		"timestamp":	{
			"time":	"Mon, 29 Jan 2024 02:01:33 GMT",
			"timesecs":	1706493693
		},
		"connecting_to":	{
			"host":	"10.10.10.4",
			"port":	5201
		},
		"cookie":	"er3nvn6tl7acpt2hdu4eijlztntk47oor6kl",
		"tcp_mss_default":	1448,
		"target_bitrate":	10000000000,
		"sock_bufsize":	0,
		"sndbuf_actual":	1000000,
		"rcvbuf_actual":	1000000,
		"test_start":	{
			"protocol":	"TCP",
			"num_streams":	1,
			"blksize":	131072,
			"omit":	0,
			"duration":	40,
			"bytes":	0,
			"blocks":	0,
			"reverse":	0,
			"tos":	0
		}
	},
	"intervals":	[{
			"streams":	[{
					"socket":	5,
					"start":	0,
					"end":	40.000068,
					"seconds":	40.000068664550781,
					"bytes":	4709679104,
					"bits_per_second":	941934203.86277568,
					"retransmits":	0,
					"snd_cwnd":	569064,
					"rtt":	2226,
					"rttvar":	86,
					"pmtu":	9000,
					"omitted":	false,
					"sender":	true
				}],
			"sum":	{
				"start":	0,
				"end":	40.000068,
				"seconds":	40.000068664550781,
				"bytes":	4709679104,
				"bits_per_second":	941934203.86277568,
				"retransmits":	0,
				"omitted":	false,
				"sender":	true
			}
		}],
	"end":	{
		"streams":	[{
				"sender":	{
					"socket":	5,
					"start":	0,
					"end":	40.000068,
					"seconds":	40.000068,
					"bytes":	4709679104,
					"bits_per_second":	941934219.511827,
					"retransmits":	0,
					"max_snd_cwnd":	569064,
					"max_rtt":	2226,
					"min_rtt":	2226,
					"mean_rtt":	2226,
					"sender":	true
				},
				"receiver":	{
					"socket":	5,
					"start":	0,
					"end":	40.044764041900635,
					"seconds":	40.000068,
					"bytes":	4707680096,
					"bits_per_second":	940483523.10412276,
					"sender":	true
				}
			}],
		"sum_sent":	{
			"start":	0,
			"end":	40.000068,
			"seconds":	40.000068,
			"bytes":	4709679104,
			"bits_per_second":	941934219.511827,
			"retransmits":	0,
			"sender":	true
		},
		"sum_received":	{
			"start":	0,
			"end":	40.044764041900635,
			"seconds":	40.044764041900635,
			"bytes":	4707680096,
			"bits_per_second":	940483523.10412276,
			"sender":	true
		},
		"cpu_utilization_percent":	{
			"host_total":	3.8334912458646349,
			"host_user":	0.14899302414875482,
			"host_system":	3.68449822171588,
			"remote_total":	25.139058923458524,
			"remote_user":	2.53733809607363,
			"remote_system":	22.6017183350215
		},
		"sender_tcp_congestion":	"cubic",
		"receiver_tcp_congestion":	"cubic"
	}
}
