{
	"start":	{
		"connected":	[{
				"socket":	5,
				"local_host":	"10.10.10.2",
				"local_port":	40616,
				"remote_host":	"10.10.10.4",
				"remote_port":	5201
			}],
		"version":	"iperf 3.9",
		"system_info":	"Linux zelda 5.10.0-18-amd64 #1 SMP Debian 5.10.140-1 (2022-09-02) x86_64",
		"timestamp":	{
			"time":	"Tue, 30 Jan 2024 20:17:08 GMT",
			"timesecs":	1706645828
		},
		"connecting_to":	{
			"host":	"10.10.10.4",
			"port":	5201
		},
		"cookie":	"ghvyxx7ejghmixicoviupmdyrhdepps3dlbg",
		"tcp_mss_default":	1448,
		"target_bitrate":	8000000000,
		"sock_bufsize":	0,
		"sndbuf_actual":	1000000,
		"rcvbuf_actual":	1000000,
		"test_start":	{
			"protocol":	"TCP",
			"num_streams":	1,
			"blksize":	131072,
			"omit":	0,
			"duration":	90,
			"bytes":	0,
			"blocks":	0,
			"reverse":	0,
			"tos":	0
		}
	},
	"intervals":	[{
			"streams":	[{
					"socket":	5,
					"start":	0,
					"end":	60.000085,
					"seconds":	60.000083923339844,
					"bytes":	7062683648,
					"bits_per_second":	941689835.90406454,
					"retransmits":	0,
					"snd_cwnd":	415576,
					"rtt":	2207,
					"rttvar":	92,
					"pmtu":	9000,
					"omitted":	false,
					"sender":	true
				}],
			"sum":	{
				"start":	0,
				"end":	60.000085,
				"seconds":	60.000083923339844,
				"bytes":	7062683648,
				"bits_per_second":	941689835.90406454,
				"retransmits":	0,
				"omitted":	false,
				"sender":	true
			}
		}, {
			"streams":	[{
					"socket":	5,
					"start":	60.000085,
					"end":	90.000071,
					"seconds":	29.99998664855957,
					"bytes":	3530555392,
					"bits_per_second":	941481856.8712976,
					"retransmits":	0,
					"snd_cwnd":	415576,
					"rtt":	2232,
					"rttvar":	124,
					"pmtu":	9000,
					"omitted":	false,
					"sender":	true
				}],
			"sum":	{
				"start":	60.000085,
				"end":	90.000071,
				"seconds":	29.99998664855957,
				"bytes":	3530555392,
				"bits_per_second":	941481856.8712976,
				"retransmits":	0,
				"omitted":	false,
				"sender":	true
			}
		}],
	"end":	{
		"streams":	[{
				"sender":	{
					"socket":	5,
					"start":	0,
					"end":	90.000071,
					"seconds":	90.000071,
					"bytes":	10593239040,
					"bits_per_second":	941620505.166046,
					"retransmits":	0,
					"max_snd_cwnd":	415576,
					"max_rtt":	2232,
					"min_rtt":	2207,
					"mean_rtt":	2219,
					"sender":	true
				},
				"receiver":	{
					"socket":	5,
					"start":	0,
					"end":	90.0440239906311,
					"seconds":	90.000071,
					"bytes":	10591805088,
					"bits_per_second":	941033473.946216,
					"sender":	true
				}
			}],
		"sum_sent":	{
			"start":	0,
			"end":	90.000071,
			"seconds":	90.000071,
			"bytes":	10593239040,
			"bits_per_second":	941620505.166046,
			"retransmits":	0,
			"sender":	true
		},
		"sum_received":	{
			"start":	0,
			"end":	90.0440239906311,
			"seconds":	90.0440239906311,
			"bytes":	10591805088,
			"bits_per_second":	941033473.946216,
			"sender":	true
		},
		"cpu_utilization_percent":	{
			"host_total":	16.069975639136189,
			"host_user":	0.66723046711461,
			"host_system":	15.402746282083497,
			"remote_total":	25.436569015525123,
			"remote_user":	2.3670134724588072,
			"remote_system":	23.069555543066315
		},
		"sender_tcp_congestion":	"cubic",
		"receiver_tcp_congestion":	"cubic"
	}
}
