{
	"start":	{
		"connected":	[{
				"socket":	5,
				"local_host":	"10.10.10.2",
				"local_port":	34694,
				"remote_host":	"10.10.10.4",
				"remote_port":	5201
			}],
		"version":	"iperf 3.9",
		"system_info":	"Linux zelda 5.10.0-18-amd64 #1 SMP Debian 5.10.140-1 (2022-09-02) x86_64",
		"timestamp":	{
			"time":	"Wed, 31 Jan 2024 12:25:01 GMT",
			"timesecs":	1706703901
		},
		"connecting_to":	{
			"host":	"10.10.10.4",
			"port":	5201
		},
		"cookie":	"c5uz4pk2ihcrnnilnwq3xb4cv5abrhdrkjbo",
		"tcp_mss_default":	1448,
		"target_bitrate":	9000000000,
		"sock_bufsize":	0,
		"sndbuf_actual":	1000000,
		"rcvbuf_actual":	1000000,
		"test_start":	{
			"protocol":	"TCP",
			"num_streams":	1,
			"blksize":	131072,
			"omit":	0,
			"duration":	40,
			"bytes":	0,
			"blocks":	0,
			"reverse":	0,
			"tos":	0
		}
	},
	"intervals":	[{
			"streams":	[{
					"socket":	5,
					"start":	0,
					"end":	40.000083,
					"seconds":	40.000083923339844,
					"bytes":	4710072320,
					"bits_per_second":	942012487.57914674,
					"retransmits":	0,
					"snd_cwnd":	715312,
					"rtt":	2781,
					"rttvar":	123,
					"pmtu":	9000,
					"omitted":	false,
					"sender":	true
				}],
			"sum":	{
				"start":	0,
				"end":	40.000083,
				"seconds":	40.000083923339844,
				"bytes":	4710072320,
				"bits_per_second":	942012487.57914674,
				"retransmits":	0,
				"omitted":	false,
				"sender":	true
			}
		}],
	"end":	{
		"streams":	[{
				"sender":	{
					"socket":	5,
					"start":	0,
					"end":	40.000083,
					"seconds":	40.000083,
					"bytes":	4710072320,
					"bits_per_second":	942012509.32404327,
					"retransmits":	0,
					"max_snd_cwnd":	715312,
					"max_rtt":	2781,
					"min_rtt":	2781,
					"mean_rtt":	2781,
					"sender":	true
				},
				"receiver":	{
					"socket":	5,
					"start":	0,
					"end":	40.044615983963013,
					"seconds":	40.000083,
					"bytes":	4707661608,
					"bits_per_second":	940483306.89655054,
					"sender":	true
				}
			}],
		"sum_sent":	{
			"start":	0,
			"end":	40.000083,
			"seconds":	40.000083,
			"bytes":	4710072320,
			"bits_per_second":	942012509.32404327,
			"retransmits":	0,
			"sender":	true
		},
		"sum_received":	{
			"start":	0,
			"end":	40.044615983963013,
			"seconds":	40.044615983963013,
			"bytes":	4707661608,
			"bits_per_second":	940483306.89655054,
			"sender":	true
		},
		"cpu_utilization_percent":	{
			"host_total":	19.421832700427359,
			"host_user":	0.80633925292073372,
			"host_system":	18.615495942159772,
			"remote_total":	27.164748185425193,
			"remote_user":	2.1757150363096924,
			"remote_system":	24.9890331491155
		},
		"sender_tcp_congestion":	"cubic",
		"receiver_tcp_congestion":	"cubic"
	}
}
