{
	"start":	{
		"connected":	[{
				"socket":	5,
				"local_host":	"10.10.10.2",
				"local_port":	36904,
				"remote_host":	"10.10.10.4",
				"remote_port":	5201
			}],
		"version":	"iperf 3.9",
		"system_info":	"Linux zelda 5.10.0-18-amd64 #1 SMP Debian 5.10.140-1 (2022-09-02) x86_64",
		"timestamp":	{
			"time":	"Sun, 28 Jan 2024 14:44:55 GMT",
			"timesecs":	1706453095
		},
		"connecting_to":	{
			"host":	"10.10.10.4",
			"port":	5201
		},
		"cookie":	"r5hckerbmiu3gs5osilnkmhyghx7fz7oxjjt",
		"tcp_mss_default":	1448,
		"target_bitrate":	2000000000,
		"sock_bufsize":	0,
		"sndbuf_actual":	1000000,
		"rcvbuf_actual":	1000000,
		"test_start":	{
			"protocol":	"TCP",
			"num_streams":	1,
			"blksize":	131072,
			"omit":	0,
			"duration":	90,
			"bytes":	0,
			"blocks":	0,
			"reverse":	0,
			"tos":	0
		}
	},
	"intervals":	[{
			"streams":	[{
					"socket":	5,
					"start":	0,
					"end":	60.000059,
					"seconds":	60.000057220458984,
					"bytes":	7062552576,
					"bits_per_second":	941672778.7508564,
					"retransmits":	0,
					"snd_cwnd":	364896,
					"rtt":	2006,
					"rttvar":	231,
					"pmtu":	9000,
					"omitted":	false,
					"sender":	true
				}],
			"sum":	{
				"start":	0,
				"end":	60.000059,
				"seconds":	60.000057220458984,
				"bytes":	7062552576,
				"bits_per_second":	941672778.7508564,
				"retransmits":	0,
				"omitted":	false,
				"sender":	true
			}
		}, {
			"streams":	[{
					"socket":	5,
					"start":	60.000059,
					"end":	90.000085,
					"seconds":	30.000026702880859,
					"bytes":	3530555392,
					"bits_per_second":	941480599.85852373,
					"retransmits":	0,
					"snd_cwnd":	364896,
					"rtt":	2258,
					"rttvar":	147,
					"pmtu":	9000,
					"omitted":	false,
					"sender":	true
				}],
			"sum":	{
				"start":	60.000059,
				"end":	90.000085,
				"seconds":	30.000026702880859,
				"bytes":	3530555392,
				"bits_per_second":	941480599.85852373,
				"retransmits":	0,
				"omitted":	false,
				"sender":	true
			}
		}],
	"end":	{
		"streams":	[{
				"sender":	{
					"socket":	5,
					"start":	0,
					"end":	90.000085,
					"seconds":	90.000085,
					"bytes":	10593107968,
					"bits_per_second":	941608707.85844254,
					"retransmits":	0,
					"max_snd_cwnd":	364896,
					"max_rtt":	2258,
					"min_rtt":	2006,
					"mean_rtt":	2132,
					"sender":	true
				},
				"receiver":	{
					"socket":	5,
					"start":	0,
					"end":	90.043771028518677,
					"seconds":	90.000085,
					"bytes":	10591739928,
					"bits_per_second":	941030328.42952633,
					"sender":	true
				}
			}],
		"sum_sent":	{
			"start":	0,
			"end":	90.000085,
			"seconds":	90.000085,
			"bytes":	10593107968,
			"bits_per_second":	941608707.85844254,
			"retransmits":	0,
			"sender":	true
		},
		"sum_received":	{
			"start":	0,
			"end":	90.043771028518677,
			"seconds":	90.043771028518677,
			"bytes":	10591739928,
			"bits_per_second":	941030328.42952633,
			"sender":	true
		},
		"cpu_utilization_percent":	{
			"host_total":	4.66590240287095,
			"host_user":	0.2406702776125558,
			"host_system":	4.4252310152273173,
			"remote_total":	23.120858648776025,
			"remote_user":	2.3605318482901447,
			"remote_system":	20.760326800485878
		},
		"sender_tcp_congestion":	"cubic",
		"receiver_tcp_congestion":	"cubic"
	}
}
