{
	"start":	{
		"connected":	[{
				"socket":	5,
				"local_host":	"10.10.10.2",
				"local_port":	50378,
				"remote_host":	"10.10.10.4",
				"remote_port":	5201
			}],
		"version":	"iperf 3.9",
		"system_info":	"Linux zelda 5.10.0-18-amd64 #1 SMP Debian 5.10.140-1 (2022-09-02) x86_64",
		"timestamp":	{
			"time":	"Mon, 29 Jan 2024 13:44:50 GMT",
			"timesecs":	1706535890
		},
		"connecting_to":	{
			"host":	"10.10.10.4",
			"port":	5201
		},
		"cookie":	"n2zmqh76ijj3nqazjk5abfip4wa5pdpprz5w",
		"tcp_mss_default":	1448,
		"target_bitrate":	2000000000,
		"sock_bufsize":	0,
		"sndbuf_actual":	1000000,
		"rcvbuf_actual":	1000000,
		"test_start":	{
			"protocol":	"TCP",
			"num_streams":	1,
			"blksize":	131072,
			"omit":	0,
			"duration":	100,
			"bytes":	0,
			"blocks":	0,
			"reverse":	0,
			"tos":	0
		}
	},
	"intervals":	[{
			"streams":	[{
					"socket":	5,
					"start":	0,
					"end":	60.000072,
					"seconds":	60.000072479248047,
					"bytes":	7062552576,
					"bits_per_second":	941672539.271374,
					"retransmits":	0,
					"snd_cwnd":	382272,
					"rtt":	2192,
					"rttvar":	143,
					"pmtu":	9000,
					"omitted":	false,
					"sender":	true
				}],
			"sum":	{
				"start":	0,
				"end":	60.000072,
				"seconds":	60.000072479248047,
				"bytes":	7062552576,
				"bits_per_second":	941672539.271374,
				"retransmits":	0,
				"omitted":	false,
				"sender":	true
			}
		}, {
			"streams":	[{
					"socket":	5,
					"start":	60.000072,
					"end":	100.000081,
					"seconds":	40.000007629394531,
					"bytes":	4707975168,
					"bits_per_second":	941594854.00503421,
					"retransmits":	0,
					"snd_cwnd":	543000,
					"rtt":	2205,
					"rttvar":	84,
					"pmtu":	9000,
					"omitted":	false,
					"sender":	true
				}],
			"sum":	{
				"start":	60.000072,
				"end":	100.000081,
				"seconds":	40.000007629394531,
				"bytes":	4707975168,
				"bits_per_second":	941594854.00503421,
				"retransmits":	0,
				"omitted":	false,
				"sender":	true
			}
		}],
	"end":	{
		"streams":	[{
				"sender":	{
					"socket":	5,
					"start":	0,
					"end":	100.000081,
					"seconds":	100.000081,
					"bytes":	11770527744,
					"bits_per_second":	941641456.79042,
					"retransmits":	0,
					"max_snd_cwnd":	543000,
					"max_rtt":	2205,
					"min_rtt":	2192,
					"mean_rtt":	2198,
					"sender":	true
				},
				"receiver":	{
					"socket":	5,
					"start":	0,
					"end":	100.04909300804138,
					"seconds":	100.000081,
					"bytes":	11768726120,
					"bits_per_second":	941036106.668481,
					"sender":	true
				}
			}],
		"sum_sent":	{
			"start":	0,
			"end":	100.000081,
			"seconds":	100.000081,
			"bytes":	11770527744,
			"bits_per_second":	941641456.79042,
			"retransmits":	0,
			"sender":	true
		},
		"sum_received":	{
			"start":	0,
			"end":	100.04909300804138,
			"seconds":	100.04909300804138,
			"bytes":	11768726120,
			"bits_per_second":	941036106.668481,
			"sender":	true
		},
		"cpu_utilization_percent":	{
			"host_total":	8.96979460428423,
			"host_user":	0.31450724434275,
			"host_system":	8.655288359017856,
			"remote_total":	26.1101136764578,
			"remote_user":	2.71481713226602,
			"remote_system":	23.395295545497664
		},
		"sender_tcp_congestion":	"cubic",
		"receiver_tcp_congestion":	"cubic"
	}
}
