{
	"start":	{
		"connected":	[{
				"socket":	5,
				"local_host":	"10.10.10.2",
				"local_port":	47372,
				"remote_host":	"10.10.10.4",
				"remote_port":	5201
			}],
		"version":	"iperf 3.9",
		"system_info":	"Linux zelda 5.10.0-18-amd64 #1 SMP Debian 5.10.140-1 (2022-09-02) x86_64",
		"timestamp":	{
			"time":	"Sun, 28 Jan 2024 21:27:29 GMT",
			"timesecs":	1706477249
		},
		"connecting_to":	{
			"host":	"10.10.10.4",
			"port":	5201
		},
		"cookie":	"oxdxmcj2mphq4ixzlm5ya5pxw5zqypsvhusi",
		"tcp_mss_default":	1448,
		"target_bitrate":	7000000000,
		"sock_bufsize":	0,
		"sndbuf_actual":	1000000,
		"rcvbuf_actual":	1000000,
		"test_start":	{
			"protocol":	"TCP",
			"num_streams":	1,
			"blksize":	131072,
			"omit":	0,
			"duration":	40,
			"bytes":	0,
			"blocks":	0,
			"reverse":	0,
			"tos":	0
		}
	},
	"intervals":	[{
			"streams":	[{
					"socket":	5,
					"start":	0,
					"end":	40.000067,
					"seconds":	40.000068664550781,
					"bytes":	4709416960,
					"bits_per_second":	941881775.15277553,
					"retransmits":	0,
					"snd_cwnd":	509696,
					"rtt":	2686,
					"rttvar":	301,
					"pmtu":	9000,
					"omitted":	false,
					"sender":	true
				}],
			"sum":	{
				"start":	0,
				"end":	40.000067,
				"seconds":	40.000068664550781,
				"bytes":	4709416960,
				"bits_per_second":	941881775.15277553,
				"retransmits":	0,
				"omitted":	false,
				"sender":	true
			}
		}],
	"end":	{
		"streams":	[{
				"sender":	{
					"socket":	5,
					"start":	0,
					"end":	40.000067,
					"seconds":	40.000067,
					"bytes":	4709416960,
					"bits_per_second":	941881814.347961,
					"retransmits":	0,
					"max_snd_cwnd":	509696,
					"max_rtt":	2686,
					"min_rtt":	2686,
					"mean_rtt":	2686,
					"sender":	true
				},
				"receiver":	{
					"socket":	5,
					"start":	0,
					"end":	40.040745973587036,
					"seconds":	40.000067,
					"bytes":	4707596448,
					"bits_per_second":	940561187.56735969,
					"sender":	true
				}
			}],
		"sum_sent":	{
			"start":	0,
			"end":	40.000067,
			"seconds":	40.000067,
			"bytes":	4709416960,
			"bits_per_second":	941881814.347961,
			"retransmits":	0,
			"sender":	true
		},
		"sum_received":	{
			"start":	0,
			"end":	40.040745973587036,
			"seconds":	40.040745973587036,
			"bytes":	4707596448,
			"bits_per_second":	940561187.56735969,
			"sender":	true
		},
		"cpu_utilization_percent":	{
			"host_total":	4.684266561256444,
			"host_user":	0.18871749692768353,
			"host_system":	4.4955465694516166,
			"remote_total":	27.76491930291018,
			"remote_user":	2.5061917039628625,
			"remote_system":	25.258730091356
		},
		"sender_tcp_congestion":	"cubic",
		"receiver_tcp_congestion":	"cubic"
	}
}
