{
	"start":	{
		"connected":	[{
				"socket":	5,
				"local_host":	"10.10.10.2",
				"local_port":	60992,
				"remote_host":	"10.10.10.4",
				"remote_port":	5201
			}],
		"version":	"iperf 3.9",
		"system_info":	"Linux zelda 5.10.0-18-amd64 #1 SMP Debian 5.10.140-1 (2022-09-02) x86_64",
		"timestamp":	{
			"time":	"Wed, 31 Jan 2024 10:43:27 GMT",
			"timesecs":	1706697807
		},
		"connecting_to":	{
			"host":	"10.10.10.4",
			"port":	5201
		},
		"cookie":	"ectlhfjbqcxcwdcljz7ake7cud3a5ojq2beh",
		"tcp_mss_default":	1448,
		"target_bitrate":	8000000000,
		"sock_bufsize":	0,
		"sndbuf_actual":	1000000,
		"rcvbuf_actual":	1000000,
		"test_start":	{
			"protocol":	"TCP",
			"num_streams":	1,
			"blksize":	131072,
			"omit":	0,
			"duration":	30,
			"bytes":	0,
			"blocks":	0,
			"reverse":	0,
			"tos":	0
		}
	},
	"intervals":	[{
			"streams":	[{
					"socket":	5,
					"start":	0,
					"end":	30.000074,
					"seconds":	30.00007438659668,
					"bytes":	3532390400,
					"bits_per_second":	941968437.672458,
					"retransmits":	0,
					"snd_cwnd":	460464,
					"rtt":	2212,
					"rttvar":	148,
					"pmtu":	9000,
					"omitted":	false,
					"sender":	true
				}],
			"sum":	{
				"start":	0,
				"end":	30.000074,
				"seconds":	30.00007438659668,
				"bytes":	3532390400,
				"bits_per_second":	941968437.672458,
				"retransmits":	0,
				"omitted":	false,
				"sender":	true
			}
		}],
	"end":	{
		"streams":	[{
				"sender":	{
					"socket":	5,
					"start":	0,
					"end":	30.000074,
					"seconds":	30.000074,
					"bytes":	3532390400,
					"bits_per_second":	941968449.811157,
					"retransmits":	0,
					"max_snd_cwnd":	460464,
					"max_rtt":	2212,
					"min_rtt":	2212,
					"mean_rtt":	2212,
					"sender":	true
				},
				"receiver":	{
					"socket":	5,
					"start":	0,
					"end":	30.043758869171143,
					"seconds":	30.000074,
					"bytes":	3530741688,
					"bits_per_second":	940159772.51714838,
					"sender":	true
				}
			}],
		"sum_sent":	{
			"start":	0,
			"end":	30.000074,
			"seconds":	30.000074,
			"bytes":	3532390400,
			"bits_per_second":	941968449.811157,
			"retransmits":	0,
			"sender":	true
		},
		"sum_received":	{
			"start":	0,
			"end":	30.043758869171143,
			"seconds":	30.043758869171143,
			"bytes":	3530741688,
			"bits_per_second":	940159772.51714838,
			"sender":	true
		},
		"cpu_utilization_percent":	{
			"host_total":	19.638538361733744,
			"host_user":	0.54743475572322453,
			"host_system":	19.091103606010517,
			"remote_total":	25.896121813571817,
			"remote_user":	2.798489349785835,
			"remote_system":	23.097632463785978
		},
		"sender_tcp_congestion":	"cubic",
		"receiver_tcp_congestion":	"cubic"
	}
}
