{
	"start":	{
		"connected":	[{
				"socket":	5,
				"local_host":	"10.10.10.2",
				"local_port":	51990,
				"remote_host":	"10.10.10.4",
				"remote_port":	5201
			}],
		"version":	"iperf 3.9",
		"system_info":	"Linux zelda 5.10.0-18-amd64 #1 SMP Debian 5.10.140-1 (2022-09-02) x86_64",
		"timestamp":	{
			"time":	"Tue, 30 Jan 2024 14:38:52 GMT",
			"timesecs":	1706625532
		},
		"connecting_to":	{
			"host":	"10.10.10.4",
			"port":	5201
		},
		"cookie":	"7afmze5sl2slfggq2tnwbw7dkvsbt32r5hkg",
		"tcp_mss_default":	1448,
		"target_bitrate":	5000000000,
		"sock_bufsize":	0,
		"sndbuf_actual":	1000000,
		"rcvbuf_actual":	1000000,
		"test_start":	{
			"protocol":	"TCP",
			"num_streams":	1,
			"blksize":	131072,
			"omit":	0,
			"duration":	40,
			"bytes":	0,
			"blocks":	0,
			"reverse":	0,
			"tos":	0
		}
	},
	"intervals":	[{
			"streams":	[{
					"socket":	5,
					"start":	0,
					"end":	40.000072,
					"seconds":	40.000072479248047,
					"bytes":	4709023744,
					"bits_per_second":	941803042.27059221,
					"retransmits":	0,
					"snd_cwnd":	419920,
					"rtt":	2262,
					"rttvar":	109,
					"pmtu":	9000,
					"omitted":	false,
					"sender":	true
				}],
			"sum":	{
				"start":	0,
				"end":	40.000072,
				"seconds":	40.000072479248047,
				"bytes":	4709023744,
				"bits_per_second":	941803042.27059221,
				"retransmits":	0,
				"omitted":	false,
				"sender":	true
			}
		}],
	"end":	{
		"streams":	[{
				"sender":	{
					"socket":	5,
					"start":	0,
					"end":	40.000072,
					"seconds":	40.000072,
					"bytes":	4709023744,
					"bits_per_second":	941803053.55450356,
					"retransmits":	0,
					"max_snd_cwnd":	419920,
					"max_rtt":	2262,
					"min_rtt":	2262,
					"mean_rtt":	2262,
					"sender":	true
				},
				"receiver":	{
					"socket":	5,
					"start":	0,
					"end":	40.043623924255371,
					"seconds":	40.000072,
					"bytes":	4707597896,
					"bits_per_second":	940493878.35719764,
					"sender":	true
				}
			}],
		"sum_sent":	{
			"start":	0,
			"end":	40.000072,
			"seconds":	40.000072,
			"bytes":	4709023744,
			"bits_per_second":	941803053.55450356,
			"retransmits":	0,
			"sender":	true
		},
		"sum_received":	{
			"start":	0,
			"end":	40.043623924255371,
			"seconds":	40.043623924255371,
			"bytes":	4707597896,
			"bits_per_second":	940493878.35719764,
			"sender":	true
		},
		"cpu_utilization_percent":	{
			"host_total":	16.339361066879725,
			"host_user":	0.62319666727061,
			"host_system":	15.716164399609115,
			"remote_total":	24.766006937750248,
			"remote_user":	2.2445784247092209,
			"remote_system":	22.521426020889809
		},
		"sender_tcp_congestion":	"cubic",
		"receiver_tcp_congestion":	"cubic"
	}
}
