{
	"start":	{
		"connected":	[{
				"socket":	5,
				"local_host":	"10.10.10.2",
				"local_port":	42810,
				"remote_host":	"10.10.10.4",
				"remote_port":	5201
			}],
		"version":	"iperf 3.9",
		"system_info":	"Linux zelda 5.10.0-18-amd64 #1 SMP Debian 5.10.140-1 (2022-09-02) x86_64",
		"timestamp":	{
			"time":	"Sun, 28 Jan 2024 22:22:00 GMT",
			"timesecs":	1706480520
		},
		"connecting_to":	{
			"host":	"10.10.10.4",
			"port":	5201
		},
		"cookie":	"3lu5pskvwyupovzwowwaguualocqyh6swiw6",
		"tcp_mss_default":	1448,
		"target_bitrate":	7000000000,
		"sock_bufsize":	0,
		"sndbuf_actual":	1000000,
		"rcvbuf_actual":	1000000,
		"test_start":	{
			"protocol":	"TCP",
			"num_streams":	1,
			"blksize":	131072,
			"omit":	0,
			"duration":	90,
			"bytes":	0,
			"blocks":	0,
			"reverse":	0,
			"tos":	0
		}
	},
	"intervals":	[{
			"streams":	[{
					"socket":	5,
					"start":	0,
					"end":	60.000059,
					"seconds":	60.000057220458984,
					"bytes":	7063076864,
					"bits_per_second":	941742683.75085652,
					"retransmits":	0,
					"snd_cwnd":	501008,
					"rtt":	2246,
					"rttvar":	153,
					"pmtu":	9000,
					"omitted":	false,
					"sender":	true
				}],
			"sum":	{
				"start":	0,
				"end":	60.000059,
				"seconds":	60.000057220458984,
				"bytes":	7063076864,
				"bits_per_second":	941742683.75085652,
				"retransmits":	0,
				"omitted":	false,
				"sender":	true
			}
		}, {
			"streams":	[{
					"socket":	5,
					"start":	60.000059,
					"end":	90.000029,
					"seconds":	29.999969482421875,
					"bytes":	3530555392,
					"bits_per_second":	941482395.59208536,
					"retransmits":	0,
					"snd_cwnd":	501008,
					"rtt":	2734,
					"rttvar":	109,
					"pmtu":	9000,
					"omitted":	false,
					"sender":	true
				}],
			"sum":	{
				"start":	60.000059,
				"end":	90.000029,
				"seconds":	29.999969482421875,
				"bytes":	3530555392,
				"bits_per_second":	941482395.59208536,
				"retransmits":	0,
				"omitted":	false,
				"sender":	true
			}
		}],
	"end":	{
		"streams":	[{
				"sender":	{
					"socket":	5,
					"start":	0,
					"end":	90.000029,
					"seconds":	90.000029,
					"bytes":	10593632256,
					"bits_per_second":	941655897.11087763,
					"retransmits":	0,
					"max_snd_cwnd":	501008,
					"max_rtt":	2734,
					"min_rtt":	2246,
					"mean_rtt":	2490,
					"sender":	true
				},
				"receiver":	{
					"socket":	5,
					"start":	0,
					"end":	90.044745922088623,
					"seconds":	90.000029,
					"bytes":	10591826472,
					"bits_per_second":	941027829.089737,
					"sender":	true
				}
			}],
		"sum_sent":	{
			"start":	0,
			"end":	90.000029,
			"seconds":	90.000029,
			"bytes":	10593632256,
			"bits_per_second":	941655897.11087763,
			"retransmits":	0,
			"sender":	true
		},
		"sum_received":	{
			"start":	0,
			"end":	90.044745922088623,
			"seconds":	90.044745922088623,
			"bytes":	10591826472,
			"bits_per_second":	941027829.089737,
			"sender":	true
		},
		"cpu_utilization_percent":	{
			"host_total":	4.6394249541205985,
			"host_user":	0.11931391667307253,
			"host_system":	4.5201110374475268,
			"remote_total":	26.147898466554274,
			"remote_user":	2.5829714087312787,
			"remote_system":	23.56492816738016
		},
		"sender_tcp_congestion":	"cubic",
		"receiver_tcp_congestion":	"cubic"
	}
}
