{
	"start":	{
		"connected":	[{
				"socket":	5,
				"local_host":	"10.10.10.2",
				"local_port":	55828,
				"remote_host":	"10.10.10.4",
				"remote_port":	5201
			}],
		"version":	"iperf 3.9",
		"system_info":	"Linux zelda 5.10.0-18-amd64 #1 SMP Debian 5.10.140-1 (2022-09-02) x86_64",
		"timestamp":	{
			"time":	"Mon, 29 Jan 2024 23:33:51 GMT",
			"timesecs":	1706571231
		},
		"connecting_to":	{
			"host":	"10.10.10.4",
			"port":	5201
		},
		"cookie":	"wnz4wpe26ighb7j6zqepnbw6e2vqifxyh7x5",
		"tcp_mss_default":	1448,
		"target_bitrate":	9000000000,
		"sock_bufsize":	0,
		"sndbuf_actual":	1000000,
		"rcvbuf_actual":	1000000,
		"test_start":	{
			"protocol":	"TCP",
			"num_streams":	1,
			"blksize":	131072,
			"omit":	0,
			"duration":	50,
			"bytes":	0,
			"blocks":	0,
			"reverse":	0,
			"tos":	0
		}
	},
	"intervals":	[{
			"streams":	[{
					"socket":	5,
					"start":	0,
					"end":	50.000077,
					"seconds":	50.000076293945312,
					"bytes":	5886050304,
					"bits_per_second":	941766611.61819267,
					"retransmits":	0,
					"snd_cwnd":	474944,
					"rtt":	2263,
					"rttvar":	147,
					"pmtu":	9000,
					"omitted":	false,
					"sender":	true
				}],
			"sum":	{
				"start":	0,
				"end":	50.000077,
				"seconds":	50.000076293945312,
				"bytes":	5886050304,
				"bits_per_second":	941766611.61819267,
				"retransmits":	0,
				"omitted":	false,
				"sender":	true
			}
		}],
	"end":	{
		"streams":	[{
				"sender":	{
					"socket":	5,
					"start":	0,
					"end":	50.000077,
					"seconds":	50.000077,
					"bytes":	5886050304,
					"bits_per_second":	941766598.31943858,
					"retransmits":	0,
					"max_snd_cwnd":	474944,
					"max_rtt":	2263,
					"min_rtt":	2263,
					"mean_rtt":	2263,
					"sender":	true
				},
				"receiver":	{
					"socket":	5,
					"start":	0,
					"end":	50.044209003448486,
					"seconds":	50.000077,
					"bytes":	5884434944,
					"bits_per_second":	940677862.42272472,
					"sender":	true
				}
			}],
		"sum_sent":	{
			"start":	0,
			"end":	50.000077,
			"seconds":	50.000077,
			"bytes":	5886050304,
			"bits_per_second":	941766598.31943858,
			"retransmits":	0,
			"sender":	true
		},
		"sum_received":	{
			"start":	0,
			"end":	50.044209003448486,
			"seconds":	50.044209003448486,
			"bytes":	5884434944,
			"bits_per_second":	940677862.42272472,
			"sender":	true
		},
		"cpu_utilization_percent":	{
			"host_total":	8.8621614939988458,
			"host_user":	0.32786356307529113,
			"host_system":	8.5342999275349847,
			"remote_total":	26.526375189879449,
			"remote_user":	2.634263925934381,
			"remote_system":	23.892111263945068
		},
		"sender_tcp_congestion":	"cubic",
		"receiver_tcp_congestion":	"cubic"
	}
}
