{
	"start":	{
		"connected":	[{
				"socket":	5,
				"local_host":	"10.10.10.2",
				"local_port":	34244,
				"remote_host":	"10.10.10.4",
				"remote_port":	5201
			}],
		"version":	"iperf 3.9",
		"system_info":	"Linux zelda 5.10.0-18-amd64 #1 SMP Debian 5.10.140-1 (2022-09-02) x86_64",
		"timestamp":	{
			"time":	"Mon, 29 Jan 2024 19:08:09 GMT",
			"timesecs":	1706555289
		},
		"connecting_to":	{
			"host":	"10.10.10.4",
			"port":	5201
		},
		"cookie":	"3ieetp73vrxjngnm77kdrghfsfvqshcdbd2n",
		"tcp_mss_default":	1448,
		"target_bitrate":	6000000000,
		"sock_bufsize":	0,
		"sndbuf_actual":	1000000,
		"rcvbuf_actual":	1000000,
		"test_start":	{
			"protocol":	"TCP",
			"num_streams":	1,
			"blksize":	131072,
			"omit":	0,
			"duration":	60,
			"bytes":	0,
			"blocks":	0,
			"reverse":	0,
			"tos":	0
		}
	},
	"intervals":	[{
			"streams":	[{
					"socket":	5,
					"start":	0,
					"end":	60.000077,
					"seconds":	60.000076293945312,
					"bytes":	7062552576,
					"bits_per_second":	941672479.40152252,
					"retransmits":	0,
					"snd_cwnd":	379376,
					"rtt":	2176,
					"rttvar":	117,
					"pmtu":	9000,
					"omitted":	false,
					"sender":	true
				}],
			"sum":	{
				"start":	0,
				"end":	60.000077,
				"seconds":	60.000076293945312,
				"bytes":	7062552576,
				"bits_per_second":	941672479.40152252,
				"retransmits":	0,
				"omitted":	false,
				"sender":	true
			}
		}],
	"end":	{
		"streams":	[{
				"sender":	{
					"socket":	5,
					"start":	0,
					"end":	60.000077,
					"seconds":	60.000077,
					"bytes":	7062552576,
					"bits_per_second":	941672468.32033241,
					"retransmits":	0,
					"max_snd_cwnd":	379376,
					"max_rtt":	2176,
					"min_rtt":	2176,
					"mean_rtt":	2176,
					"sender":	true
				},
				"receiver":	{
					"socket":	5,
					"start":	0,
					"end":	60.043576955795288,
					"seconds":	60.000077,
					"bytes":	7061240808,
					"bits_per_second":	940815476.49282253,
					"sender":	true
				}
			}],
		"sum_sent":	{
			"start":	0,
			"end":	60.000077,
			"seconds":	60.000077,
			"bytes":	7062552576,
			"bits_per_second":	941672468.32033241,
			"retransmits":	0,
			"sender":	true
		},
		"sum_received":	{
			"start":	0,
			"end":	60.043576955795288,
			"seconds":	60.043576955795288,
			"bytes":	7061240808,
			"bits_per_second":	940815476.49282253,
			"sender":	true
		},
		"cpu_utilization_percent":	{
			"host_total":	8.4482075766830054,
			"host_user":	0.34154084876982632,
			"host_system":	8.1066683922206071,
			"remote_total":	24.048049436823618,
			"remote_user":	2.4559450801609577,
			"remote_system":	21.592101030074652
		},
		"sender_tcp_congestion":	"cubic",
		"receiver_tcp_congestion":	"cubic"
	}
}
