{
	"start":	{
		"connected":	[{
				"socket":	5,
				"local_host":	"10.10.10.2",
				"local_port":	45918,
				"remote_host":	"10.10.10.4",
				"remote_port":	5201
			}],
		"version":	"iperf 3.9",
		"system_info":	"Linux zelda 5.10.0-18-amd64 #1 SMP Debian 5.10.140-1 (2022-09-02) x86_64",
		"timestamp":	{
			"time":	"Sun, 28 Jan 2024 14:30:13 GMT",
			"timesecs":	1706452213
		},
		"connecting_to":	{
			"host":	"10.10.10.4",
			"port":	5201
		},
		"cookie":	"pshrz5imkf2t7w7giqx6cdzn3osoiah2okl6",
		"tcp_mss_default":	1448,
		"target_bitrate":	2000000000,
		"sock_bufsize":	0,
		"sndbuf_actual":	1000000,
		"rcvbuf_actual":	1000000,
		"test_start":	{
			"protocol":	"TCP",
			"num_streams":	1,
			"blksize":	131072,
			"omit":	0,
			"duration":	80,
			"bytes":	0,
			"blocks":	0,
			"reverse":	0,
			"tos":	0
		}
	},
	"intervals":	[{
			"streams":	[{
					"socket":	5,
					"start":	0,
					"end":	60.00006,
					"seconds":	60.00006103515625,
					"bytes":	7062552576,
					"bits_per_second":	941672718.88097441,
					"retransmits":	0,
					"snd_cwnd":	364896,
					"rtt":	2179,
					"rttvar":	94,
					"pmtu":	9000,
					"omitted":	false,
					"sender":	true
				}],
			"sum":	{
				"start":	0,
				"end":	60.00006,
				"seconds":	60.00006103515625,
				"bytes":	7062552576,
				"bits_per_second":	941672718.88097441,
				"retransmits":	0,
				"omitted":	false,
				"sender":	true
			}
		}, {
			"streams":	[{
					"socket":	5,
					"start":	60.00006,
					"end":	80.000068,
					"seconds":	20.000007629394531,
					"bytes":	2353659904,
					"bits_per_second":	941463602.460137,
					"retransmits":	0,
					"snd_cwnd":	364896,
					"rtt":	2102,
					"rttvar":	224,
					"pmtu":	9000,
					"omitted":	false,
					"sender":	true
				}],
			"sum":	{
				"start":	60.00006,
				"end":	80.000068,
				"seconds":	20.000007629394531,
				"bytes":	2353659904,
				"bits_per_second":	941463602.460137,
				"retransmits":	0,
				"omitted":	false,
				"sender":	true
			}
		}],
	"end":	{
		"streams":	[{
				"sender":	{
					"socket":	5,
					"start":	0,
					"end":	80.000068,
					"seconds":	80.000068,
					"bytes":	9416212480,
					"bits_per_second":	941620447.62261951,
					"retransmits":	0,
					"max_snd_cwnd":	364896,
					"max_rtt":	2179,
					"min_rtt":	2102,
					"mean_rtt":	2140,
					"sender":	true
				},
				"receiver":	{
					"socket":	5,
					"start":	0,
					"end":	80.0441861152649,
					"seconds":	80.000068,
					"bytes":	9414951440,
					"bits_per_second":	940975418.39626634,
					"sender":	true
				}
			}],
		"sum_sent":	{
			"start":	0,
			"end":	80.000068,
			"seconds":	80.000068,
			"bytes":	9416212480,
			"bits_per_second":	941620447.62261951,
			"retransmits":	0,
			"sender":	true
		},
		"sum_received":	{
			"start":	0,
			"end":	80.0441861152649,
			"seconds":	80.0441861152649,
			"bytes":	9414951440,
			"bits_per_second":	940975418.39626634,
			"sender":	true
		},
		"cpu_utilization_percent":	{
			"host_total":	4.5214482924419439,
			"host_user":	0.19200938527190742,
			"host_system":	4.3294389071700365,
			"remote_total":	24.238057479491932,
			"remote_user":	2.3493505678026865,
			"remote_system":	21.888705663588841
		},
		"sender_tcp_congestion":	"cubic",
		"receiver_tcp_congestion":	"cubic"
	}
}
