{
	"start":	{
		"connected":	[{
				"socket":	5,
				"local_host":	"10.10.10.2",
				"local_port":	34344,
				"remote_host":	"10.10.10.4",
				"remote_port":	5201
			}],
		"version":	"iperf 3.9",
		"system_info":	"Linux zelda 5.10.0-18-amd64 #1 SMP Debian 5.10.140-1 (2022-09-02) x86_64",
		"timestamp":	{
			"time":	"Tue, 30 Jan 2024 11:37:31 GMT",
			"timesecs":	1706614651
		},
		"connecting_to":	{
			"host":	"10.10.10.4",
			"port":	5201
		},
		"cookie":	"4aoppyfpwt2gcwjkhgme7xvw3msxvk35brig",
		"tcp_mss_default":	1448,
		"target_bitrate":	3000000000,
		"sock_bufsize":	0,
		"sndbuf_actual":	1000000,
		"rcvbuf_actual":	1000000,
		"test_start":	{
			"protocol":	"TCP",
			"num_streams":	1,
			"blksize":	131072,
			"omit":	0,
			"duration":	40,
			"bytes":	0,
			"blocks":	0,
			"reverse":	0,
			"tos":	0
		}
	},
	"intervals":	[{
			"streams":	[{
					"socket":	5,
					"start":	0,
					"end":	40.000075,
					"seconds":	40.000076293945312,
					"bytes":	4709416960,
					"bits_per_second":	941881595.50342655,
					"retransmits":	0,
					"snd_cwnd":	502456,
					"rtt":	2310,
					"rttvar":	167,
					"pmtu":	9000,
					"omitted":	false,
					"sender":	true
				}],
			"sum":	{
				"start":	0,
				"end":	40.000075,
				"seconds":	40.000076293945312,
				"bytes":	4709416960,
				"bits_per_second":	941881595.50342655,
				"retransmits":	0,
				"omitted":	false,
				"sender":	true
			}
		}],
	"end":	{
		"streams":	[{
				"sender":	{
					"socket":	5,
					"start":	0,
					"end":	40.000075,
					"seconds":	40.000075,
					"bytes":	4709416960,
					"bits_per_second":	941881625.97195125,
					"retransmits":	0,
					"max_snd_cwnd":	502456,
					"max_rtt":	2310,
					"min_rtt":	2310,
					"mean_rtt":	2310,
					"sender":	true
				},
				"receiver":	{
					"socket":	5,
					"start":	0,
					"end":	40.04418683052063,
					"seconds":	40.000075,
					"bytes":	4707596448,
					"bits_per_second":	940480368.433801,
					"sender":	true
				}
			}],
		"sum_sent":	{
			"start":	0,
			"end":	40.000075,
			"seconds":	40.000075,
			"bytes":	4709416960,
			"bits_per_second":	941881625.97195125,
			"retransmits":	0,
			"sender":	true
		},
		"sum_received":	{
			"start":	0,
			"end":	40.04418683052063,
			"seconds":	40.04418683052063,
			"bytes":	4707596448,
			"bits_per_second":	940480368.433801,
			"sender":	true
		},
		"cpu_utilization_percent":	{
			"host_total":	16.142975100619854,
			"host_user":	0.66155135274039967,
			"host_system":	15.481423747879452,
			"remote_total":	24.129404613271557,
			"remote_user":	2.5617057042033786,
			"remote_system":	21.567698909068177
		},
		"sender_tcp_congestion":	"cubic",
		"receiver_tcp_congestion":	"cubic"
	}
}
