{
	"start":	{
		"connected":	[{
				"socket":	5,
				"local_host":	"10.10.10.2",
				"local_port":	48662,
				"remote_host":	"10.10.10.4",
				"remote_port":	5201
			}],
		"version":	"iperf 3.9",
		"system_info":	"Linux zelda 5.10.0-18-amd64 #1 SMP Debian 5.10.140-1 (2022-09-02) x86_64",
		"timestamp":	{
			"time":	"Wed, 31 Jan 2024 02:09:21 GMT",
			"timesecs":	1706666961
		},
		"connecting_to":	{
			"host":	"10.10.10.4",
			"port":	5201
		},
		"cookie":	"n7zqxevytzvrl2ih4jz34qndvfkhwexbq2et",
		"tcp_mss_default":	1448,
		"target_bitrate":	2000000000,
		"sock_bufsize":	0,
		"sndbuf_actual":	1000000,
		"rcvbuf_actual":	1000000,
		"test_start":	{
			"protocol":	"TCP",
			"num_streams":	1,
			"blksize":	131072,
			"omit":	0,
			"duration":	70,
			"bytes":	0,
			"blocks":	0,
			"reverse":	0,
			"tos":	0
		}
	},
	"intervals":	[{
			"streams":	[{
					"socket":	5,
					"start":	0,
					"end":	60.000068,
					"seconds":	60.000068664550781,
					"bytes":	7063076864,
					"bits_per_second":	941742504.1279,
					"retransmits":	0,
					"snd_cwnd":	713864,
					"rtt":	2730,
					"rttvar":	144,
					"pmtu":	9000,
					"omitted":	false,
					"sender":	true
				}],
			"sum":	{
				"start":	0,
				"end":	60.000068,
				"seconds":	60.000068664550781,
				"bytes":	7063076864,
				"bits_per_second":	941742504.1279,
				"retransmits":	0,
				"omitted":	false,
				"sender":	true
			}
		}, {
			"streams":	[{
					"socket":	5,
					"start":	60.000068,
					"end":	70.000074,
					"seconds":	10.0000057220459,
					"bytes":	1176764416,
					"bits_per_second":	941410994.12030828,
					"retransmits":	0,
					"snd_cwnd":	713864,
					"rtt":	2778,
					"rttvar":	154,
					"pmtu":	9000,
					"omitted":	false,
					"sender":	true
				}],
			"sum":	{
				"start":	60.000068,
				"end":	70.000074,
				"seconds":	10.0000057220459,
				"bytes":	1176764416,
				"bits_per_second":	941410994.12030828,
				"retransmits":	0,
				"omitted":	false,
				"sender":	true
			}
		}],
	"end":	{
		"streams":	[{
				"sender":	{
					"socket":	5,
					"start":	0,
					"end":	70.000074,
					"seconds":	70.000074,
					"bytes":	8239841280,
					"bits_per_second":	941695150.779412,
					"retransmits":	0,
					"max_snd_cwnd":	713864,
					"max_rtt":	2778,
					"min_rtt":	2730,
					"mean_rtt":	2754,
					"sender":	true
				},
				"receiver":	{
					"socket":	5,
					"start":	0,
					"end":	70.042716026306152,
					"seconds":	70.000074,
					"bytes":	8237391840,
					"bits_per_second":	940842081.21298528,
					"sender":	true
				}
			}],
		"sum_sent":	{
			"start":	0,
			"end":	70.000074,
			"seconds":	70.000074,
			"bytes":	8239841280,
			"bits_per_second":	941695150.779412,
			"retransmits":	0,
			"sender":	true
		},
		"sum_received":	{
			"start":	0,
			"end":	70.042716026306152,
			"seconds":	70.042716026306152,
			"bytes":	8237391840,
			"bits_per_second":	940842081.21298528,
			"sender":	true
		},
		"cpu_utilization_percent":	{
			"host_total":	18.688400526640766,
			"host_user":	0.83194544966182482,
			"host_system":	17.85645650380302,
			"remote_total":	23.850936522413146,
			"remote_user":	2.1516590854475535,
			"remote_system":	21.699277436965591
		},
		"sender_tcp_congestion":	"cubic",
		"receiver_tcp_congestion":	"cubic"
	}
}
