{
	"start":	{
		"connected":	[{
				"socket":	5,
				"local_host":	"10.10.10.2",
				"local_port":	55872,
				"remote_host":	"10.10.10.4",
				"remote_port":	5201
			}],
		"version":	"iperf 3.9",
		"system_info":	"Linux zelda 5.10.0-18-amd64 #1 SMP Debian 5.10.140-1 (2022-09-02) x86_64",
		"timestamp":	{
			"time":	"Tue, 30 Jan 2024 10:04:50 GMT",
			"timesecs":	1706609090
		},
		"connecting_to":	{
			"host":	"10.10.10.4",
			"port":	5201
		},
		"cookie":	"k6pxbbdttddj6x25gb3tqmsqiwi2wf4qib6m",
		"tcp_mss_default":	1448,
		"target_bitrate":	2000000000,
		"sock_bufsize":	0,
		"sndbuf_actual":	1000000,
		"rcvbuf_actual":	1000000,
		"test_start":	{
			"protocol":	"TCP",
			"num_streams":	1,
			"blksize":	131072,
			"omit":	0,
			"duration":	40,
			"bytes":	0,
			"blocks":	0,
			"reverse":	0,
			"tos":	0
		}
	},
	"intervals":	[{
			"streams":	[{
					"socket":	5,
					"start":	0,
					"end":	40.000079,
					"seconds":	40.000080108642578,
					"bytes":	4710072320,
					"bits_per_second":	942012577.41627824,
					"retransmits":	0,
					"snd_cwnd":	741376,
					"rtt":	2796,
					"rttvar":	124,
					"pmtu":	9000,
					"omitted":	false,
					"sender":	true
				}],
			"sum":	{
				"start":	0,
				"end":	40.000079,
				"seconds":	40.000080108642578,
				"bytes":	4710072320,
				"bits_per_second":	942012577.41627824,
				"retransmits":	0,
				"omitted":	false,
				"sender":	true
			}
		}],
	"end":	{
		"streams":	[{
				"sender":	{
					"socket":	5,
					"start":	0,
					"end":	40.000079,
					"seconds":	40.000079,
					"bytes":	4710072320,
					"bits_per_second":	942012603.525108,
					"retransmits":	0,
					"max_snd_cwnd":	741376,
					"max_rtt":	2796,
					"min_rtt":	2796,
					"mean_rtt":	2796,
					"sender":	true
				},
				"receiver":	{
					"socket":	5,
					"start":	0,
					"end":	40.041785955429077,
					"seconds":	40.000079,
					"bytes":	4707664168,
					"bits_per_second":	940550288.78884661,
					"sender":	true
				}
			}],
		"sum_sent":	{
			"start":	0,
			"end":	40.000079,
			"seconds":	40.000079,
			"bytes":	4710072320,
			"bits_per_second":	942012603.525108,
			"retransmits":	0,
			"sender":	true
		},
		"sum_received":	{
			"start":	0,
			"end":	40.041785955429077,
			"seconds":	40.041785955429077,
			"bytes":	4707664168,
			"bits_per_second":	940550288.78884661,
			"sender":	true
		},
		"cpu_utilization_percent":	{
			"host_total":	16.413068192846239,
			"host_user":	0.773186990244864,
			"host_system":	15.639881202601376,
			"remote_total":	27.527588383116093,
			"remote_user":	2.7367500571492922,
			"remote_system":	24.790835833357825
		},
		"sender_tcp_congestion":	"cubic",
		"receiver_tcp_congestion":	"cubic"
	}
}
