{
	"start":	{
		"connected":	[{
				"socket":	5,
				"local_host":	"10.10.10.2",
				"local_port":	39278,
				"remote_host":	"10.10.10.4",
				"remote_port":	5201
			}],
		"version":	"iperf 3.9",
		"system_info":	"Linux zelda 5.10.0-18-amd64 #1 SMP Debian 5.10.140-1 (2022-09-02) x86_64",
		"timestamp":	{
			"time":	"Tue, 30 Jan 2024 10:16:13 GMT",
			"timesecs":	1706609773
		},
		"connecting_to":	{
			"host":	"10.10.10.4",
			"port":	5201
		},
		"cookie":	"moh53px5ettfxybotbsz3htlpwy7ehtmkjjp",
		"tcp_mss_default":	1448,
		"target_bitrate":	2000000000,
		"sock_bufsize":	0,
		"sndbuf_actual":	1000000,
		"rcvbuf_actual":	1000000,
		"test_start":	{
			"protocol":	"TCP",
			"num_streams":	1,
			"blksize":	131072,
			"omit":	0,
			"duration":	50,
			"bytes":	0,
			"blocks":	0,
			"reverse":	0,
			"tos":	0
		}
	},
	"intervals":	[{
			"streams":	[{
					"socket":	5,
					"start":	0,
					"end":	50.000076,
					"seconds":	50.000076293945312,
					"bytes":	5886705664,
					"bits_per_second":	941871469.058193,
					"retransmits":	0,
					"snd_cwnd":	641464,
					"rtt":	2749,
					"rttvar":	93,
					"pmtu":	9000,
					"omitted":	false,
					"sender":	true
				}],
			"sum":	{
				"start":	0,
				"end":	50.000076,
				"seconds":	50.000076293945312,
				"bytes":	5886705664,
				"bits_per_second":	941871469.058193,
				"retransmits":	0,
				"omitted":	false,
				"sender":	true
			}
		}],
	"end":	{
		"streams":	[{
				"sender":	{
					"socket":	5,
					"start":	0,
					"end":	50.000076,
					"seconds":	50.000076,
					"bytes":	5886705664,
					"bits_per_second":	941871474.59535861,
					"retransmits":	0,
					"max_snd_cwnd":	641464,
					"max_rtt":	2749,
					"min_rtt":	2749,
					"mean_rtt":	2749,
					"sender":	true
				},
				"receiver":	{
					"socket":	5,
					"start":	0,
					"end":	50.041749954223633,
					"seconds":	50.000076,
					"bytes":	5884512024,
					"bits_per_second":	940736409.79908764,
					"sender":	true
				}
			}],
		"sum_sent":	{
			"start":	0,
			"end":	50.000076,
			"seconds":	50.000076,
			"bytes":	5886705664,
			"bits_per_second":	941871474.59535861,
			"retransmits":	0,
			"sender":	true
		},
		"sum_received":	{
			"start":	0,
			"end":	50.041749954223633,
			"seconds":	50.041749954223633,
			"bytes":	5884512024,
			"bits_per_second":	940736409.79908764,
			"sender":	true
		},
		"cpu_utilization_percent":	{
			"host_total":	15.941357567438036,
			"host_user":	0.712274421541836,
			"host_system":	15.229081149264436,
			"remote_total":	25.086561313008033,
			"remote_user":	2.4745300217622881,
			"remote_system":	22.612025305469142
		},
		"sender_tcp_congestion":	"cubic",
		"receiver_tcp_congestion":	"cubic"
	}
}
