{
	"start":	{
		"connected":	[{
				"socket":	5,
				"local_host":	"10.10.10.2",
				"local_port":	58172,
				"remote_host":	"10.10.10.4",
				"remote_port":	5201
			}],
		"version":	"iperf 3.9",
		"system_info":	"Linux zelda 5.10.0-18-amd64 #1 SMP Debian 5.10.140-1 (2022-09-02) x86_64",
		"timestamp":	{
			"time":	"Mon, 29 Jan 2024 11:00:55 GMT",
			"timesecs":	1706526055
		},
		"connecting_to":	{
			"host":	"10.10.10.4",
			"port":	5201
		},
		"cookie":	"yv2wyvmki4ptzs5b77fzje4t25n4u573o7jr",
		"tcp_mss_default":	1448,
		"target_bitrate":	1000000000,
		"sock_bufsize":	0,
		"sndbuf_actual":	1000000,
		"rcvbuf_actual":	1000000,
		"test_start":	{
			"protocol":	"TCP",
			"num_streams":	1,
			"blksize":	131072,
			"omit":	0,
			"duration":	30,
			"bytes":	0,
			"blocks":	0,
			"reverse":	0,
			"tos":	0
		}
	},
	"intervals":	[{
			"streams":	[{
					"socket":	5,
					"start":	0,
					"end":	30.000072,
					"seconds":	30.000072479248047,
					"bytes":	3531866112,
					"bits_per_second":	941828687.76549745,
					"retransmits":	0,
					"snd_cwnd":	380824,
					"rtt":	2185,
					"rttvar":	93,
					"pmtu":	9000,
					"omitted":	false,
					"sender":	true
				}],
			"sum":	{
				"start":	0,
				"end":	30.000072,
				"seconds":	30.000072479248047,
				"bytes":	3531866112,
				"bits_per_second":	941828687.76549745,
				"retransmits":	0,
				"omitted":	false,
				"sender":	true
			}
		}],
	"end":	{
		"streams":	[{
				"sender":	{
					"socket":	5,
					"start":	0,
					"end":	30.000072,
					"seconds":	30.000072,
					"bytes":	3531866112,
					"bits_per_second":	941828702.81111324,
					"retransmits":	0,
					"max_snd_cwnd":	380824,
					"max_rtt":	2185,
					"min_rtt":	2185,
					"mean_rtt":	2185,
					"sender":	true
				},
				"receiver":	{
					"socket":	5,
					"start":	0,
					"end":	30.041261911392212,
					"seconds":	30.000072,
					"bytes":	3530646344,
					"bits_per_second":	940212526.20180047,
					"sender":	true
				}
			}],
		"sum_sent":	{
			"start":	0,
			"end":	30.000072,
			"seconds":	30.000072,
			"bytes":	3531866112,
			"bits_per_second":	941828702.81111324,
			"retransmits":	0,
			"sender":	true
		},
		"sum_received":	{
			"start":	0,
			"end":	30.041261911392212,
			"seconds":	30.041261911392212,
			"bytes":	3530646344,
			"bits_per_second":	940212526.20180047,
			"sender":	true
		},
		"cpu_utilization_percent":	{
			"host_total":	7.6994067816441625,
			"host_user":	0.337045911930954,
			"host_system":	7.3623608697132079,
			"remote_total":	24.553503149929263,
			"remote_user":	2.46859905707121,
			"remote_system":	22.08490409285805
		},
		"sender_tcp_congestion":	"cubic",
		"receiver_tcp_congestion":	"cubic"
	}
}
