{
	"start":	{
		"connected":	[{
				"socket":	5,
				"local_host":	"10.10.10.2",
				"local_port":	38258,
				"remote_host":	"10.10.10.4",
				"remote_port":	5201
			}],
		"version":	"iperf 3.9",
		"system_info":	"Linux zelda 5.10.0-18-amd64 #1 SMP Debian 5.10.140-1 (2022-09-02) x86_64",
		"timestamp":	{
			"time":	"Tue, 30 Jan 2024 13:25:57 GMT",
			"timesecs":	1706621157
		},
		"connecting_to":	{
			"host":	"10.10.10.4",
			"port":	5201
		},
		"cookie":	"nrcvdzv665rxxtm6usa7cwg5j3dgvbyfovs4",
		"tcp_mss_default":	1448,
		"target_bitrate":	4000000000,
		"sock_bufsize":	0,
		"sndbuf_actual":	1000000,
		"rcvbuf_actual":	1000000,
		"test_start":	{
			"protocol":	"TCP",
			"num_streams":	1,
			"blksize":	131072,
			"omit":	0,
			"duration":	60,
			"bytes":	0,
			"blocks":	0,
			"reverse":	0,
			"tos":	0
		}
	},
	"intervals":	[{
			"streams":	[{
					"socket":	5,
					"start":	0,
					"end":	60.000066,
					"seconds":	60.000064849853516,
					"bytes":	7063076864,
					"bits_per_second":	941742564.00221121,
					"retransmits":	0,
					"snd_cwnd":	498112,
					"rtt":	2182,
					"rttvar":	95,
					"pmtu":	9000,
					"omitted":	false,
					"sender":	true
				}],
			"sum":	{
				"start":	0,
				"end":	60.000066,
				"seconds":	60.000064849853516,
				"bytes":	7063076864,
				"bits_per_second":	941742564.00221121,
				"retransmits":	0,
				"omitted":	false,
				"sender":	true
			}
		}],
	"end":	{
		"streams":	[{
				"sender":	{
					"socket":	5,
					"start":	0,
					"end":	60.000066,
					"seconds":	60.000066,
					"bytes":	7063076864,
					"bits_per_second":	941742545.949866,
					"retransmits":	0,
					"max_snd_cwnd":	498112,
					"max_rtt":	2182,
					"min_rtt":	2182,
					"mean_rtt":	2182,
					"sender":	true
				},
				"receiver":	{
					"socket":	5,
					"start":	0,
					"end":	60.044673919677734,
					"seconds":	60.000066,
					"bytes":	7061366448,
					"bits_per_second":	940815028.15001369,
					"sender":	true
				}
			}],
		"sum_sent":	{
			"start":	0,
			"end":	60.000066,
			"seconds":	60.000066,
			"bytes":	7063076864,
			"bits_per_second":	941742545.949866,
			"retransmits":	0,
			"sender":	true
		},
		"sum_received":	{
			"start":	0,
			"end":	60.044673919677734,
			"seconds":	60.044673919677734,
			"bytes":	7061366448,
			"bits_per_second":	940815028.15001369,
			"sender":	true
		},
		"cpu_utilization_percent":	{
			"host_total":	15.986518615691125,
			"host_user":	0.57249898856664649,
			"host_system":	15.414019627124478,
			"remote_total":	22.868977753371386,
			"remote_user":	2.255375063684367,
			"remote_system":	20.613601026421261
		},
		"sender_tcp_congestion":	"cubic",
		"receiver_tcp_congestion":	"cubic"
	}
}
