{
	"start":	{
		"connected":	[{
				"socket":	5,
				"local_host":	"10.10.10.2",
				"local_port":	49016,
				"remote_host":	"10.10.10.4",
				"remote_port":	5201
			}],
		"version":	"iperf 3.9",
		"system_info":	"Linux zelda 5.10.0-18-amd64 #1 SMP Debian 5.10.140-1 (2022-09-02) x86_64",
		"timestamp":	{
			"time":	"Wed, 31 Jan 2024 01:27:30 GMT",
			"timesecs":	1706664450
		},
		"connecting_to":	{
			"host":	"10.10.10.4",
			"port":	5201
		},
		"cookie":	"upkm7pzoe7agfntvmy4jg33ttklcy4x6vbi5",
		"tcp_mss_default":	1448,
		"target_bitrate":	2000000000,
		"sock_bufsize":	0,
		"sndbuf_actual":	1000000,
		"rcvbuf_actual":	1000000,
		"test_start":	{
			"protocol":	"TCP",
			"num_streams":	1,
			"blksize":	131072,
			"omit":	0,
			"duration":	20,
			"bytes":	0,
			"blocks":	0,
			"reverse":	0,
			"tos":	0
		}
	},
	"intervals":	[{
			"streams":	[{
					"socket":	5,
					"start":	0,
					"end":	20.000087,
					"seconds":	20.000087738037109,
					"bytes":	2355625984,
					"bits_per_second":	942246260.05813348,
					"retransmits":	0,
					"snd_cwnd":	473496,
					"rtt":	2195,
					"rttvar":	152,
					"pmtu":	9000,
					"omitted":	false,
					"sender":	true
				}],
			"sum":	{
				"start":	0,
				"end":	20.000087,
				"seconds":	20.000087738037109,
				"bytes":	2355625984,
				"bits_per_second":	942246260.05813348,
				"retransmits":	0,
				"omitted":	false,
				"sender":	true
			}
		}],
	"end":	{
		"streams":	[{
				"sender":	{
					"socket":	5,
					"start":	0,
					"end":	20.000087,
					"seconds":	20.000087,
					"bytes":	2355625984,
					"bits_per_second":	942246294.82861745,
					"retransmits":	0,
					"max_snd_cwnd":	473496,
					"max_rtt":	2195,
					"min_rtt":	2195,
					"mean_rtt":	2195,
					"sender":	true
				},
				"receiver":	{
					"socket":	5,
					"start":	0,
					"end":	20.042538166046143,
					"seconds":	20.000087,
					"bytes":	2353882584,
					"bits_per_second":	939554686.93588448,
					"sender":	true
				}
			}],
		"sum_sent":	{
			"start":	0,
			"end":	20.000087,
			"seconds":	20.000087,
			"bytes":	2355625984,
			"bits_per_second":	942246294.82861745,
			"retransmits":	0,
			"sender":	true
		},
		"sum_received":	{
			"start":	0,
			"end":	20.042538166046143,
			"seconds":	20.042538166046143,
			"bytes":	2353882584,
			"bits_per_second":	939554686.93588448,
			"sender":	true
		},
		"cpu_utilization_percent":	{
			"host_total":	19.508356498669727,
			"host_user":	0.947995566514579,
			"host_system":	18.560360932155145,
			"remote_total":	25.190692963563482,
			"remote_user":	3.377569259399047,
			"remote_system":	21.813118733444707
		},
		"sender_tcp_congestion":	"cubic",
		"receiver_tcp_congestion":	"cubic"
	}
}
