{
	"start":	{
		"connected":	[{
				"socket":	5,
				"local_host":	"10.10.10.2",
				"local_port":	54476,
				"remote_host":	"10.10.10.4",
				"remote_port":	5201
			}],
		"version":	"iperf 3.9",
		"system_info":	"Linux zelda 5.10.0-18-amd64 #1 SMP Debian 5.10.140-1 (2022-09-02) x86_64",
		"timestamp":	{
			"time":	"Tue, 30 Jan 2024 21:26:26 GMT",
			"timesecs":	1706649986
		},
		"connecting_to":	{
			"host":	"10.10.10.4",
			"port":	5201
		},
		"cookie":	"kf4e3hs375olbhi22f2ljakf3qer2hgent6k",
		"tcp_mss_default":	1448,
		"target_bitrate":	9000000000,
		"sock_bufsize":	0,
		"sndbuf_actual":	1000000,
		"rcvbuf_actual":	1000000,
		"test_start":	{
			"protocol":	"TCP",
			"num_streams":	1,
			"blksize":	131072,
			"omit":	0,
			"duration":	80,
			"bytes":	0,
			"blocks":	0,
			"reverse":	0,
			"tos":	0
		}
	},
	"intervals":	[{
			"streams":	[{
					"socket":	5,
					"start":	0,
					"end":	60.000075,
					"seconds":	60.000076293945312,
					"bytes":	7063076864,
					"bits_per_second":	941742384.37930048,
					"retransmits":	0,
					"snd_cwnd":	502456,
					"rtt":	2230,
					"rttvar":	87,
					"pmtu":	9000,
					"omitted":	false,
					"sender":	true
				}],
			"sum":	{
				"start":	0,
				"end":	60.000075,
				"seconds":	60.000076293945312,
				"bytes":	7063076864,
				"bits_per_second":	941742384.37930048,
				"retransmits":	0,
				"omitted":	false,
				"sender":	true
			}
		}, {
			"streams":	[{
					"socket":	5,
					"start":	60.000075,
					"end":	80.00007,
					"seconds":	19.9999942779541,
					"bytes":	2353659904,
					"bits_per_second":	941464230.955077,
					"retransmits":	0,
					"snd_cwnd":	502456,
					"rtt":	2765,
					"rttvar":	171,
					"pmtu":	9000,
					"omitted":	false,
					"sender":	true
				}],
			"sum":	{
				"start":	60.000075,
				"end":	80.00007,
				"seconds":	19.9999942779541,
				"bytes":	2353659904,
				"bits_per_second":	941464230.955077,
				"retransmits":	0,
				"omitted":	false,
				"sender":	true
			}
		}],
	"end":	{
		"streams":	[{
				"sender":	{
					"socket":	5,
					"start":	0,
					"end":	80.00007,
					"seconds":	80.00007,
					"bytes":	9416736768,
					"bits_per_second":	941672852.836254,
					"retransmits":	0,
					"max_snd_cwnd":	502456,
					"max_rtt":	2765,
					"min_rtt":	2230,
					"mean_rtt":	2497,
					"sender":	true
				},
				"receiver":	{
					"socket":	5,
					"start":	0,
					"end":	80.0406541824341,
					"seconds":	80.00007,
					"bytes":	9414950328,
					"bits_per_second":	941016829.42678678,
					"sender":	true
				}
			}],
		"sum_sent":	{
			"start":	0,
			"end":	80.00007,
			"seconds":	80.00007,
			"bytes":	9416736768,
			"bits_per_second":	941672852.836254,
			"retransmits":	0,
			"sender":	true
		},
		"sum_received":	{
			"start":	0,
			"end":	80.0406541824341,
			"seconds":	80.0406541824341,
			"bytes":	9414950328,
			"bits_per_second":	941016829.42678678,
			"sender":	true
		},
		"cpu_utilization_percent":	{
			"host_total":	16.624009204396671,
			"host_user":	0.712070040345907,
			"host_system":	15.911940412775055,
			"remote_total":	24.134387634859571,
			"remote_user":	2.3248007432847979,
			"remote_system":	21.809585643413893
		},
		"sender_tcp_congestion":	"cubic",
		"receiver_tcp_congestion":	"cubic"
	}
}
