{
	"start":	{
		"connected":	[{
				"socket":	5,
				"local_host":	"10.10.10.2",
				"local_port":	56590,
				"remote_host":	"10.10.10.4",
				"remote_port":	5201
			}],
		"version":	"iperf 3.9",
		"system_info":	"Linux zelda 5.10.0-18-amd64 #1 SMP Debian 5.10.140-1 (2022-09-02) x86_64",
		"timestamp":	{
			"time":	"Wed, 31 Jan 2024 03:37:51 GMT",
			"timesecs":	1706672271
		},
		"connecting_to":	{
			"host":	"10.10.10.4",
			"port":	5201
		},
		"cookie":	"bjicddhgkitxmyrsqjewccj5mrejtkwdbuek",
		"tcp_mss_default":	1448,
		"target_bitrate":	3000000000,
		"sock_bufsize":	0,
		"sndbuf_actual":	1000000,
		"rcvbuf_actual":	1000000,
		"test_start":	{
			"protocol":	"TCP",
			"num_streams":	1,
			"blksize":	131072,
			"omit":	0,
			"duration":	70,
			"bytes":	0,
			"blocks":	0,
			"reverse":	0,
			"tos":	0
		}
	},
	"intervals":	[{
			"streams":	[{
					"socket":	5,
					"start":	0,
					"end":	60.000085,
					"seconds":	60.000083923339844,
					"bytes":	7063732224,
					"bits_per_second":	941829645.84184265,
					"retransmits":	0,
					"snd_cwnd":	735584,
					"rtt":	2780,
					"rttvar":	150,
					"pmtu":	9000,
					"omitted":	false,
					"sender":	true
				}],
			"sum":	{
				"start":	0,
				"end":	60.000085,
				"seconds":	60.000083923339844,
				"bytes":	7063732224,
				"bits_per_second":	941829645.84184265,
				"retransmits":	0,
				"omitted":	false,
				"sender":	true
			}
		}, {
			"streams":	[{
					"socket":	5,
					"start":	60.000085,
					"end":	70.000073,
					"seconds":	9.9999876022338867,
					"bytes":	1176895488,
					"bits_per_second":	941517557.671447,
					"retransmits":	0,
					"snd_cwnd":	735584,
					"rtt":	2765,
					"rttvar":	107,
					"pmtu":	9000,
					"omitted":	false,
					"sender":	true
				}],
			"sum":	{
				"start":	60.000085,
				"end":	70.000073,
				"seconds":	9.9999876022338867,
				"bytes":	1176895488,
				"bits_per_second":	941517557.671447,
				"retransmits":	0,
				"omitted":	false,
				"sender":	true
			}
		}],
	"end":	{
		"streams":	[{
				"sender":	{
					"socket":	5,
					"start":	0,
					"end":	70.000073,
					"seconds":	70.000073,
					"bytes":	8240627712,
					"bits_per_second":	941785042.08131325,
					"retransmits":	0,
					"max_snd_cwnd":	735584,
					"max_rtt":	2780,
					"min_rtt":	2765,
					"mean_rtt":	2772,
					"sender":	true
				},
				"receiver":	{
					"socket":	5,
					"start":	0,
					"end":	70.043313026428223,
					"seconds":	70.000073,
					"bytes":	8238137432,
					"bits_per_second":	940919219.95656,
					"sender":	true
				}
			}],
		"sum_sent":	{
			"start":	0,
			"end":	70.000073,
			"seconds":	70.000073,
			"bytes":	8240627712,
			"bits_per_second":	941785042.08131325,
			"retransmits":	0,
			"sender":	true
		},
		"sum_received":	{
			"start":	0,
			"end":	70.043313026428223,
			"seconds":	70.043313026428223,
			"bytes":	8238137432,
			"bits_per_second":	940919219.95656,
			"sender":	true
		},
		"cpu_utilization_percent":	{
			"host_total":	19.47731644051278,
			"host_user":	0.70091180715305745,
			"host_system":	18.776406060169627,
			"remote_total":	25.470984874330284,
			"remote_user":	2.20096861523109,
			"remote_system":	23.27001768517334
		},
		"sender_tcp_congestion":	"cubic",
		"receiver_tcp_congestion":	"cubic"
	}
}
