{
	"start":	{
		"connected":	[{
				"socket":	5,
				"local_host":	"10.10.10.2",
				"local_port":	41822,
				"remote_host":	"10.10.10.4",
				"remote_port":	5201
			}],
		"version":	"iperf 3.9",
		"system_info":	"Linux zelda 5.10.0-18-amd64 #1 SMP Debian 5.10.140-1 (2022-09-02) x86_64",
		"timestamp":	{
			"time":	"Wed, 31 Jan 2024 12:05:33 GMT",
			"timesecs":	1706702733
		},
		"connecting_to":	{
			"host":	"10.10.10.4",
			"port":	5201
		},
		"cookie":	"rbjptiriryuxbfiqmeotxjxb3yd5dfwlc7c2",
		"tcp_mss_default":	1448,
		"target_bitrate":	8000000000,
		"sock_bufsize":	0,
		"sndbuf_actual":	1000000,
		"rcvbuf_actual":	1000000,
		"test_start":	{
			"protocol":	"TCP",
			"num_streams":	1,
			"blksize":	131072,
			"omit":	0,
			"duration":	100,
			"bytes":	0,
			"blocks":	0,
			"reverse":	0,
			"tos":	0
		}
	},
	"intervals":	[{
			"streams":	[{
					"socket":	5,
					"start":	0,
					"end":	60.000093,
					"seconds":	60.000091552734375,
					"bytes":	7062945792,
					"bits_per_second":	941724668.6421926,
					"retransmits":	0,
					"snd_cwnd":	485080,
					"rtt":	2171,
					"rttvar":	115,
					"pmtu":	9000,
					"omitted":	false,
					"sender":	true
				}],
			"sum":	{
				"start":	0,
				"end":	60.000093,
				"seconds":	60.000091552734375,
				"bytes":	7062945792,
				"bits_per_second":	941724668.6421926,
				"retransmits":	0,
				"omitted":	false,
				"sender":	true
			}
		}, {
			"streams":	[{
					"socket":	5,
					"start":	60.000093,
					"end":	100.000074,
					"seconds":	39.999980926513672,
					"bytes":	4708237312,
					"bits_per_second":	941647911.412714,
					"retransmits":	0,
					"snd_cwnd":	718208,
					"rtt":	2733,
					"rttvar":	116,
					"pmtu":	9000,
					"omitted":	false,
					"sender":	true
				}],
			"sum":	{
				"start":	60.000093,
				"end":	100.000074,
				"seconds":	39.999980926513672,
				"bytes":	4708237312,
				"bits_per_second":	941647911.412714,
				"retransmits":	0,
				"omitted":	false,
				"sender":	true
			}
		}],
	"end":	{
		"streams":	[{
				"sender":	{
					"socket":	5,
					"start":	0,
					"end":	100.000074,
					"seconds":	100.000074,
					"bytes":	11771183104,
					"bits_per_second":	941693951.466476,
					"retransmits":	0,
					"max_snd_cwnd":	718208,
					"max_rtt":	2733,
					"min_rtt":	2171,
					"mean_rtt":	2452,
					"sender":	true
				},
				"receiver":	{
					"socket":	5,
					"start":	0,
					"end":	100.0438449382782,
					"seconds":	100.000074,
					"bytes":	11768659848,
					"bits_per_second":	941080171.81951737,
					"sender":	true
				}
			}],
		"sum_sent":	{
			"start":	0,
			"end":	100.000074,
			"seconds":	100.000074,
			"bytes":	11771183104,
			"bits_per_second":	941693951.466476,
			"retransmits":	0,
			"sender":	true
		},
		"sum_received":	{
			"start":	0,
			"end":	100.0438449382782,
			"seconds":	100.0438449382782,
			"bytes":	11768659848,
			"bits_per_second":	941080171.81951737,
			"sender":	true
		},
		"cpu_utilization_percent":	{
			"host_total":	18.749198885166873,
			"host_user":	0.77207062685319228,
			"host_system":	17.977128258313684,
			"remote_total":	24.422134162093549,
			"remote_user":	2.438367217994363,
			"remote_system":	21.983766944099187
		},
		"sender_tcp_congestion":	"cubic",
		"receiver_tcp_congestion":	"cubic"
	}
}
