{
	"start":	{
		"connected":	[{
				"socket":	5,
				"local_host":	"10.10.10.2",
				"local_port":	35088,
				"remote_host":	"10.10.10.4",
				"remote_port":	5201
			}],
		"version":	"iperf 3.9",
		"system_info":	"Linux zelda 5.10.0-18-amd64 #1 SMP Debian 5.10.140-1 (2022-09-02) x86_64",
		"timestamp":	{
			"time":	"Mon, 29 Jan 2024 01:00:09 GMT",
			"timesecs":	1706490009
		},
		"connecting_to":	{
			"host":	"10.10.10.4",
			"port":	5201
		},
		"cookie":	"ar33uurzha54aw3h734k4tv4udsdasohqhpv",
		"tcp_mss_default":	1448,
		"target_bitrate":	9000000000,
		"sock_bufsize":	0,
		"sndbuf_actual":	1000000,
		"rcvbuf_actual":	1000000,
		"test_start":	{
			"protocol":	"TCP",
			"num_streams":	1,
			"blksize":	131072,
			"omit":	0,
			"duration":	70,
			"bytes":	0,
			"blocks":	0,
			"reverse":	0,
			"tos":	0
		}
	},
	"intervals":	[{
			"streams":	[{
					"socket":	5,
					"start":	0,
					"end":	60.00006,
					"seconds":	60.00006103515625,
					"bytes":	7062552576,
					"bits_per_second":	941672718.88097441,
					"retransmits":	0,
					"snd_cwnd":	364896,
					"rtt":	1969,
					"rttvar":	214,
					"pmtu":	9000,
					"omitted":	false,
					"sender":	true
				}],
			"sum":	{
				"start":	0,
				"end":	60.00006,
				"seconds":	60.00006103515625,
				"bytes":	7062552576,
				"bits_per_second":	941672718.88097441,
				"retransmits":	0,
				"omitted":	false,
				"sender":	true
			}
		}, {
			"streams":	[{
					"socket":	5,
					"start":	60.00006,
					"end":	70.000068,
					"seconds":	10.000007629394531,
					"bytes":	1176764416,
					"bits_per_second":	941410814.560548,
					"retransmits":	0,
					"snd_cwnd":	364896,
					"rtt":	2174,
					"rttvar":	117,
					"pmtu":	9000,
					"omitted":	false,
					"sender":	true
				}],
			"sum":	{
				"start":	60.00006,
				"end":	70.000068,
				"seconds":	10.000007629394531,
				"bytes":	1176764416,
				"bits_per_second":	941410814.560548,
				"retransmits":	0,
				"omitted":	false,
				"sender":	true
			}
		}],
	"end":	{
		"streams":	[{
				"sender":	{
					"socket":	5,
					"start":	0,
					"end":	70.000068,
					"seconds":	70.000068,
					"bytes":	8239316992,
					"bits_per_second":	941635312.925696,
					"retransmits":	0,
					"max_snd_cwnd":	364896,
					"max_rtt":	2174,
					"min_rtt":	1969,
					"mean_rtt":	2071,
					"sender":	true
				},
				"receiver":	{
					"socket":	5,
					"start":	0,
					"end":	70.043370962142944,
					"seconds":	70.000068,
					"bytes":	8238030408,
					"bits_per_second":	940906217.94345021,
					"sender":	true
				}
			}],
		"sum_sent":	{
			"start":	0,
			"end":	70.000068,
			"seconds":	70.000068,
			"bytes":	8239316992,
			"bits_per_second":	941635312.925696,
			"retransmits":	0,
			"sender":	true
		},
		"sum_received":	{
			"start":	0,
			"end":	70.043370962142944,
			"seconds":	70.043370962142944,
			"bytes":	8238030408,
			"bits_per_second":	940906217.94345021,
			"sender":	true
		},
		"cpu_utilization_percent":	{
			"host_total":	4.3428353921882126,
			"host_user":	0.14814697924438464,
			"host_system":	4.19468698616256,
			"remote_total":	24.637105541937981,
			"remote_user":	2.5578711705279962,
			"remote_system":	22.079232945386494
		},
		"sender_tcp_congestion":	"cubic",
		"receiver_tcp_congestion":	"cubic"
	}
}
