{
	"start":	{
		"connected":	[{
				"socket":	5,
				"local_host":	"10.10.10.2",
				"local_port":	43182,
				"remote_host":	"10.10.10.4",
				"remote_port":	5201
			}],
		"version":	"iperf 3.9",
		"system_info":	"Linux zelda 5.10.0-18-amd64 #1 SMP Debian 5.10.140-1 (2022-09-02) x86_64",
		"timestamp":	{
			"time":	"Wed, 31 Jan 2024 12:57:08 GMT",
			"timesecs":	1706705828
		},
		"connecting_to":	{
			"host":	"10.10.10.4",
			"port":	5201
		},
		"cookie":	"evdbtjsm6dv6qcwupqr63n6hj64qz3mz4dxl",
		"tcp_mss_default":	1448,
		"target_bitrate":	9000000000,
		"sock_bufsize":	0,
		"sndbuf_actual":	1000000,
		"rcvbuf_actual":	1000000,
		"test_start":	{
			"protocol":	"TCP",
			"num_streams":	1,
			"blksize":	131072,
			"omit":	0,
			"duration":	80,
			"bytes":	0,
			"blocks":	0,
			"reverse":	0,
			"tos":	0
		}
	},
	"intervals":	[{
			"streams":	[{
					"socket":	5,
					"start":	0,
					"end":	60.000097,
					"seconds":	60.000095367431641,
					"bytes":	7063470080,
					"bits_per_second":	941794513.72460151,
					"retransmits":	0,
					"snd_cwnd":	608160,
					"rtt":	2238,
					"rttvar":	127,
					"pmtu":	9000,
					"omitted":	false,
					"sender":	true
				}],
			"sum":	{
				"start":	0,
				"end":	60.000097,
				"seconds":	60.000095367431641,
				"bytes":	7063470080,
				"bits_per_second":	941794513.72460151,
				"retransmits":	0,
				"omitted":	false,
				"sender":	true
			}
		}, {
			"streams":	[{
					"socket":	5,
					"start":	60.000097,
					"end":	80.000077,
					"seconds":	19.999980926513672,
					"bytes":	2353659904,
					"bits_per_second":	941464859.45085621,
					"retransmits":	0,
					"snd_cwnd":	608160,
					"rtt":	2729,
					"rttvar":	317,
					"pmtu":	9000,
					"omitted":	false,
					"sender":	true
				}],
			"sum":	{
				"start":	60.000097,
				"end":	80.000077,
				"seconds":	19.999980926513672,
				"bytes":	2353659904,
				"bits_per_second":	941464859.45085621,
				"retransmits":	0,
				"omitted":	false,
				"sender":	true
			}
		}],
	"end":	{
		"streams":	[{
				"sender":	{
					"socket":	5,
					"start":	0,
					"end":	80.000077,
					"seconds":	80.000077,
					"bytes":	9417129984,
					"bits_per_second":	941712092.00211143,
					"retransmits":	0,
					"max_snd_cwnd":	608160,
					"max_rtt":	2729,
					"min_rtt":	2238,
					"mean_rtt":	2483,
					"sender":	true
				},
				"receiver":	{
					"socket":	5,
					"start":	0,
					"end":	80.044737815856934,
					"seconds":	80.000077,
					"bytes":	9415021280,
					"bits_per_second":	940975912.9110297,
					"sender":	true
				}
			}],
		"sum_sent":	{
			"start":	0,
			"end":	80.000077,
			"seconds":	80.000077,
			"bytes":	9417129984,
			"bits_per_second":	941712092.00211143,
			"retransmits":	0,
			"sender":	true
		},
		"sum_received":	{
			"start":	0,
			"end":	80.044737815856934,
			"seconds":	80.044737815856934,
			"bytes":	9415021280,
			"bits_per_second":	940975912.9110297,
			"sender":	true
		},
		"cpu_utilization_percent":	{
			"host_total":	18.846648511025119,
			"host_user":	0.775439437699553,
			"host_system":	18.071207824656959,
			"remote_total":	26.722422648906214,
			"remote_user":	2.5598314237415125,
			"remote_system":	24.162589977013806
		},
		"sender_tcp_congestion":	"cubic",
		"receiver_tcp_congestion":	"cubic"
	}
}
