{
	"start":	{
		"connected":	[{
				"socket":	5,
				"local_host":	"10.10.10.2",
				"local_port":	45940,
				"remote_host":	"10.10.10.4",
				"remote_port":	5201
			}],
		"version":	"iperf 3.9",
		"system_info":	"Linux zelda 5.10.0-18-amd64 #1 SMP Debian 5.10.140-1 (2022-09-02) x86_64",
		"timestamp":	{
			"time":	"Sun, 28 Jan 2024 12:46:19 GMT",
			"timesecs":	1706445979
		},
		"connecting_to":	{
			"host":	"10.10.10.4",
			"port":	5201
		},
		"cookie":	"ru5wapohizz5qme3vgcc7z52h3mdisobvrxf",
		"tcp_mss_default":	1448,
		"target_bitrate":	1000000000,
		"sock_bufsize":	0,
		"sndbuf_actual":	1000000,
		"rcvbuf_actual":	1000000,
		"test_start":	{
			"protocol":	"TCP",
			"num_streams":	1,
			"blksize":	131072,
			"omit":	0,
			"duration":	70,
			"bytes":	0,
			"blocks":	0,
			"reverse":	0,
			"tos":	0
		}
	},
	"intervals":	[{
			"streams":	[{
					"socket":	5,
					"start":	0,
					"end":	60.00006,
					"seconds":	60.00006103515625,
					"bytes":	7062421504,
					"bits_per_second":	941655242.63208556,
					"retransmits":	0,
					"snd_cwnd":	376480,
					"rtt":	2195,
					"rttvar":	100,
					"pmtu":	9000,
					"omitted":	false,
					"sender":	true
				}],
			"sum":	{
				"start":	0,
				"end":	60.00006,
				"seconds":	60.00006103515625,
				"bytes":	7062421504,
				"bits_per_second":	941655242.63208556,
				"retransmits":	0,
				"omitted":	false,
				"sender":	true
			}
		}, {
			"streams":	[{
					"socket":	5,
					"start":	60.00006,
					"end":	70.000069,
					"seconds":	10.000008583068848,
					"bytes":	1176895488,
					"bits_per_second":	941515582.29069364,
					"retransmits":	0,
					"snd_cwnd":	376480,
					"rtt":	2178,
					"rttvar":	117,
					"pmtu":	9000,
					"omitted":	false,
					"sender":	true
				}],
			"sum":	{
				"start":	60.00006,
				"end":	70.000069,
				"seconds":	10.000008583068848,
				"bytes":	1176895488,
				"bits_per_second":	941515582.29069364,
				"retransmits":	0,
				"omitted":	false,
				"sender":	true
			}
		}],
	"end":	{
		"streams":	[{
				"sender":	{
					"socket":	5,
					"start":	0,
					"end":	70.000069,
					"seconds":	70.000069,
					"bytes":	8239316992,
					"bits_per_second":	941635299.47377634,
					"retransmits":	0,
					"max_snd_cwnd":	376480,
					"max_rtt":	2195,
					"min_rtt":	2178,
					"mean_rtt":	2186,
					"sender":	true
				},
				"receiver":	{
					"socket":	5,
					"start":	0,
					"end":	70.043736934661865,
					"seconds":	70.000069,
					"bytes":	8238003928,
					"bits_per_second":	940898277.393117,
					"sender":	true
				}
			}],
		"sum_sent":	{
			"start":	0,
			"end":	70.000069,
			"seconds":	70.000069,
			"bytes":	8239316992,
			"bits_per_second":	941635299.47377634,
			"retransmits":	0,
			"sender":	true
		},
		"sum_received":	{
			"start":	0,
			"end":	70.043736934661865,
			"seconds":	70.043736934661865,
			"bytes":	8238003928,
			"bits_per_second":	940898277.393117,
			"sender":	true
		},
		"cpu_utilization_percent":	{
			"host_total":	4.2660023852115678,
			"host_user":	0.13060690625805771,
			"host_system":	4.13539547895351,
			"remote_total":	26.355602134977868,
			"remote_user":	2.64197878056638,
			"remote_system":	23.713621928316776
		},
		"sender_tcp_congestion":	"cubic",
		"receiver_tcp_congestion":	"cubic"
	}
}
