{
	"start":	{
		"connected":	[{
				"socket":	5,
				"local_host":	"10.10.10.2",
				"local_port":	53022,
				"remote_host":	"10.10.10.4",
				"remote_port":	5201
			}],
		"version":	"iperf 3.9",
		"system_info":	"Linux zelda 5.10.0-18-amd64 #1 SMP Debian 5.10.140-1 (2022-09-02) x86_64",
		"timestamp":	{
			"time":	"Sun, 28 Jan 2024 15:05:49 GMT",
			"timesecs":	1706454349
		},
		"connecting_to":	{
			"host":	"10.10.10.4",
			"port":	5201
		},
		"cookie":	"tfyrn3musma4qmjuhth56pebet2ypxfe5f3j",
		"tcp_mss_default":	1448,
		"target_bitrate":	3000000000,
		"sock_bufsize":	0,
		"sndbuf_actual":	1000000,
		"rcvbuf_actual":	1000000,
		"test_start":	{
			"protocol":	"TCP",
			"num_streams":	1,
			"blksize":	131072,
			"omit":	0,
			"duration":	10,
			"bytes":	0,
			"blocks":	0,
			"reverse":	0,
			"tos":	0
		}
	},
	"intervals":	[{
			"streams":	[{
					"socket":	5,
					"start":	0,
					"end":	10.000068,
					"seconds":	10.000067710876465,
					"bytes":	1178337280,
					"bits_per_second":	942663441.143219,
					"retransmits":	0,
					"snd_cwnd":	364896,
					"rtt":	2171,
					"rttvar":	151,
					"pmtu":	9000,
					"omitted":	false,
					"sender":	true
				}],
			"sum":	{
				"start":	0,
				"end":	10.000068,
				"seconds":	10.000067710876465,
				"bytes":	1178337280,
				"bits_per_second":	942663441.143219,
				"retransmits":	0,
				"omitted":	false,
				"sender":	true
			}
		}],
	"end":	{
		"streams":	[{
				"sender":	{
					"socket":	5,
					"start":	0,
					"end":	10.000068,
					"seconds":	10.000068,
					"bytes":	1178337280,
					"bits_per_second":	942663413.88878548,
					"retransmits":	0,
					"max_snd_cwnd":	364896,
					"max_rtt":	2171,
					"min_rtt":	2171,
					"mean_rtt":	2171,
					"sender":	true
				},
				"receiver":	{
					"socket":	5,
					"start":	0,
					"end":	10.044401884078979,
					"seconds":	10.000068,
					"bytes":	1177091536,
					"bits_per_second":	937510505.52110267,
					"sender":	true
				}
			}],
		"sum_sent":	{
			"start":	0,
			"end":	10.000068,
			"seconds":	10.000068,
			"bytes":	1178337280,
			"bits_per_second":	942663413.88878548,
			"retransmits":	0,
			"sender":	true
		},
		"sum_received":	{
			"start":	0,
			"end":	10.044401884078979,
			"seconds":	10.044401884078979,
			"bytes":	1177091536,
			"bits_per_second":	937510505.52110267,
			"sender":	true
		},
		"cpu_utilization_percent":	{
			"host_total":	4.3026869532572984,
			"host_user":	0.31513282063557257,
			"host_system":	3.9875640483833639,
			"remote_total":	22.1392945123635,
			"remote_user":	1.934422617809737,
			"remote_system":	20.204862015019856
		},
		"sender_tcp_congestion":	"cubic",
		"receiver_tcp_congestion":	"cubic"
	}
}
