{
	"start":	{
		"connected":	[{
				"socket":	5,
				"local_host":	"10.10.10.2",
				"local_port":	45798,
				"remote_host":	"10.10.10.4",
				"remote_port":	5201
			}],
		"version":	"iperf 3.9",
		"system_info":	"Linux zelda 5.10.0-18-amd64 #1 SMP Debian 5.10.140-1 (2022-09-02) x86_64",
		"timestamp":	{
			"time":	"Wed, 31 Jan 2024 14:15:06 GMT",
			"timesecs":	1706710506
		},
		"connecting_to":	{
			"host":	"10.10.10.4",
			"port":	5201
		},
		"cookie":	"shjzowl6l5wct6yygjsgxxufpab2zv7xhpda",
		"tcp_mss_default":	1448,
		"target_bitrate":	10000000000,
		"sock_bufsize":	0,
		"sndbuf_actual":	1000000,
		"rcvbuf_actual":	1000000,
		"test_start":	{
			"protocol":	"TCP",
			"num_streams":	1,
			"blksize":	131072,
			"omit":	0,
			"duration":	60,
			"bytes":	0,
			"blocks":	0,
			"reverse":	0,
			"tos":	0
		}
	},
	"intervals":	[{
			"streams":	[{
					"socket":	5,
					"start":	0,
					"end":	60.000082,
					"seconds":	60.000080108642578,
					"bytes":	7063863296,
					"bits_per_second":	941847181.96501231,
					"retransmits":	0,
					"snd_cwnd":	703728,
					"rtt":	2770,
					"rttvar":	147,
					"pmtu":	9000,
					"omitted":	false,
					"sender":	true
				}],
			"sum":	{
				"start":	0,
				"end":	60.000082,
				"seconds":	60.000080108642578,
				"bytes":	7063863296,
				"bits_per_second":	941847181.96501231,
				"retransmits":	0,
				"omitted":	false,
				"sender":	true
			}
		}],
	"end":	{
		"streams":	[{
				"sender":	{
					"socket":	5,
					"start":	0,
					"end":	60.000082,
					"seconds":	60.000082,
					"bytes":	7063863296,
					"bits_per_second":	941847152.27555859,
					"retransmits":	0,
					"max_snd_cwnd":	703728,
					"max_rtt":	2770,
					"min_rtt":	2770,
					"mean_rtt":	2770,
					"sender":	true
				},
				"receiver":	{
					"socket":	5,
					"start":	0,
					"end":	60.044642925262451,
					"seconds":	60.000082,
					"bytes":	7061310312,
					"bits_per_second":	940808034.553785,
					"sender":	true
				}
			}],
		"sum_sent":	{
			"start":	0,
			"end":	60.000082,
			"seconds":	60.000082,
			"bytes":	7063863296,
			"bits_per_second":	941847152.27555859,
			"retransmits":	0,
			"sender":	true
		},
		"sum_received":	{
			"start":	0,
			"end":	60.044642925262451,
			"seconds":	60.044642925262451,
			"bytes":	7061310312,
			"bits_per_second":	940808034.553785,
			"sender":	true
		},
		"cpu_utilization_percent":	{
			"host_total":	19.473698601917675,
			"host_user":	0.751955191174091,
			"host_system":	18.721745074994562,
			"remote_total":	23.285210382028357,
			"remote_user":	2.6194715682697325,
			"remote_system":	20.665737150482741
		},
		"sender_tcp_congestion":	"cubic",
		"receiver_tcp_congestion":	"cubic"
	}
}
