{
	"start":	{
		"connected":	[{
				"socket":	5,
				"local_host":	"10.10.10.2",
				"local_port":	59956,
				"remote_host":	"10.10.10.4",
				"remote_port":	5201
			}],
		"version":	"iperf 3.9",
		"system_info":	"Linux zelda 5.10.0-18-amd64 #1 SMP Debian 5.10.140-1 (2022-09-02) x86_64",
		"timestamp":	{
			"time":	"Wed, 31 Jan 2024 08:45:09 GMT",
			"timesecs":	1706690709
		},
		"connecting_to":	{
			"host":	"10.10.10.4",
			"port":	5201
		},
		"cookie":	"xucugkd66ofgje7c3vgy7wwo4xz5nmxtaxqv",
		"tcp_mss_default":	1448,
		"target_bitrate":	6000000000,
		"sock_bufsize":	0,
		"sndbuf_actual":	1000000,
		"rcvbuf_actual":	1000000,
		"test_start":	{
			"protocol":	"TCP",
			"num_streams":	1,
			"blksize":	131072,
			"omit":	0,
			"duration":	90,
			"bytes":	0,
			"blocks":	0,
			"reverse":	0,
			"tos":	0
		}
	},
	"intervals":	[{
			"streams":	[{
					"socket":	5,
					"start":	0,
					"end":	60.000293,
					"seconds":	60.000293731689453,
					"bytes":	7063601152,
					"bits_per_second":	941808876.28146052,
					"retransmits":	0,
					"snd_cwnd":	629880,
					"rtt":	2690,
					"rttvar":	126,
					"pmtu":	9000,
					"omitted":	false,
					"sender":	true
				}],
			"sum":	{
				"start":	0,
				"end":	60.000293,
				"seconds":	60.000293731689453,
				"bytes":	7063601152,
				"bits_per_second":	941808876.28146052,
				"retransmits":	0,
				"omitted":	false,
				"sender":	true
			}
		}, {
			"streams":	[{
					"socket":	5,
					"start":	60.000293,
					"end":	90.000085,
					"seconds":	29.999792098999023,
					"bytes":	3530424320,
					"bits_per_second":	941453009.63410246,
					"retransmits":	0,
					"snd_cwnd":	629880,
					"rtt":	2747,
					"rttvar":	90,
					"pmtu":	9000,
					"omitted":	false,
					"sender":	true
				}],
			"sum":	{
				"start":	60.000293,
				"end":	90.000085,
				"seconds":	29.999792098999023,
				"bytes":	3530424320,
				"bits_per_second":	941453009.63410246,
				"retransmits":	0,
				"omitted":	false,
				"sender":	true
			}
		}],
	"end":	{
		"streams":	[{
				"sender":	{
					"socket":	5,
					"start":	0,
					"end":	90.000085,
					"seconds":	90.000085,
					"bytes":	10594025472,
					"bits_per_second":	941690263.69252872,
					"retransmits":	0,
					"max_snd_cwnd":	629880,
					"max_rtt":	2747,
					"min_rtt":	2690,
					"mean_rtt":	2718,
					"sender":	true
				},
				"receiver":	{
					"socket":	5,
					"start":	0,
					"end":	90.044723987579346,
					"seconds":	90.000085,
					"bytes":	10591865904,
					"bits_per_second":	941031561.64583528,
					"sender":	true
				}
			}],
		"sum_sent":	{
			"start":	0,
			"end":	90.000085,
			"seconds":	90.000085,
			"bytes":	10594025472,
			"bits_per_second":	941690263.69252872,
			"retransmits":	0,
			"sender":	true
		},
		"sum_received":	{
			"start":	0,
			"end":	90.044723987579346,
			"seconds":	90.044723987579346,
			"bytes":	10591865904,
			"bits_per_second":	941031561.64583528,
			"sender":	true
		},
		"cpu_utilization_percent":	{
			"host_total":	19.682341520180621,
			"host_user":	0.85989365072117951,
			"host_system":	18.8224500895883,
			"remote_total":	24.871225878462376,
			"remote_user":	2.3298484964841335,
			"remote_system":	22.541376272380216
		},
		"sender_tcp_congestion":	"cubic",
		"receiver_tcp_congestion":	"cubic"
	}
}
