{
	"start":	{
		"connected":	[{
				"socket":	5,
				"local_host":	"10.10.10.2",
				"local_port":	58280,
				"remote_host":	"10.10.10.4",
				"remote_port":	5201
			}],
		"version":	"iperf 3.9",
		"system_info":	"Linux zelda 5.10.0-18-amd64 #1 SMP Debian 5.10.140-1 (2022-09-02) x86_64",
		"timestamp":	{
			"time":	"Tue, 30 Jan 2024 17:38:53 GMT",
			"timesecs":	1706636333
		},
		"connecting_to":	{
			"host":	"10.10.10.4",
			"port":	5201
		},
		"cookie":	"baueri7ivxqc4cm7j345ydn6lesvbex56bfn",
		"tcp_mss_default":	1448,
		"target_bitrate":	7000000000,
		"sock_bufsize":	0,
		"sndbuf_actual":	1000000,
		"rcvbuf_actual":	1000000,
		"test_start":	{
			"protocol":	"TCP",
			"num_streams":	1,
			"blksize":	131072,
			"omit":	0,
			"duration":	30,
			"bytes":	0,
			"blocks":	0,
			"reverse":	0,
			"tos":	0
		}
	},
	"intervals":	[{
			"streams":	[{
					"socket":	5,
					"start":	0,
					"end":	30.000073,
					"seconds":	30.000072479248047,
					"bytes":	3532259328,
					"bits_per_second":	941933545.11216462,
					"retransmits":	0,
					"snd_cwnd":	440192,
					"rtt":	2231,
					"rttvar":	121,
					"pmtu":	9000,
					"omitted":	false,
					"sender":	true
				}],
			"sum":	{
				"start":	0,
				"end":	30.000073,
				"seconds":	30.000072479248047,
				"bytes":	3532259328,
				"bits_per_second":	941933545.11216462,
				"retransmits":	0,
				"omitted":	false,
				"sender":	true
			}
		}],
	"end":	{
		"streams":	[{
				"sender":	{
					"socket":	5,
					"start":	0,
					"end":	30.000073,
					"seconds":	30.000073,
					"bytes":	3532259328,
					"bits_per_second":	941933528.76174664,
					"retransmits":	0,
					"max_snd_cwnd":	440192,
					"max_rtt":	2231,
					"min_rtt":	2231,
					"mean_rtt":	2231,
					"sender":	true
				},
				"receiver":	{
					"socket":	5,
					"start":	0,
					"end":	30.043792009353638,
					"seconds":	30.000073,
					"bytes":	3530741688,
					"bits_per_second":	940158735.46209133,
					"sender":	true
				}
			}],
		"sum_sent":	{
			"start":	0,
			"end":	30.000073,
			"seconds":	30.000073,
			"bytes":	3532259328,
			"bits_per_second":	941933528.76174664,
			"retransmits":	0,
			"sender":	true
		},
		"sum_received":	{
			"start":	0,
			"end":	30.043792009353638,
			"seconds":	30.043792009353638,
			"bytes":	3530741688,
			"bits_per_second":	940158735.46209133,
			"sender":	true
		},
		"cpu_utilization_percent":	{
			"host_total":	16.1320660371398,
			"host_user":	0.57970761130505455,
			"host_system":	15.552358425834747,
			"remote_total":	22.667714936894637,
			"remote_user":	2.36807949431253,
			"remote_system":	20.2996354425821
		},
		"sender_tcp_congestion":	"cubic",
		"receiver_tcp_congestion":	"cubic"
	}
}
