{
	"start":	{
		"connected":	[{
				"socket":	5,
				"local_host":	"10.10.10.2",
				"local_port":	38312,
				"remote_host":	"10.10.10.4",
				"remote_port":	5201
			}],
		"version":	"iperf 3.9",
		"system_info":	"Linux zelda 5.10.0-18-amd64 #1 SMP Debian 5.10.140-1 (2022-09-02) x86_64",
		"timestamp":	{
			"time":	"Mon, 29 Jan 2024 01:47:06 GMT",
			"timesecs":	1706492826
		},
		"connecting_to":	{
			"host":	"10.10.10.4",
			"port":	5201
		},
		"cookie":	"2civs4wmmr2jwy6bnbqzb7uw47w6hfeimlm4",
		"tcp_mss_default":	1448,
		"target_bitrate":	9000000000,
		"sock_bufsize":	0,
		"sndbuf_actual":	1000000,
		"rcvbuf_actual":	1000000,
		"test_start":	{
			"protocol":	"TCP",
			"num_streams":	1,
			"blksize":	131072,
			"omit":	0,
			"duration":	100,
			"bytes":	0,
			"blocks":	0,
			"reverse":	0,
			"tos":	0
		}
	},
	"intervals":	[{
			"streams":	[{
					"socket":	5,
					"start":	0,
					"end":	60.00006,
					"seconds":	60.00006103515625,
					"bytes":	7062552576,
					"bits_per_second":	941672718.88097441,
					"retransmits":	0,
					"snd_cwnd":	369240,
					"rtt":	1763,
					"rttvar":	119,
					"pmtu":	9000,
					"omitted":	false,
					"sender":	true
				}],
			"sum":	{
				"start":	0,
				"end":	60.00006,
				"seconds":	60.00006103515625,
				"bytes":	7062552576,
				"bits_per_second":	941672718.88097441,
				"retransmits":	0,
				"omitted":	false,
				"sender":	true
			}
		}, {
			"streams":	[{
					"socket":	5,
					"start":	60.00006,
					"end":	100.000067,
					"seconds":	40.000007629394531,
					"bytes":	4707319808,
					"bits_per_second":	941463782.0300343,
					"retransmits":	0,
					"snd_cwnd":	369240,
					"rtt":	1749,
					"rttvar":	92,
					"pmtu":	9000,
					"omitted":	false,
					"sender":	true
				}],
			"sum":	{
				"start":	60.00006,
				"end":	100.000067,
				"seconds":	40.000007629394531,
				"bytes":	4707319808,
				"bits_per_second":	941463782.0300343,
				"retransmits":	0,
				"omitted":	false,
				"sender":	true
			}
		}],
	"end":	{
		"streams":	[{
				"sender":	{
					"socket":	5,
					"start":	0,
					"end":	100.000067,
					"seconds":	100.000067,
					"bytes":	11769872384,
					"bits_per_second":	941589159.855263,
					"retransmits":	0,
					"max_snd_cwnd":	369240,
					"max_rtt":	1763,
					"min_rtt":	1749,
					"mean_rtt":	1756,
					"sender":	true
				},
				"receiver":	{
					"socket":	5,
					"start":	0,
					"end":	100.04417896270752,
					"seconds":	100.000067,
					"bytes":	11768664192,
					"bits_per_second":	941077377.136506,
					"sender":	true
				}
			}],
		"sum_sent":	{
			"start":	0,
			"end":	100.000067,
			"seconds":	100.000067,
			"bytes":	11769872384,
			"bits_per_second":	941589159.855263,
			"retransmits":	0,
			"sender":	true
		},
		"sum_received":	{
			"start":	0,
			"end":	100.04417896270752,
			"seconds":	100.04417896270752,
			"bytes":	11768664192,
			"bits_per_second":	941077377.136506,
			"sender":	true
		},
		"cpu_utilization_percent":	{
			"host_total":	4.5568662691320654,
			"host_user":	0.1875518437219369,
			"host_system":	4.3693144254101277,
			"remote_total":	24.929564488179569,
			"remote_user":	2.4903425419485261,
			"remote_system":	22.43922194623104
		},
		"sender_tcp_congestion":	"cubic",
		"receiver_tcp_congestion":	"cubic"
	}
}
