{
	"start":	{
		"connected":	[{
				"socket":	5,
				"local_host":	"10.10.10.2",
				"local_port":	37906,
				"remote_host":	"10.10.10.4",
				"remote_port":	5201
			}],
		"version":	"iperf 3.9",
		"system_info":	"Linux zelda 5.10.0-18-amd64 #1 SMP Debian 5.10.140-1 (2022-09-02) x86_64",
		"timestamp":	{
			"time":	"Tue, 30 Jan 2024 13:55:42 GMT",
			"timesecs":	1706622942
		},
		"connecting_to":	{
			"host":	"10.10.10.4",
			"port":	5201
		},
		"cookie":	"wwxngbwwqrgirvzzlkz6jpvqmg2hdo7rknid",
		"tcp_mss_default":	1448,
		"target_bitrate":	4000000000,
		"sock_bufsize":	0,
		"sndbuf_actual":	1000000,
		"rcvbuf_actual":	1000000,
		"test_start":	{
			"protocol":	"TCP",
			"num_streams":	1,
			"blksize":	131072,
			"omit":	0,
			"duration":	80,
			"bytes":	0,
			"blocks":	0,
			"reverse":	0,
			"tos":	0
		}
	},
	"intervals":	[{
			"streams":	[{
					"socket":	5,
					"start":	0,
					"end":	60.000085,
					"seconds":	60.000083923339844,
					"bytes":	7063470080,
					"bits_per_second":	941794693.357398,
					"retransmits":	0,
					"snd_cwnd":	625536,
					"rtt":	2791,
					"rttvar":	150,
					"pmtu":	9000,
					"omitted":	false,
					"sender":	true
				}],
			"sum":	{
				"start":	0,
				"end":	60.000085,
				"seconds":	60.000083923339844,
				"bytes":	7063470080,
				"bits_per_second":	941794693.357398,
				"retransmits":	0,
				"omitted":	false,
				"sender":	true
			}
		}, {
			"streams":	[{
					"socket":	5,
					"start":	60.000085,
					"end":	80.000071,
					"seconds":	19.99998664855957,
					"bytes":	2353790976,
					"bits_per_second":	941517018.93041956,
					"retransmits":	0,
					"snd_cwnd":	625536,
					"rtt":	2261,
					"rttvar":	80,
					"pmtu":	9000,
					"omitted":	false,
					"sender":	true
				}],
			"sum":	{
				"start":	60.000085,
				"end":	80.000071,
				"seconds":	19.99998664855957,
				"bytes":	2353790976,
				"bits_per_second":	941517018.93041956,
				"retransmits":	0,
				"omitted":	false,
				"sender":	true
			}
		}],
	"end":	{
		"streams":	[{
				"sender":	{
					"socket":	5,
					"start":	0,
					"end":	80.000071,
					"seconds":	80.000071,
					"bytes":	9417261056,
					"bits_per_second":	941725269.818823,
					"retransmits":	0,
					"max_snd_cwnd":	625536,
					"max_rtt":	2791,
					"min_rtt":	2261,
					"mean_rtt":	2526,
					"sender":	true
				},
				"receiver":	{
					"socket":	5,
					"start":	0,
					"end":	80.0444657802582,
					"seconds":	80.000071,
					"bytes":	9415035424,
					"bits_per_second":	940980524.484638,
					"sender":	true
				}
			}],
		"sum_sent":	{
			"start":	0,
			"end":	80.000071,
			"seconds":	80.000071,
			"bytes":	9417261056,
			"bits_per_second":	941725269.818823,
			"retransmits":	0,
			"sender":	true
		},
		"sum_received":	{
			"start":	0,
			"end":	80.0444657802582,
			"seconds":	80.0444657802582,
			"bytes":	9415035424,
			"bits_per_second":	940980524.484638,
			"sender":	true
		},
		"cpu_utilization_percent":	{
			"host_total":	15.81811760638703,
			"host_user":	0.66128601885543037,
			"host_system":	15.1568328362141,
			"remote_total":	25.634862572245638,
			"remote_user":	2.4320046818545857,
			"remote_system":	23.202857890391051
		},
		"sender_tcp_congestion":	"cubic",
		"receiver_tcp_congestion":	"cubic"
	}
}
