{
	"start":	{
		"connected":	[{
				"socket":	5,
				"local_host":	"10.10.10.2",
				"local_port":	38416,
				"remote_host":	"10.10.10.4",
				"remote_port":	5201
			}],
		"version":	"iperf 3.9",
		"system_info":	"Linux zelda 5.10.0-18-amd64 #1 SMP Debian 5.10.140-1 (2022-09-02) x86_64",
		"timestamp":	{
			"time":	"Sun, 28 Jan 2024 19:34:00 GMT",
			"timesecs":	1706470440
		},
		"connecting_to":	{
			"host":	"10.10.10.4",
			"port":	5201
		},
		"cookie":	"mdscqoy6d7qpbnomht77ioz3oxgwa5prxtq2",
		"tcp_mss_default":	1448,
		"target_bitrate":	5000000000,
		"sock_bufsize":	0,
		"sndbuf_actual":	1000000,
		"rcvbuf_actual":	1000000,
		"test_start":	{
			"protocol":	"TCP",
			"num_streams":	1,
			"blksize":	131072,
			"omit":	0,
			"duration":	100,
			"bytes":	0,
			"blocks":	0,
			"reverse":	0,
			"tos":	0
		}
	},
	"intervals":	[{
			"streams":	[{
					"socket":	5,
					"start":	0,
					"end":	60.000059,
					"seconds":	60.000057220458984,
					"bytes":	7062552576,
					"bits_per_second":	941672778.7508564,
					"retransmits":	0,
					"snd_cwnd":	364896,
					"rtt":	2160,
					"rttvar":	106,
					"pmtu":	9000,
					"omitted":	false,
					"sender":	true
				}],
			"sum":	{
				"start":	0,
				"end":	60.000059,
				"seconds":	60.000057220458984,
				"bytes":	7062552576,
				"bits_per_second":	941672778.7508564,
				"retransmits":	0,
				"omitted":	false,
				"sender":	true
			}
		}, {
			"streams":	[{
					"socket":	5,
					"start":	60.000059,
					"end":	100.000068,
					"seconds":	40.000007629394531,
					"bytes":	4707844096,
					"bits_per_second":	941568639.61003423,
					"retransmits":	0,
					"snd_cwnd":	503904,
					"rtt":	2747,
					"rttvar":	119,
					"pmtu":	9000,
					"omitted":	false,
					"sender":	true
				}],
			"sum":	{
				"start":	60.000059,
				"end":	100.000068,
				"seconds":	40.000007629394531,
				"bytes":	4707844096,
				"bits_per_second":	941568639.61003423,
				"retransmits":	0,
				"omitted":	false,
				"sender":	true
			}
		}],
	"end":	{
		"streams":	[{
				"sender":	{
					"socket":	5,
					"start":	0,
					"end":	100.000068,
					"seconds":	100.000068,
					"bytes":	11770396672,
					"bits_per_second":	941631093.45085645,
					"retransmits":	0,
					"max_snd_cwnd":	503904,
					"max_rtt":	2747,
					"min_rtt":	2160,
					"mean_rtt":	2453,
					"sender":	true
				},
				"receiver":	{
					"socket":	5,
					"start":	0,
					"end":	100.04109883308411,
					"seconds":	100.000068,
					"bytes":	11768659848,
					"bits_per_second":	941106004.254167,
					"sender":	true
				}
			}],
		"sum_sent":	{
			"start":	0,
			"end":	100.000068,
			"seconds":	100.000068,
			"bytes":	11770396672,
			"bits_per_second":	941631093.45085645,
			"retransmits":	0,
			"sender":	true
		},
		"sum_received":	{
			"start":	0,
			"end":	100.04109883308411,
			"seconds":	100.04109883308411,
			"bytes":	11768659848,
			"bits_per_second":	941106004.254167,
			"sender":	true
		},
		"cpu_utilization_percent":	{
			"host_total":	4.70414747972994,
			"host_user":	0.19669190271761591,
			"host_system":	4.5074555770123235,
			"remote_total":	26.450651147573911,
			"remote_user":	2.53817033066977,
			"remote_system":	23.9124798181227
		},
		"sender_tcp_congestion":	"cubic",
		"receiver_tcp_congestion":	"cubic"
	}
}
