{
	"start":	{
		"connected":	[{
				"socket":	5,
				"local_host":	"10.10.10.2",
				"local_port":	43546,
				"remote_host":	"10.10.10.4",
				"remote_port":	5201
			}],
		"version":	"iperf 3.9",
		"system_info":	"Linux zelda 5.10.0-18-amd64 #1 SMP Debian 5.10.140-1 (2022-09-02) x86_64",
		"timestamp":	{
			"time":	"Sun, 28 Jan 2024 15:20:46 GMT",
			"timesecs":	1706455246
		},
		"connecting_to":	{
			"host":	"10.10.10.4",
			"port":	5201
		},
		"cookie":	"ow4i56nji7fpv3qzqvqeumlv57vnsw2xow5a",
		"tcp_mss_default":	1448,
		"target_bitrate":	3000000000,
		"sock_bufsize":	0,
		"sndbuf_actual":	1000000,
		"rcvbuf_actual":	1000000,
		"test_start":	{
			"protocol":	"TCP",
			"num_streams":	1,
			"blksize":	131072,
			"omit":	0,
			"duration":	40,
			"bytes":	0,
			"blocks":	0,
			"reverse":	0,
			"tos":	0
		}
	},
	"intervals":	[{
			"streams":	[{
					"socket":	5,
					"start":	0,
					"end":	40.000058,
					"seconds":	40.000057220458984,
					"bytes":	4708892672,
					"bits_per_second":	941777187.17692721,
					"retransmits":	0,
					"snd_cwnd":	364896,
					"rtt":	2256,
					"rttvar":	152,
					"pmtu":	9000,
					"omitted":	false,
					"sender":	true
				}],
			"sum":	{
				"start":	0,
				"end":	40.000058,
				"seconds":	40.000057220458984,
				"bytes":	4708892672,
				"bits_per_second":	941777187.17692721,
				"retransmits":	0,
				"omitted":	false,
				"sender":	true
			}
		}],
	"end":	{
		"streams":	[{
				"sender":	{
					"socket":	5,
					"start":	0,
					"end":	40.000058,
					"seconds":	40.000058,
					"bytes":	4708892672,
					"bits_per_second":	941777168.823105,
					"retransmits":	0,
					"max_snd_cwnd":	364896,
					"max_rtt":	2256,
					"min_rtt":	2256,
					"mean_rtt":	2256,
					"sender":	true
				},
				"receiver":	{
					"socket":	5,
					"start":	0,
					"end":	40.047713041305542,
					"seconds":	40.000058,
					"bytes":	4707531288,
					"bits_per_second":	940384542.43709,
					"sender":	true
				}
			}],
		"sum_sent":	{
			"start":	0,
			"end":	40.000058,
			"seconds":	40.000058,
			"bytes":	4708892672,
			"bits_per_second":	941777168.823105,
			"retransmits":	0,
			"sender":	true
		},
		"sum_received":	{
			"start":	0,
			"end":	40.047713041305542,
			"seconds":	40.047713041305542,
			"bytes":	4707531288,
			"bits_per_second":	940384542.43709,
			"sender":	true
		},
		"cpu_utilization_percent":	{
			"host_total":	4.72429588206784,
			"host_user":	0.1502314486261877,
			"host_system":	4.5740644334416514,
			"remote_total":	27.095168240245844,
			"remote_user":	2.59766544288344,
			"remote_system":	24.4975027973624
		},
		"sender_tcp_congestion":	"cubic",
		"receiver_tcp_congestion":	"cubic"
	}
}
