{
	"start":	{
		"connected":	[{
				"socket":	5,
				"local_host":	"10.10.10.2",
				"local_port":	47766,
				"remote_host":	"10.10.10.4",
				"remote_port":	5201
			}],
		"version":	"iperf 3.9",
		"system_info":	"Linux zelda 5.10.0-18-amd64 #1 SMP Debian 5.10.140-1 (2022-09-02) x86_64",
		"timestamp":	{
			"time":	"Wed, 31 Jan 2024 13:54:21 GMT",
			"timesecs":	1706709261
		},
		"connecting_to":	{
			"host":	"10.10.10.4",
			"port":	5201
		},
		"cookie":	"mue52foh5t6vd7lthwddmamwlhkicd3e2fhl",
		"tcp_mss_default":	1448,
		"target_bitrate":	10000000000,
		"sock_bufsize":	0,
		"sndbuf_actual":	1000000,
		"rcvbuf_actual":	1000000,
		"test_start":	{
			"protocol":	"TCP",
			"num_streams":	1,
			"blksize":	131072,
			"omit":	0,
			"duration":	40,
			"bytes":	0,
			"blocks":	0,
			"reverse":	0,
			"tos":	0
		}
	},
	"intervals":	[{
			"streams":	[{
					"socket":	5,
					"start":	0,
					"end":	40.000076,
					"seconds":	40.000076293945312,
					"bytes":	4709154816,
					"bits_per_second":	941829166.80342638,
					"retransmits":	0,
					"snd_cwnd":	440192,
					"rtt":	2213,
					"rttvar":	107,
					"pmtu":	9000,
					"omitted":	false,
					"sender":	true
				}],
			"sum":	{
				"start":	0,
				"end":	40.000076,
				"seconds":	40.000076293945312,
				"bytes":	4709154816,
				"bits_per_second":	941829166.80342638,
				"retransmits":	0,
				"omitted":	false,
				"sender":	true
			}
		}],
	"end":	{
		"streams":	[{
				"sender":	{
					"socket":	5,
					"start":	0,
					"end":	40.000076,
					"seconds":	40.000076,
					"bytes":	4709154816,
					"bits_per_second":	941829173.72457,
					"retransmits":	0,
					"max_snd_cwnd":	440192,
					"max_rtt":	2213,
					"min_rtt":	2213,
					"mean_rtt":	2213,
					"sender":	true
				},
				"receiver":	{
					"socket":	5,
					"start":	0,
					"end":	40.044203042984,
					"seconds":	40.000076,
					"bytes":	4707592104,
					"bits_per_second":	940479119.826019,
					"sender":	true
				}
			}],
		"sum_sent":	{
			"start":	0,
			"end":	40.000076,
			"seconds":	40.000076,
			"bytes":	4709154816,
			"bits_per_second":	941829173.72457,
			"retransmits":	0,
			"sender":	true
		},
		"sum_received":	{
			"start":	0,
			"end":	40.044203042984,
			"seconds":	40.044203042984,
			"bytes":	4707592104,
			"bits_per_second":	940479119.826019,
			"sender":	true
		},
		"cpu_utilization_percent":	{
			"host_total":	20.336314974686754,
			"host_user":	0.758128809351288,
			"host_system":	19.578186165335467,
			"remote_total":	24.752677201185623,
			"remote_user":	2.62418011897697,
			"remote_system":	22.128494589562951
		},
		"sender_tcp_congestion":	"cubic",
		"receiver_tcp_congestion":	"cubic"
	}
}
