{
	"start":	{
		"connected":	[{
				"socket":	5,
				"local_host":	"10.10.10.2",
				"local_port":	43868,
				"remote_host":	"10.10.10.4",
				"remote_port":	5201
			}],
		"version":	"iperf 3.9",
		"system_info":	"Linux zelda 5.10.0-18-amd64 #1 SMP Debian 5.10.140-1 (2022-09-02) x86_64",
		"timestamp":	{
			"time":	"Mon, 29 Jan 2024 11:13:29 GMT",
			"timesecs":	1706526809
		},
		"connecting_to":	{
			"host":	"10.10.10.4",
			"port":	5201
		},
		"cookie":	"5utaaswr6rftvo5ipg4pb2isib7wxcflyh4e",
		"tcp_mss_default":	1448,
		"target_bitrate":	1000000000,
		"sock_bufsize":	0,
		"sndbuf_actual":	1000000,
		"rcvbuf_actual":	1000000,
		"test_start":	{
			"protocol":	"TCP",
			"num_streams":	1,
			"blksize":	131072,
			"omit":	0,
			"duration":	50,
			"bytes":	0,
			"blocks":	0,
			"reverse":	0,
			"tos":	0
		}
	},
	"intervals":	[{
			"streams":	[{
					"socket":	5,
					"start":	0,
					"end":	50.000078,
					"seconds":	50.000076293945312,
					"bytes":	5886443520,
					"bits_per_second":	941829526.082193,
					"retransmits":	0,
					"snd_cwnd":	584992,
					"rtt":	2266,
					"rttvar":	114,
					"pmtu":	9000,
					"omitted":	false,
					"sender":	true
				}],
			"sum":	{
				"start":	0,
				"end":	50.000078,
				"seconds":	50.000076293945312,
				"bytes":	5886443520,
				"bits_per_second":	941829526.082193,
				"retransmits":	0,
				"omitted":	false,
				"sender":	true
			}
		}],
	"end":	{
		"streams":	[{
				"sender":	{
					"socket":	5,
					"start":	0,
					"end":	50.000078,
					"seconds":	50.000078,
					"bytes":	5886443520,
					"bits_per_second":	941829493.94598937,
					"retransmits":	0,
					"max_snd_cwnd":	584992,
					"max_rtt":	2266,
					"min_rtt":	2266,
					"mean_rtt":	2266,
					"sender":	true
				},
				"receiver":	{
					"socket":	5,
					"start":	0,
					"end":	50.04570198059082,
					"seconds":	50.000078,
					"bytes":	5884421720,
					"bits_per_second":	940647685.9542743,
					"sender":	true
				}
			}],
		"sum_sent":	{
			"start":	0,
			"end":	50.000078,
			"seconds":	50.000078,
			"bytes":	5886443520,
			"bits_per_second":	941829493.94598937,
			"retransmits":	0,
			"sender":	true
		},
		"sum_received":	{
			"start":	0,
			"end":	50.04570198059082,
			"seconds":	50.04570198059082,
			"bytes":	5884421720,
			"bits_per_second":	940647685.9542743,
			"sender":	true
		},
		"cpu_utilization_percent":	{
			"host_total":	9.140551906940825,
			"host_user":	0.21375842101921538,
			"host_system":	8.92679348592161,
			"remote_total":	25.49984775319346,
			"remote_user":	2.3587800639560283,
			"remote_system":	23.141065694127928
		},
		"sender_tcp_congestion":	"cubic",
		"receiver_tcp_congestion":	"cubic"
	}
}
