{
	"start":	{
		"connected":	[{
				"socket":	5,
				"local_host":	"10.10.10.2",
				"local_port":	40468,
				"remote_host":	"10.10.10.4",
				"remote_port":	5201
			}],
		"version":	"iperf 3.9",
		"system_info":	"Linux zelda 5.10.0-18-amd64 #1 SMP Debian 5.10.140-1 (2022-09-02) x86_64",
		"timestamp":	{
			"time":	"Tue, 30 Jan 2024 14:06:03 GMT",
			"timesecs":	1706623563
		},
		"connecting_to":	{
			"host":	"10.10.10.4",
			"port":	5201
		},
		"cookie":	"swatf5wluelbsdal6gk2ayylg43bfjeijb6l",
		"tcp_mss_default":	1448,
		"target_bitrate":	4000000000,
		"sock_bufsize":	0,
		"sndbuf_actual":	1000000,
		"rcvbuf_actual":	1000000,
		"test_start":	{
			"protocol":	"TCP",
			"num_streams":	1,
			"blksize":	131072,
			"omit":	0,
			"duration":	90,
			"bytes":	0,
			"blocks":	0,
			"reverse":	0,
			"tos":	0
		}
	},
	"intervals":	[{
			"streams":	[{
					"socket":	5,
					"start":	0,
					"end":	60.000082,
					"seconds":	60.000080108642578,
					"bytes":	7062814720,
					"bits_per_second":	941707372.01834536,
					"retransmits":	0,
					"snd_cwnd":	460464,
					"rtt":	2150,
					"rttvar":	166,
					"pmtu":	9000,
					"omitted":	false,
					"sender":	true
				}],
			"sum":	{
				"start":	0,
				"end":	60.000082,
				"seconds":	60.000080108642578,
				"bytes":	7062814720,
				"bits_per_second":	941707372.01834536,
				"retransmits":	0,
				"omitted":	false,
				"sender":	true
			}
		}, {
			"streams":	[{
					"socket":	5,
					"start":	60.000082,
					"end":	90.000073,
					"seconds":	29.999990463256836,
					"bytes":	3530555392,
					"bits_per_second":	941481737.15565073,
					"retransmits":	0,
					"snd_cwnd":	460464,
					"rtt":	2181,
					"rttvar":	91,
					"pmtu":	9000,
					"omitted":	false,
					"sender":	true
				}],
			"sum":	{
				"start":	60.000082,
				"end":	90.000073,
				"seconds":	29.999990463256836,
				"bytes":	3530555392,
				"bits_per_second":	941481737.15565073,
				"retransmits":	0,
				"omitted":	false,
				"sender":	true
			}
		}],
	"end":	{
		"streams":	[{
				"sender":	{
					"socket":	5,
					"start":	0,
					"end":	90.000073,
					"seconds":	90.000073,
					"bytes":	10593370112,
					"bits_per_second":	941632135.076157,
					"retransmits":	0,
					"max_snd_cwnd":	460464,
					"max_rtt":	2181,
					"min_rtt":	2150,
					"mean_rtt":	2165,
					"sender":	true
				},
				"receiver":	{
					"socket":	5,
					"start":	0,
					"end":	90.043782949447632,
					"seconds":	90.000073,
					"bytes":	10591805088,
					"bits_per_second":	941035993.02987528,
					"sender":	true
				}
			}],
		"sum_sent":	{
			"start":	0,
			"end":	90.000073,
			"seconds":	90.000073,
			"bytes":	10593370112,
			"bits_per_second":	941632135.076157,
			"retransmits":	0,
			"sender":	true
		},
		"sum_received":	{
			"start":	0,
			"end":	90.043782949447632,
			"seconds":	90.043782949447632,
			"bytes":	10591805088,
			"bits_per_second":	941035993.02987528,
			"sender":	true
		},
		"cpu_utilization_percent":	{
			"host_total":	16.052771362493033,
			"host_user":	0.63028190703358522,
			"host_system":	15.42249056552501,
			"remote_total":	25.098632515569761,
			"remote_user":	2.4547221650842377,
			"remote_system":	22.643910350485523
		},
		"sender_tcp_congestion":	"cubic",
		"receiver_tcp_congestion":	"cubic"
	}
}
