{
	"start":	{
		"connected":	[{
				"socket":	5,
				"local_host":	"10.10.10.2",
				"local_port":	42592,
				"remote_host":	"10.10.10.4",
				"remote_port":	5201
			}],
		"version":	"iperf 3.9",
		"system_info":	"Linux zelda 5.10.0-18-amd64 #1 SMP Debian 5.10.140-1 (2022-09-02) x86_64",
		"timestamp":	{
			"time":	"Wed, 31 Jan 2024 07:29:30 GMT",
			"timesecs":	1706686170
		},
		"connecting_to":	{
			"host":	"10.10.10.4",
			"port":	5201
		},
		"cookie":	"ew62dak52c7w3mkxnfjopqhfyu4c4d67u2in",
		"tcp_mss_default":	1448,
		"target_bitrate":	5000000000,
		"sock_bufsize":	0,
		"sndbuf_actual":	1000000,
		"rcvbuf_actual":	1000000,
		"test_start":	{
			"protocol":	"TCP",
			"num_streams":	1,
			"blksize":	131072,
			"omit":	0,
			"duration":	100,
			"bytes":	0,
			"blocks":	0,
			"reverse":	0,
			"tos":	0
		}
	},
	"intervals":	[{
			"streams":	[{
					"socket":	5,
					"start":	0,
					"end":	60.000085,
					"seconds":	60.000083923339844,
					"bytes":	7063732224,
					"bits_per_second":	941829645.84184265,
					"retransmits":	0,
					"snd_cwnd":	779024,
					"rtt":	3271,
					"rttvar":	179,
					"pmtu":	9000,
					"omitted":	false,
					"sender":	true
				}],
			"sum":	{
				"start":	0,
				"end":	60.000085,
				"seconds":	60.000083923339844,
				"bytes":	7063732224,
				"bits_per_second":	941829645.84184265,
				"retransmits":	0,
				"omitted":	false,
				"sender":	true
			}
		}, {
			"streams":	[{
					"socket":	5,
					"start":	60.000085,
					"end":	100.000074,
					"seconds":	39.9999885559082,
					"bytes":	4707450880,
					"bits_per_second":	941490445.362577,
					"retransmits":	0,
					"snd_cwnd":	779024,
					"rtt":	2815,
					"rttvar":	152,
					"pmtu":	9000,
					"omitted":	false,
					"sender":	true
				}],
			"sum":	{
				"start":	60.000085,
				"end":	100.000074,
				"seconds":	39.9999885559082,
				"bytes":	4707450880,
				"bits_per_second":	941490445.362577,
				"retransmits":	0,
				"omitted":	false,
				"sender":	true
			}
		}],
	"end":	{
		"streams":	[{
				"sender":	{
					"socket":	5,
					"start":	0,
					"end":	100.000074,
					"seconds":	100.000074,
					"bytes":	11771183104,
					"bits_per_second":	941693951.466476,
					"retransmits":	0,
					"max_snd_cwnd":	779024,
					"max_rtt":	3271,
					"min_rtt":	2815,
					"mean_rtt":	3043,
					"sender":	true
				},
				"receiver":	{
					"socket":	5,
					"start":	0,
					"end":	100.04164695739746,
					"seconds":	100.000074,
					"bytes":	11768646480,
					"bits_per_second":	941099778.97598231,
					"sender":	true
				}
			}],
		"sum_sent":	{
			"start":	0,
			"end":	100.000074,
			"seconds":	100.000074,
			"bytes":	11771183104,
			"bits_per_second":	941693951.466476,
			"retransmits":	0,
			"sender":	true
		},
		"sum_received":	{
			"start":	0,
			"end":	100.04164695739746,
			"seconds":	100.04164695739746,
			"bytes":	11768646480,
			"bits_per_second":	941099778.97598231,
			"sender":	true
		},
		"cpu_utilization_percent":	{
			"host_total":	18.570736869303371,
			"host_user":	0.79285207070794361,
			"host_system":	17.777884798595426,
			"remote_total":	25.9165217649086,
			"remote_user":	2.593644916926765,
			"remote_system":	23.322875849164522
		},
		"sender_tcp_congestion":	"cubic",
		"receiver_tcp_congestion":	"cubic"
	}
}
