{
	"start":	{
		"connected":	[{
				"socket":	5,
				"local_host":	"10.10.10.2",
				"local_port":	58732,
				"remote_host":	"10.10.10.4",
				"remote_port":	5201
			}],
		"version":	"iperf 3.9",
		"system_info":	"Linux zelda 5.10.0-18-amd64 #1 SMP Debian 5.10.140-1 (2022-09-02) x86_64",
		"timestamp":	{
			"time":	"Mon, 29 Jan 2024 17:14:01 GMT",
			"timesecs":	1706548441
		},
		"connecting_to":	{
			"host":	"10.10.10.4",
			"port":	5201
		},
		"cookie":	"s733twjghjz64phv4f5l7qvlelctittkp6cq",
		"tcp_mss_default":	1448,
		"target_bitrate":	5000000000,
		"sock_bufsize":	0,
		"sndbuf_actual":	1000000,
		"rcvbuf_actual":	1000000,
		"test_start":	{
			"protocol":	"TCP",
			"num_streams":	1,
			"blksize":	131072,
			"omit":	0,
			"duration":	40,
			"bytes":	0,
			"blocks":	0,
			"reverse":	0,
			"tos":	0
		}
	},
	"intervals":	[{
			"streams":	[{
					"socket":	5,
					"start":	0,
					"end":	40.000103,
					"seconds":	40.000102996826172,
					"bytes":	4709416960,
					"bits_per_second":	941880966.731245,
					"retransmits":	0,
					"snd_cwnd":	499560,
					"rtt":	2297,
					"rttvar":	94,
					"pmtu":	9000,
					"omitted":	false,
					"sender":	true
				}],
			"sum":	{
				"start":	0,
				"end":	40.000103,
				"seconds":	40.000102996826172,
				"bytes":	4709416960,
				"bits_per_second":	941880966.731245,
				"retransmits":	0,
				"omitted":	false,
				"sender":	true
			}
		}],
	"end":	{
		"streams":	[{
				"sender":	{
					"socket":	5,
					"start":	0,
					"end":	40.000103,
					"seconds":	40.000103,
					"bytes":	4709416960,
					"bits_per_second":	941880966.656511,
					"retransmits":	0,
					"max_snd_cwnd":	499560,
					"max_rtt":	2297,
					"min_rtt":	2297,
					"mean_rtt":	2297,
					"sender":	true
				},
				"receiver":	{
					"socket":	5,
					"start":	0,
					"end":	40.043658018112183,
					"seconds":	40.000103,
					"bytes":	4707597896,
					"bits_per_second":	940493077.604589,
					"sender":	true
				}
			}],
		"sum_sent":	{
			"start":	0,
			"end":	40.000103,
			"seconds":	40.000103,
			"bytes":	4709416960,
			"bits_per_second":	941880966.656511,
			"retransmits":	0,
			"sender":	true
		},
		"sum_received":	{
			"start":	0,
			"end":	40.043658018112183,
			"seconds":	40.043658018112183,
			"bytes":	4707597896,
			"bits_per_second":	940493077.604589,
			"sender":	true
		},
		"cpu_utilization_percent":	{
			"host_total":	8.86314462899096,
			"host_user":	0.24497684705485323,
			"host_system":	8.61817277123045,
			"remote_total":	23.47790108885059,
			"remote_user":	2.3804929341008281,
			"remote_system":	21.097408154749761
		},
		"sender_tcp_congestion":	"cubic",
		"receiver_tcp_congestion":	"cubic"
	}
}
