{
	"start":	{
		"connected":	[{
				"socket":	5,
				"local_host":	"10.10.10.2",
				"local_port":	39202,
				"remote_host":	"10.10.10.4",
				"remote_port":	5201
			}],
		"version":	"iperf 3.9",
		"system_info":	"Linux zelda 5.10.0-18-amd64 #1 SMP Debian 5.10.140-1 (2022-09-02) x86_64",
		"timestamp":	{
			"time":	"Sun, 28 Jan 2024 16:39:02 GMT",
			"timesecs":	1706459942
		},
		"connecting_to":	{
			"host":	"10.10.10.4",
			"port":	5201
		},
		"cookie":	"ulhbvyeh3dr7ylhlxmjh6x6zy3xb3a3x5yri",
		"tcp_mss_default":	1448,
		"target_bitrate":	4000000000,
		"sock_bufsize":	0,
		"sndbuf_actual":	1000000,
		"rcvbuf_actual":	1000000,
		"test_start":	{
			"protocol":	"TCP",
			"num_streams":	1,
			"blksize":	131072,
			"omit":	0,
			"duration":	20,
			"bytes":	0,
			"blocks":	0,
			"reverse":	0,
			"tos":	0
		}
	},
	"intervals":	[{
			"streams":	[{
					"socket":	5,
					"start":	0,
					"end":	20.000067,
					"seconds":	20.000066757202148,
					"bytes":	2355101696,
					"bits_per_second":	942037534.01049554,
					"retransmits":	0,
					"snd_cwnd":	366344,
					"rtt":	1735,
					"rttvar":	95,
					"pmtu":	9000,
					"omitted":	false,
					"sender":	true
				}],
			"sum":	{
				"start":	0,
				"end":	20.000067,
				"seconds":	20.000066757202148,
				"bytes":	2355101696,
				"bits_per_second":	942037534.01049554,
				"retransmits":	0,
				"omitted":	false,
				"sender":	true
			}
		}],
	"end":	{
		"streams":	[{
				"sender":	{
					"socket":	5,
					"start":	0,
					"end":	20.000067,
					"seconds":	20.000067,
					"bytes":	2355101696,
					"bits_per_second":	942037522.57429934,
					"retransmits":	0,
					"max_snd_cwnd":	366344,
					"max_rtt":	1735,
					"min_rtt":	1735,
					"mean_rtt":	1735,
					"sender":	true
				},
				"receiver":	{
					"socket":	5,
					"start":	0,
					"end":	20.044330835342407,
					"seconds":	20.000067,
					"bytes":	2353892720,
					"bits_per_second":	939474703.081467,
					"sender":	true
				}
			}],
		"sum_sent":	{
			"start":	0,
			"end":	20.000067,
			"seconds":	20.000067,
			"bytes":	2355101696,
			"bits_per_second":	942037522.57429934,
			"retransmits":	0,
			"sender":	true
		},
		"sum_received":	{
			"start":	0,
			"end":	20.044330835342407,
			"seconds":	20.044330835342407,
			"bytes":	2353892720,
			"bits_per_second":	939474703.081467,
			"sender":	true
		},
		"cpu_utilization_percent":	{
			"host_total":	4.1689997419346616,
			"host_user":	0.19213521986529628,
			"host_system":	3.9768645220693655,
			"remote_total":	26.699767450480742,
			"remote_user":	2.79936912210246,
			"remote_system":	23.900398328378287
		},
		"sender_tcp_congestion":	"cubic",
		"receiver_tcp_congestion":	"cubic"
	}
}
