{
	"start":	{
		"connected":	[{
				"socket":	5,
				"local_host":	"10.10.10.2",
				"local_port":	46910,
				"remote_host":	"10.10.10.4",
				"remote_port":	5201
			}],
		"version":	"iperf 3.9",
		"system_info":	"Linux zelda 5.10.0-18-amd64 #1 SMP Debian 5.10.140-1 (2022-09-02) x86_64",
		"timestamp":	{
			"time":	"Tue, 30 Jan 2024 22:09:12 GMT",
			"timesecs":	1706652552
		},
		"connecting_to":	{
			"host":	"10.10.10.4",
			"port":	5201
		},
		"cookie":	"765r55oc3ouowtm64ndqdg7vrcfdjvsmcnrr",
		"tcp_mss_default":	1448,
		"target_bitrate":	10000000000,
		"sock_bufsize":	0,
		"sndbuf_actual":	1000000,
		"rcvbuf_actual":	1000000,
		"test_start":	{
			"protocol":	"TCP",
			"num_streams":	1,
			"blksize":	131072,
			"omit":	0,
			"duration":	10,
			"bytes":	0,
			"blocks":	0,
			"reverse":	0,
			"tos":	0
		}
	},
	"intervals":	[{
			"streams":	[{
					"socket":	5,
					"start":	0,
					"end":	10.00008,
					"seconds":	10.000080108642578,
					"bytes":	1178468352,
					"bits_per_second":	942767129.220501,
					"retransmits":	0,
					"snd_cwnd":	402544,
					"rtt":	2229,
					"rttvar":	146,
					"pmtu":	9000,
					"omitted":	false,
					"sender":	true
				}],
			"sum":	{
				"start":	0,
				"end":	10.00008,
				"seconds":	10.000080108642578,
				"bytes":	1178468352,
				"bits_per_second":	942767129.220501,
				"retransmits":	0,
				"omitted":	false,
				"sender":	true
			}
		}],
	"end":	{
		"streams":	[{
				"sender":	{
					"socket":	5,
					"start":	0,
					"end":	10.00008,
					"seconds":	10.00008,
					"bytes":	1178468352,
					"bits_per_second":	942767139.46288431,
					"retransmits":	0,
					"max_snd_cwnd":	402544,
					"max_rtt":	2229,
					"min_rtt":	2229,
					"mean_rtt":	2229,
					"sender":	true
				},
				"receiver":	{
					"socket":	5,
					"start":	0,
					"end":	10.040632009506226,
					"seconds":	10.00008,
					"bytes":	1177030720,
					"bits_per_second":	937814049.06433463,
					"sender":	true
				}
			}],
		"sum_sent":	{
			"start":	0,
			"end":	10.00008,
			"seconds":	10.00008,
			"bytes":	1178468352,
			"bits_per_second":	942767139.46288431,
			"retransmits":	0,
			"sender":	true
		},
		"sum_received":	{
			"start":	0,
			"end":	10.040632009506226,
			"seconds":	10.040632009506226,
			"bytes":	1177030720,
			"bits_per_second":	937814049.06433463,
			"sender":	true
		},
		"cpu_utilization_percent":	{
			"host_total":	16.572619597839434,
			"host_user":	1.0281139474775205,
			"host_system":	15.544515568497621,
			"remote_total":	22.579789110881944,
			"remote_user":	2.7570797967212819,
			"remote_system":	19.822709314160662
		},
		"sender_tcp_congestion":	"cubic",
		"receiver_tcp_congestion":	"cubic"
	}
}
