{
	"start":	{
		"connected":	[{
				"socket":	5,
				"local_host":	"10.10.10.2",
				"local_port":	39340,
				"remote_host":	"10.10.10.4",
				"remote_port":	5201
			}],
		"version":	"iperf 3.9",
		"system_info":	"Linux zelda 5.10.0-18-amd64 #1 SMP Debian 5.10.140-1 (2022-09-02) x86_64",
		"timestamp":	{
			"time":	"Sun, 28 Jan 2024 20:17:04 GMT",
			"timesecs":	1706473024
		},
		"connecting_to":	{
			"host":	"10.10.10.4",
			"port":	5201
		},
		"cookie":	"metykpq3zn5faxerqm32hhvvprugkdy6xfdy",
		"tcp_mss_default":	1448,
		"target_bitrate":	6000000000,
		"sock_bufsize":	0,
		"sndbuf_actual":	1000000,
		"rcvbuf_actual":	1000000,
		"test_start":	{
			"protocol":	"TCP",
			"num_streams":	1,
			"blksize":	131072,
			"omit":	0,
			"duration":	70,
			"bytes":	0,
			"blocks":	0,
			"reverse":	0,
			"tos":	0
		}
	},
	"intervals":	[{
			"streams":	[{
					"socket":	5,
					"start":	0,
					"end":	60.00006,
					"seconds":	60.00006103515625,
					"bytes":	7062814720,
					"bits_per_second":	941707671.37875223,
					"retransmits":	0,
					"snd_cwnd":	434400,
					"rtt":	2192,
					"rttvar":	93,
					"pmtu":	9000,
					"omitted":	false,
					"sender":	true
				}],
			"sum":	{
				"start":	0,
				"end":	60.00006,
				"seconds":	60.00006103515625,
				"bytes":	7062814720,
				"bits_per_second":	941707671.37875223,
				"retransmits":	0,
				"omitted":	false,
				"sender":	true
			}
		}, {
			"streams":	[{
					"socket":	5,
					"start":	60.00006,
					"end":	70.000067,
					"seconds":	10.000006675720215,
					"bytes":	1176764416,
					"bits_per_second":	941410904.34041953,
					"retransmits":	0,
					"snd_cwnd":	434400,
					"rtt":	2229,
					"rttvar":	143,
					"pmtu":	9000,
					"omitted":	false,
					"sender":	true
				}],
			"sum":	{
				"start":	60.00006,
				"end":	70.000067,
				"seconds":	10.000006675720215,
				"bytes":	1176764416,
				"bits_per_second":	941410904.34041953,
				"retransmits":	0,
				"omitted":	false,
				"sender":	true
			}
		}],
	"end":	{
		"streams":	[{
				"sender":	{
					"socket":	5,
					"start":	0,
					"end":	70.000067,
					"seconds":	70.000067,
					"bytes":	8239579136,
					"bits_per_second":	941665285.6632266,
					"retransmits":	0,
					"max_snd_cwnd":	434400,
					"max_rtt":	2229,
					"min_rtt":	2192,
					"mean_rtt":	2210,
					"sender":	true
				},
				"receiver":	{
					"socket":	5,
					"start":	0,
					"end":	70.0408580303192,
					"seconds":	70.000067,
					"bytes":	8238101360,
					"bits_per_second":	940948079.92602253,
					"sender":	true
				}
			}],
		"sum_sent":	{
			"start":	0,
			"end":	70.000067,
			"seconds":	70.000067,
			"bytes":	8239579136,
			"bits_per_second":	941665285.6632266,
			"retransmits":	0,
			"sender":	true
		},
		"sum_received":	{
			"start":	0,
			"end":	70.0408580303192,
			"seconds":	70.0408580303192,
			"bytes":	8238101360,
			"bits_per_second":	940948079.92602253,
			"sender":	true
		},
		"cpu_utilization_percent":	{
			"host_total":	4.5193664057353731,
			"host_user":	0.25491518803111018,
			"host_system":	4.2644512177042628,
			"remote_total":	26.430141801573175,
			"remote_user":	2.6334249873876323,
			"remote_system":	23.796716814185544
		},
		"sender_tcp_congestion":	"cubic",
		"receiver_tcp_congestion":	"cubic"
	}
}
