{
	"start":	{
		"connected":	[{
				"socket":	5,
				"local_host":	"10.10.10.2",
				"local_port":	41448,
				"remote_host":	"10.10.10.4",
				"remote_port":	5201
			}],
		"version":	"iperf 3.9",
		"system_info":	"Linux zelda 5.10.0-18-amd64 #1 SMP Debian 5.10.140-1 (2022-09-02) x86_64",
		"timestamp":	{
			"time":	"Tue, 30 Jan 2024 22:54:36 GMT",
			"timesecs":	1706655276
		},
		"connecting_to":	{
			"host":	"10.10.10.4",
			"port":	5201
		},
		"cookie":	"djwxc7wbicszlwwy6biogtwe6eszekofgiyf",
		"tcp_mss_default":	1448,
		"target_bitrate":	10000000000,
		"sock_bufsize":	0,
		"sndbuf_actual":	1000000,
		"rcvbuf_actual":	1000000,
		"test_start":	{
			"protocol":	"TCP",
			"num_streams":	1,
			"blksize":	131072,
			"omit":	0,
			"duration":	70,
			"bytes":	0,
			"blocks":	0,
			"reverse":	0,
			"tos":	0
		}
	},
	"intervals":	[{
			"streams":	[{
					"socket":	5,
					"start":	0,
					"end":	60.000088,
					"seconds":	60.0000877380371,
					"bytes":	7063470080,
					"bits_per_second":	941794633.47979164,
					"retransmits":	0,
					"snd_cwnd":	624088,
					"rtt":	2710,
					"rttvar":	117,
					"pmtu":	9000,
					"omitted":	false,
					"sender":	true
				}],
			"sum":	{
				"start":	0,
				"end":	60.000088,
				"seconds":	60.0000877380371,
				"bytes":	7063470080,
				"bits_per_second":	941794633.47979164,
				"retransmits":	0,
				"omitted":	false,
				"sender":	true
			}
		}, {
			"streams":	[{
					"socket":	5,
					"start":	60.000088,
					"end":	70.000075,
					"seconds":	9.99998664855957,
					"bytes":	1176895488,
					"bits_per_second":	941517647.46167839,
					"retransmits":	0,
					"snd_cwnd":	624088,
					"rtt":	2752,
					"rttvar":	155,
					"pmtu":	9000,
					"omitted":	false,
					"sender":	true
				}],
			"sum":	{
				"start":	60.000088,
				"end":	70.000075,
				"seconds":	9.99998664855957,
				"bytes":	1176895488,
				"bits_per_second":	941517647.46167839,
				"retransmits":	0,
				"omitted":	false,
				"sender":	true
			}
		}],
	"end":	{
		"streams":	[{
				"sender":	{
					"socket":	5,
					"start":	0,
					"end":	70.000075,
					"seconds":	70.000075,
					"bytes":	8240365568,
					"bits_per_second":	941755055.8910116,
					"retransmits":	0,
					"max_snd_cwnd":	624088,
					"max_rtt":	2752,
					"min_rtt":	2710,
					"mean_rtt":	2731,
					"sender":	true
				},
				"receiver":	{
					"socket":	5,
					"start":	0,
					"end":	70.041385889053345,
					"seconds":	70.000075,
					"bytes":	8238160728,
					"bits_per_second":	940947769.48581529,
					"sender":	true
				}
			}],
		"sum_sent":	{
			"start":	0,
			"end":	70.000075,
			"seconds":	70.000075,
			"bytes":	8240365568,
			"bits_per_second":	941755055.8910116,
			"retransmits":	0,
			"sender":	true
		},
		"sum_received":	{
			"start":	0,
			"end":	70.041385889053345,
			"seconds":	70.041385889053345,
			"bytes":	8238160728,
			"bits_per_second":	940947769.48581529,
			"sender":	true
		},
		"cpu_utilization_percent":	{
			"host_total":	16.163076133954078,
			"host_user":	0.62716189842716252,
			"host_system":	15.53591566239308,
			"remote_total":	23.328669746133588,
			"remote_user":	2.2664374905347615,
			"remote_system":	21.062230829439908
		},
		"sender_tcp_congestion":	"cubic",
		"receiver_tcp_congestion":	"cubic"
	}
}
