{
	"start":	{
		"connected":	[{
				"socket":	5,
				"local_host":	"10.10.10.2",
				"local_port":	45216,
				"remote_host":	"10.10.10.4",
				"remote_port":	5201
			}],
		"version":	"iperf 3.9",
		"system_info":	"Linux zelda 5.10.0-18-amd64 #1 SMP Debian 5.10.140-1 (2022-09-02) x86_64",
		"timestamp":	{
			"time":	"Tue, 30 Jan 2024 20:59:31 GMT",
			"timesecs":	1706648371
		},
		"connecting_to":	{
			"host":	"10.10.10.4",
			"port":	5201
		},
		"cookie":	"b2u6ncw5xknkfhdiiq5pc6rjygsnl4oqcui5",
		"tcp_mss_default":	1448,
		"target_bitrate":	9000000000,
		"sock_bufsize":	0,
		"sndbuf_actual":	1000000,
		"rcvbuf_actual":	1000000,
		"test_start":	{
			"protocol":	"TCP",
			"num_streams":	1,
			"blksize":	131072,
			"omit":	0,
			"duration":	50,
			"bytes":	0,
			"blocks":	0,
			"reverse":	0,
			"tos":	0
		}
	},
	"intervals":	[{
			"streams":	[{
					"socket":	5,
					"start":	0,
					"end":	50.000075,
					"seconds":	50.000076293945312,
					"bytes":	5886705664,
					"bits_per_second":	941871469.058193,
					"retransmits":	0,
					"snd_cwnd":	629880,
					"rtt":	2735,
					"rttvar":	95,
					"pmtu":	9000,
					"omitted":	false,
					"sender":	true
				}],
			"sum":	{
				"start":	0,
				"end":	50.000075,
				"seconds":	50.000076293945312,
				"bytes":	5886705664,
				"bits_per_second":	941871469.058193,
				"retransmits":	0,
				"omitted":	false,
				"sender":	true
			}
		}],
	"end":	{
		"streams":	[{
				"sender":	{
					"socket":	5,
					"start":	0,
					"end":	50.000075,
					"seconds":	50.000075,
					"bytes":	5886705664,
					"bits_per_second":	941871493.43275976,
					"retransmits":	0,
					"max_snd_cwnd":	629880,
					"max_rtt":	2735,
					"min_rtt":	2735,
					"mean_rtt":	2735,
					"sender":	true
				},
				"receiver":	{
					"socket":	5,
					"start":	0,
					"end":	50.044953107833862,
					"seconds":	50.000075,
					"bytes":	5884527616,
					"bits_per_second":	940678689.94827473,
					"sender":	true
				}
			}],
		"sum_sent":	{
			"start":	0,
			"end":	50.000075,
			"seconds":	50.000075,
			"bytes":	5886705664,
			"bits_per_second":	941871493.43275976,
			"retransmits":	0,
			"sender":	true
		},
		"sum_received":	{
			"start":	0,
			"end":	50.044953107833862,
			"seconds":	50.044953107833862,
			"bytes":	5884527616,
			"bits_per_second":	940678689.94827473,
			"sender":	true
		},
		"cpu_utilization_percent":	{
			"host_total":	16.463484649413758,
			"host_user":	0.618260255911488,
			"host_system":	15.845226390112229,
			"remote_total":	24.842827937676638,
			"remote_user":	2.3323623536948683,
			"remote_system":	22.51046358872247
		},
		"sender_tcp_congestion":	"cubic",
		"receiver_tcp_congestion":	"cubic"
	}
}
