{
	"start":	{
		"connected":	[{
				"socket":	5,
				"local_host":	"10.10.10.2",
				"local_port":	39860,
				"remote_host":	"10.10.10.4",
				"remote_port":	5201
			}],
		"version":	"iperf 3.9",
		"system_info":	"Linux zelda 5.10.0-18-amd64 #1 SMP Debian 5.10.140-1 (2022-09-02) x86_64",
		"timestamp":	{
			"time":	"Mon, 29 Jan 2024 14:14:00 GMT",
			"timesecs":	1706537640
		},
		"connecting_to":	{
			"host":	"10.10.10.4",
			"port":	5201
		},
		"cookie":	"kdcqwl3virw2aunbzv34inyut7zrbonoymqw",
		"tcp_mss_default":	1448,
		"target_bitrate":	3000000000,
		"sock_bufsize":	0,
		"sndbuf_actual":	1000000,
		"rcvbuf_actual":	1000000,
		"test_start":	{
			"protocol":	"TCP",
			"num_streams":	1,
			"blksize":	131072,
			"omit":	0,
			"duration":	40,
			"bytes":	0,
			"blocks":	0,
			"reverse":	0,
			"tos":	0
		}
	},
	"intervals":	[{
			"streams":	[{
					"socket":	5,
					"start":	0,
					"end":	40.000079,
					"seconds":	40.000080108642578,
					"bytes":	4709679104,
					"bits_per_second":	941933934.373778,
					"retransmits":	0,
					"snd_cwnd":	583544,
					"rtt":	2263,
					"rttvar":	142,
					"pmtu":	9000,
					"omitted":	false,
					"sender":	true
				}],
			"sum":	{
				"start":	0,
				"end":	40.000079,
				"seconds":	40.000080108642578,
				"bytes":	4709679104,
				"bits_per_second":	941933934.373778,
				"retransmits":	0,
				"omitted":	false,
				"sender":	true
			}
		}],
	"end":	{
		"streams":	[{
				"sender":	{
					"socket":	5,
					"start":	0,
					"end":	40.000079,
					"seconds":	40.000079,
					"bytes":	4709679104,
					"bits_per_second":	941933960.480428,
					"retransmits":	0,
					"max_snd_cwnd":	583544,
					"max_rtt":	2263,
					"min_rtt":	2263,
					"mean_rtt":	2263,
					"sender":	true
				},
				"receiver":	{
					"socket":	5,
					"start":	0,
					"end":	40.044349908828735,
					"seconds":	40.000079,
					"bytes":	4707661608,
					"bits_per_second":	940489555.94848263,
					"sender":	true
				}
			}],
		"sum_sent":	{
			"start":	0,
			"end":	40.000079,
			"seconds":	40.000079,
			"bytes":	4709679104,
			"bits_per_second":	941933960.480428,
			"retransmits":	0,
			"sender":	true
		},
		"sum_received":	{
			"start":	0,
			"end":	40.044349908828735,
			"seconds":	40.044349908828735,
			"bytes":	4707661608,
			"bits_per_second":	940489555.94848263,
			"sender":	true
		},
		"cpu_utilization_percent":	{
			"host_total":	9.3875808239258856,
			"host_user":	0.30202022613498752,
			"host_system":	9.0855655870568661,
			"remote_total":	23.048034946252237,
			"remote_user":	2.34396664168811,
			"remote_system":	20.704068304564128
		},
		"sender_tcp_congestion":	"cubic",
		"receiver_tcp_congestion":	"cubic"
	}
}
