{
	"start":	{
		"connected":	[{
				"socket":	5,
				"local_host":	"10.10.10.2",
				"local_port":	45462,
				"remote_host":	"10.10.10.4",
				"remote_port":	5201
			}],
		"version":	"iperf 3.9",
		"system_info":	"Linux zelda 5.10.0-18-amd64 #1 SMP Debian 5.10.140-1 (2022-09-02) x86_64",
		"timestamp":	{
			"time":	"Mon, 29 Jan 2024 23:12:11 GMT",
			"timesecs":	1706569931
		},
		"connecting_to":	{
			"host":	"10.10.10.4",
			"port":	5201
		},
		"cookie":	"dmseofzg7o4ctoujgc75s2ngwyrqcxjmu6iy",
		"tcp_mss_default":	1448,
		"target_bitrate":	9000000000,
		"sock_bufsize":	0,
		"sndbuf_actual":	1000000,
		"rcvbuf_actual":	1000000,
		"test_start":	{
			"protocol":	"TCP",
			"num_streams":	1,
			"blksize":	131072,
			"omit":	0,
			"duration":	10,
			"bytes":	0,
			"blocks":	0,
			"reverse":	0,
			"tos":	0
		}
	},
	"intervals":	[{
			"streams":	[{
					"socket":	5,
					"start":	0,
					"end":	10.000076,
					"seconds":	10.000076293945312,
					"bytes":	1178337280,
					"bits_per_second":	942662632.05487,
					"retransmits":	0,
					"snd_cwnd":	363448,
					"rtt":	1984,
					"rttvar":	200,
					"pmtu":	9000,
					"omitted":	false,
					"sender":	true
				}],
			"sum":	{
				"start":	0,
				"end":	10.000076,
				"seconds":	10.000076293945312,
				"bytes":	1178337280,
				"bits_per_second":	942662632.05487,
				"retransmits":	0,
				"omitted":	false,
				"sender":	true
			}
		}],
	"end":	{
		"streams":	[{
				"sender":	{
					"socket":	5,
					"start":	0,
					"end":	10.000076,
					"seconds":	10.000076,
					"bytes":	1178337280,
					"bits_per_second":	942662659.763786,
					"retransmits":	0,
					"max_snd_cwnd":	363448,
					"max_rtt":	1984,
					"min_rtt":	1984,
					"mean_rtt":	1984,
					"sender":	true
				},
				"receiver":	{
					"socket":	5,
					"start":	0,
					"end":	10.044360160827637,
					"seconds":	10.000076,
					"bytes":	1177101672,
					"bits_per_second":	937522472.83256233,
					"sender":	true
				}
			}],
		"sum_sent":	{
			"start":	0,
			"end":	10.000076,
			"seconds":	10.000076,
			"bytes":	1178337280,
			"bits_per_second":	942662659.763786,
			"retransmits":	0,
			"sender":	true
		},
		"sum_received":	{
			"start":	0,
			"end":	10.044360160827637,
			"seconds":	10.044360160827637,
			"bytes":	1177101672,
			"bits_per_second":	937522472.83256233,
			"sender":	true
		},
		"cpu_utilization_percent":	{
			"host_total":	7.3999702801291143,
			"host_user":	0.37231127113711815,
			"host_system":	7.0276788354568964,
			"remote_total":	25.799700004177307,
			"remote_user":	2.9857376072484079,
			"remote_system":	22.813942646068231
		},
		"sender_tcp_congestion":	"cubic",
		"receiver_tcp_congestion":	"cubic"
	}
}
