{
	"start":	{
		"connected":	[{
				"socket":	5,
				"local_host":	"10.10.10.2",
				"local_port":	35160,
				"remote_host":	"10.10.10.4",
				"remote_port":	5201
			}],
		"version":	"iperf 3.9",
		"system_info":	"Linux zelda 5.10.0-18-amd64 #1 SMP Debian 5.10.140-1 (2022-09-02) x86_64",
		"timestamp":	{
			"time":	"Mon, 29 Jan 2024 12:19:30 GMT",
			"timesecs":	1706530770
		},
		"connecting_to":	{
			"host":	"10.10.10.4",
			"port":	5201
		},
		"cookie":	"nglua6xfbob5cjby2b5xy3rwugvohbx3yta3",
		"tcp_mss_default":	1448,
		"target_bitrate":	1000000000,
		"sock_bufsize":	0,
		"sndbuf_actual":	1000000,
		"rcvbuf_actual":	1000000,
		"test_start":	{
			"protocol":	"TCP",
			"num_streams":	1,
			"blksize":	131072,
			"omit":	0,
			"duration":	100,
			"bytes":	0,
			"blocks":	0,
			"reverse":	0,
			"tos":	0
		}
	},
	"intervals":	[{
			"streams":	[{
					"socket":	5,
					"start":	0,
					"end":	60.000068,
					"seconds":	60.000068664550781,
					"bytes":	7062945792,
					"bits_per_second":	941725027.88123333,
					"retransmits":	0,
					"snd_cwnd":	498112,
					"rtt":	2198,
					"rttvar":	82,
					"pmtu":	9000,
					"omitted":	false,
					"sender":	true
				}],
			"sum":	{
				"start":	0,
				"end":	60.000068,
				"seconds":	60.000068664550781,
				"bytes":	7062945792,
				"bits_per_second":	941725027.88123333,
				"retransmits":	0,
				"omitted":	false,
				"sender":	true
			}
		}, {
			"streams":	[{
					"socket":	5,
					"start":	60.000068,
					"end":	100.000088,
					"seconds":	40.000019073486328,
					"bytes":	4707319808,
					"bits_per_second":	941463512.675214,
					"retransmits":	0,
					"snd_cwnd":	498112,
					"rtt":	2289,
					"rttvar":	130,
					"pmtu":	9000,
					"omitted":	false,
					"sender":	true
				}],
			"sum":	{
				"start":	60.000068,
				"end":	100.000088,
				"seconds":	40.000019073486328,
				"bytes":	4707319808,
				"bits_per_second":	941463512.675214,
				"retransmits":	0,
				"omitted":	false,
				"sender":	true
			}
		}],
	"end":	{
		"streams":	[{
				"sender":	{
					"socket":	5,
					"start":	0,
					"end":	100.000088,
					"seconds":	100.000088,
					"bytes":	11770265600,
					"bits_per_second":	941620419.374031,
					"retransmits":	0,
					"max_snd_cwnd":	498112,
					"max_rtt":	2289,
					"min_rtt":	2198,
					"mean_rtt":	2243,
					"sender":	true
				},
				"receiver":	{
					"socket":	5,
					"start":	0,
					"end":	100.0412929058075,
					"seconds":	100.000088,
					"bytes":	11768564504,
					"bits_per_second":	941096554.206314,
					"sender":	true
				}
			}],
		"sum_sent":	{
			"start":	0,
			"end":	100.000088,
			"seconds":	100.000088,
			"bytes":	11770265600,
			"bits_per_second":	941620419.374031,
			"retransmits":	0,
			"sender":	true
		},
		"sum_received":	{
			"start":	0,
			"end":	100.0412929058075,
			"seconds":	100.0412929058075,
			"bytes":	11768564504,
			"bits_per_second":	941096554.206314,
			"sender":	true
		},
		"cpu_utilization_percent":	{
			"host_total":	8.4318964717482032,
			"host_user":	0.24826749254638492,
			"host_system":	8.18362997836267,
			"remote_total":	26.333612725752037,
			"remote_user":	2.7245165449118982,
			"remote_system":	23.609095182058851
		},
		"sender_tcp_congestion":	"cubic",
		"receiver_tcp_congestion":	"cubic"
	}
}
