{
	"start":	{
		"connected":	[{
				"socket":	5,
				"local_host":	"10.10.10.2",
				"local_port":	40390,
				"remote_host":	"10.10.10.4",
				"remote_port":	5201
			}],
		"version":	"iperf 3.9",
		"system_info":	"Linux zelda 5.10.0-18-amd64 #1 SMP Debian 5.10.140-1 (2022-09-02) x86_64",
		"timestamp":	{
			"time":	"Wed, 31 Jan 2024 03:08:55 GMT",
			"timesecs":	1706670535
		},
		"connecting_to":	{
			"host":	"10.10.10.4",
			"port":	5201
		},
		"cookie":	"klfwbdqoqvlwol4efzkzp67uofftima2s3ie",
		"tcp_mss_default":	1448,
		"target_bitrate":	3000000000,
		"sock_bufsize":	0,
		"sndbuf_actual":	1000000,
		"rcvbuf_actual":	1000000,
		"test_start":	{
			"protocol":	"TCP",
			"num_streams":	1,
			"blksize":	131072,
			"omit":	0,
			"duration":	40,
			"bytes":	0,
			"blocks":	0,
			"reverse":	0,
			"tos":	0
		}
	},
	"intervals":	[{
			"streams":	[{
					"socket":	5,
					"start":	0,
					"end":	40.000077,
					"seconds":	40.000076293945312,
					"bytes":	4706664448,
					"bits_per_second":	941331094.1534245,
					"retransmits":	143,
					"snd_cwnd":	376480,
					"rtt":	2177,
					"rttvar":	96,
					"pmtu":	9000,
					"omitted":	false,
					"sender":	true
				}],
			"sum":	{
				"start":	0,
				"end":	40.000077,
				"seconds":	40.000076293945312,
				"bytes":	4706664448,
				"bits_per_second":	941331094.1534245,
				"retransmits":	143,
				"omitted":	false,
				"sender":	true
			}
		}],
	"end":	{
		"streams":	[{
				"sender":	{
					"socket":	5,
					"start":	0,
					"end":	40.000077,
					"seconds":	40.000077,
					"bytes":	4706664448,
					"bits_per_second":	941331077.537676,
					"retransmits":	143,
					"max_snd_cwnd":	376480,
					"max_rtt":	2177,
					"min_rtt":	2177,
					"mean_rtt":	2177,
					"sender":	true
				},
				"receiver":	{
					"socket":	5,
					"start":	0,
					"end":	40.0429859161377,
					"seconds":	40.000077,
					"bytes":	4704794568,
					"bits_per_second":	939948799.593174,
					"sender":	true
				}
			}],
		"sum_sent":	{
			"start":	0,
			"end":	40.000077,
			"seconds":	40.000077,
			"bytes":	4706664448,
			"bits_per_second":	941331077.537676,
			"retransmits":	143,
			"sender":	true
		},
		"sum_received":	{
			"start":	0,
			"end":	40.0429859161377,
			"seconds":	40.0429859161377,
			"bytes":	4704794568,
			"bits_per_second":	939948799.593174,
			"sender":	true
		},
		"cpu_utilization_percent":	{
			"host_total":	19.445579041386562,
			"host_user":	0.71921291466884962,
			"host_system":	18.726368621403473,
			"remote_total":	22.481037468462251,
			"remote_user":	2.3130279073137716,
			"remote_system":	20.168009561148477
		},
		"sender_tcp_congestion":	"cubic",
		"receiver_tcp_congestion":	"cubic"
	}
}
