{
	"start":	{
		"connected":	[{
				"socket":	5,
				"local_host":	"10.10.10.2",
				"local_port":	40184,
				"remote_host":	"10.10.10.4",
				"remote_port":	5201
			}],
		"version":	"iperf 3.9",
		"system_info":	"Linux zelda 5.10.0-18-amd64 #1 SMP Debian 5.10.140-1 (2022-09-02) x86_64",
		"timestamp":	{
			"time":	"Mon, 29 Jan 2024 14:09:28 GMT",
			"timesecs":	1706537368
		},
		"connecting_to":	{
			"host":	"10.10.10.4",
			"port":	5201
		},
		"cookie":	"zo6zudgwqlqdt4xmsdiopfhcw6yecfcua3pa",
		"tcp_mss_default":	1448,
		"target_bitrate":	3000000000,
		"sock_bufsize":	0,
		"sndbuf_actual":	1000000,
		"rcvbuf_actual":	1000000,
		"test_start":	{
			"protocol":	"TCP",
			"num_streams":	1,
			"blksize":	131072,
			"omit":	0,
			"duration":	30,
			"bytes":	0,
			"blocks":	0,
			"reverse":	0,
			"tos":	0
		}
	},
	"intervals":	[{
			"streams":	[{
					"socket":	5,
					"start":	0,
					"end":	30.000077,
					"seconds":	30.000076293945312,
					"bytes":	3531997184,
					"bits_per_second":	941863520.450536,
					"retransmits":	0,
					"snd_cwnd":	379376,
					"rtt":	2221,
					"rttvar":	152,
					"pmtu":	9000,
					"omitted":	false,
					"sender":	true
				}],
			"sum":	{
				"start":	0,
				"end":	30.000077,
				"seconds":	30.000076293945312,
				"bytes":	3531997184,
				"bits_per_second":	941863520.450536,
				"retransmits":	0,
				"omitted":	false,
				"sender":	true
			}
		}],
	"end":	{
		"streams":	[{
				"sender":	{
					"socket":	5,
					"start":	0,
					"end":	30.000077,
					"seconds":	30.000077,
					"bytes":	3531997184,
					"bits_per_second":	941863498.28368771,
					"retransmits":	0,
					"max_snd_cwnd":	379376,
					"max_rtt":	2221,
					"min_rtt":	2221,
					"mean_rtt":	2221,
					"sender":	true
				},
				"receiver":	{
					"socket":	5,
					"start":	0,
					"end":	30.043857097625732,
					"seconds":	30.000077,
					"bytes":	3530741688,
					"bits_per_second":	940156698.6627754,
					"sender":	true
				}
			}],
		"sum_sent":	{
			"start":	0,
			"end":	30.000077,
			"seconds":	30.000077,
			"bytes":	3531997184,
			"bits_per_second":	941863498.28368771,
			"retransmits":	0,
			"sender":	true
		},
		"sum_received":	{
			"start":	0,
			"end":	30.043857097625732,
			"seconds":	30.043857097625732,
			"bytes":	3530741688,
			"bits_per_second":	940156698.6627754,
			"sender":	true
		},
		"cpu_utilization_percent":	{
			"host_total":	9.4135924398036259,
			"host_user":	0.40781687061055727,
			"host_system":	9.005778893127756,
			"remote_total":	26.872064630824465,
			"remote_user":	2.6921885607955685,
			"remote_system":	24.17987938987811
		},
		"sender_tcp_congestion":	"cubic",
		"receiver_tcp_congestion":	"cubic"
	}
}
