{
	"start":	{
		"connected":	[{
				"socket":	5,
				"local_host":	"10.10.10.2",
				"local_port":	50716,
				"remote_host":	"10.10.10.4",
				"remote_port":	5201
			}],
		"version":	"iperf 3.9",
		"system_info":	"Linux zelda 5.10.0-18-amd64 #1 SMP Debian 5.10.140-1 (2022-09-02) x86_64",
		"timestamp":	{
			"time":	"Tue, 30 Jan 2024 16:28:58 GMT",
			"timesecs":	1706632138
		},
		"connecting_to":	{
			"host":	"10.10.10.4",
			"port":	5201
		},
		"cookie":	"lgejht4cbafqb4vg3adbxqqrhk2ew5my7ztu",
		"tcp_mss_default":	1448,
		"target_bitrate":	6000000000,
		"sock_bufsize":	0,
		"sndbuf_actual":	1000000,
		"rcvbuf_actual":	1000000,
		"test_start":	{
			"protocol":	"TCP",
			"num_streams":	1,
			"blksize":	131072,
			"omit":	0,
			"duration":	60,
			"bytes":	0,
			"blocks":	0,
			"reverse":	0,
			"tos":	0
		}
	},
	"intervals":	[{
			"streams":	[{
					"socket":	5,
					"start":	0,
					"end":	60.000078,
					"seconds":	60.000076293945312,
					"bytes":	7062683648,
					"bits_per_second":	941689955.645967,
					"retransmits":	0,
					"snd_cwnd":	425712,
					"rtt":	2170,
					"rttvar":	147,
					"pmtu":	9000,
					"omitted":	false,
					"sender":	true
				}],
			"sum":	{
				"start":	0,
				"end":	60.000078,
				"seconds":	60.000076293945312,
				"bytes":	7062683648,
				"bits_per_second":	941689955.645967,
				"retransmits":	0,
				"omitted":	false,
				"sender":	true
			}
		}],
	"end":	{
		"streams":	[{
				"sender":	{
					"socket":	5,
					"start":	0,
					"end":	60.000078,
					"seconds":	60.000078,
					"bytes":	7062683648,
					"bits_per_second":	941689928.869759,
					"retransmits":	0,
					"max_snd_cwnd":	425712,
					"max_rtt":	2170,
					"min_rtt":	2170,
					"mean_rtt":	2170,
					"sender":	true
				},
				"receiver":	{
					"socket":	5,
					"start":	0,
					"end":	60.0434489250183,
					"seconds":	60.000078,
					"bytes":	7061239232,
					"bits_per_second":	940817272.61443734,
					"sender":	true
				}
			}],
		"sum_sent":	{
			"start":	0,
			"end":	60.000078,
			"seconds":	60.000078,
			"bytes":	7062683648,
			"bits_per_second":	941689928.869759,
			"retransmits":	0,
			"sender":	true
		},
		"sum_received":	{
			"start":	0,
			"end":	60.0434489250183,
			"seconds":	60.0434489250183,
			"bytes":	7061239232,
			"bits_per_second":	940817272.61443734,
			"sender":	true
		},
		"cpu_utilization_percent":	{
			"host_total":	15.922519463184157,
			"host_user":	0.64956888630607268,
			"host_system":	15.272952241159116,
			"remote_total":	27.072046306037333,
			"remote_user":	2.5359990352908888,
			"remote_system":	24.536047270746444
		},
		"sender_tcp_congestion":	"cubic",
		"receiver_tcp_congestion":	"cubic"
	}
}
