{
	"start":	{
		"connected":	[{
				"socket":	5,
				"local_host":	"10.10.10.2",
				"local_port":	47384,
				"remote_host":	"10.10.10.4",
				"remote_port":	5201
			}],
		"version":	"iperf 3.9",
		"system_info":	"Linux zelda 5.10.0-18-amd64 #1 SMP Debian 5.10.140-1 (2022-09-02) x86_64",
		"timestamp":	{
			"time":	"Wed, 31 Jan 2024 05:26:25 GMT",
			"timesecs":	1706678785
		},
		"connecting_to":	{
			"host":	"10.10.10.4",
			"port":	5201
		},
		"cookie":	"akkcqhs4prdzbuvleu4t5dvzjneg2y4tl6ns",
		"tcp_mss_default":	1448,
		"target_bitrate":	4000000000,
		"sock_bufsize":	0,
		"sndbuf_actual":	1000000,
		"rcvbuf_actual":	1000000,
		"test_start":	{
			"protocol":	"TCP",
			"num_streams":	1,
			"blksize":	131072,
			"omit":	0,
			"duration":	80,
			"bytes":	0,
			"blocks":	0,
			"reverse":	0,
			"tos":	0
		}
	},
	"intervals":	[{
			"streams":	[{
					"socket":	5,
					"start":	0,
					"end":	60.000093,
					"seconds":	60.000091552734375,
					"bytes":	7063732224,
					"bits_per_second":	941829526.082193,
					"retransmits":	0,
					"snd_cwnd":	770336,
					"rtt":	2777,
					"rttvar":	100,
					"pmtu":	9000,
					"omitted":	false,
					"sender":	true
				}],
			"sum":	{
				"start":	0,
				"end":	60.000093,
				"seconds":	60.000091552734375,
				"bytes":	7063732224,
				"bits_per_second":	941829526.082193,
				"retransmits":	0,
				"omitted":	false,
				"sender":	true
			}
		}, {
			"streams":	[{
					"socket":	5,
					"start":	60.000093,
					"end":	80.000072,
					"seconds":	19.999979019165039,
					"bytes":	2353659904,
					"bits_per_second":	941464949.236036,
					"retransmits":	0,
					"snd_cwnd":	770336,
					"rtt":	2741,
					"rttvar":	145,
					"pmtu":	9000,
					"omitted":	false,
					"sender":	true
				}],
			"sum":	{
				"start":	60.000093,
				"end":	80.000072,
				"seconds":	19.999979019165039,
				"bytes":	2353659904,
				"bits_per_second":	941464949.236036,
				"retransmits":	0,
				"omitted":	false,
				"sender":	true
			}
		}],
	"end":	{
		"streams":	[{
				"sender":	{
					"socket":	5,
					"start":	0,
					"end":	80.000072,
					"seconds":	80.000072,
					"bytes":	9417392128,
					"bits_per_second":	941738365.23547125,
					"retransmits":	0,
					"max_snd_cwnd":	770336,
					"max_rtt":	2777,
					"min_rtt":	2741,
					"mean_rtt":	2759,
					"sender":	true
				},
				"receiver":	{
					"socket":	5,
					"start":	0,
					"end":	80.04443097114563,
					"seconds":	80.000072,
					"bytes":	9414945984,
					"bits_per_second":	940971994.6557076,
					"sender":	true
				}
			}],
		"sum_sent":	{
			"start":	0,
			"end":	80.000072,
			"seconds":	80.000072,
			"bytes":	9417392128,
			"bits_per_second":	941738365.23547125,
			"retransmits":	0,
			"sender":	true
		},
		"sum_received":	{
			"start":	0,
			"end":	80.04443097114563,
			"seconds":	80.04443097114563,
			"bytes":	9414945984,
			"bits_per_second":	940971994.6557076,
			"sender":	true
		},
		"cpu_utilization_percent":	{
			"host_total":	18.890669458595085,
			"host_user":	0.76550234939013073,
			"host_system":	18.125167109204952,
			"remote_total":	25.9832479919613,
			"remote_user":	2.635605914380803,
			"remote_system":	23.347639581397623
		},
		"sender_tcp_congestion":	"cubic",
		"receiver_tcp_congestion":	"cubic"
	}
}
