{
	"start":	{
		"connected":	[{
				"socket":	5,
				"local_host":	"10.10.10.2",
				"local_port":	40846,
				"remote_host":	"10.10.10.4",
				"remote_port":	5201
			}],
		"version":	"iperf 3.9",
		"system_info":	"Linux zelda 5.10.0-18-amd64 #1 SMP Debian 5.10.140-1 (2022-09-02) x86_64",
		"timestamp":	{
			"time":	"Mon, 29 Jan 2024 21:17:16 GMT",
			"timesecs":	1706563036
		},
		"connecting_to":	{
			"host":	"10.10.10.4",
			"port":	5201
		},
		"cookie":	"kkwza4imqpeprhzgqvnzemzrtszmkbltznet",
		"tcp_mss_default":	1448,
		"target_bitrate":	7000000000,
		"sock_bufsize":	0,
		"sndbuf_actual":	1000000,
		"rcvbuf_actual":	1000000,
		"test_start":	{
			"protocol":	"TCP",
			"num_streams":	1,
			"blksize":	131072,
			"omit":	0,
			"duration":	90,
			"bytes":	0,
			"blocks":	0,
			"reverse":	0,
			"tos":	0
		}
	},
	"intervals":	[{
			"streams":	[{
					"socket":	5,
					"start":	0,
					"end":	60.00007,
					"seconds":	60.000068664550781,
					"bytes":	7063076864,
					"bits_per_second":	941742504.1279,
					"retransmits":	0,
					"snd_cwnd":	506800,
					"rtt":	2288,
					"rttvar":	141,
					"pmtu":	9000,
					"omitted":	false,
					"sender":	true
				}],
			"sum":	{
				"start":	0,
				"end":	60.00007,
				"seconds":	60.000068664550781,
				"bytes":	7063076864,
				"bits_per_second":	941742504.1279,
				"retransmits":	0,
				"omitted":	false,
				"sender":	true
			}
		}, {
			"streams":	[{
					"socket":	5,
					"start":	60.00007,
					"end":	90.000079,
					"seconds":	30.000009536743164,
					"bytes":	3530555392,
					"bits_per_second":	941481138.577873,
					"retransmits":	0,
					"snd_cwnd":	506800,
					"rtt":	2304,
					"rttvar":	97,
					"pmtu":	9000,
					"omitted":	false,
					"sender":	true
				}],
			"sum":	{
				"start":	60.00007,
				"end":	90.000079,
				"seconds":	30.000009536743164,
				"bytes":	3530555392,
				"bits_per_second":	941481138.577873,
				"retransmits":	0,
				"omitted":	false,
				"sender":	true
			}
		}],
	"end":	{
		"streams":	[{
				"sender":	{
					"socket":	5,
					"start":	0,
					"end":	90.000079,
					"seconds":	90.000079,
					"bytes":	10593632256,
					"bits_per_second":	941655373.96917176,
					"retransmits":	0,
					"max_snd_cwnd":	506800,
					"max_rtt":	2304,
					"min_rtt":	2288,
					"mean_rtt":	2296,
					"sender":	true
				},
				"receiver":	{
					"socket":	5,
					"start":	0,
					"end":	90.044007062912,
					"seconds":	90.000079,
					"bytes":	10591810880,
					"bits_per_second":	941034165.44754243,
					"sender":	true
				}
			}],
		"sum_sent":	{
			"start":	0,
			"end":	90.000079,
			"seconds":	90.000079,
			"bytes":	10593632256,
			"bits_per_second":	941655373.96917176,
			"retransmits":	0,
			"sender":	true
		},
		"sum_received":	{
			"start":	0,
			"end":	90.044007062912,
			"seconds":	90.044007062912,
			"bytes":	10591810880,
			"bits_per_second":	941034165.44754243,
			"sender":	true
		},
		"cpu_utilization_percent":	{
			"host_total":	8.4086022765816573,
			"host_user":	0.253619052274901,
			"host_system":	8.1549843343535553,
			"remote_total":	25.858846589401157,
			"remote_user":	2.4501915592749888,
			"remote_system":	23.408653920518873
		},
		"sender_tcp_congestion":	"cubic",
		"receiver_tcp_congestion":	"cubic"
	}
}
