{
	"start":	{
		"connected":	[{
				"socket":	5,
				"local_host":	"10.10.10.2",
				"local_port":	59284,
				"remote_host":	"10.10.10.4",
				"remote_port":	5201
			}],
		"version":	"iperf 3.9",
		"system_info":	"Linux zelda 5.10.0-18-amd64 #1 SMP Debian 5.10.140-1 (2022-09-02) x86_64",
		"timestamp":	{
			"time":	"Tue, 30 Jan 2024 17:44:15 GMT",
			"timesecs":	1706636655
		},
		"connecting_to":	{
			"host":	"10.10.10.4",
			"port":	5201
		},
		"cookie":	"txw5lt2re23w6ugkv7g2uvmsjx6uunvkzt4u",
		"tcp_mss_default":	1448,
		"target_bitrate":	7000000000,
		"sock_bufsize":	0,
		"sndbuf_actual":	1000000,
		"rcvbuf_actual":	1000000,
		"test_start":	{
			"protocol":	"TCP",
			"num_streams":	1,
			"blksize":	131072,
			"omit":	0,
			"duration":	40,
			"bytes":	0,
			"blocks":	0,
			"reverse":	0,
			"tos":	0
		}
	},
	"intervals":	[{
			"streams":	[{
					"socket":	5,
					"start":	0,
					"end":	40.000046,
					"seconds":	40.000045776367188,
					"bytes":	4709023744,
					"bits_per_second":	941803670.99123347,
					"retransmits":	0,
					"snd_cwnd":	401096,
					"rtt":	2203,
					"rttvar":	102,
					"pmtu":	9000,
					"omitted":	false,
					"sender":	true
				}],
			"sum":	{
				"start":	0,
				"end":	40.000046,
				"seconds":	40.000045776367188,
				"bytes":	4709023744,
				"bits_per_second":	941803670.99123347,
				"retransmits":	0,
				"omitted":	false,
				"sender":	true
			}
		}],
	"end":	{
		"streams":	[{
				"sender":	{
					"socket":	5,
					"start":	0,
					"end":	40.000046,
					"seconds":	40.000046,
					"bytes":	4709023744,
					"bits_per_second":	941803665.72578442,
					"retransmits":	0,
					"max_snd_cwnd":	401096,
					"max_rtt":	2203,
					"min_rtt":	2203,
					"mean_rtt":	2203,
					"sender":	true
				},
				"receiver":	{
					"socket":	5,
					"start":	0,
					"end":	40.043932199478149,
					"seconds":	40.000046,
					"bytes":	4707603688,
					"bits_per_second":	940487795.16440177,
					"sender":	true
				}
			}],
		"sum_sent":	{
			"start":	0,
			"end":	40.000046,
			"seconds":	40.000046,
			"bytes":	4709023744,
			"bits_per_second":	941803665.72578442,
			"retransmits":	0,
			"sender":	true
		},
		"sum_received":	{
			"start":	0,
			"end":	40.043932199478149,
			"seconds":	40.043932199478149,
			"bytes":	4707603688,
			"bits_per_second":	940487795.16440177,
			"sender":	true
		},
		"cpu_utilization_percent":	{
			"host_total":	16.06787564636295,
			"host_user":	0.58164714010517726,
			"host_system":	15.486231000820187,
			"remote_total":	22.4141336587733,
			"remote_user":	2.5866520678942613,
			"remote_system":	19.827481590879039
		},
		"sender_tcp_congestion":	"cubic",
		"receiver_tcp_congestion":	"cubic"
	}
}
