{
	"start":	{
		"connected":	[{
				"socket":	5,
				"local_host":	"10.10.10.2",
				"local_port":	36224,
				"remote_host":	"10.10.10.4",
				"remote_port":	5201
			}],
		"version":	"iperf 3.9",
		"system_info":	"Linux zelda 5.10.0-18-amd64 #1 SMP Debian 5.10.140-1 (2022-09-02) x86_64",
		"timestamp":	{
			"time":	"Wed, 31 Jan 2024 10:40:15 GMT",
			"timesecs":	1706697615
		},
		"connecting_to":	{
			"host":	"10.10.10.4",
			"port":	5201
		},
		"cookie":	"ytvrq7v2k53mwsvjajbpmdel64yml4szkzm2",
		"tcp_mss_default":	1448,
		"target_bitrate":	8000000000,
		"sock_bufsize":	0,
		"sndbuf_actual":	1000000,
		"rcvbuf_actual":	1000000,
		"test_start":	{
			"protocol":	"TCP",
			"num_streams":	1,
			"blksize":	131072,
			"omit":	0,
			"duration":	20,
			"bytes":	0,
			"blocks":	0,
			"reverse":	0,
			"tos":	0
		}
	},
	"intervals":	[{
			"streams":	[{
					"socket":	5,
					"start":	0,
					"end":	20.000082,
					"seconds":	20.000082015991211,
					"bytes":	2355757056,
					"bits_per_second":	942298958.220846,
					"retransmits":	0,
					"snd_cwnd":	509696,
					"rtt":	2456,
					"rttvar":	185,
					"pmtu":	9000,
					"omitted":	false,
					"sender":	true
				}],
			"sum":	{
				"start":	0,
				"end":	20.000082,
				"seconds":	20.000082015991211,
				"bytes":	2355757056,
				"bits_per_second":	942298958.220846,
				"retransmits":	0,
				"omitted":	false,
				"sender":	true
			}
		}],
	"end":	{
		"streams":	[{
				"sender":	{
					"socket":	5,
					"start":	0,
					"end":	20.000082,
					"seconds":	20.000082,
					"bytes":	2355757056,
					"bits_per_second":	942298958.9742682,
					"retransmits":	0,
					"max_snd_cwnd":	509696,
					"max_rtt":	2456,
					"min_rtt":	2456,
					"mean_rtt":	2456,
					"sender":	true
				},
				"receiver":	{
					"socket":	5,
					"start":	0,
					"end":	20.0435938835144,
					"seconds":	20.000082,
					"bytes":	2353886928,
					"bits_per_second":	939506933.40919924,
					"sender":	true
				}
			}],
		"sum_sent":	{
			"start":	0,
			"end":	20.000082,
			"seconds":	20.000082,
			"bytes":	2355757056,
			"bits_per_second":	942298958.9742682,
			"retransmits":	0,
			"sender":	true
		},
		"sum_received":	{
			"start":	0,
			"end":	20.0435938835144,
			"seconds":	20.0435938835144,
			"bytes":	2353886928,
			"bits_per_second":	939506933.40919924,
			"sender":	true
		},
		"cpu_utilization_percent":	{
			"host_total":	19.592704583341778,
			"host_user":	0.88829041982546164,
			"host_system":	18.704414163516315,
			"remote_total":	26.978108867230482,
			"remote_user":	2.3506317233283558,
			"remote_system":	24.627472173186106
		},
		"sender_tcp_congestion":	"cubic",
		"receiver_tcp_congestion":	"cubic"
	}
}
