{
	"start":	{
		"connected":	[{
				"socket":	5,
				"local_host":	"10.10.10.2",
				"local_port":	56776,
				"remote_host":	"10.10.10.4",
				"remote_port":	5201
			}],
		"version":	"iperf 3.9",
		"system_info":	"Linux zelda 5.10.0-18-amd64 #1 SMP Debian 5.10.140-1 (2022-09-02) x86_64",
		"timestamp":	{
			"time":	"Tue, 30 Jan 2024 11:29:28 GMT",
			"timesecs":	1706614168
		},
		"connecting_to":	{
			"host":	"10.10.10.4",
			"port":	5201
		},
		"cookie":	"cfk5lfymilvo6mwldjtrhuozqmupnhsyk2xc",
		"tcp_mss_default":	1448,
		"target_bitrate":	3000000000,
		"sock_bufsize":	0,
		"sndbuf_actual":	1000000,
		"rcvbuf_actual":	1000000,
		"test_start":	{
			"protocol":	"TCP",
			"num_streams":	1,
			"blksize":	131072,
			"omit":	0,
			"duration":	20,
			"bytes":	0,
			"blocks":	0,
			"reverse":	0,
			"tos":	0
		}
	},
	"intervals":	[{
			"streams":	[{
					"socket":	5,
					"start":	0,
					"end":	20.000072,
					"seconds":	20.000072479248047,
					"bytes":	2355363840,
					"bits_per_second":	942142121.71237326,
					"retransmits":	0,
					"snd_cwnd":	438744,
					"rtt":	2197,
					"rttvar":	156,
					"pmtu":	9000,
					"omitted":	false,
					"sender":	true
				}],
			"sum":	{
				"start":	0,
				"end":	20.000072,
				"seconds":	20.000072479248047,
				"bytes":	2355363840,
				"bits_per_second":	942142121.71237326,
				"retransmits":	0,
				"omitted":	false,
				"sender":	true
			}
		}],
	"end":	{
		"streams":	[{
				"sender":	{
					"socket":	5,
					"start":	0,
					"end":	20.000072,
					"seconds":	20.000072,
					"bytes":	2355363840,
					"bits_per_second":	942142144.28828061,
					"retransmits":	0,
					"max_snd_cwnd":	438744,
					"max_rtt":	2197,
					"min_rtt":	2197,
					"mean_rtt":	2197,
					"sender":	true
				},
				"receiver":	{
					"socket":	5,
					"start":	0,
					"end":	20.043861150741577,
					"seconds":	20.000072,
					"bytes":	2353882584,
					"bits_per_second":	939492672.11438918,
					"sender":	true
				}
			}],
		"sum_sent":	{
			"start":	0,
			"end":	20.000072,
			"seconds":	20.000072,
			"bytes":	2355363840,
			"bits_per_second":	942142144.28828061,
			"retransmits":	0,
			"sender":	true
		},
		"sum_received":	{
			"start":	0,
			"end":	20.043861150741577,
			"seconds":	20.043861150741577,
			"bytes":	2353882584,
			"bits_per_second":	939492672.11438918,
			"sender":	true
		},
		"cpu_utilization_percent":	{
			"host_total":	16.024796548036964,
			"host_user":	0.63414090205831464,
			"host_system":	15.390655645978651,
			"remote_total":	25.525688942242237,
			"remote_user":	2.68329475925902,
			"remote_system":	22.8423892142317
		},
		"sender_tcp_congestion":	"cubic",
		"receiver_tcp_congestion":	"cubic"
	}
}
