{
	"start":	{
		"connected":	[{
				"socket":	5,
				"local_host":	"10.10.10.2",
				"local_port":	43220,
				"remote_host":	"10.10.10.4",
				"remote_port":	5201
			}],
		"version":	"iperf 3.9",
		"system_info":	"Linux zelda 5.10.0-18-amd64 #1 SMP Debian 5.10.140-1 (2022-09-02) x86_64",
		"timestamp":	{
			"time":	"Sun, 28 Jan 2024 20:52:59 GMT",
			"timesecs":	1706475179
		},
		"connecting_to":	{
			"host":	"10.10.10.4",
			"port":	5201
		},
		"cookie":	"jr3xpcqckz6nuiu5ianqtopme24c7k5azhaa",
		"tcp_mss_default":	1448,
		"target_bitrate":	6000000000,
		"sock_bufsize":	0,
		"sndbuf_actual":	1000000,
		"rcvbuf_actual":	1000000,
		"test_start":	{
			"protocol":	"TCP",
			"num_streams":	1,
			"blksize":	131072,
			"omit":	0,
			"duration":	90,
			"bytes":	0,
			"blocks":	0,
			"reverse":	0,
			"tos":	0
		}
	},
	"intervals":	[{
			"streams":	[{
					"socket":	5,
					"start":	0,
					"end":	60.00006,
					"seconds":	60.00006103515625,
					"bytes":	7063076864,
					"bits_per_second":	941742623.87653,
					"retransmits":	0,
					"snd_cwnd":	503904,
					"rtt":	2725,
					"rttvar":	100,
					"pmtu":	9000,
					"omitted":	false,
					"sender":	true
				}],
			"sum":	{
				"start":	0,
				"end":	60.00006,
				"seconds":	60.00006103515625,
				"bytes":	7063076864,
				"bits_per_second":	941742623.87653,
				"retransmits":	0,
				"omitted":	false,
				"sender":	true
			}
		}, {
			"streams":	[{
					"socket":	5,
					"start":	60.00006,
					"end":	90.000075,
					"seconds":	30.000015258789062,
					"bytes":	3530555392,
					"bits_per_second":	941480959.004688,
					"retransmits":	0,
					"snd_cwnd":	503904,
					"rtt":	2810,
					"rttvar":	155,
					"pmtu":	9000,
					"omitted":	false,
					"sender":	true
				}],
			"sum":	{
				"start":	60.00006,
				"end":	90.000075,
				"seconds":	30.000015258789062,
				"bytes":	3530555392,
				"bits_per_second":	941480959.004688,
				"retransmits":	0,
				"omitted":	false,
				"sender":	true
			}
		}],
	"end":	{
		"streams":	[{
				"sender":	{
					"socket":	5,
					"start":	0,
					"end":	90.000075,
					"seconds":	90.000075,
					"bytes":	10593632256,
					"bits_per_second":	941655415.820487,
					"retransmits":	0,
					"max_snd_cwnd":	503904,
					"max_rtt":	2810,
					"min_rtt":	2725,
					"mean_rtt":	2767,
					"sender":	true
				},
				"receiver":	{
					"socket":	5,
					"start":	0,
					"end":	90.0410740375519,
					"seconds":	90.000075,
					"bytes":	10591805088,
					"bits_per_second":	941064304.37137246,
					"sender":	true
				}
			}],
		"sum_sent":	{
			"start":	0,
			"end":	90.000075,
			"seconds":	90.000075,
			"bytes":	10593632256,
			"bits_per_second":	941655415.820487,
			"retransmits":	0,
			"sender":	true
		},
		"sum_received":	{
			"start":	0,
			"end":	90.0410740375519,
			"seconds":	90.0410740375519,
			"bytes":	10591805088,
			"bits_per_second":	941064304.37137246,
			"sender":	true
		},
		"cpu_utilization_percent":	{
			"host_total":	4.4483319813811919,
			"host_user":	0.17308754294649253,
			"host_system":	4.2752455485181571,
			"remote_total":	25.911592370596882,
			"remote_user":	2.38835394653417,
			"remote_system":	23.523238424062708
		},
		"sender_tcp_congestion":	"cubic",
		"receiver_tcp_congestion":	"cubic"
	}
}
