{
	"start":	{
		"connected":	[{
				"socket":	5,
				"local_host":	"10.10.10.2",
				"local_port":	47926,
				"remote_host":	"10.10.10.4",
				"remote_port":	5201
			}],
		"version":	"iperf 3.9",
		"system_info":	"Linux zelda 5.10.0-18-amd64 #1 SMP Debian 5.10.140-1 (2022-09-02) x86_64",
		"timestamp":	{
			"time":	"Wed, 31 Jan 2024 07:33:01 GMT",
			"timesecs":	1706686381
		},
		"connecting_to":	{
			"host":	"10.10.10.4",
			"port":	5201
		},
		"cookie":	"5od52uommvg6iycznyvplglhs6herotb6hk3",
		"tcp_mss_default":	1448,
		"target_bitrate":	6000000000,
		"sock_bufsize":	0,
		"sndbuf_actual":	1000000,
		"rcvbuf_actual":	1000000,
		"test_start":	{
			"protocol":	"TCP",
			"num_streams":	1,
			"blksize":	131072,
			"omit":	0,
			"duration":	10,
			"bytes":	0,
			"blocks":	0,
			"reverse":	0,
			"tos":	0
		}
	},
	"intervals":	[{
			"streams":	[{
					"socket":	5,
					"start":	0,
					"end":	10.000079,
					"seconds":	10.000079154968262,
					"bytes":	1178468352,
					"bits_per_second":	942767219.12906921,
					"retransmits":	0,
					"snd_cwnd":	415576,
					"rtt":	2187,
					"rttvar":	119,
					"pmtu":	9000,
					"omitted":	false,
					"sender":	true
				}],
			"sum":	{
				"start":	0,
				"end":	10.000079,
				"seconds":	10.000079154968262,
				"bytes":	1178468352,
				"bits_per_second":	942767219.12906921,
				"retransmits":	0,
				"omitted":	false,
				"sender":	true
			}
		}],
	"end":	{
		"streams":	[{
				"sender":	{
					"socket":	5,
					"start":	0,
					"end":	10.000079,
					"seconds":	10.000079,
					"bytes":	1178468352,
					"bits_per_second":	942767233.73885345,
					"retransmits":	0,
					"max_snd_cwnd":	415576,
					"max_rtt":	2187,
					"min_rtt":	2187,
					"mean_rtt":	2187,
					"sender":	true
				},
				"receiver":	{
					"socket":	5,
					"start":	0,
					"end":	10.041417121887207,
					"seconds":	10.000079,
					"bytes":	1177098776,
					"bits_per_second":	937794944.04970872,
					"sender":	true
				}
			}],
		"sum_sent":	{
			"start":	0,
			"end":	10.000079,
			"seconds":	10.000079,
			"bytes":	1178468352,
			"bits_per_second":	942767233.73885345,
			"retransmits":	0,
			"sender":	true
		},
		"sum_received":	{
			"start":	0,
			"end":	10.041417121887207,
			"seconds":	10.041417121887207,
			"bytes":	1177098776,
			"bits_per_second":	937794944.04970872,
			"sender":	true
		},
		"cpu_utilization_percent":	{
			"host_total":	18.683289902002336,
			"host_user":	0.73105054899198918,
			"host_system":	17.952239353010345,
			"remote_total":	25.636890694337833,
			"remote_user":	3.7643136037533727,
			"remote_system":	21.872567207461284
		},
		"sender_tcp_congestion":	"cubic",
		"receiver_tcp_congestion":	"cubic"
	}
}
