{
	"start":	{
		"connected":	[{
				"socket":	5,
				"local_host":	"10.10.10.2",
				"local_port":	56376,
				"remote_host":	"10.10.10.4",
				"remote_port":	5201
			}],
		"version":	"iperf 3.9",
		"system_info":	"Linux zelda 5.10.0-18-amd64 #1 SMP Debian 5.10.140-1 (2022-09-02) x86_64",
		"timestamp":	{
			"time":	"Wed, 31 Jan 2024 06:13:37 GMT",
			"timesecs":	1706681617
		},
		"connecting_to":	{
			"host":	"10.10.10.4",
			"port":	5201
		},
		"cookie":	"z7zndogxyjmi7l5cl5cissujletadz5gi7a5",
		"tcp_mss_default":	1448,
		"target_bitrate":	5000000000,
		"sock_bufsize":	0,
		"sndbuf_actual":	1000000,
		"rcvbuf_actual":	1000000,
		"test_start":	{
			"protocol":	"TCP",
			"num_streams":	1,
			"blksize":	131072,
			"omit":	0,
			"duration":	40,
			"bytes":	0,
			"blocks":	0,
			"reverse":	0,
			"tos":	0
		}
	},
	"intervals":	[{
			"streams":	[{
					"socket":	5,
					"start":	0,
					"end":	40.000105,
					"seconds":	40.000106811523438,
					"bytes":	4709285888,
					"bits_per_second":	941854662.576716,
					"retransmits":	0,
					"snd_cwnd":	469152,
					"rtt":	2249,
					"rttvar":	148,
					"pmtu":	9000,
					"omitted":	false,
					"sender":	true
				}],
			"sum":	{
				"start":	0,
				"end":	40.000105,
				"seconds":	40.000106811523438,
				"bytes":	4709285888,
				"bits_per_second":	941854662.576716,
				"retransmits":	0,
				"omitted":	false,
				"sender":	true
			}
		}],
	"end":	{
		"streams":	[{
				"sender":	{
					"socket":	5,
					"start":	0,
					"end":	40.000105,
					"seconds":	40.000105,
					"bytes":	4709285888,
					"bits_per_second":	941854705.23139882,
					"retransmits":	0,
					"max_snd_cwnd":	469152,
					"max_rtt":	2249,
					"min_rtt":	2249,
					"mean_rtt":	2249,
					"sender":	true
				},
				"receiver":	{
					"socket":	5,
					"start":	0,
					"end":	40.040934801101685,
					"seconds":	40.000105,
					"bytes":	4707603688,
					"bits_per_second":	940558198.530465,
					"sender":	true
				}
			}],
		"sum_sent":	{
			"start":	0,
			"end":	40.000105,
			"seconds":	40.000105,
			"bytes":	4709285888,
			"bits_per_second":	941854705.23139882,
			"retransmits":	0,
			"sender":	true
		},
		"sum_received":	{
			"start":	0,
			"end":	40.040934801101685,
			"seconds":	40.040934801101685,
			"bytes":	4707603688,
			"bits_per_second":	940558198.530465,
			"sender":	true
		},
		"cpu_utilization_percent":	{
			"host_total":	20.326203488193972,
			"host_user":	0.78646979357824953,
			"host_system":	19.53973369461572,
			"remote_total":	25.49213535620445,
			"remote_user":	2.6308820563164272,
			"remote_system":	22.861248314598114
		},
		"sender_tcp_congestion":	"cubic",
		"receiver_tcp_congestion":	"cubic"
	}
}
