{
	"start":	{
		"connected":	[{
				"socket":	5,
				"local_host":	"10.10.10.2",
				"local_port":	37424,
				"remote_host":	"10.10.10.4",
				"remote_port":	5201
			}],
		"version":	"iperf 3.9",
		"system_info":	"Linux zelda 5.10.0-18-amd64 #1 SMP Debian 5.10.140-1 (2022-09-02) x86_64",
		"timestamp":	{
			"time":	"Wed, 31 Jan 2024 13:42:26 GMT",
			"timesecs":	1706708546
		},
		"connecting_to":	{
			"host":	"10.10.10.4",
			"port":	5201
		},
		"cookie":	"mbvusklwh5w2cqyhleu77lyx2hl3hwb6tf7l",
		"tcp_mss_default":	1448,
		"target_bitrate":	10000000000,
		"sock_bufsize":	0,
		"sndbuf_actual":	1000000,
		"rcvbuf_actual":	1000000,
		"test_start":	{
			"protocol":	"TCP",
			"num_streams":	1,
			"blksize":	131072,
			"omit":	0,
			"duration":	10,
			"bytes":	0,
			"blocks":	0,
			"reverse":	0,
			"tos":	0
		}
	},
	"intervals":	[{
			"streams":	[{
					"socket":	5,
					"start":	0,
					"end":	10.000074,
					"seconds":	10.00007438659668,
					"bytes":	1178599424,
					"bits_per_second":	942872525.4921726,
					"retransmits":	0,
					"snd_cwnd":	445984,
					"rtt":	2225,
					"rttvar":	120,
					"pmtu":	9000,
					"omitted":	false,
					"sender":	true
				}],
			"sum":	{
				"start":	0,
				"end":	10.000074,
				"seconds":	10.00007438659668,
				"bytes":	1178599424,
				"bits_per_second":	942872525.4921726,
				"retransmits":	0,
				"omitted":	false,
				"sender":	true
			}
		}],
	"end":	{
		"streams":	[{
				"sender":	{
					"socket":	5,
					"start":	0,
					"end":	10.000074,
					"seconds":	10.000074,
					"bytes":	1178599424,
					"bits_per_second":	942872561.94304168,
					"retransmits":	0,
					"max_snd_cwnd":	445984,
					"max_rtt":	2225,
					"min_rtt":	2225,
					"mean_rtt":	2225,
					"sender":	true
				},
				"receiver":	{
					"socket":	5,
					"start":	0,
					"end":	10.044451951980591,
					"seconds":	10.000074,
					"bytes":	1177098776,
					"bits_per_second":	937511598.74314225,
					"sender":	true
				}
			}],
		"sum_sent":	{
			"start":	0,
			"end":	10.000074,
			"seconds":	10.000074,
			"bytes":	1178599424,
			"bits_per_second":	942872561.94304168,
			"retransmits":	0,
			"sender":	true
		},
		"sum_received":	{
			"start":	0,
			"end":	10.044451951980591,
			"seconds":	10.044451951980591,
			"bytes":	1177098776,
			"bits_per_second":	937511598.74314225,
			"sender":	true
		},
		"cpu_utilization_percent":	{
			"host_total":	20.356317729548,
			"host_user":	1.1653116047514318,
			"host_system":	19.19101603964193,
			"remote_total":	25.948010978139585,
			"remote_user":	3.7077905456356759,
			"remote_system":	22.240210549411017
		},
		"sender_tcp_congestion":	"cubic",
		"receiver_tcp_congestion":	"cubic"
	}
}
