{
	"start":	{
		"connected":	[{
				"socket":	5,
				"local_host":	"10.10.10.2",
				"local_port":	52382,
				"remote_host":	"10.10.10.4",
				"remote_port":	5201
			}],
		"version":	"iperf 3.9",
		"system_info":	"Linux zelda 5.10.0-18-amd64 #1 SMP Debian 5.10.140-1 (2022-09-02) x86_64",
		"timestamp":	{
			"time":	"Tue, 30 Jan 2024 10:09:31 GMT",
			"timesecs":	1706609371
		},
		"connecting_to":	{
			"host":	"10.10.10.4",
			"port":	5201
		},
		"cookie":	"4hwojfrawgufhi6bmfjh7xzicguqxigj6372",
		"tcp_mss_default":	1448,
		"target_bitrate":	2000000000,
		"sock_bufsize":	0,
		"sndbuf_actual":	1000000,
		"rcvbuf_actual":	1000000,
		"test_start":	{
			"protocol":	"TCP",
			"num_streams":	1,
			"blksize":	131072,
			"omit":	0,
			"duration":	50,
			"bytes":	0,
			"blocks":	0,
			"reverse":	0,
			"tos":	0
		}
	},
	"intervals":	[{
			"streams":	[{
					"socket":	5,
					"start":	0,
					"end":	50.00008,
					"seconds":	50.000080108642578,
					"bytes":	5886050304,
					"bits_per_second":	941766539.76721752,
					"retransmits":	0,
					"snd_cwnd":	464808,
					"rtt":	2194,
					"rttvar":	93,
					"pmtu":	9000,
					"omitted":	false,
					"sender":	true
				}],
			"sum":	{
				"start":	0,
				"end":	50.00008,
				"seconds":	50.000080108642578,
				"bytes":	5886050304,
				"bits_per_second":	941766539.76721752,
				"retransmits":	0,
				"omitted":	false,
				"sender":	true
			}
		}],
	"end":	{
		"streams":	[{
				"sender":	{
					"socket":	5,
					"start":	0,
					"end":	50.00008,
					"seconds":	50.00008,
					"bytes":	5886050304,
					"bits_per_second":	941766541.81353319,
					"retransmits":	0,
					"max_snd_cwnd":	464808,
					"max_rtt":	2194,
					"min_rtt":	2194,
					"mean_rtt":	2194,
					"sender":	true
				},
				"receiver":	{
					"socket":	5,
					"start":	0,
					"end":	50.041076898574829,
					"seconds":	50.00008,
					"bytes":	5884446864,
					"bits_per_second":	940738645.7212857,
					"sender":	true
				}
			}],
		"sum_sent":	{
			"start":	0,
			"end":	50.00008,
			"seconds":	50.00008,
			"bytes":	5886050304,
			"bits_per_second":	941766541.81353319,
			"retransmits":	0,
			"sender":	true
		},
		"sum_received":	{
			"start":	0,
			"end":	50.041076898574829,
			"seconds":	50.041076898574829,
			"bytes":	5884446864,
			"bits_per_second":	940738645.7212857,
			"sender":	true
		},
		"cpu_utilization_percent":	{
			"host_total":	16.037268560984,
			"host_user":	0.766230870334252,
			"host_system":	15.271035694014159,
			"remote_total":	27.753910324418424,
			"remote_user":	2.7569429137405508,
			"remote_system":	24.996967410677875
		},
		"sender_tcp_congestion":	"cubic",
		"receiver_tcp_congestion":	"cubic"
	}
}
