{
	"start":	{
		"connected":	[{
				"socket":	5,
				"local_host":	"10.10.10.2",
				"local_port":	58156,
				"remote_host":	"10.10.10.4",
				"remote_port":	5201
			}],
		"version":	"iperf 3.9",
		"system_info":	"Linux zelda 5.10.0-18-amd64 #1 SMP Debian 5.10.140-1 (2022-09-02) x86_64",
		"timestamp":	{
			"time":	"Sun, 28 Jan 2024 13:20:55 GMT",
			"timesecs":	1706448055
		},
		"connecting_to":	{
			"host":	"10.10.10.4",
			"port":	5201
		},
		"cookie":	"esa3q5siylcbsv6giw3urucphjq7wl2trhcy",
		"tcp_mss_default":	1448,
		"target_bitrate":	1000000000,
		"sock_bufsize":	0,
		"sndbuf_actual":	1000000,
		"rcvbuf_actual":	1000000,
		"test_start":	{
			"protocol":	"TCP",
			"num_streams":	1,
			"blksize":	131072,
			"omit":	0,
			"duration":	100,
			"bytes":	0,
			"blocks":	0,
			"reverse":	0,
			"tos":	0
		}
	},
	"intervals":	[{
			"streams":	[{
					"socket":	5,
					"start":	0,
					"end":	60.00006,
					"seconds":	60.00006103515625,
					"bytes":	7062945792,
					"bits_per_second":	941725147.6276412,
					"retransmits":	0,
					"snd_cwnd":	505352,
					"rtt":	2226,
					"rttvar":	91,
					"pmtu":	9000,
					"omitted":	false,
					"sender":	true
				}],
			"sum":	{
				"start":	0,
				"end":	60.00006,
				"seconds":	60.00006103515625,
				"bytes":	7062945792,
				"bits_per_second":	941725147.6276412,
				"retransmits":	0,
				"omitted":	false,
				"sender":	true
			}
		}, {
			"streams":	[{
					"socket":	5,
					"start":	60.00006,
					"end":	100.000069,
					"seconds":	40.000007629394531,
					"bytes":	4707319808,
					"bits_per_second":	941463782.0300343,
					"retransmits":	0,
					"snd_cwnd":	505352,
					"rtt":	2236,
					"rttvar":	90,
					"pmtu":	9000,
					"omitted":	false,
					"sender":	true
				}],
			"sum":	{
				"start":	60.00006,
				"end":	100.000069,
				"seconds":	40.000007629394531,
				"bytes":	4707319808,
				"bits_per_second":	941463782.0300343,
				"retransmits":	0,
				"omitted":	false,
				"sender":	true
			}
		}],
	"end":	{
		"streams":	[{
				"sender":	{
					"socket":	5,
					"start":	0,
					"end":	100.000069,
					"seconds":	100.000069,
					"bytes":	11770265600,
					"bits_per_second":	941620598.28178728,
					"retransmits":	0,
					"max_snd_cwnd":	505352,
					"max_rtt":	2236,
					"min_rtt":	2226,
					"mean_rtt":	2231,
					"sender":	true
				},
				"receiver":	{
					"socket":	5,
					"start":	0,
					"end":	100.04402208328247,
					"seconds":	100.000069,
					"bytes":	11768572832,
					"bits_per_second":	941071547.2597177,
					"sender":	true
				}
			}],
		"sum_sent":	{
			"start":	0,
			"end":	100.000069,
			"seconds":	100.000069,
			"bytes":	11770265600,
			"bits_per_second":	941620598.28178728,
			"retransmits":	0,
			"sender":	true
		},
		"sum_received":	{
			"start":	0,
			"end":	100.04402208328247,
			"seconds":	100.04402208328247,
			"bytes":	11768572832,
			"bits_per_second":	941071547.2597177,
			"sender":	true
		},
		"cpu_utilization_percent":	{
			"host_total":	4.6227552685617566,
			"host_user":	0.16688938267654216,
			"host_system":	4.4558668850373637,
			"remote_total":	25.507757955251918,
			"remote_user":	2.5931047267153349,
			"remote_system":	22.914651230974911
		},
		"sender_tcp_congestion":	"cubic",
		"receiver_tcp_congestion":	"cubic"
	}
}
