{
	"start":	{
		"connected":	[{
				"socket":	5,
				"local_host":	"10.10.10.2",
				"local_port":	44820,
				"remote_host":	"10.10.10.4",
				"remote_port":	5201
			}],
		"version":	"iperf 3.9",
		"system_info":	"Linux zelda 5.10.0-18-amd64 #1 SMP Debian 5.10.140-1 (2022-09-02) x86_64",
		"timestamp":	{
			"time":	"Mon, 29 Jan 2024 21:55:27 GMT",
			"timesecs":	1706565327
		},
		"connecting_to":	{
			"host":	"10.10.10.4",
			"port":	5201
		},
		"cookie":	"ng6efzm7zitmeprnydwwwue7rgr722bj5osa",
		"tcp_mss_default":	1448,
		"target_bitrate":	8000000000,
		"sock_bufsize":	0,
		"sndbuf_actual":	1000000,
		"rcvbuf_actual":	1000000,
		"test_start":	{
			"protocol":	"TCP",
			"num_streams":	1,
			"blksize":	131072,
			"omit":	0,
			"duration":	40,
			"bytes":	0,
			"blocks":	0,
			"reverse":	0,
			"tos":	0
		}
	},
	"intervals":	[{
			"streams":	[{
					"socket":	5,
					"start":	0,
					"end":	40.000077,
					"seconds":	40.000076293945312,
					"bytes":	4709679104,
					"bits_per_second":	941934024.20342672,
					"retransmits":	0,
					"snd_cwnd":	577752,
					"rtt":	2462,
					"rttvar":	143,
					"pmtu":	9000,
					"omitted":	false,
					"sender":	true
				}],
			"sum":	{
				"start":	0,
				"end":	40.000077,
				"seconds":	40.000076293945312,
				"bytes":	4709679104,
				"bits_per_second":	941934024.20342672,
				"retransmits":	0,
				"omitted":	false,
				"sender":	true
			}
		}],
	"end":	{
		"streams":	[{
				"sender":	{
					"socket":	5,
					"start":	0,
					"end":	40.000077,
					"seconds":	40.000077,
					"bytes":	4709679104,
					"bits_per_second":	941934007.57703543,
					"retransmits":	0,
					"max_snd_cwnd":	577752,
					"max_rtt":	2462,
					"min_rtt":	2462,
					"mean_rtt":	2462,
					"sender":	true
				},
				"receiver":	{
					"socket":	5,
					"start":	0,
					"end":	40.048570871353149,
					"seconds":	40.000077,
					"bytes":	4707665952,
					"bits_per_second":	940391299.77892041,
					"sender":	true
				}
			}],
		"sum_sent":	{
			"start":	0,
			"end":	40.000077,
			"seconds":	40.000077,
			"bytes":	4709679104,
			"bits_per_second":	941934007.57703543,
			"retransmits":	0,
			"sender":	true
		},
		"sum_received":	{
			"start":	0,
			"end":	40.048570871353149,
			"seconds":	40.048570871353149,
			"bytes":	4707665952,
			"bits_per_second":	940391299.77892041,
			"sender":	true
		},
		"cpu_utilization_percent":	{
			"host_total":	8.90309478401857,
			"host_user":	0.29465177175460866,
			"host_system":	8.6084455067338457,
			"remote_total":	26.896743118632738,
			"remote_user":	2.91166102360268,
			"remote_system":	23.985082095030059
		},
		"sender_tcp_congestion":	"cubic",
		"receiver_tcp_congestion":	"cubic"
	}
}
