{
	"start":	{
		"connected":	[{
				"socket":	5,
				"local_host":	"10.10.10.2",
				"local_port":	40914,
				"remote_host":	"10.10.10.4",
				"remote_port":	5201
			}],
		"version":	"iperf 3.9",
		"system_info":	"Linux zelda 5.10.0-18-amd64 #1 SMP Debian 5.10.140-1 (2022-09-02) x86_64",
		"timestamp":	{
			"time":	"Tue, 30 Jan 2024 15:54:06 GMT",
			"timesecs":	1706630046
		},
		"connecting_to":	{
			"host":	"10.10.10.4",
			"port":	5201
		},
		"cookie":	"qgrkplvfrlvbaa2rpphyobtwgvl5igadbzuy",
		"tcp_mss_default":	1448,
		"target_bitrate":	5000000000,
		"sock_bufsize":	0,
		"sndbuf_actual":	1000000,
		"rcvbuf_actual":	1000000,
		"test_start":	{
			"protocol":	"TCP",
			"num_streams":	1,
			"blksize":	131072,
			"omit":	0,
			"duration":	100,
			"bytes":	0,
			"blocks":	0,
			"reverse":	0,
			"tos":	0
		}
	},
	"intervals":	[{
			"streams":	[{
					"socket":	5,
					"start":	0,
					"end":	60.000079,
					"seconds":	60.000080108642578,
					"bytes":	7062421504,
					"bits_per_second":	941654943.28834522,
					"retransmits":	0,
					"snd_cwnd":	443088,
					"rtt":	2195,
					"rttvar":	96,
					"pmtu":	9000,
					"omitted":	false,
					"sender":	true
				}],
			"sum":	{
				"start":	0,
				"end":	60.000079,
				"seconds":	60.000080108642578,
				"bytes":	7062421504,
				"bits_per_second":	941654943.28834522,
				"retransmits":	0,
				"omitted":	false,
				"sender":	true
			}
		}, {
			"streams":	[{
					"socket":	5,
					"start":	60.000079,
					"end":	100.000072,
					"seconds":	39.999992370605469,
					"bytes":	4707450880,
					"bits_per_second":	941490355.57503426,
					"retransmits":	0,
					"snd_cwnd":	443088,
					"rtt":	2226,
					"rttvar":	123,
					"pmtu":	9000,
					"omitted":	false,
					"sender":	true
				}],
			"sum":	{
				"start":	60.000079,
				"end":	100.000072,
				"seconds":	39.999992370605469,
				"bytes":	4707450880,
				"bits_per_second":	941490355.57503426,
				"retransmits":	0,
				"omitted":	false,
				"sender":	true
			}
		}],
	"end":	{
		"streams":	[{
				"sender":	{
					"socket":	5,
					"start":	0,
					"end":	100.000072,
					"seconds":	100.000072,
					"bytes":	11769872384,
					"bits_per_second":	941589112.77583873,
					"retransmits":	0,
					"max_snd_cwnd":	443088,
					"max_rtt":	2226,
					"min_rtt":	2195,
					"mean_rtt":	2210,
					"sender":	true
				},
				"receiver":	{
					"socket":	5,
					"start":	0,
					"end":	100.04357695579529,
					"seconds":	100.000072,
					"bytes":	11768280344,
					"bits_per_second":	941052345.555367,
					"sender":	true
				}
			}],
		"sum_sent":	{
			"start":	0,
			"end":	100.000072,
			"seconds":	100.000072,
			"bytes":	11769872384,
			"bits_per_second":	941589112.77583873,
			"retransmits":	0,
			"sender":	true
		},
		"sum_received":	{
			"start":	0,
			"end":	100.04357695579529,
			"seconds":	100.04357695579529,
			"bytes":	11768280344,
			"bits_per_second":	941052345.555367,
			"sender":	true
		},
		"cpu_utilization_percent":	{
			"host_total":	16.057334543332793,
			"host_user":	0.59942791626776826,
			"host_system":	15.457905627935236,
			"remote_total":	26.532614557958965,
			"remote_user":	2.6546144057246339,
			"remote_system":	23.878000152234332
		},
		"sender_tcp_congestion":	"cubic",
		"receiver_tcp_congestion":	"cubic"
	}
}
