{
	"start":	{
		"connected":	[{
				"socket":	5,
				"local_host":	"10.10.10.2",
				"local_port":	49396,
				"remote_host":	"10.10.10.4",
				"remote_port":	5201
			}],
		"version":	"iperf 3.9",
		"system_info":	"Linux zelda 5.10.0-18-amd64 #1 SMP Debian 5.10.140-1 (2022-09-02) x86_64",
		"timestamp":	{
			"time":	"Mon, 29 Jan 2024 19:34:53 GMT",
			"timesecs":	1706556893
		},
		"connecting_to":	{
			"host":	"10.10.10.4",
			"port":	5201
		},
		"cookie":	"aal5j4oloazikxn64cxdzb2vue7gonlljwzw",
		"tcp_mss_default":	1448,
		"target_bitrate":	6000000000,
		"sock_bufsize":	0,
		"sndbuf_actual":	1000000,
		"rcvbuf_actual":	1000000,
		"test_start":	{
			"protocol":	"TCP",
			"num_streams":	1,
			"blksize":	131072,
			"omit":	0,
			"duration":	80,
			"bytes":	0,
			"blocks":	0,
			"reverse":	0,
			"tos":	0
		}
	},
	"intervals":	[{
			"streams":	[{
					"socket":	5,
					"start":	0,
					"end":	60.000071,
					"seconds":	60.000072479248047,
					"bytes":	7063076864,
					"bits_per_second":	941742444.25359643,
					"retransmits":	0,
					"snd_cwnd":	518384,
					"rtt":	2698,
					"rttvar":	124,
					"pmtu":	9000,
					"omitted":	false,
					"sender":	true
				}],
			"sum":	{
				"start":	0,
				"end":	60.000071,
				"seconds":	60.000072479248047,
				"bytes":	7063076864,
				"bits_per_second":	941742444.25359643,
				"retransmits":	0,
				"omitted":	false,
				"sender":	true
			}
		}, {
			"streams":	[{
					"socket":	5,
					"start":	60.000071,
					"end":	80.000078,
					"seconds":	20.000007629394531,
					"bytes":	2353659904,
					"bits_per_second":	941463602.460137,
					"retransmits":	0,
					"snd_cwnd":	518384,
					"rtt":	2309,
					"rttvar":	163,
					"pmtu":	9000,
					"omitted":	false,
					"sender":	true
				}],
			"sum":	{
				"start":	60.000071,
				"end":	80.000078,
				"seconds":	20.000007629394531,
				"bytes":	2353659904,
				"bits_per_second":	941463602.460137,
				"retransmits":	0,
				"omitted":	false,
				"sender":	true
			}
		}],
	"end":	{
		"streams":	[{
				"sender":	{
					"socket":	5,
					"start":	0,
					"end":	80.000078,
					"seconds":	80.000078,
					"bytes":	9416736768,
					"bits_per_second":	941672758.66906023,
					"retransmits":	0,
					"max_snd_cwnd":	518384,
					"max_rtt":	2698,
					"min_rtt":	2309,
					"mean_rtt":	2503,
					"sender":	true
				},
				"receiver":	{
					"socket":	5,
					"start":	0,
					"end":	80.044456005096436,
					"seconds":	80.000078,
					"bytes":	9415015488,
					"bits_per_second":	940978646.905969,
					"sender":	true
				}
			}],
		"sum_sent":	{
			"start":	0,
			"end":	80.000078,
			"seconds":	80.000078,
			"bytes":	9416736768,
			"bits_per_second":	941672758.66906023,
			"retransmits":	0,
			"sender":	true
		},
		"sum_received":	{
			"start":	0,
			"end":	80.044456005096436,
			"seconds":	80.044456005096436,
			"bytes":	9415015488,
			"bits_per_second":	940978646.905969,
			"sender":	true
		},
		"cpu_utilization_percent":	{
			"host_total":	9.1824430169347639,
			"host_user":	0.33051404645676818,
			"host_system":	8.8519289704779958,
			"remote_total":	26.521342789519746,
			"remote_user":	2.5931848323946753,
			"remote_system":	23.928156709097763
		},
		"sender_tcp_congestion":	"cubic",
		"receiver_tcp_congestion":	"cubic"
	}
}
