{
	"start":	{
		"connected":	[{
				"socket":	5,
				"local_host":	"10.10.10.2",
				"local_port":	53582,
				"remote_host":	"10.10.10.4",
				"remote_port":	5201
			}],
		"version":	"iperf 3.9",
		"system_info":	"Linux zelda 5.10.0-18-amd64 #1 SMP Debian 5.10.140-1 (2022-09-02) x86_64",
		"timestamp":	{
			"time":	"Tue, 30 Jan 2024 10:01:19 GMT",
			"timesecs":	1706608879
		},
		"connecting_to":	{
			"host":	"10.10.10.4",
			"port":	5201
		},
		"cookie":	"xfax35rve5rlbdhhevlbj4dcosdtjkulbftm",
		"tcp_mss_default":	1448,
		"target_bitrate":	2000000000,
		"sock_bufsize":	0,
		"sndbuf_actual":	1000000,
		"rcvbuf_actual":	1000000,
		"test_start":	{
			"protocol":	"TCP",
			"num_streams":	1,
			"blksize":	131072,
			"omit":	0,
			"duration":	30,
			"bytes":	0,
			"blocks":	0,
			"reverse":	0,
			"tos":	0
		}
	},
	"intervals":	[{
			"streams":	[{
					"socket":	5,
					"start":	0,
					"end":	30.00009,
					"seconds":	30.000089645385742,
					"bytes":	3532128256,
					"bits_per_second":	941898053.7061882,
					"retransmits":	0,
					"snd_cwnd":	417024,
					"rtt":	2232,
					"rttvar":	122,
					"pmtu":	9000,
					"omitted":	false,
					"sender":	true
				}],
			"sum":	{
				"start":	0,
				"end":	30.00009,
				"seconds":	30.000089645385742,
				"bytes":	3532128256,
				"bits_per_second":	941898053.7061882,
				"retransmits":	0,
				"omitted":	false,
				"sender":	true
			}
		}],
	"end":	{
		"streams":	[{
				"sender":	{
					"socket":	5,
					"start":	0,
					"end":	30.00009,
					"seconds":	30.00009,
					"bytes":	3532128256,
					"bits_per_second":	941898042.572539,
					"retransmits":	0,
					"max_snd_cwnd":	417024,
					"max_rtt":	2232,
					"min_rtt":	2232,
					"mean_rtt":	2232,
					"sender":	true
				},
				"receiver":	{
					"socket":	5,
					"start":	0,
					"end":	30.045073986053467,
					"seconds":	30.00009,
					"bytes":	3530741688,
					"bits_per_second":	940118620.347262,
					"sender":	true
				}
			}],
		"sum_sent":	{
			"start":	0,
			"end":	30.00009,
			"seconds":	30.00009,
			"bytes":	3532128256,
			"bits_per_second":	941898042.572539,
			"retransmits":	0,
			"sender":	true
		},
		"sum_received":	{
			"start":	0,
			"end":	30.045073986053467,
			"seconds":	30.045073986053467,
			"bytes":	3530741688,
			"bits_per_second":	940118620.347262,
			"sender":	true
		},
		"cpu_utilization_percent":	{
			"host_total":	16.480806926935109,
			"host_user":	0.64500075724676176,
			"host_system":	15.835809493132553,
			"remote_total":	26.639490987858988,
			"remote_user":	2.6891213713603386,
			"remote_system":	23.9503662966695
		},
		"sender_tcp_congestion":	"cubic",
		"receiver_tcp_congestion":	"cubic"
	}
}
