{
	"start":	{
		"connected":	[{
				"socket":	5,
				"local_host":	"10.10.10.2",
				"local_port":	60610,
				"remote_host":	"10.10.10.4",
				"remote_port":	5201
			}],
		"version":	"iperf 3.9",
		"system_info":	"Linux zelda 5.10.0-18-amd64 #1 SMP Debian 5.10.140-1 (2022-09-02) x86_64",
		"timestamp":	{
			"time":	"Tue, 30 Jan 2024 18:06:01 GMT",
			"timesecs":	1706637961
		},
		"connecting_to":	{
			"host":	"10.10.10.4",
			"port":	5201
		},
		"cookie":	"5inyiohsa3snbwhezkl72o36p3tphypn5vk3",
		"tcp_mss_default":	1448,
		"target_bitrate":	7000000000,
		"sock_bufsize":	0,
		"sndbuf_actual":	1000000,
		"rcvbuf_actual":	1000000,
		"test_start":	{
			"protocol":	"TCP",
			"num_streams":	1,
			"blksize":	131072,
			"omit":	0,
			"duration":	60,
			"bytes":	0,
			"blocks":	0,
			"reverse":	0,
			"tos":	0
		}
	},
	"intervals":	[{
			"streams":	[{
					"socket":	5,
					"start":	0,
					"end":	60.000074,
					"seconds":	60.000072479248047,
					"bytes":	7062683648,
					"bits_per_second":	941690015.51692975,
					"retransmits":	0,
					"snd_cwnd":	419920,
					"rtt":	2249,
					"rttvar":	153,
					"pmtu":	9000,
					"omitted":	false,
					"sender":	true
				}],
			"sum":	{
				"start":	0,
				"end":	60.000074,
				"seconds":	60.000072479248047,
				"bytes":	7062683648,
				"bits_per_second":	941690015.51692975,
				"retransmits":	0,
				"omitted":	false,
				"sender":	true
			}
		}],
	"end":	{
		"streams":	[{
				"sender":	{
					"socket":	5,
					"start":	0,
					"end":	60.000074,
					"seconds":	60.000074,
					"bytes":	7062683648,
					"bits_per_second":	941689991.6490103,
					"retransmits":	0,
					"max_snd_cwnd":	419920,
					"max_rtt":	2249,
					"min_rtt":	2249,
					"mean_rtt":	2249,
					"sender":	true
				},
				"receiver":	{
					"socket":	5,
					"start":	0,
					"end":	60.04371190071106,
					"seconds":	60.000074,
					"bytes":	7061239360,
					"bits_per_second":	940813169.136051,
					"sender":	true
				}
			}],
		"sum_sent":	{
			"start":	0,
			"end":	60.000074,
			"seconds":	60.000074,
			"bytes":	7062683648,
			"bits_per_second":	941689991.6490103,
			"retransmits":	0,
			"sender":	true
		},
		"sum_received":	{
			"start":	0,
			"end":	60.04371190071106,
			"seconds":	60.04371190071106,
			"bytes":	7061239360,
			"bits_per_second":	940813169.136051,
			"sender":	true
		},
		"cpu_utilization_percent":	{
			"host_total":	16.078069653673126,
			"host_user":	0.626446330753604,
			"host_system":	15.451621658688982,
			"remote_total":	25.550378172612138,
			"remote_user":	2.4556902466847608,
			"remote_system":	23.094686262635861
		},
		"sender_tcp_congestion":	"cubic",
		"receiver_tcp_congestion":	"cubic"
	}
}
