{
	"start":	{
		"connected":	[{
				"socket":	5,
				"local_host":	"10.10.10.2",
				"local_port":	50538,
				"remote_host":	"10.10.10.4",
				"remote_port":	5201
			}],
		"version":	"iperf 3.9",
		"system_info":	"Linux zelda 5.10.0-18-amd64 #1 SMP Debian 5.10.140-1 (2022-09-02) x86_64",
		"timestamp":	{
			"time":	"Tue, 30 Jan 2024 01:54:51 GMT",
			"timesecs":	1706579691
		},
		"connecting_to":	{
			"host":	"10.10.10.4",
			"port":	5201
		},
		"cookie":	"vvmpdafsspkg2pvo4refouwq33dh46s3fbc2",
		"tcp_mss_default":	1448,
		"target_bitrate":	10000000000,
		"sock_bufsize":	0,
		"sndbuf_actual":	1000000,
		"rcvbuf_actual":	1000000,
		"test_start":	{
			"protocol":	"TCP",
			"num_streams":	1,
			"blksize":	131072,
			"omit":	0,
			"duration":	90,
			"bytes":	0,
			"blocks":	0,
			"reverse":	0,
			"tos":	0
		}
	},
	"intervals":	[{
			"streams":	[{
					"socket":	5,
					"start":	0,
					"end":	60.000067,
					"seconds":	60.000068664550781,
					"bytes":	7063470080,
					"bits_per_second":	941794932.8679,
					"retransmits":	0,
					"snd_cwnd":	618296,
					"rtt":	2731,
					"rttvar":	92,
					"pmtu":	9000,
					"omitted":	false,
					"sender":	true
				}],
			"sum":	{
				"start":	0,
				"end":	60.000067,
				"seconds":	60.000068664550781,
				"bytes":	7063470080,
				"bits_per_second":	941794932.8679,
				"retransmits":	0,
				"omitted":	false,
				"sender":	true
			}
		}, {
			"streams":	[{
					"socket":	5,
					"start":	60.000067,
					"end":	90.000074,
					"seconds":	30.000007629394531,
					"bytes":	3530555392,
					"bits_per_second":	941481198.43561649,
					"retransmits":	0,
					"snd_cwnd":	618296,
					"rtt":	2756,
					"rttvar":	165,
					"pmtu":	9000,
					"omitted":	false,
					"sender":	true
				}],
			"sum":	{
				"start":	60.000067,
				"end":	90.000074,
				"seconds":	30.000007629394531,
				"bytes":	3530555392,
				"bits_per_second":	941481198.43561649,
				"retransmits":	0,
				"omitted":	false,
				"sender":	true
			}
		}],
	"end":	{
		"streams":	[{
				"sender":	{
					"socket":	5,
					"start":	0,
					"end":	90.000074,
					"seconds":	90.000074,
					"bytes":	10594025472,
					"bits_per_second":	941690378.78791082,
					"retransmits":	0,
					"max_snd_cwnd":	618296,
					"max_rtt":	2756,
					"min_rtt":	2731,
					"mean_rtt":	2743,
					"sender":	true
				},
				"receiver":	{
					"socket":	5,
					"start":	0,
					"end":	90.044951915740967,
					"seconds":	90.000074,
					"bytes":	10591871696,
					"bits_per_second":	941029694.22750378,
					"sender":	true
				}
			}],
		"sum_sent":	{
			"start":	0,
			"end":	90.000074,
			"seconds":	90.000074,
			"bytes":	10594025472,
			"bits_per_second":	941690378.78791082,
			"retransmits":	0,
			"sender":	true
		},
		"sum_received":	{
			"start":	0,
			"end":	90.044951915740967,
			"seconds":	90.044951915740967,
			"bytes":	10591871696,
			"bits_per_second":	941029694.22750378,
			"sender":	true
		},
		"cpu_utilization_percent":	{
			"host_total":	8.73152119252407,
			"host_user":	0.22372192353188408,
			"host_system":	8.5077992689921853,
			"remote_total":	25.8179797254993,
			"remote_user":	2.5037175525134874,
			"remote_system":	23.31426217298581
		},
		"sender_tcp_congestion":	"cubic",
		"receiver_tcp_congestion":	"cubic"
	}
}
