{
	"start":	{
		"connected":	[{
				"socket":	5,
				"local_host":	"10.10.10.2",
				"local_port":	57570,
				"remote_host":	"10.10.10.4",
				"remote_port":	5201
			}],
		"version":	"iperf 3.9",
		"system_info":	"Linux zelda 5.10.0-18-amd64 #1 SMP Debian 5.10.140-1 (2022-09-02) x86_64",
		"timestamp":	{
			"time":	"Tue, 30 Jan 2024 09:28:30 GMT",
			"timesecs":	1706606910
		},
		"connecting_to":	{
			"host":	"10.10.10.4",
			"port":	5201
		},
		"cookie":	"3waubdotsnruecc7lfyxmsvfa5v4s4cpsdbt",
		"tcp_mss_default":	1448,
		"target_bitrate":	1000000000,
		"sock_bufsize":	0,
		"sndbuf_actual":	1000000,
		"rcvbuf_actual":	1000000,
		"test_start":	{
			"protocol":	"TCP",
			"num_streams":	1,
			"blksize":	131072,
			"omit":	0,
			"duration":	90,
			"bytes":	0,
			"blocks":	0,
			"reverse":	0,
			"tos":	0
		}
	},
	"intervals":	[{
			"streams":	[{
					"socket":	5,
					"start":	0,
					"end":	60.000043,
					"seconds":	60.000041961669922,
					"bytes":	7062814720,
					"bits_per_second":	941707970.73934948,
					"retransmits":	0,
					"snd_cwnd":	450328,
					"rtt":	2242,
					"rttvar":	110,
					"pmtu":	9000,
					"omitted":	false,
					"sender":	true
				}],
			"sum":	{
				"start":	0,
				"end":	60.000043,
				"seconds":	60.000041961669922,
				"bytes":	7062814720,
				"bits_per_second":	941707970.73934948,
				"retransmits":	0,
				"omitted":	false,
				"sender":	true
			}
		}, {
			"streams":	[{
					"socket":	5,
					"start":	60.000043,
					"end":	90.000072,
					"seconds":	30.000028610229492,
					"bytes":	3530424320,
					"bits_per_second":	941445587.50085628,
					"retransmits":	0,
					"snd_cwnd":	450328,
					"rtt":	2262,
					"rttvar":	159,
					"pmtu":	9000,
					"omitted":	false,
					"sender":	true
				}],
			"sum":	{
				"start":	60.000043,
				"end":	90.000072,
				"seconds":	30.000028610229492,
				"bytes":	3530424320,
				"bits_per_second":	941445587.50085628,
				"retransmits":	0,
				"omitted":	false,
				"sender":	true
			}
		}],
	"end":	{
		"streams":	[{
				"sender":	{
					"socket":	5,
					"start":	0,
					"end":	90.000072,
					"seconds":	90.000072,
					"bytes":	10593239040,
					"bits_per_second":	941620494.70360422,
					"retransmits":	0,
					"max_snd_cwnd":	450328,
					"max_rtt":	2262,
					"min_rtt":	2242,
					"mean_rtt":	2252,
					"sender":	true
				},
				"receiver":	{
					"socket":	5,
					"start":	0,
					"end":	90.041079998016357,
					"seconds":	90.000072,
					"bytes":	10591703312,
					"bits_per_second":	941055199.44748235,
					"sender":	true
				}
			}],
		"sum_sent":	{
			"start":	0,
			"end":	90.000072,
			"seconds":	90.000072,
			"bytes":	10593239040,
			"bits_per_second":	941620494.70360422,
			"retransmits":	0,
			"sender":	true
		},
		"sum_received":	{
			"start":	0,
			"end":	90.041079998016357,
			"seconds":	90.041079998016357,
			"bytes":	10591703312,
			"bits_per_second":	941055199.44748235,
			"sender":	true
		},
		"cpu_utilization_percent":	{
			"host_total":	15.932670392542613,
			"host_user":	0.72111525803247067,
			"host_system":	15.211555134510144,
			"remote_total":	22.760841423301816,
			"remote_user":	2.5212039178062309,
			"remote_system":	20.239636395836648
		},
		"sender_tcp_congestion":	"cubic",
		"receiver_tcp_congestion":	"cubic"
	}
}
