{
	"start":	{
		"connected":	[{
				"socket":	5,
				"local_host":	"10.10.10.2",
				"local_port":	49480,
				"remote_host":	"10.10.10.4",
				"remote_port":	5201
			}],
		"version":	"iperf 3.9",
		"system_info":	"Linux zelda 5.10.0-18-amd64 #1 SMP Debian 5.10.140-1 (2022-09-02) x86_64",
		"timestamp":	{
			"time":	"Sun, 28 Jan 2024 18:31:20 GMT",
			"timesecs":	1706466680
		},
		"connecting_to":	{
			"host":	"10.10.10.4",
			"port":	5201
		},
		"cookie":	"c2bdpzqactj35lvlyx5npt74uqxv6duhxhck",
		"tcp_mss_default":	1448,
		"target_bitrate":	5000000000,
		"sock_bufsize":	0,
		"sndbuf_actual":	1000000,
		"rcvbuf_actual":	1000000,
		"test_start":	{
			"protocol":	"TCP",
			"num_streams":	1,
			"blksize":	131072,
			"omit":	0,
			"duration":	50,
			"bytes":	0,
			"blocks":	0,
			"reverse":	0,
			"tos":	0
		}
	},
	"intervals":	[{
			"streams":	[{
					"socket":	5,
					"start":	0,
					"end":	50.000068,
					"seconds":	50.000068664550781,
					"bytes":	5885657088,
					"bits_per_second":	941703840.846576,
					"retransmits":	0,
					"snd_cwnd":	364896,
					"rtt":	2171,
					"rttvar":	150,
					"pmtu":	9000,
					"omitted":	false,
					"sender":	true
				}],
			"sum":	{
				"start":	0,
				"end":	50.000068,
				"seconds":	50.000068664550781,
				"bytes":	5885657088,
				"bits_per_second":	941703840.846576,
				"retransmits":	0,
				"omitted":	false,
				"sender":	true
			}
		}],
	"end":	{
		"streams":	[{
				"sender":	{
					"socket":	5,
					"start":	0,
					"end":	50.000068,
					"seconds":	50.000068,
					"bytes":	5885657088,
					"bits_per_second":	941703853.36275947,
					"retransmits":	0,
					"max_snd_cwnd":	364896,
					"max_rtt":	2171,
					"min_rtt":	2171,
					"mean_rtt":	2171,
					"sender":	true
				},
				"receiver":	{
					"socket":	5,
					"start":	0,
					"end":	50.0411069393158,
					"seconds":	50.000068,
					"bytes":	5884452656,
					"bits_per_second":	940739006.9345988,
					"sender":	true
				}
			}],
		"sum_sent":	{
			"start":	0,
			"end":	50.000068,
			"seconds":	50.000068,
			"bytes":	5885657088,
			"bits_per_second":	941703853.36275947,
			"retransmits":	0,
			"sender":	true
		},
		"sum_received":	{
			"start":	0,
			"end":	50.0411069393158,
			"seconds":	50.0411069393158,
			"bytes":	5884452656,
			"bits_per_second":	940739006.9345988,
			"sender":	true
		},
		"cpu_utilization_percent":	{
			"host_total":	4.64505095242173,
			"host_user":	0.17700766066825008,
			"host_system":	4.46804129511873,
			"remote_total":	27.213027099089061,
			"remote_user":	2.8211475284894973,
			"remote_system":	24.391877575466893
		},
		"sender_tcp_congestion":	"cubic",
		"receiver_tcp_congestion":	"cubic"
	}
}
