{
	"start":	{
		"connected":	[{
				"socket":	5,
				"local_host":	"10.10.10.2",
				"local_port":	55906,
				"remote_host":	"10.10.10.4",
				"remote_port":	5201
			}],
		"version":	"iperf 3.9",
		"system_info":	"Linux zelda 5.10.0-18-amd64 #1 SMP Debian 5.10.140-1 (2022-09-02) x86_64",
		"timestamp":	{
			"time":	"Tue, 30 Jan 2024 21:43:08 GMT",
			"timesecs":	1706650988
		},
		"connecting_to":	{
			"host":	"10.10.10.4",
			"port":	5201
		},
		"cookie":	"gjyl6aucn5d56socig6riqwqht2akpvgcrwf",
		"tcp_mss_default":	1448,
		"target_bitrate":	9000000000,
		"sock_bufsize":	0,
		"sndbuf_actual":	1000000,
		"rcvbuf_actual":	1000000,
		"test_start":	{
			"protocol":	"TCP",
			"num_streams":	1,
			"blksize":	131072,
			"omit":	0,
			"duration":	90,
			"bytes":	0,
			"blocks":	0,
			"reverse":	0,
			"tos":	0
		}
	},
	"intervals":	[{
			"streams":	[{
					"socket":	5,
					"start":	0,
					"end":	60.000087,
					"seconds":	60.0000877380371,
					"bytes":	7063076864,
					"bits_per_second":	941742204.756458,
					"retransmits":	0,
					"snd_cwnd":	525624,
					"rtt":	2696,
					"rttvar":	137,
					"pmtu":	9000,
					"omitted":	false,
					"sender":	true
				}],
			"sum":	{
				"start":	0,
				"end":	60.000087,
				"seconds":	60.0000877380371,
				"bytes":	7063076864,
				"bits_per_second":	941742204.756458,
				"retransmits":	0,
				"omitted":	false,
				"sender":	true
			}
		}, {
			"streams":	[{
					"socket":	5,
					"start":	60.000087,
					"end":	90.000081,
					"seconds":	29.9999942779541,
					"bytes":	3530555392,
					"bits_per_second":	941481617.44003427,
					"retransmits":	0,
					"snd_cwnd":	525624,
					"rtt":	2579,
					"rttvar":	285,
					"pmtu":	9000,
					"omitted":	false,
					"sender":	true
				}],
			"sum":	{
				"start":	60.000087,
				"end":	90.000081,
				"seconds":	29.9999942779541,
				"bytes":	3530555392,
				"bits_per_second":	941481617.44003427,
				"retransmits":	0,
				"omitted":	false,
				"sender":	true
			}
		}],
	"end":	{
		"streams":	[{
				"sender":	{
					"socket":	5,
					"start":	0,
					"end":	90.000081,
					"seconds":	90.000081,
					"bytes":	10593632256,
					"bits_per_second":	941655353.04351568,
					"retransmits":	0,
					"max_snd_cwnd":	525624,
					"max_rtt":	2696,
					"min_rtt":	2579,
					"mean_rtt":	2637,
					"sender":	true
				},
				"receiver":	{
					"socket":	5,
					"start":	0,
					"end":	90.040853977203369,
					"seconds":	90.000081,
					"bytes":	10591805088,
					"bits_per_second":	941066604.33777261,
					"sender":	true
				}
			}],
		"sum_sent":	{
			"start":	0,
			"end":	90.000081,
			"seconds":	90.000081,
			"bytes":	10593632256,
			"bits_per_second":	941655353.04351568,
			"retransmits":	0,
			"sender":	true
		},
		"sum_received":	{
			"start":	0,
			"end":	90.040853977203369,
			"seconds":	90.040853977203369,
			"bytes":	10591805088,
			"bits_per_second":	941066604.33777261,
			"sender":	true
		},
		"cpu_utilization_percent":	{
			"host_total":	15.904219665462795,
			"host_user":	0.668502038903466,
			"host_system":	15.235718736659029,
			"remote_total":	24.02283253725216,
			"remote_user":	2.60664058493716,
			"remote_system":	21.416191952315
		},
		"sender_tcp_congestion":	"cubic",
		"receiver_tcp_congestion":	"cubic"
	}
}
