{
	"start":	{
		"connected":	[{
				"socket":	5,
				"local_host":	"10.10.10.2",
				"local_port":	36756,
				"remote_host":	"10.10.10.4",
				"remote_port":	5201
			}],
		"version":	"iperf 3.9",
		"system_info":	"Linux zelda 5.10.0-18-amd64 #1 SMP Debian 5.10.140-1 (2022-09-02) x86_64",
		"timestamp":	{
			"time":	"Wed, 31 Jan 2024 08:56:30 GMT",
			"timesecs":	1706691390
		},
		"connecting_to":	{
			"host":	"10.10.10.4",
			"port":	5201
		},
		"cookie":	"2a2edhmxow6qqi3nh7246osg5rug242bq4q5",
		"tcp_mss_default":	1448,
		"target_bitrate":	6000000000,
		"sock_bufsize":	0,
		"sndbuf_actual":	1000000,
		"rcvbuf_actual":	1000000,
		"test_start":	{
			"protocol":	"TCP",
			"num_streams":	1,
			"blksize":	131072,
			"omit":	0,
			"duration":	100,
			"bytes":	0,
			"blocks":	0,
			"reverse":	0,
			"tos":	0
		}
	},
	"intervals":	[{
			"streams":	[{
					"socket":	5,
					"start":	0,
					"end":	60.000084,
					"seconds":	60.000083923339844,
					"bytes":	7063470080,
					"bits_per_second":	941794693.357398,
					"retransmits":	0,
					"snd_cwnd":	626984,
					"rtt":	2729,
					"rttvar":	137,
					"pmtu":	9000,
					"omitted":	false,
					"sender":	true
				}],
			"sum":	{
				"start":	0,
				"end":	60.000084,
				"seconds":	60.000083923339844,
				"bytes":	7063470080,
				"bits_per_second":	941794693.357398,
				"retransmits":	0,
				"omitted":	false,
				"sender":	true
			}
		}, {
			"streams":	[{
					"socket":	5,
					"start":	60.000084,
					"end":	100.000069,
					"seconds":	39.999984741210938,
					"bytes":	4707450880,
					"bits_per_second":	941490535.150137,
					"retransmits":	0,
					"snd_cwnd":	626984,
					"rtt":	2766,
					"rttvar":	116,
					"pmtu":	9000,
					"omitted":	false,
					"sender":	true
				}],
			"sum":	{
				"start":	60.000084,
				"end":	100.000069,
				"seconds":	39.999984741210938,
				"bytes":	4707450880,
				"bits_per_second":	941490535.150137,
				"retransmits":	0,
				"omitted":	false,
				"sender":	true
			}
		}],
	"end":	{
		"streams":	[{
				"sender":	{
					"socket":	5,
					"start":	0,
					"end":	100.000069,
					"seconds":	100.000069,
					"bytes":	11770920960,
					"bits_per_second":	941673027.04561138,
					"retransmits":	0,
					"max_snd_cwnd":	626984,
					"max_rtt":	2766,
					"min_rtt":	2729,
					"mean_rtt":	2747,
					"sender":	true
				},
				"receiver":	{
					"socket":	5,
					"start":	0,
					"end":	100.04422688484192,
					"seconds":	100.000069,
					"bytes":	11768664192,
					"bits_per_second":	941076926.35150862,
					"sender":	true
				}
			}],
		"sum_sent":	{
			"start":	0,
			"end":	100.000069,
			"seconds":	100.000069,
			"bytes":	11770920960,
			"bits_per_second":	941673027.04561138,
			"retransmits":	0,
			"sender":	true
		},
		"sum_received":	{
			"start":	0,
			"end":	100.04422688484192,
			"seconds":	100.04422688484192,
			"bytes":	11768664192,
			"bits_per_second":	941076926.35150862,
			"sender":	true
		},
		"cpu_utilization_percent":	{
			"host_total":	19.084729081255993,
			"host_user":	0.80701066807214028,
			"host_system":	18.277717414050912,
			"remote_total":	26.421101470846686,
			"remote_user":	2.630192010570763,
			"remote_system":	23.790909460275923
		},
		"sender_tcp_congestion":	"cubic",
		"receiver_tcp_congestion":	"cubic"
	}
}
