{
	"start":	{
		"connected":	[{
				"socket":	5,
				"local_host":	"10.10.10.2",
				"local_port":	39846,
				"remote_host":	"10.10.10.4",
				"remote_port":	5201
			}],
		"version":	"iperf 3.9",
		"system_info":	"Linux zelda 5.10.0-18-amd64 #1 SMP Debian 5.10.140-1 (2022-09-02) x86_64",
		"timestamp":	{
			"time":	"Tue, 30 Jan 2024 00:37:21 GMT",
			"timesecs":	1706575041
		},
		"connecting_to":	{
			"host":	"10.10.10.4",
			"port":	5201
		},
		"cookie":	"7d7giyuorwv73pgunhlgqioll5du7dz6cjxl",
		"tcp_mss_default":	1448,
		"target_bitrate":	9000000000,
		"sock_bufsize":	0,
		"sndbuf_actual":	1000000,
		"rcvbuf_actual":	1000000,
		"test_start":	{
			"protocol":	"TCP",
			"num_streams":	1,
			"blksize":	131072,
			"omit":	0,
			"duration":	100,
			"bytes":	0,
			"blocks":	0,
			"reverse":	0,
			"tos":	0
		}
	},
	"intervals":	[{
			"streams":	[{
					"socket":	5,
					"start":	0,
					"end":	60.000066,
					"seconds":	60.000064849853516,
					"bytes":	7063207936,
					"bits_per_second":	941760040.249989,
					"retransmits":	0,
					"snd_cwnd":	527072,
					"rtt":	2258,
					"rttvar":	117,
					"pmtu":	9000,
					"omitted":	false,
					"sender":	true
				}],
			"sum":	{
				"start":	0,
				"end":	60.000066,
				"seconds":	60.000064849853516,
				"bytes":	7063207936,
				"bits_per_second":	941760040.249989,
				"retransmits":	0,
				"omitted":	false,
				"sender":	true
			}
		}, {
			"streams":	[{
					"socket":	5,
					"start":	60.000066,
					"end":	100.000099,
					"seconds":	40.0000343322754,
					"bytes":	4707319808,
					"bits_per_second":	941463153.53569353,
					"retransmits":	0,
					"snd_cwnd":	527072,
					"rtt":	2750,
					"rttvar":	109,
					"pmtu":	9000,
					"omitted":	false,
					"sender":	true
				}],
			"sum":	{
				"start":	60.000066,
				"end":	100.000099,
				"seconds":	40.0000343322754,
				"bytes":	4707319808,
				"bits_per_second":	941463153.53569353,
				"retransmits":	0,
				"omitted":	false,
				"sender":	true
			}
		}],
	"end":	{
		"streams":	[{
				"sender":	{
					"socket":	5,
					"start":	0,
					"end":	100.000099,
					"seconds":	100.000099,
					"bytes":	11770527744,
					"bits_per_second":	941641287.29512548,
					"retransmits":	0,
					"max_snd_cwnd":	527072,
					"max_rtt":	2750,
					"min_rtt":	2258,
					"mean_rtt":	2504,
					"sender":	true
				},
				"receiver":	{
					"socket":	5,
					"start":	0,
					"end":	100.04482197761536,
					"seconds":	100.000099,
					"bytes":	11768659848,
					"bits_per_second":	941070981.215455,
					"sender":	true
				}
			}],
		"sum_sent":	{
			"start":	0,
			"end":	100.000099,
			"seconds":	100.000099,
			"bytes":	11770527744,
			"bits_per_second":	941641287.29512548,
			"retransmits":	0,
			"sender":	true
		},
		"sum_received":	{
			"start":	0,
			"end":	100.04482197761536,
			"seconds":	100.04482197761536,
			"bytes":	11768659848,
			"bits_per_second":	941070981.215455,
			"sender":	true
		},
		"cpu_utilization_percent":	{
			"host_total":	8.8762836698435965,
			"host_user":	0.30675310032289926,
			"host_system":	8.56954355838872,
			"remote_total":	25.473019377817241,
			"remote_user":	2.440516081665558,
			"remote_system":	23.0325022973708
		},
		"sender_tcp_congestion":	"cubic",
		"receiver_tcp_congestion":	"cubic"
	}
}
