{
	"start":	{
		"connected":	[{
				"socket":	5,
				"local_host":	"10.10.10.2",
				"local_port":	50106,
				"remote_host":	"10.10.10.4",
				"remote_port":	5201
			}],
		"version":	"iperf 3.9",
		"system_info":	"Linux zelda 5.10.0-18-amd64 #1 SMP Debian 5.10.140-1 (2022-09-02) x86_64",
		"timestamp":	{
			"time":	"Mon, 29 Jan 2024 17:10:00 GMT",
			"timesecs":	1706548200
		},
		"connecting_to":	{
			"host":	"10.10.10.4",
			"port":	5201
		},
		"cookie":	"tgv5vlugkv2jlpa4tthybkczfxowmqvnzadh",
		"tcp_mss_default":	1448,
		"target_bitrate":	5000000000,
		"sock_bufsize":	0,
		"sndbuf_actual":	1000000,
		"rcvbuf_actual":	1000000,
		"test_start":	{
			"protocol":	"TCP",
			"num_streams":	1,
			"blksize":	131072,
			"omit":	0,
			"duration":	30,
			"bytes":	0,
			"blocks":	0,
			"reverse":	0,
			"tos":	0
		}
	},
	"intervals":	[{
			"streams":	[{
					"socket":	5,
					"start":	0,
					"end":	30.000075,
					"seconds":	30.00007438659668,
					"bytes":	3532128256,
					"bits_per_second":	941898532.77912426,
					"retransmits":	0,
					"snd_cwnd":	398200,
					"rtt":	2227,
					"rttvar":	148,
					"pmtu":	9000,
					"omitted":	false,
					"sender":	true
				}],
			"sum":	{
				"start":	0,
				"end":	30.000075,
				"seconds":	30.00007438659668,
				"bytes":	3532128256,
				"bits_per_second":	941898532.77912426,
				"retransmits":	0,
				"omitted":	false,
				"sender":	true
			}
		}],
	"end":	{
		"streams":	[{
				"sender":	{
					"socket":	5,
					"start":	0,
					"end":	30.000075,
					"seconds":	30.000075,
					"bytes":	3532128256,
					"bits_per_second":	941898513.520383,
					"retransmits":	0,
					"max_snd_cwnd":	398200,
					"max_rtt":	2227,
					"min_rtt":	2227,
					"mean_rtt":	2227,
					"sender":	true
				},
				"receiver":	{
					"socket":	5,
					"start":	0,
					"end":	30.0436110496521,
					"seconds":	30.000075,
					"bytes":	3530743136,
					"bits_per_second":	940164783.83103967,
					"sender":	true
				}
			}],
		"sum_sent":	{
			"start":	0,
			"end":	30.000075,
			"seconds":	30.000075,
			"bytes":	3532128256,
			"bits_per_second":	941898513.520383,
			"retransmits":	0,
			"sender":	true
		},
		"sum_received":	{
			"start":	0,
			"end":	30.0436110496521,
			"seconds":	30.0436110496521,
			"bytes":	3530743136,
			"bits_per_second":	940164783.83103967,
			"sender":	true
		},
		"cpu_utilization_percent":	{
			"host_total":	9.0224484582460054,
			"host_user":	0.391215917218107,
			"host_system":	8.63123918842465,
			"remote_total":	24.163666578768538,
			"remote_user":	2.0806296692560764,
			"remote_system":	22.083036909512462
		},
		"sender_tcp_congestion":	"cubic",
		"receiver_tcp_congestion":	"cubic"
	}
}
