{
	"start":	{
		"connected":	[{
				"socket":	5,
				"local_host":	"10.10.10.2",
				"local_port":	50600,
				"remote_host":	"10.10.10.4",
				"remote_port":	5201
			}],
		"version":	"iperf 3.9",
		"system_info":	"Linux zelda 5.10.0-18-amd64 #1 SMP Debian 5.10.140-1 (2022-09-02) x86_64",
		"timestamp":	{
			"time":	"Sun, 28 Jan 2024 23:22:16 GMT",
			"timesecs":	1706484136
		},
		"connecting_to":	{
			"host":	"10.10.10.4",
			"port":	5201
		},
		"cookie":	"yi6m3eo6hbj6ixrgr252uvaxfeshlc6kuygv",
		"tcp_mss_default":	1448,
		"target_bitrate":	8000000000,
		"sock_bufsize":	0,
		"sndbuf_actual":	1000000,
		"rcvbuf_actual":	1000000,
		"test_start":	{
			"protocol":	"TCP",
			"num_streams":	1,
			"blksize":	131072,
			"omit":	0,
			"duration":	70,
			"bytes":	0,
			"blocks":	0,
			"reverse":	0,
			"tos":	0
		}
	},
	"intervals":	[{
			"streams":	[{
					"socket":	5,
					"start":	0,
					"end":	60.00006,
					"seconds":	60.00006103515625,
					"bytes":	7062552576,
					"bits_per_second":	941672718.88097441,
					"retransmits":	0,
					"snd_cwnd":	364896,
					"rtt":	2138,
					"rttvar":	133,
					"pmtu":	9000,
					"omitted":	false,
					"sender":	true
				}],
			"sum":	{
				"start":	0,
				"end":	60.00006,
				"seconds":	60.00006103515625,
				"bytes":	7062552576,
				"bits_per_second":	941672718.88097441,
				"retransmits":	0,
				"omitted":	false,
				"sender":	true
			}
		}, {
			"streams":	[{
					"socket":	5,
					"start":	60.00006,
					"end":	70.000074,
					"seconds":	10.000014305114746,
					"bytes":	1176764416,
					"bits_per_second":	941410186.10192645,
					"retransmits":	0,
					"snd_cwnd":	364896,
					"rtt":	2165,
					"rttvar":	127,
					"pmtu":	9000,
					"omitted":	false,
					"sender":	true
				}],
			"sum":	{
				"start":	60.00006,
				"end":	70.000074,
				"seconds":	10.000014305114746,
				"bytes":	1176764416,
				"bits_per_second":	941410186.10192645,
				"retransmits":	0,
				"omitted":	false,
				"sender":	true
			}
		}],
	"end":	{
		"streams":	[{
				"sender":	{
					"socket":	5,
					"start":	0,
					"end":	70.000074,
					"seconds":	70.000074,
					"bytes":	8239316992,
					"bits_per_second":	941635232.214183,
					"retransmits":	0,
					"max_snd_cwnd":	364896,
					"max_rtt":	2165,
					"min_rtt":	2138,
					"mean_rtt":	2151,
					"sender":	true
				},
				"receiver":	{
					"socket":	5,
					"start":	0,
					"end":	70.0443398952484,
					"seconds":	70.000074,
					"bytes":	8238097016,
					"bits_per_second":	940900809.78078818,
					"sender":	true
				}
			}],
		"sum_sent":	{
			"start":	0,
			"end":	70.000074,
			"seconds":	70.000074,
			"bytes":	8239316992,
			"bits_per_second":	941635232.214183,
			"retransmits":	0,
			"sender":	true
		},
		"sum_received":	{
			"start":	0,
			"end":	70.0443398952484,
			"seconds":	70.0443398952484,
			"bytes":	8238097016,
			"bits_per_second":	940900809.78078818,
			"sender":	true
		},
		"cpu_utilization_percent":	{
			"host_total":	4.70285320369054,
			"host_user":	0.1417616100445846,
			"host_system":	4.5610930204076,
			"remote_total":	21.987559615316194,
			"remote_user":	2.21273686680529,
			"remote_system":	19.774821322499069
		},
		"sender_tcp_congestion":	"cubic",
		"receiver_tcp_congestion":	"cubic"
	}
}
