{
	"start":	{
		"connected":	[{
				"socket":	5,
				"local_host":	"10.10.10.2",
				"local_port":	46224,
				"remote_host":	"10.10.10.4",
				"remote_port":	5201
			}],
		"version":	"iperf 3.9",
		"system_info":	"Linux zelda 5.10.0-18-amd64 #1 SMP Debian 5.10.140-1 (2022-09-02) x86_64",
		"timestamp":	{
			"time":	"Mon, 29 Jan 2024 14:00:43 GMT",
			"timesecs":	1706536843
		},
		"connecting_to":	{
			"host":	"10.10.10.4",
			"port":	5201
		},
		"cookie":	"dhhg7uyrtgixszkrnbctomhoq2jmmd2lrtj7",
		"tcp_mss_default":	1448,
		"target_bitrate":	3000000000,
		"sock_bufsize":	0,
		"sndbuf_actual":	1000000,
		"rcvbuf_actual":	1000000,
		"test_start":	{
			"protocol":	"TCP",
			"num_streams":	1,
			"blksize":	131072,
			"omit":	0,
			"duration":	10,
			"bytes":	0,
			"blocks":	0,
			"reverse":	0,
			"tos":	0
		}
	},
	"intervals":	[{
			"streams":	[{
					"socket":	5,
					"start":	0,
					"end":	10.000084,
					"seconds":	10.000083923339844,
					"bytes":	1178337280,
					"bits_per_second":	942661912.866393,
					"retransmits":	0,
					"snd_cwnd":	363448,
					"rtt":	2139,
					"rttvar":	131,
					"pmtu":	9000,
					"omitted":	false,
					"sender":	true
				}],
			"sum":	{
				"start":	0,
				"end":	10.000084,
				"seconds":	10.000083923339844,
				"bytes":	1178337280,
				"bits_per_second":	942661912.866393,
				"retransmits":	0,
				"omitted":	false,
				"sender":	true
			}
		}],
	"end":	{
		"streams":	[{
				"sender":	{
					"socket":	5,
					"start":	0,
					"end":	10.000084,
					"seconds":	10.000084,
					"bytes":	1178337280,
					"bits_per_second":	942661905.63999271,
					"retransmits":	0,
					"max_snd_cwnd":	363448,
					"max_rtt":	2139,
					"min_rtt":	2139,
					"mean_rtt":	2139,
					"sender":	true
				},
				"receiver":	{
					"socket":	5,
					"start":	0,
					"end":	10.044256925582886,
					"seconds":	10.000084,
					"bytes":	1177092984,
					"bits_per_second":	937525188.94806445,
					"sender":	true
				}
			}],
		"sum_sent":	{
			"start":	0,
			"end":	10.000084,
			"seconds":	10.000084,
			"bytes":	1178337280,
			"bits_per_second":	942661905.63999271,
			"retransmits":	0,
			"sender":	true
		},
		"sum_received":	{
			"start":	0,
			"end":	10.044256925582886,
			"seconds":	10.044256925582886,
			"bytes":	1177092984,
			"bits_per_second":	937525188.94806445,
			"sender":	true
		},
		"cpu_utilization_percent":	{
			"host_total":	10.964022763867892,
			"host_user":	0.337084621463268,
			"host_system":	10.626997617430463,
			"remote_total":	27.271284563841768,
			"remote_user":	2.6634794082214639,
			"remote_system":	24.607795280201671
		},
		"sender_tcp_congestion":	"cubic",
		"receiver_tcp_congestion":	"cubic"
	}
}
