{
	"start":	{
		"connected":	[{
				"socket":	5,
				"local_host":	"10.10.10.2",
				"local_port":	37934,
				"remote_host":	"10.10.10.4",
				"remote_port":	5201
			}],
		"version":	"iperf 3.9",
		"system_info":	"Linux zelda 5.10.0-18-amd64 #1 SMP Debian 5.10.140-1 (2022-09-02) x86_64",
		"timestamp":	{
			"time":	"Mon, 29 Jan 2024 15:35:17 GMT",
			"timesecs":	1706542517
		},
		"connecting_to":	{
			"host":	"10.10.10.4",
			"port":	5201
		},
		"cookie":	"il7ij7nxyvceayl237exorixp5ekdxo6oprr",
		"tcp_mss_default":	1448,
		"target_bitrate":	4000000000,
		"sock_bufsize":	0,
		"sndbuf_actual":	1000000,
		"rcvbuf_actual":	1000000,
		"test_start":	{
			"protocol":	"TCP",
			"num_streams":	1,
			"blksize":	131072,
			"omit":	0,
			"duration":	20,
			"bytes":	0,
			"blocks":	0,
			"reverse":	0,
			"tos":	0
		}
	},
	"intervals":	[{
			"streams":	[{
					"socket":	5,
					"start":	0,
					"end":	20.000105,
					"seconds":	20.0001049041748,
					"bytes":	2355757056,
					"bits_per_second":	942297879.85092473,
					"retransmits":	0,
					"snd_cwnd":	503904,
					"rtt":	2253,
					"rttvar":	133,
					"pmtu":	9000,
					"omitted":	false,
					"sender":	true
				}],
			"sum":	{
				"start":	0,
				"end":	20.000105,
				"seconds":	20.0001049041748,
				"bytes":	2355757056,
				"bits_per_second":	942297879.85092473,
				"retransmits":	0,
				"omitted":	false,
				"sender":	true
			}
		}],
	"end":	{
		"streams":	[{
				"sender":	{
					"socket":	5,
					"start":	0,
					"end":	20.000105,
					"seconds":	20.000105,
					"bytes":	2355757056,
					"bits_per_second":	942297875.33615446,
					"retransmits":	0,
					"max_snd_cwnd":	503904,
					"max_rtt":	2253,
					"min_rtt":	2253,
					"mean_rtt":	2253,
					"sender":	true
				},
				"receiver":	{
					"socket":	5,
					"start":	0,
					"end":	20.043580055236816,
					"seconds":	20.000105,
					"bytes":	2353903968,
					"bits_per_second":	939514382.76516557,
					"sender":	true
				}
			}],
		"sum_sent":	{
			"start":	0,
			"end":	20.000105,
			"seconds":	20.000105,
			"bytes":	2355757056,
			"bits_per_second":	942297875.33615446,
			"retransmits":	0,
			"sender":	true
		},
		"sum_received":	{
			"start":	0,
			"end":	20.043580055236816,
			"seconds":	20.043580055236816,
			"bytes":	2353903968,
			"bits_per_second":	939514382.76516557,
			"sender":	true
		},
		"cpu_utilization_percent":	{
			"host_total":	9.38783088353727,
			"host_user":	0.13069717057305158,
			"host_system":	9.25713869190405,
			"remote_total":	26.340903095605906,
			"remote_user":	2.48867249132434,
			"remote_system":	23.852230604281562
		},
		"sender_tcp_congestion":	"cubic",
		"receiver_tcp_congestion":	"cubic"
	}
}
