{
	"start":	{
		"connected":	[{
				"socket":	5,
				"local_host":	"10.10.10.2",
				"local_port":	41274,
				"remote_host":	"10.10.10.4",
				"remote_port":	5201
			}],
		"version":	"iperf 3.9",
		"system_info":	"Linux zelda 5.10.0-18-amd64 #1 SMP Debian 5.10.140-1 (2022-09-02) x86_64",
		"timestamp":	{
			"time":	"Sun, 28 Jan 2024 18:39:52 GMT",
			"timesecs":	1706467192
		},
		"connecting_to":	{
			"host":	"10.10.10.4",
			"port":	5201
		},
		"cookie":	"5pdj3ntsrn6ay3kxtecsp6gs3au5bosowzue",
		"tcp_mss_default":	1448,
		"target_bitrate":	5000000000,
		"sock_bufsize":	0,
		"sndbuf_actual":	1000000,
		"rcvbuf_actual":	1000000,
		"test_start":	{
			"protocol":	"TCP",
			"num_streams":	1,
			"blksize":	131072,
			"omit":	0,
			"duration":	60,
			"bytes":	0,
			"blocks":	0,
			"reverse":	0,
			"tos":	0
		}
	},
	"intervals":	[{
			"streams":	[{
					"socket":	5,
					"start":	0,
					"end":	60.000068,
					"seconds":	60.000068664550781,
					"bytes":	7062552576,
					"bits_per_second":	941672599.14123333,
					"retransmits":	0,
					"snd_cwnd":	364896,
					"rtt":	1979,
					"rttvar":	218,
					"pmtu":	9000,
					"omitted":	false,
					"sender":	true
				}],
			"sum":	{
				"start":	0,
				"end":	60.000068,
				"seconds":	60.000068664550781,
				"bytes":	7062552576,
				"bits_per_second":	941672599.14123333,
				"retransmits":	0,
				"omitted":	false,
				"sender":	true
			}
		}],
	"end":	{
		"streams":	[{
				"sender":	{
					"socket":	5,
					"start":	0,
					"end":	60.000068,
					"seconds":	60.000068,
					"bytes":	7062552576,
					"bits_per_second":	941672609.57104254,
					"retransmits":	0,
					"max_snd_cwnd":	364896,
					"max_rtt":	1979,
					"min_rtt":	1979,
					"mean_rtt":	1979,
					"sender":	true
				},
				"receiver":	{
					"socket":	5,
					"start":	0,
					"end":	60.041234016418457,
					"seconds":	60.000068,
					"bytes":	7061307416,
					"bits_per_second":	940861064.123907,
					"sender":	true
				}
			}],
		"sum_sent":	{
			"start":	0,
			"end":	60.000068,
			"seconds":	60.000068,
			"bytes":	7062552576,
			"bits_per_second":	941672609.57104254,
			"retransmits":	0,
			"sender":	true
		},
		"sum_received":	{
			"start":	0,
			"end":	60.041234016418457,
			"seconds":	60.041234016418457,
			"bytes":	7061307416,
			"bits_per_second":	940861064.123907,
			"sender":	true
		},
		"cpu_utilization_percent":	{
			"host_total":	3.779597539618377,
			"host_user":	0.13176514448271945,
			"host_system":	3.6478340594674057,
			"remote_total":	25.569678649099682,
			"remote_user":	2.5918124579054522,
			"remote_system":	22.97786452791226
		},
		"sender_tcp_congestion":	"cubic",
		"receiver_tcp_congestion":	"cubic"
	}
}
