{
	"start":	{
		"connected":	[{
				"socket":	5,
				"local_host":	"10.10.10.2",
				"local_port":	59794,
				"remote_host":	"10.10.10.4",
				"remote_port":	5201
			}],
		"version":	"iperf 3.9",
		"system_info":	"Linux zelda 5.10.0-18-amd64 #1 SMP Debian 5.10.140-1 (2022-09-02) x86_64",
		"timestamp":	{
			"time":	"Tue, 30 Jan 2024 00:30:41 GMT",
			"timesecs":	1706574641
		},
		"connecting_to":	{
			"host":	"10.10.10.4",
			"port":	5201
		},
		"cookie":	"l2jxgfp6omadaygi5bo4twx3eqcppqmbqif7",
		"tcp_mss_default":	1448,
		"target_bitrate":	9000000000,
		"sock_bufsize":	0,
		"sndbuf_actual":	1000000,
		"rcvbuf_actual":	1000000,
		"test_start":	{
			"protocol":	"TCP",
			"num_streams":	1,
			"blksize":	131072,
			"omit":	0,
			"duration":	100,
			"bytes":	0,
			"blocks":	0,
			"reverse":	0,
			"tos":	0
		}
	},
	"intervals":	[{
			"streams":	[{
					"socket":	5,
					"start":	0,
					"end":	60.000072,
					"seconds":	60.000072479248047,
					"bytes":	7062683648,
					"bits_per_second":	941690015.51692975,
					"retransmits":	0,
					"snd_cwnd":	417024,
					"rtt":	2214,
					"rttvar":	143,
					"pmtu":	9000,
					"omitted":	false,
					"sender":	true
				}],
			"sum":	{
				"start":	0,
				"end":	60.000072,
				"seconds":	60.000072479248047,
				"bytes":	7062683648,
				"bits_per_second":	941690015.51692975,
				"retransmits":	0,
				"omitted":	false,
				"sender":	true
			}
		}, {
			"streams":	[{
					"socket":	5,
					"start":	60.000072,
					"end":	100.000062,
					"seconds":	39.9999885559082,
					"bytes":	4707450880,
					"bits_per_second":	941490445.362577,
					"retransmits":	0,
					"snd_cwnd":	417024,
					"rtt":	2195,
					"rttvar":	114,
					"pmtu":	9000,
					"omitted":	false,
					"sender":	true
				}],
			"sum":	{
				"start":	60.000072,
				"end":	100.000062,
				"seconds":	39.9999885559082,
				"bytes":	4707450880,
				"bits_per_second":	941490445.362577,
				"retransmits":	0,
				"omitted":	false,
				"sender":	true
			}
		}],
	"end":	{
		"streams":	[{
				"sender":	{
					"socket":	5,
					"start":	0,
					"end":	100.000062,
					"seconds":	100.000062,
					"bytes":	11770134528,
					"bits_per_second":	941610178.44168937,
					"retransmits":	0,
					"max_snd_cwnd":	417024,
					"max_rtt":	2214,
					"min_rtt":	2195,
					"mean_rtt":	2204,
					"sender":	true
				},
				"receiver":	{
					"socket":	5,
					"start":	0,
					"end":	100.04087591171265,
					"seconds":	100.000062,
					"bytes":	11768662744,
					"bits_per_second":	941108332.90872,
					"sender":	true
				}
			}],
		"sum_sent":	{
			"start":	0,
			"end":	100.000062,
			"seconds":	100.000062,
			"bytes":	11770134528,
			"bits_per_second":	941610178.44168937,
			"retransmits":	0,
			"sender":	true
		},
		"sum_received":	{
			"start":	0,
			"end":	100.04087591171265,
			"seconds":	100.04087591171265,
			"bytes":	11768662744,
			"bits_per_second":	941108332.90872,
			"sender":	true
		},
		"cpu_utilization_percent":	{
			"host_total":	8.7715738004482446,
			"host_user":	0.2612469708066969,
			"host_system":	8.51032682964155,
			"remote_total":	26.09936675543225,
			"remote_user":	2.5869483530205879,
			"remote_system":	23.512417403631552
		},
		"sender_tcp_congestion":	"cubic",
		"receiver_tcp_congestion":	"cubic"
	}
}
