{
	"start":	{
		"connected":	[{
				"socket":	5,
				"local_host":	"10.10.10.2",
				"local_port":	51668,
				"remote_host":	"10.10.10.4",
				"remote_port":	5201
			}],
		"version":	"iperf 3.9",
		"system_info":	"Linux zelda 5.10.0-18-amd64 #1 SMP Debian 5.10.140-1 (2022-09-02) x86_64",
		"timestamp":	{
			"time":	"Wed, 31 Jan 2024 09:05:01 GMT",
			"timesecs":	1706691901
		},
		"connecting_to":	{
			"host":	"10.10.10.4",
			"port":	5201
		},
		"cookie":	"hf7fwoxizm5yai2ogjcxiyeplljw2uxgkw6a",
		"tcp_mss_default":	1448,
		"target_bitrate":	7000000000,
		"sock_bufsize":	0,
		"sndbuf_actual":	1000000,
		"rcvbuf_actual":	1000000,
		"test_start":	{
			"protocol":	"TCP",
			"num_streams":	1,
			"blksize":	131072,
			"omit":	0,
			"duration":	10,
			"bytes":	0,
			"blocks":	0,
			"reverse":	0,
			"tos":	0
		}
	},
	"intervals":	[{
			"streams":	[{
					"socket":	5,
					"start":	0,
					"end":	10.000033,
					"seconds":	10.000033378601074,
					"bytes":	1178599424,
					"bits_per_second":	942876392.010505,
					"retransmits":	0,
					"snd_cwnd":	427160,
					"rtt":	2215,
					"rttvar":	118,
					"pmtu":	9000,
					"omitted":	false,
					"sender":	true
				}],
			"sum":	{
				"start":	0,
				"end":	10.000033,
				"seconds":	10.000033378601074,
				"bytes":	1178599424,
				"bits_per_second":	942876392.010505,
				"retransmits":	0,
				"omitted":	false,
				"sender":	true
			}
		}],
	"end":	{
		"streams":	[{
				"sender":	{
					"socket":	5,
					"start":	0,
					"end":	10.000033,
					"seconds":	10.000033,
					"bytes":	1178599424,
					"bits_per_second":	942876427.70778859,
					"retransmits":	0,
					"max_snd_cwnd":	427160,
					"max_rtt":	2215,
					"min_rtt":	2215,
					"mean_rtt":	2215,
					"sender":	true
				},
				"receiver":	{
					"socket":	5,
					"start":	0,
					"end":	10.04747486114502,
					"seconds":	10.000033,
					"bytes":	1177036512,
					"bits_per_second":	937179960.749552,
					"sender":	true
				}
			}],
		"sum_sent":	{
			"start":	0,
			"end":	10.000033,
			"seconds":	10.000033,
			"bytes":	1178599424,
			"bits_per_second":	942876427.70778859,
			"retransmits":	0,
			"sender":	true
		},
		"sum_received":	{
			"start":	0,
			"end":	10.04747486114502,
			"seconds":	10.04747486114502,
			"bytes":	1177036512,
			"bits_per_second":	937179960.749552,
			"sender":	true
		},
		"cpu_utilization_percent":	{
			"host_total":	18.537880538918476,
			"host_user":	0.76834299973318121,
			"host_system":	17.7695375391853,
			"remote_total":	25.382424276135268,
			"remote_user":	4.7821620863815353,
			"remote_system":	20.600252309968
		},
		"sender_tcp_congestion":	"cubic",
		"receiver_tcp_congestion":	"cubic"
	}
}
