{
	"start":	{
		"connected":	[{
				"socket":	5,
				"local_host":	"10.10.10.2",
				"local_port":	56224,
				"remote_host":	"10.10.10.4",
				"remote_port":	5201
			}],
		"version":	"iperf 3.9",
		"system_info":	"Linux zelda 5.10.0-18-amd64 #1 SMP Debian 5.10.140-1 (2022-09-02) x86_64",
		"timestamp":	{
			"time":	"Tue, 30 Jan 2024 17:37:12 GMT",
			"timesecs":	1706636232
		},
		"connecting_to":	{
			"host":	"10.10.10.4",
			"port":	5201
		},
		"cookie":	"zstbl6vbh4ck4frw7uzz7qadvf7idtna36td",
		"tcp_mss_default":	1448,
		"target_bitrate":	7000000000,
		"sock_bufsize":	0,
		"sndbuf_actual":	1000000,
		"rcvbuf_actual":	1000000,
		"test_start":	{
			"protocol":	"TCP",
			"num_streams":	1,
			"blksize":	131072,
			"omit":	0,
			"duration":	20,
			"bytes":	0,
			"blocks":	0,
			"reverse":	0,
			"tos":	0
		}
	},
	"intervals":	[{
			"streams":	[{
					"socket":	5,
					"start":	0,
					"end":	20.000101,
					"seconds":	20.000101089477539,
					"bytes":	2355363840,
					"bits_per_second":	942140773.97406948,
					"retransmits":	0,
					"snd_cwnd":	405440,
					"rtt":	2245,
					"rttvar":	153,
					"pmtu":	9000,
					"omitted":	false,
					"sender":	true
				}],
			"sum":	{
				"start":	0,
				"end":	20.000101,
				"seconds":	20.000101089477539,
				"bytes":	2355363840,
				"bits_per_second":	942140773.97406948,
				"retransmits":	0,
				"omitted":	false,
				"sender":	true
			}
		}],
	"end":	{
		"streams":	[{
				"sender":	{
					"socket":	5,
					"start":	0,
					"end":	20.000101,
					"seconds":	20.000101,
					"bytes":	2355363840,
					"bits_per_second":	942140778.18907,
					"retransmits":	0,
					"max_snd_cwnd":	405440,
					"max_rtt":	2245,
					"min_rtt":	2245,
					"mean_rtt":	2245,
					"sender":	true
				},
				"receiver":	{
					"socket":	5,
					"start":	0,
					"end":	20.0435631275177,
					"seconds":	20.000101,
					"bytes":	2353886928,
					"bits_per_second":	939508375.04270339,
					"sender":	true
				}
			}],
		"sum_sent":	{
			"start":	0,
			"end":	20.000101,
			"seconds":	20.000101,
			"bytes":	2355363840,
			"bits_per_second":	942140778.18907,
			"retransmits":	0,
			"sender":	true
		},
		"sum_received":	{
			"start":	0,
			"end":	20.0435631275177,
			"seconds":	20.0435631275177,
			"bytes":	2353886928,
			"bits_per_second":	939508375.04270339,
			"sender":	true
		},
		"cpu_utilization_percent":	{
			"host_total":	16.189815089305661,
			"host_user":	0.42657453465173234,
			"host_system":	15.76324553282539,
			"remote_total":	22.402284871244447,
			"remote_user":	2.7155279948750293,
			"remote_system":	19.686756876369419
		},
		"sender_tcp_congestion":	"cubic",
		"receiver_tcp_congestion":	"cubic"
	}
}
