{
	"start":	{
		"connected":	[{
				"socket":	5,
				"local_host":	"10.10.10.2",
				"local_port":	53238,
				"remote_host":	"10.10.10.4",
				"remote_port":	5201
			}],
		"version":	"iperf 3.9",
		"system_info":	"Linux zelda 5.10.0-18-amd64 #1 SMP Debian 5.10.140-1 (2022-09-02) x86_64",
		"timestamp":	{
			"time":	"Mon, 29 Jan 2024 02:07:15 GMT",
			"timesecs":	1706494035
		},
		"connecting_to":	{
			"host":	"10.10.10.4",
			"port":	5201
		},
		"cookie":	"errk7iqvaulzf7lgz5eocywwb5toqc34mymh",
		"tcp_mss_default":	1448,
		"target_bitrate":	10000000000,
		"sock_bufsize":	0,
		"sndbuf_actual":	1000000,
		"rcvbuf_actual":	1000000,
		"test_start":	{
			"protocol":	"TCP",
			"num_streams":	1,
			"blksize":	131072,
			"omit":	0,
			"duration":	50,
			"bytes":	0,
			"blocks":	0,
			"reverse":	0,
			"tos":	0
		}
	},
	"intervals":	[{
			"streams":	[{
					"socket":	5,
					"start":	0,
					"end":	50.000083,
					"seconds":	50.000083923339844,
					"bytes":	5885657088,
					"bits_per_second":	941703553.461853,
					"retransmits":	0,
					"snd_cwnd":	364896,
					"rtt":	2266,
					"rttvar":	127,
					"pmtu":	9000,
					"omitted":	false,
					"sender":	true
				}],
			"sum":	{
				"start":	0,
				"end":	50.000083,
				"seconds":	50.000083923339844,
				"bytes":	5885657088,
				"bits_per_second":	941703553.461853,
				"retransmits":	0,
				"omitted":	false,
				"sender":	true
			}
		}],
	"end":	{
		"streams":	[{
				"sender":	{
					"socket":	5,
					"start":	0,
					"end":	50.000083,
					"seconds":	50.000083,
					"bytes":	5885657088,
					"bits_per_second":	941703570.85207248,
					"retransmits":	0,
					"max_snd_cwnd":	364896,
					"max_rtt":	2266,
					"min_rtt":	2266,
					"mean_rtt":	2266,
					"sender":	true
				},
				"receiver":	{
					"socket":	5,
					"start":	0,
					"end":	50.047499895095825,
					"seconds":	50.000083,
					"bytes":	5884388944,
					"bits_per_second":	940608654.79142368,
					"sender":	true
				}
			}],
		"sum_sent":	{
			"start":	0,
			"end":	50.000083,
			"seconds":	50.000083,
			"bytes":	5885657088,
			"bits_per_second":	941703570.85207248,
			"retransmits":	0,
			"sender":	true
		},
		"sum_received":	{
			"start":	0,
			"end":	50.047499895095825,
			"seconds":	50.047499895095825,
			"bytes":	5884388944,
			"bits_per_second":	940608654.79142368,
			"sender":	true
		},
		"cpu_utilization_percent":	{
			"host_total":	4.6781967502450037,
			"host_user":	0.14133535781324227,
			"host_system":	4.53686338875027,
			"remote_total":	26.393863825179746,
			"remote_user":	2.4098381823930222,
			"remote_system":	23.984023647947016
		},
		"sender_tcp_congestion":	"cubic",
		"receiver_tcp_congestion":	"cubic"
	}
}
