{
	"start":	{
		"connected":	[{
				"socket":	5,
				"local_host":	"10.10.10.2",
				"local_port":	41180,
				"remote_host":	"10.10.10.4",
				"remote_port":	5201
			}],
		"version":	"iperf 3.9",
		"system_info":	"Linux zelda 5.10.0-18-amd64 #1 SMP Debian 5.10.140-1 (2022-09-02) x86_64",
		"timestamp":	{
			"time":	"Wed, 31 Jan 2024 05:25:05 GMT",
			"timesecs":	1706678705
		},
		"connecting_to":	{
			"host":	"10.10.10.4",
			"port":	5201
		},
		"cookie":	"a4ipsj4lbbf345n4ysbe5ipeeq3kmbqwfg2z",
		"tcp_mss_default":	1448,
		"target_bitrate":	4000000000,
		"sock_bufsize":	0,
		"sndbuf_actual":	1000000,
		"rcvbuf_actual":	1000000,
		"test_start":	{
			"protocol":	"TCP",
			"num_streams":	1,
			"blksize":	131072,
			"omit":	0,
			"duration":	80,
			"bytes":	0,
			"blocks":	0,
			"reverse":	0,
			"tos":	0
		}
	},
	"intervals":	[{
			"streams":	[{
					"socket":	5,
					"start":	0,
					"end":	60.000102,
					"seconds":	60.000102996826172,
					"bytes":	7063207936,
					"bits_per_second":	941759441.49610853,
					"retransmits":	0,
					"snd_cwnd":	1087448,
					"rtt":	3278,
					"rttvar":	88,
					"pmtu":	9000,
					"omitted":	false,
					"sender":	true
				}],
			"sum":	{
				"start":	0,
				"end":	60.000102,
				"seconds":	60.000102996826172,
				"bytes":	7063207936,
				"bits_per_second":	941759441.49610853,
				"retransmits":	0,
				"omitted":	false,
				"sender":	true
			}
		}, {
			"streams":	[{
					"socket":	5,
					"start":	60.000102,
					"end":	80.000081,
					"seconds":	19.999979019165039,
					"bytes":	2353659904,
					"bits_per_second":	941464949.236036,
					"retransmits":	0,
					"snd_cwnd":	1087448,
					"rtt":	3357,
					"rttvar":	144,
					"pmtu":	9000,
					"omitted":	false,
					"sender":	true
				}],
			"sum":	{
				"start":	60.000102,
				"end":	80.000081,
				"seconds":	19.999979019165039,
				"bytes":	2353659904,
				"bits_per_second":	941464949.236036,
				"retransmits":	0,
				"omitted":	false,
				"sender":	true
			}
		}],
	"end":	{
		"streams":	[{
				"sender":	{
					"socket":	5,
					"start":	0,
					"end":	80.000081,
					"seconds":	80.000081,
					"bytes":	9416867840,
					"bits_per_second":	941685830.54309666,
					"retransmits":	0,
					"max_snd_cwnd":	1087448,
					"max_rtt":	3357,
					"min_rtt":	3278,
					"mean_rtt":	3317,
					"sender":	true
				},
				"receiver":	{
					"socket":	5,
					"start":	0,
					"end":	80.045180082321167,
					"seconds":	80.000081,
					"bytes":	9414494208,
					"bits_per_second":	940918036.37074125,
					"sender":	true
				}
			}],
		"sum_sent":	{
			"start":	0,
			"end":	80.000081,
			"seconds":	80.000081,
			"bytes":	9416867840,
			"bits_per_second":	941685830.54309666,
			"retransmits":	0,
			"sender":	true
		},
		"sum_received":	{
			"start":	0,
			"end":	80.045180082321167,
			"seconds":	80.045180082321167,
			"bytes":	9414494208,
			"bits_per_second":	940918036.37074125,
			"sender":	true
		},
		"cpu_utilization_percent":	{
			"host_total":	20.072248652398958,
			"host_user":	0.70854145323370432,
			"host_system":	19.363708447828465,
			"remote_total":	26.922027378937536,
			"remote_user":	2.6620778111488193,
			"remote_system":	24.25994956778872
		},
		"sender_tcp_congestion":	"cubic",
		"receiver_tcp_congestion":	"cubic"
	}
}
