{
	"start":	{
		"connected":	[{
				"socket":	5,
				"local_host":	"10.10.10.2",
				"local_port":	53012,
				"remote_host":	"10.10.10.4",
				"remote_port":	5201
			}],
		"version":	"iperf 3.9",
		"system_info":	"Linux zelda 5.10.0-18-amd64 #1 SMP Debian 5.10.140-1 (2022-09-02) x86_64",
		"timestamp":	{
			"time":	"Sun, 28 Jan 2024 15:10:12 GMT",
			"timesecs":	1706454612
		},
		"connecting_to":	{
			"host":	"10.10.10.4",
			"port":	5201
		},
		"cookie":	"xllxwnflpld7tjkh34epbnj6du4gxvysjshi",
		"tcp_mss_default":	1448,
		"target_bitrate":	3000000000,
		"sock_bufsize":	0,
		"sndbuf_actual":	1000000,
		"rcvbuf_actual":	1000000,
		"test_start":	{
			"protocol":	"TCP",
			"num_streams":	1,
			"blksize":	131072,
			"omit":	0,
			"duration":	30,
			"bytes":	0,
			"blocks":	0,
			"reverse":	0,
			"tos":	0
		}
	},
	"intervals":	[{
			"streams":	[{
					"socket":	5,
					"start":	0,
					"end":	30.000085,
					"seconds":	30.000085830688477,
					"bytes":	3531997184,
					"bits_per_second":	941863221.041043,
					"retransmits":	0,
					"snd_cwnd":	367792,
					"rtt":	2159,
					"rttvar":	122,
					"pmtu":	9000,
					"omitted":	false,
					"sender":	true
				}],
			"sum":	{
				"start":	0,
				"end":	30.000085,
				"seconds":	30.000085830688477,
				"bytes":	3531997184,
				"bits_per_second":	941863221.041043,
				"retransmits":	0,
				"omitted":	false,
				"sender":	true
			}
		}],
	"end":	{
		"streams":	[{
				"sender":	{
					"socket":	5,
					"start":	0,
					"end":	30.000085,
					"seconds":	30.000085,
					"bytes":	3531997184,
					"bits_per_second":	941863247.1208,
					"retransmits":	0,
					"max_snd_cwnd":	367792,
					"max_rtt":	2159,
					"min_rtt":	2159,
					"mean_rtt":	2159,
					"sender":	true
				},
				"receiver":	{
					"socket":	5,
					"start":	0,
					"end":	30.04414701461792,
					"seconds":	30.000085,
					"bytes":	3530738792,
					"bits_per_second":	940146855.301201,
					"sender":	true
				}
			}],
		"sum_sent":	{
			"start":	0,
			"end":	30.000085,
			"seconds":	30.000085,
			"bytes":	3531997184,
			"bits_per_second":	941863247.1208,
			"retransmits":	0,
			"sender":	true
		},
		"sum_received":	{
			"start":	0,
			"end":	30.04414701461792,
			"seconds":	30.04414701461792,
			"bytes":	3530738792,
			"bits_per_second":	940146855.301201,
			"sender":	true
		},
		"cpu_utilization_percent":	{
			"host_total":	3.8563869126162449,
			"host_user":	0.15079953201887428,
			"host_system":	3.7055840566789255,
			"remote_total":	22.084697329741942,
			"remote_user":	2.4522322111219776,
			"remote_system":	19.632461798749588
		},
		"sender_tcp_congestion":	"cubic",
		"receiver_tcp_congestion":	"cubic"
	}
}
