{
	"start":	{
		"connected":	[{
				"socket":	5,
				"local_host":	"10.10.10.2",
				"local_port":	55720,
				"remote_host":	"10.10.10.4",
				"remote_port":	5201
			}],
		"version":	"iperf 3.9",
		"system_info":	"Linux zelda 5.10.0-18-amd64 #1 SMP Debian 5.10.140-1 (2022-09-02) x86_64",
		"timestamp":	{
			"time":	"Tue, 30 Jan 2024 11:56:56 GMT",
			"timesecs":	1706615816
		},
		"connecting_to":	{
			"host":	"10.10.10.4",
			"port":	5201
		},
		"cookie":	"eoyhgb5aztwevznguieszkfdd6bvaq3quhco",
		"tcp_mss_default":	1448,
		"target_bitrate":	3000000000,
		"sock_bufsize":	0,
		"sndbuf_actual":	1000000,
		"rcvbuf_actual":	1000000,
		"test_start":	{
			"protocol":	"TCP",
			"num_streams":	1,
			"blksize":	131072,
			"omit":	0,
			"duration":	60,
			"bytes":	0,
			"blocks":	0,
			"reverse":	0,
			"tos":	0
		}
	},
	"intervals":	[{
			"streams":	[{
					"socket":	5,
					"start":	0,
					"end":	60.000078,
					"seconds":	60.000076293945312,
					"bytes":	7063470080,
					"bits_per_second":	941794813.112634,
					"retransmits":	0,
					"snd_cwnd":	624088,
					"rtt":	2299,
					"rttvar":	133,
					"pmtu":	9000,
					"omitted":	false,
					"sender":	true
				}],
			"sum":	{
				"start":	0,
				"end":	60.000078,
				"seconds":	60.000076293945312,
				"bytes":	7063470080,
				"bits_per_second":	941794813.112634,
				"retransmits":	0,
				"omitted":	false,
				"sender":	true
			}
		}],
	"end":	{
		"streams":	[{
				"sender":	{
					"socket":	5,
					"start":	0,
					"end":	60.000078,
					"seconds":	60.000078,
					"bytes":	7063470080,
					"bits_per_second":	941794786.33344436,
					"retransmits":	0,
					"max_snd_cwnd":	624088,
					"max_rtt":	2299,
					"min_rtt":	2299,
					"mean_rtt":	2299,
					"sender":	true
				},
				"receiver":	{
					"socket":	5,
					"start":	0,
					"end":	60.044396162033081,
					"seconds":	60.000078,
					"bytes":	7061304520,
					"bits_per_second":	940811129.277701,
					"sender":	true
				}
			}],
		"sum_sent":	{
			"start":	0,
			"end":	60.000078,
			"seconds":	60.000078,
			"bytes":	7063470080,
			"bits_per_second":	941794786.33344436,
			"retransmits":	0,
			"sender":	true
		},
		"sum_received":	{
			"start":	0,
			"end":	60.044396162033081,
			"seconds":	60.044396162033081,
			"bytes":	7061304520,
			"bits_per_second":	940811129.277701,
			"sender":	true
		},
		"cpu_utilization_percent":	{
			"host_total":	16.2786280090874,
			"host_user":	0.58851772504696065,
			"host_system":	15.690110284040443,
			"remote_total":	26.709428478114312,
			"remote_user":	2.6156301039551058,
			"remote_system":	24.093796710888167
		},
		"sender_tcp_congestion":	"cubic",
		"receiver_tcp_congestion":	"cubic"
	}
}
