{
	"start":	{
		"connected":	[{
				"socket":	5,
				"local_host":	"10.10.10.2",
				"local_port":	52274,
				"remote_host":	"10.10.10.4",
				"remote_port":	5201
			}],
		"version":	"iperf 3.9",
		"system_info":	"Linux zelda 5.10.0-18-amd64 #1 SMP Debian 5.10.140-1 (2022-09-02) x86_64",
		"timestamp":	{
			"time":	"Tue, 30 Jan 2024 21:46:09 GMT",
			"timesecs":	1706651169
		},
		"connecting_to":	{
			"host":	"10.10.10.4",
			"port":	5201
		},
		"cookie":	"cwac5zpuuclaqp35epzf3aal7xgo6f2l2oyw",
		"tcp_mss_default":	1448,
		"target_bitrate":	9000000000,
		"sock_bufsize":	0,
		"sndbuf_actual":	1000000,
		"rcvbuf_actual":	1000000,
		"test_start":	{
			"protocol":	"TCP",
			"num_streams":	1,
			"blksize":	131072,
			"omit":	0,
			"duration":	90,
			"bytes":	0,
			"blocks":	0,
			"reverse":	0,
			"tos":	0
		}
	},
	"intervals":	[{
			"streams":	[{
					"socket":	5,
					"start":	0,
					"end":	60.000074,
					"seconds":	60.000072479248047,
					"bytes":	7063076864,
					"bits_per_second":	941742444.25359643,
					"retransmits":	0,
					"snd_cwnd":	503904,
					"rtt":	2549,
					"rttvar":	225,
					"pmtu":	9000,
					"omitted":	false,
					"sender":	true
				}],
			"sum":	{
				"start":	0,
				"end":	60.000074,
				"seconds":	60.000072479248047,
				"bytes":	7063076864,
				"bits_per_second":	941742444.25359643,
				"retransmits":	0,
				"omitted":	false,
				"sender":	true
			}
		}, {
			"streams":	[{
					"socket":	5,
					"start":	60.000074,
					"end":	90.000075,
					"seconds":	30.000001907348633,
					"bytes":	3530424320,
					"bits_per_second":	941446425.47778153,
					"retransmits":	0,
					"snd_cwnd":	503904,
					"rtt":	2193,
					"rttvar":	92,
					"pmtu":	9000,
					"omitted":	false,
					"sender":	true
				}],
			"sum":	{
				"start":	60.000074,
				"end":	90.000075,
				"seconds":	30.000001907348633,
				"bytes":	3530424320,
				"bits_per_second":	941446425.47778153,
				"retransmits":	0,
				"omitted":	false,
				"sender":	true
			}
		}],
	"end":	{
		"streams":	[{
				"sender":	{
					"socket":	5,
					"start":	0,
					"end":	90.000075,
					"seconds":	90.000075,
					"bytes":	10593501184,
					"bits_per_second":	941643764.98575139,
					"retransmits":	0,
					"max_snd_cwnd":	503904,
					"max_rtt":	2549,
					"min_rtt":	2193,
					"mean_rtt":	2371,
					"sender":	true
				},
				"receiver":	{
					"socket":	5,
					"start":	0,
					"end":	90.041411876678467,
					"seconds":	90.000075,
					"bytes":	10591870248,
					"bits_per_second":	941066562.795059,
					"sender":	true
				}
			}],
		"sum_sent":	{
			"start":	0,
			"end":	90.000075,
			"seconds":	90.000075,
			"bytes":	10593501184,
			"bits_per_second":	941643764.98575139,
			"retransmits":	0,
			"sender":	true
		},
		"sum_received":	{
			"start":	0,
			"end":	90.041411876678467,
			"seconds":	90.041411876678467,
			"bytes":	10591870248,
			"bits_per_second":	941066562.795059,
			"sender":	true
		},
		"cpu_utilization_percent":	{
			"host_total":	16.166144615775021,
			"host_user":	0.61978950490659757,
			"host_system":	15.546356220945807,
			"remote_total":	26.223927504482287,
			"remote_user":	2.6580484011776693,
			"remote_system":	23.5658779936567
		},
		"sender_tcp_congestion":	"cubic",
		"receiver_tcp_congestion":	"cubic"
	}
}
