{
	"start":	{
		"connected":	[{
				"socket":	5,
				"local_host":	"10.10.10.2",
				"local_port":	48676,
				"remote_host":	"10.10.10.4",
				"remote_port":	5201
			}],
		"version":	"iperf 3.9",
		"system_info":	"Linux zelda 5.10.0-18-amd64 #1 SMP Debian 5.10.140-1 (2022-09-02) x86_64",
		"timestamp":	{
			"time":	"Wed, 31 Jan 2024 00:31:30 GMT",
			"timesecs":	1706661090
		},
		"connecting_to":	{
			"host":	"10.10.10.4",
			"port":	5201
		},
		"cookie":	"3vnlc6eiunqmsedtuzl75sik3pfe4d3a5eir",
		"tcp_mss_default":	1448,
		"target_bitrate":	1000000000,
		"sock_bufsize":	0,
		"sndbuf_actual":	1000000,
		"rcvbuf_actual":	1000000,
		"test_start":	{
			"protocol":	"TCP",
			"num_streams":	1,
			"blksize":	131072,
			"omit":	0,
			"duration":	70,
			"bytes":	0,
			"blocks":	0,
			"reverse":	0,
			"tos":	0
		}
	},
	"intervals":	[{
			"streams":	[{
					"socket":	5,
					"start":	0,
					"end":	60.000073,
					"seconds":	60.000072479248047,
					"bytes":	7063732224,
					"bits_per_second":	941829825.48137438,
					"retransmits":	0,
					"snd_cwnd":	1158400,
					"rtt":	3291,
					"rttvar":	138,
					"pmtu":	9000,
					"omitted":	false,
					"sender":	true
				}],
			"sum":	{
				"start":	0,
				"end":	60.000073,
				"seconds":	60.000072479248047,
				"bytes":	7063732224,
				"bits_per_second":	941829825.48137438,
				"retransmits":	0,
				"omitted":	false,
				"sender":	true
			}
		}, {
			"streams":	[{
					"socket":	5,
					"start":	60.000073,
					"end":	70.000073,
					"seconds":	10,
					"bytes":	1176764416,
					"bits_per_second":	941411532.8,
					"retransmits":	0,
					"snd_cwnd":	1158400,
					"rtt":	3402,
					"rttvar":	146,
					"pmtu":	9000,
					"omitted":	false,
					"sender":	true
				}],
			"sum":	{
				"start":	60.000073,
				"end":	70.000073,
				"seconds":	10,
				"bytes":	1176764416,
				"bits_per_second":	941411532.8,
				"retransmits":	0,
				"omitted":	false,
				"sender":	true
			}
		}],
	"end":	{
		"streams":	[{
				"sender":	{
					"socket":	5,
					"start":	0,
					"end":	70.000073,
					"seconds":	70.000073,
					"bytes":	8240496640,
					"bits_per_second":	941770062.439792,
					"retransmits":	0,
					"max_snd_cwnd":	1158400,
					"max_rtt":	3402,
					"min_rtt":	3291,
					"mean_rtt":	3346,
					"sender":	true
				},
				"receiver":	{
					"socket":	5,
					"start":	0,
					"end":	70.048099994659424,
					"seconds":	70.000073,
					"bytes":	8238196456,
					"bits_per_second":	940861660.102483,
					"sender":	true
				}
			}],
		"sum_sent":	{
			"start":	0,
			"end":	70.000073,
			"seconds":	70.000073,
			"bytes":	8240496640,
			"bits_per_second":	941770062.439792,
			"retransmits":	0,
			"sender":	true
		},
		"sum_received":	{
			"start":	0,
			"end":	70.048099994659424,
			"seconds":	70.048099994659424,
			"bytes":	8238196456,
			"bits_per_second":	940861660.102483,
			"sender":	true
		},
		"cpu_utilization_percent":	{
			"host_total":	19.8134470885398,
			"host_user":	0.77715327430303072,
			"host_system":	19.036293814236775,
			"remote_total":	25.916716788884447,
			"remote_user":	2.4876663122495732,
			"remote_system":	23.429049050581309
		},
		"sender_tcp_congestion":	"cubic",
		"receiver_tcp_congestion":	"cubic"
	}
}
