{
	"start":	{
		"connected":	[{
				"socket":	5,
				"local_host":	"10.10.10.2",
				"local_port":	37910,
				"remote_host":	"10.10.10.4",
				"remote_port":	5201
			}],
		"version":	"iperf 3.9",
		"system_info":	"Linux zelda 5.10.0-18-amd64 #1 SMP Debian 5.10.140-1 (2022-09-02) x86_64",
		"timestamp":	{
			"time":	"Tue, 30 Jan 2024 14:29:37 GMT",
			"timesecs":	1706624977
		},
		"connecting_to":	{
			"host":	"10.10.10.4",
			"port":	5201
		},
		"cookie":	"hcr6yh772uf2t6rfwtm5b57x25s7ffcpegem",
		"tcp_mss_default":	1448,
		"target_bitrate":	5000000000,
		"sock_bufsize":	0,
		"sndbuf_actual":	1000000,
		"rcvbuf_actual":	1000000,
		"test_start":	{
			"protocol":	"TCP",
			"num_streams":	1,
			"blksize":	131072,
			"omit":	0,
			"duration":	10,
			"bytes":	0,
			"blocks":	0,
			"reverse":	0,
			"tos":	0
		}
	},
	"intervals":	[{
			"streams":	[{
					"socket":	5,
					"start":	0,
					"end":	10.000068,
					"seconds":	10.000067710876465,
					"bytes":	1178337280,
					"bits_per_second":	942663441.143219,
					"retransmits":	0,
					"snd_cwnd":	386616,
					"rtt":	2221,
					"rttvar":	93,
					"pmtu":	9000,
					"omitted":	false,
					"sender":	true
				}],
			"sum":	{
				"start":	0,
				"end":	10.000068,
				"seconds":	10.000067710876465,
				"bytes":	1178337280,
				"bits_per_second":	942663441.143219,
				"retransmits":	0,
				"omitted":	false,
				"sender":	true
			}
		}],
	"end":	{
		"streams":	[{
				"sender":	{
					"socket":	5,
					"start":	0,
					"end":	10.000068,
					"seconds":	10.000068,
					"bytes":	1178337280,
					"bits_per_second":	942663413.88878548,
					"retransmits":	0,
					"max_snd_cwnd":	386616,
					"max_rtt":	2221,
					"min_rtt":	2221,
					"mean_rtt":	2221,
					"sender":	true
				},
				"receiver":	{
					"socket":	5,
					"start":	0,
					"end":	10.043741941452026,
					"seconds":	10.000068,
					"bytes":	1177094096,
					"bits_per_second":	937574145.46222579,
					"sender":	true
				}
			}],
		"sum_sent":	{
			"start":	0,
			"end":	10.000068,
			"seconds":	10.000068,
			"bytes":	1178337280,
			"bits_per_second":	942663413.88878548,
			"retransmits":	0,
			"sender":	true
		},
		"sum_received":	{
			"start":	0,
			"end":	10.043741941452026,
			"seconds":	10.043741941452026,
			"bytes":	1177094096,
			"bits_per_second":	937574145.46222579,
			"sender":	true
		},
		"cpu_utilization_percent":	{
			"host_total":	14.806478033646393,
			"host_user":	0.62053761818477771,
			"host_system":	14.185940415461612,
			"remote_total":	23.8165156249645,
			"remote_user":	1.5682610983814622,
			"remote_system":	22.248244647150639
		},
		"sender_tcp_congestion":	"cubic",
		"receiver_tcp_congestion":	"cubic"
	}
}
