{
	"start":	{
		"connected":	[{
				"socket":	5,
				"local_host":	"10.10.10.2",
				"local_port":	55428,
				"remote_host":	"10.10.10.4",
				"remote_port":	5201
			}],
		"version":	"iperf 3.9",
		"system_info":	"Linux zelda 5.10.0-18-amd64 #1 SMP Debian 5.10.140-1 (2022-09-02) x86_64",
		"timestamp":	{
			"time":	"Mon, 29 Jan 2024 02:00:13 GMT",
			"timesecs":	1706493613
		},
		"connecting_to":	{
			"host":	"10.10.10.4",
			"port":	5201
		},
		"cookie":	"fyxjdexdbeffgg26npubh7ycuqvjge3ykb27",
		"tcp_mss_default":	1448,
		"target_bitrate":	10000000000,
		"sock_bufsize":	0,
		"sndbuf_actual":	1000000,
		"rcvbuf_actual":	1000000,
		"test_start":	{
			"protocol":	"TCP",
			"num_streams":	1,
			"blksize":	131072,
			"omit":	0,
			"duration":	40,
			"bytes":	0,
			"blocks":	0,
			"reverse":	0,
			"tos":	0
		}
	},
	"intervals":	[{
			"streams":	[{
					"socket":	5,
					"start":	0,
					"end":	40.000059,
					"seconds":	40.000057220458984,
					"bytes":	4708892672,
					"bits_per_second":	941777187.17692721,
					"retransmits":	0,
					"snd_cwnd":	364896,
					"rtt":	2221,
					"rttvar":	193,
					"pmtu":	9000,
					"omitted":	false,
					"sender":	true
				}],
			"sum":	{
				"start":	0,
				"end":	40.000059,
				"seconds":	40.000057220458984,
				"bytes":	4708892672,
				"bits_per_second":	941777187.17692721,
				"retransmits":	0,
				"omitted":	false,
				"sender":	true
			}
		}],
	"end":	{
		"streams":	[{
				"sender":	{
					"socket":	5,
					"start":	0,
					"end":	40.000059,
					"seconds":	40.000059,
					"bytes":	4708892672,
					"bits_per_second":	941777145.27871072,
					"retransmits":	0,
					"max_snd_cwnd":	364896,
					"max_rtt":	2221,
					"min_rtt":	2221,
					"mean_rtt":	2221,
					"sender":	true
				},
				"receiver":	{
					"socket":	5,
					"start":	0,
					"end":	40.0440001487732,
					"seconds":	40.000059,
					"bytes":	4707596448,
					"bits_per_second":	940484752.87386572,
					"sender":	true
				}
			}],
		"sum_sent":	{
			"start":	0,
			"end":	40.000059,
			"seconds":	40.000059,
			"bytes":	4708892672,
			"bits_per_second":	941777145.27871072,
			"retransmits":	0,
			"sender":	true
		},
		"sum_received":	{
			"start":	0,
			"end":	40.0440001487732,
			"seconds":	40.0440001487732,
			"bytes":	4707596448,
			"bits_per_second":	940484752.87386572,
			"sender":	true
		},
		"cpu_utilization_percent":	{
			"host_total":	4.6526620575607041,
			"host_user":	0.16681174277233105,
			"host_system":	4.4858503147883724,
			"remote_total":	26.3501803417442,
			"remote_user":	2.7588487189820441,
			"remote_system":	23.591331622762155
		},
		"sender_tcp_congestion":	"cubic",
		"receiver_tcp_congestion":	"cubic"
	}
}
