{
	"start":	{
		"connected":	[{
				"socket":	5,
				"local_host":	"10.10.10.2",
				"local_port":	37692,
				"remote_host":	"10.10.10.4",
				"remote_port":	5201
			}],
		"version":	"iperf 3.9",
		"system_info":	"Linux zelda 5.10.0-18-amd64 #1 SMP Debian 5.10.140-1 (2022-09-02) x86_64",
		"timestamp":	{
			"time":	"Tue, 30 Jan 2024 21:15:34 GMT",
			"timesecs":	1706649334
		},
		"connecting_to":	{
			"host":	"10.10.10.4",
			"port":	5201
		},
		"cookie":	"i6qzg5yijfsp7mzyogmc5wmhvxbtxwoo3ce3",
		"tcp_mss_default":	1448,
		"target_bitrate":	9000000000,
		"sock_bufsize":	0,
		"sndbuf_actual":	1000000,
		"rcvbuf_actual":	1000000,
		"test_start":	{
			"protocol":	"TCP",
			"num_streams":	1,
			"blksize":	131072,
			"omit":	0,
			"duration":	70,
			"bytes":	0,
			"blocks":	0,
			"reverse":	0,
			"tos":	0
		}
	},
	"intervals":	[{
			"streams":	[{
					"socket":	5,
					"start":	0,
					"end":	60.000082,
					"seconds":	60.000080108642578,
					"bytes":	7063470080,
					"bits_per_second":	941794753.235012,
					"retransmits":	0,
					"snd_cwnd":	608160,
					"rtt":	2209,
					"rttvar":	116,
					"pmtu":	9000,
					"omitted":	false,
					"sender":	true
				}],
			"sum":	{
				"start":	0,
				"end":	60.000082,
				"seconds":	60.000080108642578,
				"bytes":	7063470080,
				"bits_per_second":	941794753.235012,
				"retransmits":	0,
				"omitted":	false,
				"sender":	true
			}
		}, {
			"streams":	[{
					"socket":	5,
					"start":	60.000082,
					"end":	70.000117,
					"seconds":	10.000035285949707,
					"bytes":	1176895488,
					"bits_per_second":	941513068.18172276,
					"retransmits":	0,
					"snd_cwnd":	608160,
					"rtt":	2735,
					"rttvar":	163,
					"pmtu":	9000,
					"omitted":	false,
					"sender":	true
				}],
			"sum":	{
				"start":	60.000082,
				"end":	70.000117,
				"seconds":	10.000035285949707,
				"bytes":	1176895488,
				"bits_per_second":	941513068.18172276,
				"retransmits":	0,
				"omitted":	false,
				"sender":	true
			}
		}],
	"end":	{
		"streams":	[{
				"sender":	{
					"socket":	5,
					"start":	0,
					"end":	70.000117,
					"seconds":	70.000117,
					"bytes":	8240365568,
					"bits_per_second":	941754490.83892238,
					"retransmits":	0,
					"max_snd_cwnd":	608160,
					"max_rtt":	2735,
					"min_rtt":	2209,
					"mean_rtt":	2472,
					"sender":	true
				},
				"receiver":	{
					"socket":	5,
					"start":	0,
					"end":	70.0443639755249,
					"seconds":	70.000117,
					"bytes":	8238093784,
					"bits_per_second":	940900117.17471838,
					"sender":	true
				}
			}],
		"sum_sent":	{
			"start":	0,
			"end":	70.000117,
			"seconds":	70.000117,
			"bytes":	8240365568,
			"bits_per_second":	941754490.83892238,
			"retransmits":	0,
			"sender":	true
		},
		"sum_received":	{
			"start":	0,
			"end":	70.0443639755249,
			"seconds":	70.0443639755249,
			"bytes":	8238093784,
			"bits_per_second":	940900117.17471838,
			"sender":	true
		},
		"cpu_utilization_percent":	{
			"host_total":	16.389017465855147,
			"host_user":	0.708463602226935,
			"host_system":	15.680555290411636,
			"remote_total":	25.564007188054973,
			"remote_user":	2.3136854982089043,
			"remote_system":	23.250321689846068
		},
		"sender_tcp_congestion":	"cubic",
		"receiver_tcp_congestion":	"cubic"
	}
}
