{
	"start":	{
		"connected":	[{
				"socket":	5,
				"local_host":	"10.10.10.2",
				"local_port":	51746,
				"remote_host":	"10.10.10.4",
				"remote_port":	5201
			}],
		"version":	"iperf 3.9",
		"system_info":	"Linux zelda 5.10.0-18-amd64 #1 SMP Debian 5.10.140-1 (2022-09-02) x86_64",
		"timestamp":	{
			"time":	"Mon, 29 Jan 2024 00:36:04 GMT",
			"timesecs":	1706488564
		},
		"connecting_to":	{
			"host":	"10.10.10.4",
			"port":	5201
		},
		"cookie":	"kuw4qnne6wuqefrv2cektudeq7yxm6ao75i5",
		"tcp_mss_default":	1448,
		"target_bitrate":	9000000000,
		"sock_bufsize":	0,
		"sndbuf_actual":	1000000,
		"rcvbuf_actual":	1000000,
		"test_start":	{
			"protocol":	"TCP",
			"num_streams":	1,
			"blksize":	131072,
			"omit":	0,
			"duration":	50,
			"bytes":	0,
			"blocks":	0,
			"reverse":	0,
			"tos":	0
		}
	},
	"intervals":	[{
			"streams":	[{
					"socket":	5,
					"start":	0,
					"end":	50.000067,
					"seconds":	50.000068664550781,
					"bytes":	5885657088,
					"bits_per_second":	941703840.846576,
					"retransmits":	0,
					"snd_cwnd":	367792,
					"rtt":	2080,
					"rttvar":	277,
					"pmtu":	9000,
					"omitted":	false,
					"sender":	true
				}],
			"sum":	{
				"start":	0,
				"end":	50.000067,
				"seconds":	50.000068664550781,
				"bytes":	5885657088,
				"bits_per_second":	941703840.846576,
				"retransmits":	0,
				"omitted":	false,
				"sender":	true
			}
		}],
	"end":	{
		"streams":	[{
				"sender":	{
					"socket":	5,
					"start":	0,
					"end":	50.000067,
					"seconds":	50.000067,
					"bytes":	5885657088,
					"bits_per_second":	941703872.1968112,
					"retransmits":	0,
					"max_snd_cwnd":	367792,
					"max_rtt":	2080,
					"min_rtt":	2080,
					"mean_rtt":	2080,
					"sender":	true
				},
				"receiver":	{
					"socket":	5,
					"start":	0,
					"end":	50.0442988872528,
					"seconds":	50.000067,
					"bytes":	5884449760,
					"bits_per_second":	940678541.34711456,
					"sender":	true
				}
			}],
		"sum_sent":	{
			"start":	0,
			"end":	50.000067,
			"seconds":	50.000067,
			"bytes":	5885657088,
			"bits_per_second":	941703872.1968112,
			"retransmits":	0,
			"sender":	true
		},
		"sum_received":	{
			"start":	0,
			"end":	50.0442988872528,
			"seconds":	50.0442988872528,
			"bytes":	5884449760,
			"bits_per_second":	940678541.34711456,
			"sender":	true
		},
		"cpu_utilization_percent":	{
			"host_total":	4.621831894041315,
			"host_user":	0.10702096761202619,
			"host_system":	4.514808929806696,
			"remote_total":	24.263905378403408,
			"remote_user":	2.6510437479458839,
			"remote_system":	21.612863625592627
		},
		"sender_tcp_congestion":	"cubic",
		"receiver_tcp_congestion":	"cubic"
	}
}
