{
	"start":	{
		"connected":	[{
				"socket":	5,
				"local_host":	"10.10.10.2",
				"local_port":	36144,
				"remote_host":	"10.10.10.4",
				"remote_port":	5201
			}],
		"version":	"iperf 3.9",
		"system_info":	"Linux zelda 5.10.0-18-amd64 #1 SMP Debian 5.10.140-1 (2022-09-02) x86_64",
		"timestamp":	{
			"time":	"Tue, 30 Jan 2024 08:53:55 GMT",
			"timesecs":	1706604835
		},
		"connecting_to":	{
			"host":	"10.10.10.4",
			"port":	5201
		},
		"cookie":	"4ttim5vluopym3mrjz2npjjwwvgblsgujbey",
		"tcp_mss_default":	1448,
		"target_bitrate":	1000000000,
		"sock_bufsize":	0,
		"sndbuf_actual":	1000000,
		"rcvbuf_actual":	1000000,
		"test_start":	{
			"protocol":	"TCP",
			"num_streams":	1,
			"blksize":	131072,
			"omit":	0,
			"duration":	60,
			"bytes":	0,
			"blocks":	0,
			"reverse":	0,
			"tos":	0
		}
	},
	"intervals":	[{
			"streams":	[{
					"socket":	5,
					"start":	0,
					"end":	60.000077,
					"seconds":	60.000076293945312,
					"bytes":	7063076864,
					"bits_per_second":	941742384.37930048,
					"retransmits":	0,
					"snd_cwnd":	529968,
					"rtt":	2700,
					"rttvar":	143,
					"pmtu":	9000,
					"omitted":	false,
					"sender":	true
				}],
			"sum":	{
				"start":	0,
				"end":	60.000077,
				"seconds":	60.000076293945312,
				"bytes":	7063076864,
				"bits_per_second":	941742384.37930048,
				"retransmits":	0,
				"omitted":	false,
				"sender":	true
			}
		}],
	"end":	{
		"streams":	[{
				"sender":	{
					"socket":	5,
					"start":	0,
					"end":	60.000077,
					"seconds":	60.000077,
					"bytes":	7063076864,
					"bits_per_second":	941742373.29728758,
					"retransmits":	0,
					"max_snd_cwnd":	529968,
					"max_rtt":	2700,
					"min_rtt":	2700,
					"mean_rtt":	2700,
					"sender":	true
				},
				"receiver":	{
					"socket":	5,
					"start":	0,
					"end":	60.041330099105835,
					"seconds":	60.000077,
					"bytes":	7061217224,
					"bits_per_second":	940847541.16466975,
					"sender":	true
				}
			}],
		"sum_sent":	{
			"start":	0,
			"end":	60.000077,
			"seconds":	60.000077,
			"bytes":	7063076864,
			"bits_per_second":	941742373.29728758,
			"retransmits":	0,
			"sender":	true
		},
		"sum_received":	{
			"start":	0,
			"end":	60.041330099105835,
			"seconds":	60.041330099105835,
			"bytes":	7061217224,
			"bits_per_second":	940847541.16466975,
			"sender":	true
		},
		"cpu_utilization_percent":	{
			"host_total":	16.215097605856528,
			"host_user":	0.58842921804969628,
			"host_system":	15.626670052137831,
			"remote_total":	25.162679019778377,
			"remote_user":	2.56265178670549,
			"remote_system":	22.600025569679723
		},
		"sender_tcp_congestion":	"cubic",
		"receiver_tcp_congestion":	"cubic"
	}
}
