{
	"start":	{
		"connected":	[{
				"socket":	5,
				"local_host":	"10.10.10.2",
				"local_port":	36224,
				"remote_host":	"10.10.10.4",
				"remote_port":	5201
			}],
		"version":	"iperf 3.9",
		"system_info":	"Linux zelda 5.10.0-18-amd64 #1 SMP Debian 5.10.140-1 (2022-09-02) x86_64",
		"timestamp":	{
			"time":	"Mon, 29 Jan 2024 02:41:02 GMT",
			"timesecs":	1706496062
		},
		"connecting_to":	{
			"host":	"10.10.10.4",
			"port":	5201
		},
		"cookie":	"xxk6zrcurozf36ez7aqgbixaejupfdrs4fnk",
		"tcp_mss_default":	1448,
		"target_bitrate":	10000000000,
		"sock_bufsize":	0,
		"sndbuf_actual":	1000000,
		"rcvbuf_actual":	1000000,
		"test_start":	{
			"protocol":	"TCP",
			"num_streams":	1,
			"blksize":	131072,
			"omit":	0,
			"duration":	80,
			"bytes":	0,
			"blocks":	0,
			"reverse":	0,
			"tos":	0
		}
	},
	"intervals":	[{
			"streams":	[{
					"socket":	5,
					"start":	0,
					"end":	60.000061,
					"seconds":	60.00006103515625,
					"bytes":	7062552576,
					"bits_per_second":	941672718.88097441,
					"retransmits":	0,
					"snd_cwnd":	364896,
					"rtt":	2191,
					"rttvar":	92,
					"pmtu":	9000,
					"omitted":	false,
					"sender":	true
				}],
			"sum":	{
				"start":	0,
				"end":	60.000061,
				"seconds":	60.00006103515625,
				"bytes":	7062552576,
				"bits_per_second":	941672718.88097441,
				"retransmits":	0,
				"omitted":	false,
				"sender":	true
			}
		}, {
			"streams":	[{
					"socket":	5,
					"start":	60.000061,
					"end":	80.000068,
					"seconds":	20.000007629394531,
					"bytes":	2353659904,
					"bits_per_second":	941463602.460137,
					"retransmits":	0,
					"snd_cwnd":	364896,
					"rtt":	1880,
					"rttvar":	171,
					"pmtu":	9000,
					"omitted":	false,
					"sender":	true
				}],
			"sum":	{
				"start":	60.000061,
				"end":	80.000068,
				"seconds":	20.000007629394531,
				"bytes":	2353659904,
				"bits_per_second":	941463602.460137,
				"retransmits":	0,
				"omitted":	false,
				"sender":	true
			}
		}],
	"end":	{
		"streams":	[{
				"sender":	{
					"socket":	5,
					"start":	0,
					"end":	80.000068,
					"seconds":	80.000068,
					"bytes":	9416212480,
					"bits_per_second":	941620447.62261951,
					"retransmits":	0,
					"max_snd_cwnd":	364896,
					"max_rtt":	2191,
					"min_rtt":	1880,
					"mean_rtt":	2035,
					"sender":	true
				},
				"receiver":	{
					"socket":	5,
					"start":	0,
					"end":	80.0441999435425,
					"seconds":	80.000068,
					"bytes":	9414950328,
					"bits_per_second":	940975144.696619,
					"sender":	true
				}
			}],
		"sum_sent":	{
			"start":	0,
			"end":	80.000068,
			"seconds":	80.000068,
			"bytes":	9416212480,
			"bits_per_second":	941620447.62261951,
			"retransmits":	0,
			"sender":	true
		},
		"sum_received":	{
			"start":	0,
			"end":	80.0441999435425,
			"seconds":	80.0441999435425,
			"bytes":	9414950328,
			"bits_per_second":	940975144.696619,
			"sender":	true
		},
		"cpu_utilization_percent":	{
			"host_total":	4.8461429225479664,
			"host_user":	0.15113312509736984,
			"host_system":	4.6950097974505969,
			"remote_total":	23.112173230030422,
			"remote_user":	2.2698947944147418,
			"remote_system":	20.842278435615682
		},
		"sender_tcp_congestion":	"cubic",
		"receiver_tcp_congestion":	"cubic"
	}
}
