{
	"start":	{
		"connected":	[{
				"socket":	5,
				"local_host":	"10.10.10.2",
				"local_port":	55892,
				"remote_host":	"10.10.10.4",
				"remote_port":	5201
			}],
		"version":	"iperf 3.9",
		"system_info":	"Linux zelda 5.10.0-18-amd64 #1 SMP Debian 5.10.140-1 (2022-09-02) x86_64",
		"timestamp":	{
			"time":	"Tue, 30 Jan 2024 11:51:55 GMT",
			"timesecs":	1706615515
		},
		"connecting_to":	{
			"host":	"10.10.10.4",
			"port":	5201
		},
		"cookie":	"3oruxx7krchuqkxwnxma3fa2cgpssgftfren",
		"tcp_mss_default":	1448,
		"target_bitrate":	3000000000,
		"sock_bufsize":	0,
		"sndbuf_actual":	1000000,
		"rcvbuf_actual":	1000000,
		"test_start":	{
			"protocol":	"TCP",
			"num_streams":	1,
			"blksize":	131072,
			"omit":	0,
			"duration":	60,
			"bytes":	0,
			"blocks":	0,
			"reverse":	0,
			"tos":	0
		}
	},
	"intervals":	[{
			"streams":	[{
					"socket":	5,
					"start":	0,
					"end":	60.00008,
					"seconds":	60.000080108642578,
					"bytes":	7062814720,
					"bits_per_second":	941707372.01834536,
					"retransmits":	0,
					"snd_cwnd":	460464,
					"rtt":	2174,
					"rttvar":	115,
					"pmtu":	9000,
					"omitted":	false,
					"sender":	true
				}],
			"sum":	{
				"start":	0,
				"end":	60.00008,
				"seconds":	60.000080108642578,
				"bytes":	7062814720,
				"bits_per_second":	941707372.01834536,
				"retransmits":	0,
				"omitted":	false,
				"sender":	true
			}
		}],
	"end":	{
		"streams":	[{
				"sender":	{
					"socket":	5,
					"start":	0,
					"end":	60.00008,
					"seconds":	60.00008,
					"bytes":	7062814720,
					"bits_per_second":	941707373.7235018,
					"retransmits":	0,
					"max_snd_cwnd":	460464,
					"max_rtt":	2174,
					"min_rtt":	2174,
					"mean_rtt":	2174,
					"sender":	true
				},
				"receiver":	{
					"socket":	5,
					"start":	0,
					"end":	60.044222116470337,
					"seconds":	60.00008,
					"bytes":	7061305968,
					"bits_per_second":	940814049.2589457,
					"sender":	true
				}
			}],
		"sum_sent":	{
			"start":	0,
			"end":	60.00008,
			"seconds":	60.00008,
			"bytes":	7062814720,
			"bits_per_second":	941707373.7235018,
			"retransmits":	0,
			"sender":	true
		},
		"sum_received":	{
			"start":	0,
			"end":	60.044222116470337,
			"seconds":	60.044222116470337,
			"bytes":	7061305968,
			"bits_per_second":	940814049.2589457,
			"sender":	true
		},
		"cpu_utilization_percent":	{
			"host_total":	16.252160676153338,
			"host_user":	0.62585050723882263,
			"host_system":	15.626311833149403,
			"remote_total":	24.098066934683768,
			"remote_user":	2.373392906586731,
			"remote_system":	21.724674028097038
		},
		"sender_tcp_congestion":	"cubic",
		"receiver_tcp_congestion":	"cubic"
	}
}
