{
	"start":	{
		"connected":	[{
				"socket":	5,
				"local_host":	"10.10.10.2",
				"local_port":	45974,
				"remote_host":	"10.10.10.4",
				"remote_port":	5201
			}],
		"version":	"iperf 3.9",
		"system_info":	"Linux zelda 5.10.0-18-amd64 #1 SMP Debian 5.10.140-1 (2022-09-02) x86_64",
		"timestamp":	{
			"time":	"Sun, 28 Jan 2024 21:22:48 GMT",
			"timesecs":	1706476968
		},
		"connecting_to":	{
			"host":	"10.10.10.4",
			"port":	5201
		},
		"cookie":	"hig5znmwbrgqetscceeqxohcze6ih54f4dgo",
		"tcp_mss_default":	1448,
		"target_bitrate":	7000000000,
		"sock_bufsize":	0,
		"sndbuf_actual":	1000000,
		"rcvbuf_actual":	1000000,
		"test_start":	{
			"protocol":	"TCP",
			"num_streams":	1,
			"blksize":	131072,
			"omit":	0,
			"duration":	40,
			"bytes":	0,
			"blocks":	0,
			"reverse":	0,
			"tos":	0
		}
	},
	"intervals":	[{
			"streams":	[{
					"socket":	5,
					"start":	0,
					"end":	40.00004,
					"seconds":	40.000038146972656,
					"bytes":	4708892672,
					"bits_per_second":	941777636.25085652,
					"retransmits":	0,
					"snd_cwnd":	364896,
					"rtt":	2263,
					"rttvar":	129,
					"pmtu":	9000,
					"omitted":	false,
					"sender":	true
				}],
			"sum":	{
				"start":	0,
				"end":	40.00004,
				"seconds":	40.000038146972656,
				"bytes":	4708892672,
				"bits_per_second":	941777636.25085652,
				"retransmits":	0,
				"omitted":	false,
				"sender":	true
			}
		}],
	"end":	{
		"streams":	[{
				"sender":	{
					"socket":	5,
					"start":	0,
					"end":	40.00004,
					"seconds":	40.00004,
					"bytes":	4708892672,
					"bits_per_second":	941777592.62240744,
					"retransmits":	0,
					"max_snd_cwnd":	364896,
					"max_rtt":	2263,
					"min_rtt":	2263,
					"mean_rtt":	2263,
					"sender":	true
				},
				"receiver":	{
					"socket":	5,
					"start":	0,
					"end":	40.044296026229858,
					"seconds":	40.00004,
					"bytes":	4707535632,
					"bits_per_second":	940465654.11792278,
					"sender":	true
				}
			}],
		"sum_sent":	{
			"start":	0,
			"end":	40.00004,
			"seconds":	40.00004,
			"bytes":	4708892672,
			"bits_per_second":	941777592.62240744,
			"retransmits":	0,
			"sender":	true
		},
		"sum_received":	{
			"start":	0,
			"end":	40.044296026229858,
			"seconds":	40.044296026229858,
			"bytes":	4707535632,
			"bits_per_second":	940465654.11792278,
			"sender":	true
		},
		"cpu_utilization_percent":	{
			"host_total":	3.7669414051681693,
			"host_user":	0.1506703720217849,
			"host_system":	3.616273527730268,
			"remote_total":	26.941775186571281,
			"remote_user":	2.6794304568234675,
			"remote_system":	24.262342237553426
		},
		"sender_tcp_congestion":	"cubic",
		"receiver_tcp_congestion":	"cubic"
	}
}
