{
	"start":	{
		"connected":	[{
				"socket":	5,
				"local_host":	"10.10.10.2",
				"local_port":	34746,
				"remote_host":	"10.10.10.4",
				"remote_port":	5201
			}],
		"version":	"iperf 3.9",
		"system_info":	"Linux zelda 5.10.0-18-amd64 #1 SMP Debian 5.10.140-1 (2022-09-02) x86_64",
		"timestamp":	{
			"time":	"Wed, 31 Jan 2024 07:33:11 GMT",
			"timesecs":	1706686391
		},
		"connecting_to":	{
			"host":	"10.10.10.4",
			"port":	5201
		},
		"cookie":	"22fipd4uarhird7qe667zacc7yeffs3c46as",
		"tcp_mss_default":	1448,
		"target_bitrate":	6000000000,
		"sock_bufsize":	0,
		"sndbuf_actual":	1000000,
		"rcvbuf_actual":	1000000,
		"test_start":	{
			"protocol":	"TCP",
			"num_streams":	1,
			"blksize":	131072,
			"omit":	0,
			"duration":	10,
			"bytes":	0,
			"blocks":	0,
			"reverse":	0,
			"tos":	0
		}
	},
	"intervals":	[{
			"streams":	[{
					"socket":	5,
					"start":	0,
					"end":	10.000035,
					"seconds":	10.000035285949707,
					"bytes":	1178730496,
					"bits_per_second":	942981069.401741,
					"retransmits":	0,
					"snd_cwnd":	460464,
					"rtt":	2214,
					"rttvar":	141,
					"pmtu":	9000,
					"omitted":	false,
					"sender":	true
				}],
			"sum":	{
				"start":	0,
				"end":	10.000035,
				"seconds":	10.000035285949707,
				"bytes":	1178730496,
				"bits_per_second":	942981069.401741,
				"retransmits":	0,
				"omitted":	false,
				"sender":	true
			}
		}],
	"end":	{
		"streams":	[{
				"sender":	{
					"socket":	5,
					"start":	0,
					"end":	10.000035,
					"seconds":	10.000035,
					"bytes":	1178730496,
					"bits_per_second":	942981096.36616266,
					"retransmits":	0,
					"max_snd_cwnd":	460464,
					"max_rtt":	2214,
					"min_rtt":	2214,
					"mean_rtt":	2214,
					"sender":	true
				},
				"receiver":	{
					"socket":	5,
					"start":	0,
					"end":	10.040636777877808,
					"seconds":	10.000035,
					"bytes":	1177035064,
					"bits_per_second":	937817064.8246702,
					"sender":	true
				}
			}],
		"sum_sent":	{
			"start":	0,
			"end":	10.000035,
			"seconds":	10.000035,
			"bytes":	1178730496,
			"bits_per_second":	942981096.36616266,
			"retransmits":	0,
			"sender":	true
		},
		"sum_received":	{
			"start":	0,
			"end":	10.040636777877808,
			"seconds":	10.040636777877808,
			"bytes":	1177035064,
			"bits_per_second":	937817064.8246702,
			"sender":	true
		},
		"cpu_utilization_percent":	{
			"host_total":	19.623381395388044,
			"host_user":	0.63193577004000234,
			"host_system":	18.991455542888652,
			"remote_total":	26.420885243655938,
			"remote_user":	2.7104509735375344,
			"remote_system":	23.710424386438444
		},
		"sender_tcp_congestion":	"cubic",
		"receiver_tcp_congestion":	"cubic"
	}
}
