{
	"start":	{
		"connected":	[{
				"socket":	5,
				"local_host":	"10.10.10.2",
				"local_port":	50396,
				"remote_host":	"10.10.10.4",
				"remote_port":	5201
			}],
		"version":	"iperf 3.9",
		"system_info":	"Linux zelda 5.10.0-18-amd64 #1 SMP Debian 5.10.140-1 (2022-09-02) x86_64",
		"timestamp":	{
			"time":	"Mon, 29 Jan 2024 12:27:51 GMT",
			"timesecs":	1706531271
		},
		"connecting_to":	{
			"host":	"10.10.10.4",
			"port":	5201
		},
		"cookie":	"laxxeiozhg63w54xw3ovp3fepacccszvzodt",
		"tcp_mss_default":	1448,
		"target_bitrate":	2000000000,
		"sock_bufsize":	0,
		"sndbuf_actual":	1000000,
		"rcvbuf_actual":	1000000,
		"test_start":	{
			"protocol":	"TCP",
			"num_streams":	1,
			"blksize":	131072,
			"omit":	0,
			"duration":	10,
			"bytes":	0,
			"blocks":	0,
			"reverse":	0,
			"tos":	0
		}
	},
	"intervals":	[{
			"streams":	[{
					"socket":	5,
					"start":	0,
					"end":	10.000076,
					"seconds":	10.000076293945312,
					"bytes":	1178337280,
					"bits_per_second":	942662632.05487,
					"retransmits":	0,
					"snd_cwnd":	379376,
					"rtt":	2188,
					"rttvar":	94,
					"pmtu":	9000,
					"omitted":	false,
					"sender":	true
				}],
			"sum":	{
				"start":	0,
				"end":	10.000076,
				"seconds":	10.000076293945312,
				"bytes":	1178337280,
				"bits_per_second":	942662632.05487,
				"retransmits":	0,
				"omitted":	false,
				"sender":	true
			}
		}],
	"end":	{
		"streams":	[{
				"sender":	{
					"socket":	5,
					"start":	0,
					"end":	10.000076,
					"seconds":	10.000076,
					"bytes":	1178337280,
					"bits_per_second":	942662659.763786,
					"retransmits":	0,
					"max_snd_cwnd":	379376,
					"max_rtt":	2188,
					"min_rtt":	2188,
					"mean_rtt":	2188,
					"sender":	true
				},
				"receiver":	{
					"socket":	5,
					"start":	0,
					"end":	10.045452117919922,
					"seconds":	10.000076,
					"bytes":	1177098776,
					"bits_per_second":	937418256.28749335,
					"sender":	true
				}
			}],
		"sum_sent":	{
			"start":	0,
			"end":	10.000076,
			"seconds":	10.000076,
			"bytes":	1178337280,
			"bits_per_second":	942662659.763786,
			"retransmits":	0,
			"sender":	true
		},
		"sum_received":	{
			"start":	0,
			"end":	10.045452117919922,
			"seconds":	10.045452117919922,
			"bytes":	1177098776,
			"bits_per_second":	937418256.28749335,
			"sender":	true
		},
		"cpu_utilization_percent":	{
			"host_total":	11.5521820284827,
			"host_user":	0.3998123335932981,
			"host_system":	11.15237960964039,
			"remote_total":	24.350281364434071,
			"remote_user":	2.62982398811162,
			"remote_system":	21.720447500940875
		},
		"sender_tcp_congestion":	"cubic",
		"receiver_tcp_congestion":	"cubic"
	}
}
