{
	"start":	{
		"connected":	[{
				"socket":	5,
				"local_host":	"10.10.10.2",
				"local_port":	43950,
				"remote_host":	"10.10.10.4",
				"remote_port":	5201
			}],
		"version":	"iperf 3.9",
		"system_info":	"Linux zelda 5.10.0-18-amd64 #1 SMP Debian 5.10.140-1 (2022-09-02) x86_64",
		"timestamp":	{
			"time":	"Mon, 29 Jan 2024 18:40:40 GMT",
			"timesecs":	1706553640
		},
		"connecting_to":	{
			"host":	"10.10.10.4",
			"port":	5201
		},
		"cookie":	"nbwvekzembmejkgelvi7ujupr63somarzcoz",
		"tcp_mss_default":	1448,
		"target_bitrate":	6000000000,
		"sock_bufsize":	0,
		"sndbuf_actual":	1000000,
		"rcvbuf_actual":	1000000,
		"test_start":	{
			"protocol":	"TCP",
			"num_streams":	1,
			"blksize":	131072,
			"omit":	0,
			"duration":	20,
			"bytes":	0,
			"blocks":	0,
			"reverse":	0,
			"tos":	0
		}
	},
	"intervals":	[{
			"streams":	[{
					"socket":	5,
					"start":	0,
					"end":	20.000079,
					"seconds":	20.000078201293945,
					"bytes":	2355363840,
					"bits_per_second":	942141852.164404,
					"retransmits":	0,
					"snd_cwnd":	415576,
					"rtt":	2217,
					"rttvar":	143,
					"pmtu":	9000,
					"omitted":	false,
					"sender":	true
				}],
			"sum":	{
				"start":	0,
				"end":	20.000079,
				"seconds":	20.000078201293945,
				"bytes":	2355363840,
				"bits_per_second":	942141852.164404,
				"retransmits":	0,
				"omitted":	false,
				"sender":	true
			}
		}],
	"end":	{
		"streams":	[{
				"sender":	{
					"socket":	5,
					"start":	0,
					"end":	20.000079,
					"seconds":	20.000079,
					"bytes":	2355363840,
					"bits_per_second":	942141814.53983259,
					"retransmits":	0,
					"max_snd_cwnd":	415576,
					"max_rtt":	2217,
					"min_rtt":	2217,
					"mean_rtt":	2217,
					"sender":	true
				},
				"receiver":	{
					"socket":	5,
					"start":	0,
					"end":	20.0435049533844,
					"seconds":	20.000079,
					"bytes":	2353889824,
					"bits_per_second":	939512257.75112331,
					"sender":	true
				}
			}],
		"sum_sent":	{
			"start":	0,
			"end":	20.000079,
			"seconds":	20.000079,
			"bytes":	2355363840,
			"bits_per_second":	942141814.53983259,
			"retransmits":	0,
			"sender":	true
		},
		"sum_received":	{
			"start":	0,
			"end":	20.0435049533844,
			"seconds":	20.0435049533844,
			"bytes":	2353889824,
			"bits_per_second":	939512257.75112331,
			"sender":	true
		},
		"cpu_utilization_percent":	{
			"host_total":	7.2488452148582123,
			"host_user":	0.22094831796664821,
			"host_system":	7.0279018751111071,
			"remote_total":	22.516705881043524,
			"remote_user":	2.47054300777757,
			"remote_system":	20.046162873265956
		},
		"sender_tcp_congestion":	"cubic",
		"receiver_tcp_congestion":	"cubic"
	}
}
