{
	"start":	{
		"connected":	[{
				"socket":	5,
				"local_host":	"10.10.10.2",
				"local_port":	38072,
				"remote_host":	"10.10.10.4",
				"remote_port":	5201
			}],
		"version":	"iperf 3.9",
		"system_info":	"Linux zelda 5.10.0-18-amd64 #1 SMP Debian 5.10.140-1 (2022-09-02) x86_64",
		"timestamp":	{
			"time":	"Wed, 31 Jan 2024 06:35:02 GMT",
			"timesecs":	1706682902
		},
		"connecting_to":	{
			"host":	"10.10.10.4",
			"port":	5201
		},
		"cookie":	"3l45jdpvntgpbiwxrdthosvghq7x4mhhzgdo",
		"tcp_mss_default":	1448,
		"target_bitrate":	5000000000,
		"sock_bufsize":	0,
		"sndbuf_actual":	1000000,
		"rcvbuf_actual":	1000000,
		"test_start":	{
			"protocol":	"TCP",
			"num_streams":	1,
			"blksize":	131072,
			"omit":	0,
			"duration":	60,
			"bytes":	0,
			"blocks":	0,
			"reverse":	0,
			"tos":	0
		}
	},
	"intervals":	[{
			"streams":	[{
					"socket":	5,
					"start":	0,
					"end":	60.000072,
					"seconds":	60.000072479248047,
					"bytes":	7062683648,
					"bits_per_second":	941690015.51692975,
					"retransmits":	0,
					"snd_cwnd":	498112,
					"rtt":	2625,
					"rttvar":	297,
					"pmtu":	9000,
					"omitted":	false,
					"sender":	true
				}],
			"sum":	{
				"start":	0,
				"end":	60.000072,
				"seconds":	60.000072479248047,
				"bytes":	7062683648,
				"bits_per_second":	941690015.51692975,
				"retransmits":	0,
				"omitted":	false,
				"sender":	true
			}
		}],
	"end":	{
		"streams":	[{
				"sender":	{
					"socket":	5,
					"start":	0,
					"end":	60.000072,
					"seconds":	60.000072,
					"bytes":	7062683648,
					"bits_per_second":	941690023.038639,
					"retransmits":	0,
					"max_snd_cwnd":	498112,
					"max_rtt":	2625,
					"min_rtt":	2625,
					"mean_rtt":	2625,
					"sender":	true
				},
				"receiver":	{
					"socket":	5,
					"start":	0,
					"end":	60.040942192077637,
					"seconds":	60.000072,
					"bytes":	7060962792,
					"bits_per_second":	940819718.57286274,
					"sender":	true
				}
			}],
		"sum_sent":	{
			"start":	0,
			"end":	60.000072,
			"seconds":	60.000072,
			"bytes":	7062683648,
			"bits_per_second":	941690023.038639,
			"retransmits":	0,
			"sender":	true
		},
		"sum_received":	{
			"start":	0,
			"end":	60.040942192077637,
			"seconds":	60.040942192077637,
			"bytes":	7060962792,
			"bits_per_second":	940819718.57286274,
			"sender":	true
		},
		"cpu_utilization_percent":	{
			"host_total":	18.463183538719,
			"host_user":	0.773845852248244,
			"host_system":	17.689337686470751,
			"remote_total":	26.132419992128153,
			"remote_user":	2.5440025288922512,
			"remote_system":	23.588415799841187
		},
		"sender_tcp_congestion":	"cubic",
		"receiver_tcp_congestion":	"cubic"
	}
}
