{
	"start":	{
		"connected":	[{
				"socket":	5,
				"local_host":	"10.10.10.2",
				"local_port":	48092,
				"remote_host":	"10.10.10.4",
				"remote_port":	5201
			}],
		"version":	"iperf 3.9",
		"system_info":	"Linux zelda 5.10.0-18-amd64 #1 SMP Debian 5.10.140-1 (2022-09-02) x86_64",
		"timestamp":	{
			"time":	"Tue, 30 Jan 2024 23:06:28 GMT",
			"timesecs":	1706655988
		},
		"connecting_to":	{
			"host":	"10.10.10.4",
			"port":	5201
		},
		"cookie":	"acahqy22tmhw7ezdpatlkm6qlzzmwen2qi62",
		"tcp_mss_default":	1448,
		"target_bitrate":	10000000000,
		"sock_bufsize":	0,
		"sndbuf_actual":	1000000,
		"rcvbuf_actual":	1000000,
		"test_start":	{
			"protocol":	"TCP",
			"num_streams":	1,
			"blksize":	131072,
			"omit":	0,
			"duration":	80,
			"bytes":	0,
			"blocks":	0,
			"reverse":	0,
			"tos":	0
		}
	},
	"intervals":	[{
			"streams":	[{
					"socket":	5,
					"start":	0,
					"end":	60.000132,
					"seconds":	60.0001335144043,
					"bytes":	7063470080,
					"bits_per_second":	941793914.949108,
					"retransmits":	0,
					"snd_cwnd":	618296,
					"rtt":	2731,
					"rttvar":	116,
					"pmtu":	9000,
					"omitted":	false,
					"sender":	true
				}],
			"sum":	{
				"start":	0,
				"end":	60.000132,
				"seconds":	60.0001335144043,
				"bytes":	7063470080,
				"bits_per_second":	941793914.949108,
				"retransmits":	0,
				"omitted":	false,
				"sender":	true
			}
		}, {
			"streams":	[{
					"socket":	5,
					"start":	60.000132,
					"end":	80.000075,
					"seconds":	19.999942779541016,
					"bytes":	2353659904,
					"bits_per_second":	941466655.15770638,
					"retransmits":	0,
					"snd_cwnd":	618296,
					"rtt":	2227,
					"rttvar":	113,
					"pmtu":	9000,
					"omitted":	false,
					"sender":	true
				}],
			"sum":	{
				"start":	60.000132,
				"end":	80.000075,
				"seconds":	19.999942779541016,
				"bytes":	2353659904,
				"bits_per_second":	941466655.15770638,
				"retransmits":	0,
				"omitted":	false,
				"sender":	true
			}
		}],
	"end":	{
		"streams":	[{
				"sender":	{
					"socket":	5,
					"start":	0,
					"end":	80.000075,
					"seconds":	80.000075,
					"bytes":	9417129984,
					"bits_per_second":	941712115.54489172,
					"retransmits":	0,
					"max_snd_cwnd":	618296,
					"max_rtt":	2731,
					"min_rtt":	2227,
					"mean_rtt":	2479,
					"sender":	true
				},
				"receiver":	{
					"socket":	5,
					"start":	0,
					"end":	80.041461944580078,
					"seconds":	80.000075,
					"bytes":	9415015488,
					"bits_per_second":	941013845.50110936,
					"sender":	true
				}
			}],
		"sum_sent":	{
			"start":	0,
			"end":	80.000075,
			"seconds":	80.000075,
			"bytes":	9417129984,
			"bits_per_second":	941712115.54489172,
			"retransmits":	0,
			"sender":	true
		},
		"sum_received":	{
			"start":	0,
			"end":	80.041461944580078,
			"seconds":	80.041461944580078,
			"bytes":	9415015488,
			"bits_per_second":	941013845.50110936,
			"sender":	true
		},
		"cpu_utilization_percent":	{
			"host_total":	16.081851570696575,
			"host_user":	0.55956356524276218,
			"host_system":	15.522286756779186,
			"remote_total":	25.643131175233357,
			"remote_user":	2.5213380410082658,
			"remote_system":	23.1217918860744
		},
		"sender_tcp_congestion":	"cubic",
		"receiver_tcp_congestion":	"cubic"
	}
}
