{
	"start":	{
		"connected":	[{
				"socket":	5,
				"local_host":	"10.10.10.2",
				"local_port":	45694,
				"remote_host":	"10.10.10.4",
				"remote_port":	5201
			}],
		"version":	"iperf 3.9",
		"system_info":	"Linux zelda 5.10.0-18-amd64 #1 SMP Debian 5.10.140-1 (2022-09-02) x86_64",
		"timestamp":	{
			"time":	"Tue, 30 Jan 2024 19:06:21 GMT",
			"timesecs":	1706641581
		},
		"connecting_to":	{
			"host":	"10.10.10.4",
			"port":	5201
		},
		"cookie":	"2lwvk73nfdphfiy4ukw2wwr6snoh3q6lrc5h",
		"tcp_mss_default":	1448,
		"target_bitrate":	8000000000,
		"sock_bufsize":	0,
		"sndbuf_actual":	1000000,
		"rcvbuf_actual":	1000000,
		"test_start":	{
			"protocol":	"TCP",
			"num_streams":	1,
			"blksize":	131072,
			"omit":	0,
			"duration":	10,
			"bytes":	0,
			"blocks":	0,
			"reverse":	0,
			"tos":	0
		}
	},
	"intervals":	[{
			"streams":	[{
					"socket":	5,
					"start":	0,
					"end":	10.000072,
					"seconds":	10.00007152557373,
					"bytes":	1178468352,
					"bits_per_second":	942767938.398231,
					"retransmits":	0,
					"snd_cwnd":	418472,
					"rtt":	2189,
					"rttvar":	118,
					"pmtu":	9000,
					"omitted":	false,
					"sender":	true
				}],
			"sum":	{
				"start":	0,
				"end":	10.000072,
				"seconds":	10.00007152557373,
				"bytes":	1178468352,
				"bits_per_second":	942767938.398231,
				"retransmits":	0,
				"omitted":	false,
				"sender":	true
			}
		}],
	"end":	{
		"streams":	[{
				"sender":	{
					"socket":	5,
					"start":	0,
					"end":	10.000072,
					"seconds":	10.000072,
					"bytes":	1178468352,
					"bits_per_second":	942767893.67116559,
					"retransmits":	0,
					"max_snd_cwnd":	418472,
					"max_rtt":	2189,
					"min_rtt":	2189,
					"mean_rtt":	2189,
					"sender":	true
				},
				"receiver":	{
					"socket":	5,
					"start":	0,
					"end":	10.04387903213501,
					"seconds":	10.000072,
					"bytes":	1177091536,
					"bits_per_second":	937559309.29390156,
					"sender":	true
				}
			}],
		"sum_sent":	{
			"start":	0,
			"end":	10.000072,
			"seconds":	10.000072,
			"bytes":	1178468352,
			"bits_per_second":	942767893.67116559,
			"retransmits":	0,
			"sender":	true
		},
		"sum_received":	{
			"start":	0,
			"end":	10.04387903213501,
			"seconds":	10.04387903213501,
			"bytes":	1177091536,
			"bits_per_second":	937559309.29390156,
			"sender":	true
		},
		"cpu_utilization_percent":	{
			"host_total":	16.411594548830926,
			"host_user":	0.62512279126881964,
			"host_system":	15.786481670076242,
			"remote_total":	23.081865006101452,
			"remote_user":	1.5777239992665608,
			"remote_system":	21.504131127536212
		},
		"sender_tcp_congestion":	"cubic",
		"receiver_tcp_congestion":	"cubic"
	}
}
