{
	"start":	{
		"connected":	[{
				"socket":	5,
				"local_host":	"10.10.10.2",
				"local_port":	48294,
				"remote_host":	"10.10.10.4",
				"remote_port":	5201
			}],
		"version":	"iperf 3.9",
		"system_info":	"Linux zelda 5.10.0-18-amd64 #1 SMP Debian 5.10.140-1 (2022-09-02) x86_64",
		"timestamp":	{
			"time":	"Mon, 29 Jan 2024 20:36:09 GMT",
			"timesecs":	1706560569
		},
		"connecting_to":	{
			"host":	"10.10.10.4",
			"port":	5201
		},
		"cookie":	"7dvopbojexfaao3xrlqp64puecst5auuxxtg",
		"tcp_mss_default":	1448,
		"target_bitrate":	7000000000,
		"sock_bufsize":	0,
		"sndbuf_actual":	1000000,
		"rcvbuf_actual":	1000000,
		"test_start":	{
			"protocol":	"TCP",
			"num_streams":	1,
			"blksize":	131072,
			"omit":	0,
			"duration":	60,
			"bytes":	0,
			"blocks":	0,
			"reverse":	0,
			"tos":	0
		}
	},
	"intervals":	[{
			"streams":	[{
					"socket":	5,
					"start":	0,
					"end":	60.000103,
					"seconds":	60.000102996826172,
					"bytes":	7062683648,
					"bits_per_second":	941689536.54944158,
					"retransmits":	0,
					"snd_cwnd":	403992,
					"rtt":	2208,
					"rttvar":	153,
					"pmtu":	9000,
					"omitted":	false,
					"sender":	true
				}],
			"sum":	{
				"start":	0,
				"end":	60.000103,
				"seconds":	60.000102996826172,
				"bytes":	7062683648,
				"bits_per_second":	941689536.54944158,
				"retransmits":	0,
				"omitted":	false,
				"sender":	true
			}
		}],
	"end":	{
		"streams":	[{
				"sender":	{
					"socket":	5,
					"start":	0,
					"end":	60.000103,
					"seconds":	60.000103,
					"bytes":	7062683648,
					"bits_per_second":	941689536.499629,
					"retransmits":	0,
					"max_snd_cwnd":	403992,
					"max_rtt":	2208,
					"min_rtt":	2208,
					"mean_rtt":	2208,
					"sender":	true
				},
				"receiver":	{
					"socket":	5,
					"start":	0,
					"end":	60.043849945068359,
					"seconds":	60.000103,
					"bytes":	7061260744,
					"bits_per_second":	940813855.268782,
					"sender":	true
				}
			}],
		"sum_sent":	{
			"start":	0,
			"end":	60.000103,
			"seconds":	60.000103,
			"bytes":	7062683648,
			"bits_per_second":	941689536.499629,
			"retransmits":	0,
			"sender":	true
		},
		"sum_received":	{
			"start":	0,
			"end":	60.043849945068359,
			"seconds":	60.043849945068359,
			"bytes":	7061260744,
			"bits_per_second":	940813855.268782,
			"sender":	true
		},
		"cpu_utilization_percent":	{
			"host_total":	9.29921748752676,
			"host_user":	0.36273185154098586,
			"host_system":	8.9364856359857754,
			"remote_total":	26.140053442581923,
			"remote_user":	2.5965025186155266,
			"remote_system":	23.543549260674023
		},
		"sender_tcp_congestion":	"cubic",
		"receiver_tcp_congestion":	"cubic"
	}
}
