{
	"start":	{
		"connected":	[{
				"socket":	5,
				"local_host":	"10.10.10.2",
				"local_port":	53246,
				"remote_host":	"10.10.10.4",
				"remote_port":	5201
			}],
		"version":	"iperf 3.9",
		"system_info":	"Linux zelda 5.10.0-18-amd64 #1 SMP Debian 5.10.140-1 (2022-09-02) x86_64",
		"timestamp":	{
			"time":	"Wed, 31 Jan 2024 06:39:33 GMT",
			"timesecs":	1706683173
		},
		"connecting_to":	{
			"host":	"10.10.10.4",
			"port":	5201
		},
		"cookie":	"zurkf4enal5v627yirw4jbxiadaiqzsyeibr",
		"tcp_mss_default":	1448,
		"target_bitrate":	5000000000,
		"sock_bufsize":	0,
		"sndbuf_actual":	1000000,
		"rcvbuf_actual":	1000000,
		"test_start":	{
			"protocol":	"TCP",
			"num_streams":	1,
			"blksize":	131072,
			"omit":	0,
			"duration":	70,
			"bytes":	0,
			"blocks":	0,
			"reverse":	0,
			"tos":	0
		}
	},
	"intervals":	[{
			"streams":	[{
					"socket":	5,
					"start":	0,
					"end":	60.000122,
					"seconds":	60.0001220703125,
					"bytes":	7063601152,
					"bits_per_second":	941811570.81278729,
					"retransmits":	0,
					"snd_cwnd":	634224,
					"rtt":	2800,
					"rttvar":	120,
					"pmtu":	9000,
					"omitted":	false,
					"sender":	true
				}],
			"sum":	{
				"start":	0,
				"end":	60.000122,
				"seconds":	60.0001220703125,
				"bytes":	7063601152,
				"bits_per_second":	941811570.81278729,
				"retransmits":	0,
				"omitted":	false,
				"sender":	true
			}
		}, {
			"streams":	[{
					"socket":	5,
					"start":	60.000122,
					"end":	70.00008,
					"seconds":	9.99995803833008,
					"bytes":	1176764416,
					"bits_per_second":	941415483.13657629,
					"retransmits":	0,
					"snd_cwnd":	634224,
					"rtt":	2814,
					"rttvar":	154,
					"pmtu":	9000,
					"omitted":	false,
					"sender":	true
				}],
			"sum":	{
				"start":	60.000122,
				"end":	70.00008,
				"seconds":	9.99995803833008,
				"bytes":	1176764416,
				"bits_per_second":	941415483.13657629,
				"retransmits":	0,
				"omitted":	false,
				"sender":	true
			}
		}],
	"end":	{
		"streams":	[{
				"sender":	{
					"socket":	5,
					"start":	0,
					"end":	70.00008,
					"seconds":	70.00008,
					"bytes":	8240365568,
					"bits_per_second":	941754988.62287021,
					"retransmits":	0,
					"max_snd_cwnd":	634224,
					"max_rtt":	2814,
					"min_rtt":	2800,
					"mean_rtt":	2807,
					"sender":	true
				},
				"receiver":	{
					"socket":	5,
					"start":	0,
					"end":	70.04158878326416,
					"seconds":	70.00008,
					"bytes":	8238153488,
					"bits_per_second":	940944216.8414588,
					"sender":	true
				}
			}],
		"sum_sent":	{
			"start":	0,
			"end":	70.00008,
			"seconds":	70.00008,
			"bytes":	8240365568,
			"bits_per_second":	941754988.62287021,
			"retransmits":	0,
			"sender":	true
		},
		"sum_received":	{
			"start":	0,
			"end":	70.04158878326416,
			"seconds":	70.04158878326416,
			"bytes":	8238153488,
			"bits_per_second":	940944216.8414588,
			"sender":	true
		},
		"cpu_utilization_percent":	{
			"host_total":	19.00681536670951,
			"host_user":	0.8621865439194758,
			"host_system":	18.144630249622828,
			"remote_total":	22.94414165490652,
			"remote_user":	2.2254439215398372,
			"remote_system":	20.718697733366682
		},
		"sender_tcp_congestion":	"cubic",
		"receiver_tcp_congestion":	"cubic"
	}
}
