{
	"start":	{
		"connected":	[{
				"socket":	5,
				"local_host":	"10.10.10.2",
				"local_port":	49740,
				"remote_host":	"10.10.10.4",
				"remote_port":	5201
			}],
		"version":	"iperf 3.9",
		"system_info":	"Linux zelda 5.10.0-18-amd64 #1 SMP Debian 5.10.140-1 (2022-09-02) x86_64",
		"timestamp":	{
			"time":	"Tue, 30 Jan 2024 13:04:51 GMT",
			"timesecs":	1706619891
		},
		"connecting_to":	{
			"host":	"10.10.10.4",
			"port":	5201
		},
		"cookie":	"isjpkie4f6d6ud4oktp5q7ehupkmkxj6zaau",
		"tcp_mss_default":	1448,
		"target_bitrate":	4000000000,
		"sock_bufsize":	0,
		"sndbuf_actual":	1000000,
		"rcvbuf_actual":	1000000,
		"test_start":	{
			"protocol":	"TCP",
			"num_streams":	1,
			"blksize":	131072,
			"omit":	0,
			"duration":	30,
			"bytes":	0,
			"blocks":	0,
			"reverse":	0,
			"tos":	0
		}
	},
	"intervals":	[{
			"streams":	[{
					"socket":	5,
					"start":	0,
					"end":	30.000073,
					"seconds":	30.000072479248047,
					"bytes":	3532128256,
					"bits_per_second":	941898592.6632756,
					"retransmits":	0,
					"snd_cwnd":	415576,
					"rtt":	2260,
					"rttvar":	150,
					"pmtu":	9000,
					"omitted":	false,
					"sender":	true
				}],
			"sum":	{
				"start":	0,
				"end":	30.000073,
				"seconds":	30.000072479248047,
				"bytes":	3532128256,
				"bits_per_second":	941898592.6632756,
				"retransmits":	0,
				"omitted":	false,
				"sender":	true
			}
		}],
	"end":	{
		"streams":	[{
				"sender":	{
					"socket":	5,
					"start":	0,
					"end":	30.000073,
					"seconds":	30.000073,
					"bytes":	3532128256,
					"bits_per_second":	941898576.31346428,
					"retransmits":	0,
					"max_snd_cwnd":	415576,
					"max_rtt":	2260,
					"min_rtt":	2260,
					"mean_rtt":	2260,
					"sender":	true
				},
				"receiver":	{
					"socket":	5,
					"start":	0,
					"end":	30.043751955032349,
					"seconds":	30.000073,
					"bytes":	3530741688,
					"bits_per_second":	940159988.88144147,
					"sender":	true
				}
			}],
		"sum_sent":	{
			"start":	0,
			"end":	30.000073,
			"seconds":	30.000073,
			"bytes":	3532128256,
			"bits_per_second":	941898576.31346428,
			"retransmits":	0,
			"sender":	true
		},
		"sum_received":	{
			"start":	0,
			"end":	30.043751955032349,
			"seconds":	30.043751955032349,
			"bytes":	3530741688,
			"bits_per_second":	940159988.88144147,
			"sender":	true
		},
		"cpu_utilization_percent":	{
			"host_total":	16.917713740761322,
			"host_user":	0.63032003171757667,
			"host_system":	16.287393709043744,
			"remote_total":	22.353283940102,
			"remote_user":	2.3587822577568955,
			"remote_system":	19.994501682345106
		},
		"sender_tcp_congestion":	"cubic",
		"receiver_tcp_congestion":	"cubic"
	}
}
