{
	"start":	{
		"connected":	[{
				"socket":	5,
				"local_host":	"10.10.10.2",
				"local_port":	52318,
				"remote_host":	"10.10.10.4",
				"remote_port":	5201
			}],
		"version":	"iperf 3.9",
		"system_info":	"Linux zelda 5.10.0-18-amd64 #1 SMP Debian 5.10.140-1 (2022-09-02) x86_64",
		"timestamp":	{
			"time":	"Mon, 29 Jan 2024 11:01:55 GMT",
			"timesecs":	1706526115
		},
		"connecting_to":	{
			"host":	"10.10.10.4",
			"port":	5201
		},
		"cookie":	"uxby72si3ddkxhg4zbpqjntx5qnqu2edkbvf",
		"tcp_mss_default":	1448,
		"target_bitrate":	1000000000,
		"sock_bufsize":	0,
		"sndbuf_actual":	1000000,
		"rcvbuf_actual":	1000000,
		"test_start":	{
			"protocol":	"TCP",
			"num_streams":	1,
			"blksize":	131072,
			"omit":	0,
			"duration":	30,
			"bytes":	0,
			"blocks":	0,
			"reverse":	0,
			"tos":	0
		}
	},
	"intervals":	[{
			"streams":	[{
					"socket":	5,
					"start":	0,
					"end":	30.000079,
					"seconds":	30.000078201293945,
					"bytes":	3531472896,
					"bits_per_second":	941723650.79973233,
					"retransmits":	40,
					"snd_cwnd":	373584,
					"rtt":	2120,
					"rttvar":	152,
					"pmtu":	9000,
					"omitted":	false,
					"sender":	true
				}],
			"sum":	{
				"start":	0,
				"end":	30.000079,
				"seconds":	30.000078201293945,
				"bytes":	3531472896,
				"bits_per_second":	941723650.79973233,
				"retransmits":	40,
				"omitted":	false,
				"sender":	true
			}
		}],
	"end":	{
		"streams":	[{
				"sender":	{
					"socket":	5,
					"start":	0,
					"end":	30.000079,
					"seconds":	30.000079,
					"bytes":	3531472896,
					"bits_per_second":	941723625.72778559,
					"retransmits":	40,
					"max_snd_cwnd":	373584,
					"max_rtt":	2120,
					"min_rtt":	2120,
					"mean_rtt":	2120,
					"sender":	true
				},
				"receiver":	{
					"socket":	5,
					"start":	0,
					"end":	30.040810823440552,
					"seconds":	30.000079,
					"bytes":	3529867320,
					"bits_per_second":	940019186.76460731,
					"sender":	true
				}
			}],
		"sum_sent":	{
			"start":	0,
			"end":	30.000079,
			"seconds":	30.000079,
			"bytes":	3531472896,
			"bits_per_second":	941723625.72778559,
			"retransmits":	40,
			"sender":	true
		},
		"sum_received":	{
			"start":	0,
			"end":	30.040810823440552,
			"seconds":	30.040810823440552,
			"bytes":	3529867320,
			"bits_per_second":	940019186.76460731,
			"sender":	true
		},
		"cpu_utilization_percent":	{
			"host_total":	8.846663339998635,
			"host_user":	0.34743869829687091,
			"host_system":	8.49922796571059,
			"remote_total":	26.250930766755936,
			"remote_user":	2.6896548999555834,
			"remote_system":	23.561275866800351
		},
		"sender_tcp_congestion":	"cubic",
		"receiver_tcp_congestion":	"cubic"
	}
}
