{
	"start":	{
		"connected":	[{
				"socket":	5,
				"local_host":	"10.10.10.2",
				"local_port":	47916,
				"remote_host":	"10.10.10.4",
				"remote_port":	5201
			}],
		"version":	"iperf 3.9",
		"system_info":	"Linux zelda 5.10.0-18-amd64 #1 SMP Debian 5.10.140-1 (2022-09-02) x86_64",
		"timestamp":	{
			"time":	"Sun, 28 Jan 2024 12:08:10 GMT",
			"timesecs":	1706443690
		},
		"connecting_to":	{
			"host":	"10.10.10.4",
			"port":	5201
		},
		"cookie":	"6fswipxhbxc47ab4k6fghubozngmmtrulyfi",
		"tcp_mss_default":	1448,
		"target_bitrate":	1000000000,
		"sock_bufsize":	0,
		"sndbuf_actual":	1000000,
		"rcvbuf_actual":	1000000,
		"test_start":	{
			"protocol":	"TCP",
			"num_streams":	1,
			"blksize":	131072,
			"omit":	0,
			"duration":	30,
			"bytes":	0,
			"blocks":	0,
			"reverse":	0,
			"tos":	0
		}
	},
	"intervals":	[{
			"streams":	[{
					"socket":	5,
					"start":	0,
					"end":	30.000067,
					"seconds":	30.000066757202148,
					"bytes":	3531997184,
					"bits_per_second":	941863819.86021936,
					"retransmits":	0,
					"snd_cwnd":	376480,
					"rtt":	1779,
					"rttvar":	132,
					"pmtu":	9000,
					"omitted":	false,
					"sender":	true
				}],
			"sum":	{
				"start":	0,
				"end":	30.000067,
				"seconds":	30.000066757202148,
				"bytes":	3531997184,
				"bits_per_second":	941863819.86021936,
				"retransmits":	0,
				"omitted":	false,
				"sender":	true
			}
		}],
	"end":	{
		"streams":	[{
				"sender":	{
					"socket":	5,
					"start":	0,
					"end":	30.000067,
					"seconds":	30.000067,
					"bytes":	3531997184,
					"bits_per_second":	941863812.237486,
					"retransmits":	0,
					"max_snd_cwnd":	376480,
					"max_rtt":	1779,
					"min_rtt":	1779,
					"mean_rtt":	1779,
					"sender":	true
				},
				"receiver":	{
					"socket":	5,
					"start":	0,
					"end":	30.044232130050659,
					"seconds":	30.000067,
					"bytes":	3530654392,
					"bits_per_second":	940121718.329713,
					"sender":	true
				}
			}],
		"sum_sent":	{
			"start":	0,
			"end":	30.000067,
			"seconds":	30.000067,
			"bytes":	3531997184,
			"bits_per_second":	941863812.237486,
			"retransmits":	0,
			"sender":	true
		},
		"sum_received":	{
			"start":	0,
			"end":	30.044232130050659,
			"seconds":	30.044232130050659,
			"bytes":	3530654392,
			"bits_per_second":	940121718.329713,
			"sender":	true
		},
		"cpu_utilization_percent":	{
			"host_total":	4.8396542037761172,
			"host_user":	0.18989997232162537,
			"host_system":	4.6497542314544917,
			"remote_total":	23.59245394501534,
			"remote_user":	2.1746234731669913,
			"remote_system":	21.417833791276049
		},
		"sender_tcp_congestion":	"cubic",
		"receiver_tcp_congestion":	"cubic"
	}
}
