{
	"start":	{
		"connected":	[{
				"socket":	5,
				"local_host":	"10.10.10.2",
				"local_port":	52180,
				"remote_host":	"10.10.10.4",
				"remote_port":	5201
			}],
		"version":	"iperf 3.9",
		"system_info":	"Linux zelda 5.10.0-18-amd64 #1 SMP Debian 5.10.140-1 (2022-09-02) x86_64",
		"timestamp":	{
			"time":	"Mon, 29 Jan 2024 15:33:36 GMT",
			"timesecs":	1706542416
		},
		"connecting_to":	{
			"host":	"10.10.10.4",
			"port":	5201
		},
		"cookie":	"56qb52os4cehoktbu6n3wsc3kusqruwbfgtk",
		"tcp_mss_default":	1448,
		"target_bitrate":	4000000000,
		"sock_bufsize":	0,
		"sndbuf_actual":	1000000,
		"rcvbuf_actual":	1000000,
		"test_start":	{
			"protocol":	"TCP",
			"num_streams":	1,
			"blksize":	131072,
			"omit":	0,
			"duration":	20,
			"bytes":	0,
			"blocks":	0,
			"reverse":	0,
			"tos":	0
		}
	},
	"intervals":	[{
			"streams":	[{
					"socket":	5,
					"start":	0,
					"end":	20.000079,
					"seconds":	20.000078201293945,
					"bytes":	2355363840,
					"bits_per_second":	942141852.164404,
					"retransmits":	0,
					"snd_cwnd":	417024,
					"rtt":	2233,
					"rttvar":	152,
					"pmtu":	9000,
					"omitted":	false,
					"sender":	true
				}],
			"sum":	{
				"start":	0,
				"end":	20.000079,
				"seconds":	20.000078201293945,
				"bytes":	2355363840,
				"bits_per_second":	942141852.164404,
				"retransmits":	0,
				"omitted":	false,
				"sender":	true
			}
		}],
	"end":	{
		"streams":	[{
				"sender":	{
					"socket":	5,
					"start":	0,
					"end":	20.000079,
					"seconds":	20.000079,
					"bytes":	2355363840,
					"bits_per_second":	942141814.53983259,
					"retransmits":	0,
					"max_snd_cwnd":	417024,
					"max_rtt":	2233,
					"min_rtt":	2233,
					"mean_rtt":	2233,
					"sender":	true
				},
				"receiver":	{
					"socket":	5,
					"start":	0,
					"end":	20.043437004089355,
					"seconds":	20.000079,
					"bytes":	2353892720,
					"bits_per_second":	939516598.68304932,
					"sender":	true
				}
			}],
		"sum_sent":	{
			"start":	0,
			"end":	20.000079,
			"seconds":	20.000079,
			"bytes":	2355363840,
			"bits_per_second":	942141814.53983259,
			"retransmits":	0,
			"sender":	true
		},
		"sum_received":	{
			"start":	0,
			"end":	20.043437004089355,
			"seconds":	20.043437004089355,
			"bytes":	2353892720,
			"bits_per_second":	939516598.68304932,
			"sender":	true
		},
		"cpu_utilization_percent":	{
			"host_total":	7.3292058876818764,
			"host_user":	0.30863980854563178,
			"host_system":	7.0205710580810337,
			"remote_total":	26.506625257327794,
			"remote_user":	2.5894222006689391,
			"remote_system":	23.917203056658856
		},
		"sender_tcp_congestion":	"cubic",
		"receiver_tcp_congestion":	"cubic"
	}
}
