{
	"start":	{
		"connected":	[{
				"socket":	5,
				"local_host":	"10.10.10.2",
				"local_port":	54770,
				"remote_host":	"10.10.10.4",
				"remote_port":	5201
			}],
		"version":	"iperf 3.9",
		"system_info":	"Linux zelda 5.10.0-18-amd64 #1 SMP Debian 5.10.140-1 (2022-09-02) x86_64",
		"timestamp":	{
			"time":	"Mon, 29 Jan 2024 23:51:55 GMT",
			"timesecs":	1706572315
		},
		"connecting_to":	{
			"host":	"10.10.10.4",
			"port":	5201
		},
		"cookie":	"qokgrc54wl273rmfakdaxkwghx6guloz7bar",
		"tcp_mss_default":	1448,
		"target_bitrate":	9000000000,
		"sock_bufsize":	0,
		"sndbuf_actual":	1000000,
		"rcvbuf_actual":	1000000,
		"test_start":	{
			"protocol":	"TCP",
			"num_streams":	1,
			"blksize":	131072,
			"omit":	0,
			"duration":	70,
			"bytes":	0,
			"blocks":	0,
			"reverse":	0,
			"tos":	0
		}
	},
	"intervals":	[{
			"streams":	[{
					"socket":	5,
					"start":	0,
					"end":	60.000071,
					"seconds":	60.000072479248047,
					"bytes":	7062552576,
					"bits_per_second":	941672539.271374,
					"retransmits":	0,
					"snd_cwnd":	379376,
					"rtt":	2167,
					"rttvar":	113,
					"pmtu":	9000,
					"omitted":	false,
					"sender":	true
				}],
			"sum":	{
				"start":	0,
				"end":	60.000071,
				"seconds":	60.000072479248047,
				"bytes":	7062552576,
				"bits_per_second":	941672539.271374,
				"retransmits":	0,
				"omitted":	false,
				"sender":	true
			}
		}, {
			"streams":	[{
					"socket":	5,
					"start":	60.000071,
					"end":	70.000073,
					"seconds":	10.000001907348633,
					"bytes":	1176895488,
					"bits_per_second":	941516210.82003427,
					"retransmits":	0,
					"snd_cwnd":	379376,
					"rtt":	2192,
					"rttvar":	153,
					"pmtu":	9000,
					"omitted":	false,
					"sender":	true
				}],
			"sum":	{
				"start":	60.000071,
				"end":	70.000073,
				"seconds":	10.000001907348633,
				"bytes":	1176895488,
				"bits_per_second":	941516210.82003427,
				"retransmits":	0,
				"omitted":	false,
				"sender":	true
			}
		}],
	"end":	{
		"streams":	[{
				"sender":	{
					"socket":	5,
					"start":	0,
					"end":	70.000073,
					"seconds":	70.000073,
					"bytes":	8239448064,
					"bits_per_second":	941650225.30762219,
					"retransmits":	0,
					"max_snd_cwnd":	379376,
					"max_rtt":	2192,
					"min_rtt":	2167,
					"mean_rtt":	2179,
					"sender":	true
				},
				"receiver":	{
					"socket":	5,
					"start":	0,
					"end":	70.04408597946167,
					"seconds":	70.000073,
					"bytes":	8238095568,
					"bits_per_second":	940904055.24492955,
					"sender":	true
				}
			}],
		"sum_sent":	{
			"start":	0,
			"end":	70.000073,
			"seconds":	70.000073,
			"bytes":	8239448064,
			"bits_per_second":	941650225.30762219,
			"retransmits":	0,
			"sender":	true
		},
		"sum_received":	{
			"start":	0,
			"end":	70.04408597946167,
			"seconds":	70.04408597946167,
			"bytes":	8238095568,
			"bits_per_second":	940904055.24492955,
			"sender":	true
		},
		"cpu_utilization_percent":	{
			"host_total":	8.7872919140052641,
			"host_user":	0.3026213769007971,
			"host_system":	8.4846705371044671,
			"remote_total":	25.575787468317468,
			"remote_user":	2.5872254316440682,
			"remote_system":	22.9885620366734
		},
		"sender_tcp_congestion":	"cubic",
		"receiver_tcp_congestion":	"cubic"
	}
}
