{
	"start":	{
		"connected":	[{
				"socket":	5,
				"local_host":	"10.10.10.2",
				"local_port":	51686,
				"remote_host":	"10.10.10.4",
				"remote_port":	5201
			}],
		"version":	"iperf 3.9",
		"system_info":	"Linux zelda 5.10.0-18-amd64 #1 SMP Debian 5.10.140-1 (2022-09-02) x86_64",
		"timestamp":	{
			"time":	"Tue, 30 Jan 2024 21:04:02 GMT",
			"timesecs":	1706648642
		},
		"connecting_to":	{
			"host":	"10.10.10.4",
			"port":	5201
		},
		"cookie":	"6n4jdz6gew6r2lmzvyy45d2c6lkue7t2b7dy",
		"tcp_mss_default":	1448,
		"target_bitrate":	9000000000,
		"sock_bufsize":	0,
		"sndbuf_actual":	1000000,
		"rcvbuf_actual":	1000000,
		"test_start":	{
			"protocol":	"TCP",
			"num_streams":	1,
			"blksize":	131072,
			"omit":	0,
			"duration":	60,
			"bytes":	0,
			"blocks":	0,
			"reverse":	0,
			"tos":	0
		}
	},
	"intervals":	[{
			"streams":	[{
					"socket":	5,
					"start":	0,
					"end":	60.000096,
					"seconds":	60.000095367431641,
					"bytes":	7062683648,
					"bits_per_second":	941689656.291268,
					"retransmits":	0,
					"snd_cwnd":	418472,
					"rtt":	2177,
					"rttvar":	119,
					"pmtu":	9000,
					"omitted":	false,
					"sender":	true
				}],
			"sum":	{
				"start":	0,
				"end":	60.000096,
				"seconds":	60.000095367431641,
				"bytes":	7062683648,
				"bits_per_second":	941689656.291268,
				"retransmits":	0,
				"omitted":	false,
				"sender":	true
			}
		}],
	"end":	{
		"streams":	[{
				"sender":	{
					"socket":	5,
					"start":	0,
					"end":	60.000096,
					"seconds":	60.000096,
					"bytes":	7062683648,
					"bits_per_second":	941689646.36323249,
					"retransmits":	0,
					"max_snd_cwnd":	418472,
					"max_rtt":	2177,
					"min_rtt":	2177,
					"mean_rtt":	2177,
					"sender":	true
				},
				"receiver":	{
					"socket":	5,
					"start":	0,
					"end":	60.044569969177246,
					"seconds":	60.000096,
					"bytes":	7061301624,
					"bits_per_second":	940808020.1256882,
					"sender":	true
				}
			}],
		"sum_sent":	{
			"start":	0,
			"end":	60.000096,
			"seconds":	60.000096,
			"bytes":	7062683648,
			"bits_per_second":	941689646.36323249,
			"retransmits":	0,
			"sender":	true
		},
		"sum_received":	{
			"start":	0,
			"end":	60.044569969177246,
			"seconds":	60.044569969177246,
			"bytes":	7061301624,
			"bits_per_second":	940808020.1256882,
			"sender":	true
		},
		"cpu_utilization_percent":	{
			"host_total":	16.614986816491552,
			"host_user":	0.60005587511600356,
			"host_system":	16.014930941375546,
			"remote_total":	23.706763819601981,
			"remote_user":	2.4959885992556186,
			"remote_system":	21.2107735570725
		},
		"sender_tcp_congestion":	"cubic",
		"receiver_tcp_congestion":	"cubic"
	}
}
