{
	"start":	{
		"connected":	[{
				"socket":	5,
				"local_host":	"10.10.10.2",
				"local_port":	39616,
				"remote_host":	"10.10.10.4",
				"remote_port":	5201
			}],
		"version":	"iperf 3.9",
		"system_info":	"Linux zelda 5.10.0-18-amd64 #1 SMP Debian 5.10.140-1 (2022-09-02) x86_64",
		"timestamp":	{
			"time":	"Mon, 29 Jan 2024 02:09:45 GMT",
			"timesecs":	1706494185
		},
		"connecting_to":	{
			"host":	"10.10.10.4",
			"port":	5201
		},
		"cookie":	"4ihxsy4bdnuyh6ccvcza5n7zsrrjkww6uf4j",
		"tcp_mss_default":	1448,
		"target_bitrate":	10000000000,
		"sock_bufsize":	0,
		"sndbuf_actual":	1000000,
		"rcvbuf_actual":	1000000,
		"test_start":	{
			"protocol":	"TCP",
			"num_streams":	1,
			"blksize":	131072,
			"omit":	0,
			"duration":	50,
			"bytes":	0,
			"blocks":	0,
			"reverse":	0,
			"tos":	0
		}
	},
	"intervals":	[{
			"streams":	[{
					"socket":	5,
					"start":	0,
					"end":	50.000069,
					"seconds":	50.000068664550781,
					"bytes":	5885657088,
					"bits_per_second":	941703840.846576,
					"retransmits":	0,
					"snd_cwnd":	364896,
					"rtt":	1697,
					"rttvar":	104,
					"pmtu":	9000,
					"omitted":	false,
					"sender":	true
				}],
			"sum":	{
				"start":	0,
				"end":	50.000069,
				"seconds":	50.000068664550781,
				"bytes":	5885657088,
				"bits_per_second":	941703840.846576,
				"retransmits":	0,
				"omitted":	false,
				"sender":	true
			}
		}],
	"end":	{
		"streams":	[{
				"sender":	{
					"socket":	5,
					"start":	0,
					"end":	50.000069,
					"seconds":	50.000069,
					"bytes":	5885657088,
					"bits_per_second":	941703834.52870834,
					"retransmits":	0,
					"max_snd_cwnd":	364896,
					"max_rtt":	1697,
					"min_rtt":	1697,
					"mean_rtt":	1697,
					"sender":	true
				},
				"receiver":	{
					"socket":	5,
					"start":	0,
					"end":	50.044157028198242,
					"seconds":	50.000069,
					"bytes":	5884451208,
					"bits_per_second":	940681439.34314728,
					"sender":	true
				}
			}],
		"sum_sent":	{
			"start":	0,
			"end":	50.000069,
			"seconds":	50.000069,
			"bytes":	5885657088,
			"bits_per_second":	941703834.52870834,
			"retransmits":	0,
			"sender":	true
		},
		"sum_received":	{
			"start":	0,
			"end":	50.044157028198242,
			"seconds":	50.044157028198242,
			"bytes":	5884451208,
			"bits_per_second":	940681439.34314728,
			"sender":	true
		},
		"cpu_utilization_percent":	{
			"host_total":	4.73165801493918,
			"host_user":	0.28815553582442122,
			"host_system":	4.44350447574405,
			"remote_total":	23.841834612828926,
			"remote_user":	2.3247053462488951,
			"remote_system":	21.517129266580032
		},
		"sender_tcp_congestion":	"cubic",
		"receiver_tcp_congestion":	"cubic"
	}
}
