{
	"start":	{
		"connected":	[{
				"socket":	5,
				"local_host":	"10.10.10.2",
				"local_port":	50754,
				"remote_host":	"10.10.10.4",
				"remote_port":	5201
			}],
		"version":	"iperf 3.9",
		"system_info":	"Linux zelda 5.10.0-18-amd64 #1 SMP Debian 5.10.140-1 (2022-09-02) x86_64",
		"timestamp":	{
			"time":	"Mon, 29 Jan 2024 23:13:12 GMT",
			"timesecs":	1706569992
		},
		"connecting_to":	{
			"host":	"10.10.10.4",
			"port":	5201
		},
		"cookie":	"vn5ja7eplsotmufi45dcmmre2zyirx2dx2fa",
		"tcp_mss_default":	1448,
		"target_bitrate":	9000000000,
		"sock_bufsize":	0,
		"sndbuf_actual":	1000000,
		"rcvbuf_actual":	1000000,
		"test_start":	{
			"protocol":	"TCP",
			"num_streams":	1,
			"blksize":	131072,
			"omit":	0,
			"duration":	10,
			"bytes":	0,
			"blocks":	0,
			"reverse":	0,
			"tos":	0
		}
	},
	"intervals":	[{
			"streams":	[{
					"socket":	5,
					"start":	0,
					"end":	10.000078,
					"seconds":	10.000078201293945,
					"bytes":	1178337280,
					"bits_per_second":	942662452.257648,
					"retransmits":	0,
					"snd_cwnd":	369240,
					"rtt":	1736,
					"rttvar":	123,
					"pmtu":	9000,
					"omitted":	false,
					"sender":	true
				}],
			"sum":	{
				"start":	0,
				"end":	10.000078,
				"seconds":	10.000078201293945,
				"bytes":	1178337280,
				"bits_per_second":	942662452.257648,
				"retransmits":	0,
				"omitted":	false,
				"sender":	true
			}
		}],
	"end":	{
		"streams":	[{
				"sender":	{
					"socket":	5,
					"start":	0,
					"end":	10.000078,
					"seconds":	10.000078,
					"bytes":	1178337280,
					"bits_per_second":	942662471.23272431,
					"retransmits":	0,
					"max_snd_cwnd":	369240,
					"max_rtt":	1736,
					"min_rtt":	1736,
					"mean_rtt":	1736,
					"sender":	true
				},
				"receiver":	{
					"socket":	5,
					"start":	0,
					"end":	10.043915033340454,
					"seconds":	10.000078,
					"bytes":	1177050656,
					"bits_per_second":	937523387.71709478,
					"sender":	true
				}
			}],
		"sum_sent":	{
			"start":	0,
			"end":	10.000078,
			"seconds":	10.000078,
			"bytes":	1178337280,
			"bits_per_second":	942662471.23272431,
			"retransmits":	0,
			"sender":	true
		},
		"sum_received":	{
			"start":	0,
			"end":	10.043915033340454,
			"seconds":	10.043915033340454,
			"bytes":	1177050656,
			"bits_per_second":	937523387.71709478,
			"sender":	true
		},
		"cpu_utilization_percent":	{
			"host_total":	10.699751090404893,
			"host_user":	0.16551665052684311,
			"host_system":	10.534224523951227,
			"remote_total":	27.430187020566958,
			"remote_user":	2.5051372192535242,
			"remote_system":	24.925039921570651
		},
		"sender_tcp_congestion":	"cubic",
		"receiver_tcp_congestion":	"cubic"
	}
}
