{
	"start":	{
		"connected":	[{
				"socket":	5,
				"local_host":	"10.10.10.2",
				"local_port":	37630,
				"remote_host":	"10.10.10.4",
				"remote_port":	5201
			}],
		"version":	"iperf 3.9",
		"system_info":	"Linux zelda 5.10.0-18-amd64 #1 SMP Debian 5.10.140-1 (2022-09-02) x86_64",
		"timestamp":	{
			"time":	"Mon, 29 Jan 2024 14:36:15 GMT",
			"timesecs":	1706538975
		},
		"connecting_to":	{
			"host":	"10.10.10.4",
			"port":	5201
		},
		"cookie":	"4ihiotmi4mez4f2epxxd6mbr3n4mosjefjxi",
		"tcp_mss_default":	1448,
		"target_bitrate":	3000000000,
		"sock_bufsize":	0,
		"sndbuf_actual":	1000000,
		"rcvbuf_actual":	1000000,
		"test_start":	{
			"protocol":	"TCP",
			"num_streams":	1,
			"blksize":	131072,
			"omit":	0,
			"duration":	70,
			"bytes":	0,
			"blocks":	0,
			"reverse":	0,
			"tos":	0
		}
	},
	"intervals":	[{
			"streams":	[{
					"socket":	5,
					"start":	0,
					"end":	60.000069,
					"seconds":	60.000068664550781,
					"bytes":	7062683648,
					"bits_per_second":	941690075.3879,
					"retransmits":	0,
					"snd_cwnd":	403992,
					"rtt":	2255,
					"rttvar":	143,
					"pmtu":	9000,
					"omitted":	false,
					"sender":	true
				}],
			"sum":	{
				"start":	0,
				"end":	60.000069,
				"seconds":	60.000068664550781,
				"bytes":	7062683648,
				"bits_per_second":	941690075.3879,
				"retransmits":	0,
				"omitted":	false,
				"sender":	true
			}
		}, {
			"streams":	[{
					"socket":	5,
					"start":	60.000069,
					"end":	70.000079,
					"seconds":	10.000009536743164,
					"bytes":	1176764416,
					"bits_per_second":	941410635.000856,
					"retransmits":	0,
					"snd_cwnd":	403992,
					"rtt":	2247,
					"rttvar":	103,
					"pmtu":	9000,
					"omitted":	false,
					"sender":	true
				}],
			"sum":	{
				"start":	60.000069,
				"end":	70.000079,
				"seconds":	10.000009536743164,
				"bytes":	1176764416,
				"bits_per_second":	941410635.000856,
				"retransmits":	0,
				"omitted":	false,
				"sender":	true
			}
		}],
	"end":	{
		"streams":	[{
				"sender":	{
					"socket":	5,
					"start":	0,
					"end":	70.000079,
					"seconds":	70.000079,
					"bytes":	8239448064,
					"bits_per_second":	941650144.594837,
					"retransmits":	0,
					"max_snd_cwnd":	403992,
					"max_rtt":	2255,
					"min_rtt":	2247,
					"mean_rtt":	2251,
					"sender":	true
				},
				"receiver":	{
					"socket":	5,
					"start":	0,
					"end":	70.043785095214844,
					"seconds":	70.000079,
					"bytes":	8238111368,
					"bits_per_second":	940909901.633834,
					"sender":	true
				}
			}],
		"sum_sent":	{
			"start":	0,
			"end":	70.000079,
			"seconds":	70.000079,
			"bytes":	8239448064,
			"bits_per_second":	941650144.594837,
			"retransmits":	0,
			"sender":	true
		},
		"sum_received":	{
			"start":	0,
			"end":	70.043785095214844,
			"seconds":	70.043785095214844,
			"bytes":	8238111368,
			"bits_per_second":	940909901.633834,
			"sender":	true
		},
		"cpu_utilization_percent":	{
			"host_total":	9.2643687134867641,
			"host_user":	0.33230682289440444,
			"host_system":	8.9320633173713855,
			"remote_total":	25.783088293910517,
			"remote_user":	2.6712177308793938,
			"remote_system":	23.111870563031122
		},
		"sender_tcp_congestion":	"cubic",
		"receiver_tcp_congestion":	"cubic"
	}
}
