{
	"start":	{
		"connected":	[{
				"socket":	5,
				"local_host":	"10.10.10.2",
				"local_port":	60208,
				"remote_host":	"10.10.10.4",
				"remote_port":	5201
			}],
		"version":	"iperf 3.9",
		"system_info":	"Linux zelda 5.10.0-18-amd64 #1 SMP Debian 5.10.140-1 (2022-09-02) x86_64",
		"timestamp":	{
			"time":	"Mon, 29 Jan 2024 00:31:32 GMT",
			"timesecs":	1706488292
		},
		"connecting_to":	{
			"host":	"10.10.10.4",
			"port":	5201
		},
		"cookie":	"dkpdvktqlunvzikxwnya74xwo4swoxhlvbbz",
		"tcp_mss_default":	1448,
		"target_bitrate":	9000000000,
		"sock_bufsize":	0,
		"sndbuf_actual":	1000000,
		"rcvbuf_actual":	1000000,
		"test_start":	{
			"protocol":	"TCP",
			"num_streams":	1,
			"blksize":	131072,
			"omit":	0,
			"duration":	40,
			"bytes":	0,
			"blocks":	0,
			"reverse":	0,
			"tos":	0
		}
	},
	"intervals":	[{
			"streams":	[{
					"socket":	5,
					"start":	0,
					"end":	40.000066,
					"seconds":	40.000064849853516,
					"bytes":	4709154816,
					"bits_per_second":	941829436.26247549,
					"retransmits":	0,
					"snd_cwnd":	445984,
					"rtt":	2258,
					"rttvar":	145,
					"pmtu":	9000,
					"omitted":	false,
					"sender":	true
				}],
			"sum":	{
				"start":	0,
				"end":	40.000066,
				"seconds":	40.000064849853516,
				"bytes":	4709154816,
				"bits_per_second":	941829436.26247549,
				"retransmits":	0,
				"omitted":	false,
				"sender":	true
			}
		}],
	"end":	{
		"streams":	[{
				"sender":	{
					"socket":	5,
					"start":	0,
					"end":	40.000066,
					"seconds":	40.000066,
					"bytes":	4709154816,
					"bits_per_second":	941829409.181475,
					"retransmits":	0,
					"max_snd_cwnd":	445984,
					"max_rtt":	2258,
					"min_rtt":	2258,
					"mean_rtt":	2258,
					"sender":	true
				},
				"receiver":	{
					"socket":	5,
					"start":	0,
					"end":	40.0442590713501,
					"seconds":	40.000066,
					"bytes":	4707596448,
					"bits_per_second":	940478671.78405666,
					"sender":	true
				}
			}],
		"sum_sent":	{
			"start":	0,
			"end":	40.000066,
			"seconds":	40.000066,
			"bytes":	4709154816,
			"bits_per_second":	941829409.181475,
			"retransmits":	0,
			"sender":	true
		},
		"sum_received":	{
			"start":	0,
			"end":	40.0442590713501,
			"seconds":	40.0442590713501,
			"bytes":	4707596448,
			"bits_per_second":	940478671.78405666,
			"sender":	true
		},
		"cpu_utilization_percent":	{
			"host_total":	3.9369915714417885,
			"host_user":	0.19955672409673322,
			"host_system":	3.7374348473450549,
			"remote_total":	24.818984510931706,
			"remote_user":	2.3847520929651131,
			"remote_system":	22.434229925807426
		},
		"sender_tcp_congestion":	"cubic",
		"receiver_tcp_congestion":	"cubic"
	}
}
