{
	"start":	{
		"connected":	[{
				"socket":	5,
				"local_host":	"10.10.10.2",
				"local_port":	34562,
				"remote_host":	"10.10.10.4",
				"remote_port":	5201
			}],
		"version":	"iperf 3.9",
		"system_info":	"Linux zelda 5.10.0-18-amd64 #1 SMP Debian 5.10.140-1 (2022-09-02) x86_64",
		"timestamp":	{
			"time":	"Sun, 28 Jan 2024 16:41:03 GMT",
			"timesecs":	1706460063
		},
		"connecting_to":	{
			"host":	"10.10.10.4",
			"port":	5201
		},
		"cookie":	"qv6m4rbcuuttlmqzghjpgcn4zw3ktv6ubjvb",
		"tcp_mss_default":	1448,
		"target_bitrate":	4000000000,
		"sock_bufsize":	0,
		"sndbuf_actual":	1000000,
		"rcvbuf_actual":	1000000,
		"test_start":	{
			"protocol":	"TCP",
			"num_streams":	1,
			"blksize":	131072,
			"omit":	0,
			"duration":	20,
			"bytes":	0,
			"blocks":	0,
			"reverse":	0,
			"tos":	0
		}
	},
	"intervals":	[{
			"streams":	[{
					"socket":	5,
					"start":	0,
					"end":	20.000067,
					"seconds":	20.000066757202148,
					"bytes":	2355101696,
					"bits_per_second":	942037534.01049554,
					"retransmits":	0,
					"snd_cwnd":	366344,
					"rtt":	2126,
					"rttvar":	140,
					"pmtu":	9000,
					"omitted":	false,
					"sender":	true
				}],
			"sum":	{
				"start":	0,
				"end":	20.000067,
				"seconds":	20.000066757202148,
				"bytes":	2355101696,
				"bits_per_second":	942037534.01049554,
				"retransmits":	0,
				"omitted":	false,
				"sender":	true
			}
		}],
	"end":	{
		"streams":	[{
				"sender":	{
					"socket":	5,
					"start":	0,
					"end":	20.000067,
					"seconds":	20.000067,
					"bytes":	2355101696,
					"bits_per_second":	942037522.57429934,
					"retransmits":	0,
					"max_snd_cwnd":	366344,
					"max_rtt":	2126,
					"min_rtt":	2126,
					"mean_rtt":	2126,
					"sender":	true
				},
				"receiver":	{
					"socket":	5,
					"start":	0,
					"end":	20.040360927581787,
					"seconds":	20.000067,
					"bytes":	2353889824,
					"bits_per_second":	939659652.84000981,
					"sender":	true
				}
			}],
		"sum_sent":	{
			"start":	0,
			"end":	20.000067,
			"seconds":	20.000067,
			"bytes":	2355101696,
			"bits_per_second":	942037522.57429934,
			"retransmits":	0,
			"sender":	true
		},
		"sum_received":	{
			"start":	0,
			"end":	20.040360927581787,
			"seconds":	20.040360927581787,
			"bytes":	2353889824,
			"bits_per_second":	939659652.84000981,
			"sender":	true
		},
		"cpu_utilization_percent":	{
			"host_total":	3.9698121858008548,
			"host_user":	0.13533162072611241,
			"host_system":	3.8344805650747422,
			"remote_total":	24.933472063037463,
			"remote_user":	2.38411197665874,
			"remote_system":	22.549355116600442
		},
		"sender_tcp_congestion":	"cubic",
		"receiver_tcp_congestion":	"cubic"
	}
}
