{
	"start":	{
		"connected":	[{
				"socket":	5,
				"local_host":	"10.10.10.2",
				"local_port":	33824,
				"remote_host":	"10.10.10.4",
				"remote_port":	5201
			}],
		"version":	"iperf 3.9",
		"system_info":	"Linux zelda 5.10.0-18-amd64 #1 SMP Debian 5.10.140-1 (2022-09-02) x86_64",
		"timestamp":	{
			"time":	"Tue, 30 Jan 2024 08:45:03 GMT",
			"timesecs":	1706604303
		},
		"connecting_to":	{
			"host":	"10.10.10.4",
			"port":	5201
		},
		"cookie":	"t4ew2tmxvf5aej6iweuk3tpegd5qttvyqwqs",
		"tcp_mss_default":	1448,
		"target_bitrate":	1000000000,
		"sock_bufsize":	0,
		"sndbuf_actual":	1000000,
		"rcvbuf_actual":	1000000,
		"test_start":	{
			"protocol":	"TCP",
			"num_streams":	1,
			"blksize":	131072,
			"omit":	0,
			"duration":	50,
			"bytes":	0,
			"blocks":	0,
			"reverse":	0,
			"tos":	0
		}
	},
	"intervals":	[{
			"streams":	[{
					"socket":	5,
					"start":	0,
					"end":	50.000072,
					"seconds":	50.000072479248047,
					"bytes":	5885788160,
					"bits_per_second":	941724740.48997879,
					"retransmits":	0,
					"snd_cwnd":	432952,
					"rtt":	2232,
					"rttvar":	126,
					"pmtu":	9000,
					"omitted":	false,
					"sender":	true
				}],
			"sum":	{
				"start":	0,
				"end":	50.000072,
				"seconds":	50.000072479248047,
				"bytes":	5885788160,
				"bits_per_second":	941724740.48997879,
				"retransmits":	0,
				"omitted":	false,
				"sender":	true
			}
		}],
	"end":	{
		"streams":	[{
				"sender":	{
					"socket":	5,
					"start":	0,
					"end":	50.000072,
					"seconds":	50.000072,
					"bytes":	5885788160,
					"bits_per_second":	941724749.51636064,
					"retransmits":	0,
					"max_snd_cwnd":	432952,
					"max_rtt":	2232,
					"min_rtt":	2232,
					"mean_rtt":	2232,
					"sender":	true
				},
				"receiver":	{
					"socket":	5,
					"start":	0,
					"end":	50.041435956954956,
					"seconds":	50.000072,
					"bytes":	5884361016,
					"bits_per_second":	940718171.40685678,
					"sender":	true
				}
			}],
		"sum_sent":	{
			"start":	0,
			"end":	50.000072,
			"seconds":	50.000072,
			"bytes":	5885788160,
			"bits_per_second":	941724749.51636064,
			"retransmits":	0,
			"sender":	true
		},
		"sum_received":	{
			"start":	0,
			"end":	50.041435956954956,
			"seconds":	50.041435956954956,
			"bytes":	5884361016,
			"bits_per_second":	940718171.40685678,
			"sender":	true
		},
		"cpu_utilization_percent":	{
			"host_total":	16.184204107946023,
			"host_user":	0.74618027997499559,
			"host_system":	15.438023827971028,
			"remote_total":	24.887187278635,
			"remote_user":	2.3787772293788634,
			"remote_system":	22.508408053965741
		},
		"sender_tcp_congestion":	"cubic",
		"receiver_tcp_congestion":	"cubic"
	}
}
