{
	"start":	{
		"connected":	[{
				"socket":	5,
				"local_host":	"10.10.10.2",
				"local_port":	55914,
				"remote_host":	"10.10.10.4",
				"remote_port":	5201
			}],
		"version":	"iperf 3.9",
		"system_info":	"Linux zelda 5.10.0-18-amd64 #1 SMP Debian 5.10.140-1 (2022-09-02) x86_64",
		"timestamp":	{
			"time":	"Tue, 30 Jan 2024 23:24:10 GMT",
			"timesecs":	1706657050
		},
		"connecting_to":	{
			"host":	"10.10.10.4",
			"port":	5201
		},
		"cookie":	"gs4jy2zjyromqkamhligvjbmkomokilnlwom",
		"tcp_mss_default":	1448,
		"target_bitrate":	10000000000,
		"sock_bufsize":	0,
		"sndbuf_actual":	1000000,
		"rcvbuf_actual":	1000000,
		"test_start":	{
			"protocol":	"TCP",
			"num_streams":	1,
			"blksize":	131072,
			"omit":	0,
			"duration":	100,
			"bytes":	0,
			"blocks":	0,
			"reverse":	0,
			"tos":	0
		}
	},
	"intervals":	[{
			"streams":	[{
					"socket":	5,
					"start":	0,
					"end":	60.000083,
					"seconds":	60.000083923339844,
					"bytes":	7062945792,
					"bits_per_second":	941724788.388509,
					"retransmits":	0,
					"snd_cwnd":	489424,
					"rtt":	2187,
					"rttvar":	143,
					"pmtu":	9000,
					"omitted":	false,
					"sender":	true
				}],
			"sum":	{
				"start":	0,
				"end":	60.000083,
				"seconds":	60.000083923339844,
				"bytes":	7062945792,
				"bits_per_second":	941724788.388509,
				"retransmits":	0,
				"omitted":	false,
				"sender":	true
			}
		}, {
			"streams":	[{
					"socket":	5,
					"start":	60.000083,
					"end":	100.000079,
					"seconds":	39.999996185302734,
					"bytes":	4707450880,
					"bits_per_second":	941490265.78750861,
					"retransmits":	0,
					"snd_cwnd":	489424,
					"rtt":	2230,
					"rttvar":	144,
					"pmtu":	9000,
					"omitted":	false,
					"sender":	true
				}],
			"sum":	{
				"start":	60.000083,
				"end":	100.000079,
				"seconds":	39.999996185302734,
				"bytes":	4707450880,
				"bits_per_second":	941490265.78750861,
				"retransmits":	0,
				"omitted":	false,
				"sender":	true
			}
		}],
	"end":	{
		"streams":	[{
				"sender":	{
					"socket":	5,
					"start":	0,
					"end":	100.000079,
					"seconds":	100.000079,
					"bytes":	11770396672,
					"bits_per_second":	941630989.871518,
					"retransmits":	0,
					"max_snd_cwnd":	489424,
					"max_rtt":	2230,
					"min_rtt":	2187,
					"mean_rtt":	2208,
					"sender":	true
				},
				"receiver":	{
					"socket":	5,
					"start":	0,
					"end":	100.04032516479492,
					"seconds":	100.000079,
					"bytes":	11768600480,
					"bits_per_second":	941108534.83242977,
					"sender":	true
				}
			}],
		"sum_sent":	{
			"start":	0,
			"end":	100.000079,
			"seconds":	100.000079,
			"bytes":	11770396672,
			"bits_per_second":	941630989.871518,
			"retransmits":	0,
			"sender":	true
		},
		"sum_received":	{
			"start":	0,
			"end":	100.04032516479492,
			"seconds":	100.04032516479492,
			"bytes":	11768600480,
			"bits_per_second":	941108534.83242977,
			"sender":	true
		},
		"cpu_utilization_percent":	{
			"host_total":	16.260236109219083,
			"host_user":	0.679189640525016,
			"host_system":	15.581047467857948,
			"remote_total":	25.750520919747309,
			"remote_user":	2.5403717860717618,
			"remote_system":	23.210148134850456
		},
		"sender_tcp_congestion":	"cubic",
		"receiver_tcp_congestion":	"cubic"
	}
}
