{
	"start":	{
		"connected":	[{
				"socket":	5,
				"local_host":	"10.10.10.2",
				"local_port":	49232,
				"remote_host":	"10.10.10.4",
				"remote_port":	5201
			}],
		"version":	"iperf 3.9",
		"system_info":	"Linux zelda 5.10.0-18-amd64 #1 SMP Debian 5.10.140-1 (2022-09-02) x86_64",
		"timestamp":	{
			"time":	"Tue, 30 Jan 2024 10:08:11 GMT",
			"timesecs":	1706609291
		},
		"connecting_to":	{
			"host":	"10.10.10.4",
			"port":	5201
		},
		"cookie":	"e5blch4xwk2o5jqdow6t4wvlgjk2mc5acyek",
		"tcp_mss_default":	1448,
		"target_bitrate":	2000000000,
		"sock_bufsize":	0,
		"sndbuf_actual":	1000000,
		"rcvbuf_actual":	1000000,
		"test_start":	{
			"protocol":	"TCP",
			"num_streams":	1,
			"blksize":	131072,
			"omit":	0,
			"duration":	40,
			"bytes":	0,
			"blocks":	0,
			"reverse":	0,
			"tos":	0
		}
	},
	"intervals":	[{
			"streams":	[{
					"socket":	5,
					"start":	0,
					"end":	40.000089,
					"seconds":	40.0000877380371,
					"bytes":	4709285888,
					"bits_per_second":	941855111.68703151,
					"retransmits":	0,
					"snd_cwnd":	466256,
					"rtt":	2259,
					"rttvar":	147,
					"pmtu":	9000,
					"omitted":	false,
					"sender":	true
				}],
			"sum":	{
				"start":	0,
				"end":	40.000089,
				"seconds":	40.0000877380371,
				"bytes":	4709285888,
				"bits_per_second":	941855111.68703151,
				"retransmits":	0,
				"omitted":	false,
				"sender":	true
			}
		}],
	"end":	{
		"streams":	[{
				"sender":	{
					"socket":	5,
					"start":	0,
					"end":	40.000089,
					"seconds":	40.000089,
					"bytes":	4709285888,
					"bits_per_second":	941855081.97244251,
					"retransmits":	0,
					"max_snd_cwnd":	466256,
					"max_rtt":	2259,
					"min_rtt":	2259,
					"mean_rtt":	2259,
					"sender":	true
				},
				"receiver":	{
					"socket":	5,
					"start":	0,
					"end":	40.041028022766113,
					"seconds":	40.000089,
					"bytes":	4707586184,
					"bits_per_second":	940552511.55358136,
					"sender":	true
				}
			}],
		"sum_sent":	{
			"start":	0,
			"end":	40.000089,
			"seconds":	40.000089,
			"bytes":	4709285888,
			"bits_per_second":	941855081.97244251,
			"retransmits":	0,
			"sender":	true
		},
		"sum_received":	{
			"start":	0,
			"end":	40.041028022766113,
			"seconds":	40.041028022766113,
			"bytes":	4707586184,
			"bits_per_second":	940552511.55358136,
			"sender":	true
		},
		"cpu_utilization_percent":	{
			"host_total":	16.108061968330052,
			"host_user":	0.63947839001136353,
			"host_system":	15.468586073162594,
			"remote_total":	26.333160725884529,
			"remote_user":	2.9276455066086786,
			"remote_system":	23.405512726629535
		},
		"sender_tcp_congestion":	"cubic",
		"receiver_tcp_congestion":	"cubic"
	}
}
