{
	"start":	{
		"connected":	[{
				"socket":	5,
				"local_host":	"10.10.10.2",
				"local_port":	36744,
				"remote_host":	"10.10.10.4",
				"remote_port":	5201
			}],
		"version":	"iperf 3.9",
		"system_info":	"Linux zelda 5.10.0-18-amd64 #1 SMP Debian 5.10.140-1 (2022-09-02) x86_64",
		"timestamp":	{
			"time":	"Mon, 29 Jan 2024 02:15:57 GMT",
			"timesecs":	1706494557
		},
		"connecting_to":	{
			"host":	"10.10.10.4",
			"port":	5201
		},
		"cookie":	"o3kdpkl5llgcknhff2a5hk2bsn6hwehvl56v",
		"tcp_mss_default":	1448,
		"target_bitrate":	10000000000,
		"sock_bufsize":	0,
		"sndbuf_actual":	1000000,
		"rcvbuf_actual":	1000000,
		"test_start":	{
			"protocol":	"TCP",
			"num_streams":	1,
			"blksize":	131072,
			"omit":	0,
			"duration":	60,
			"bytes":	0,
			"blocks":	0,
			"reverse":	0,
			"tos":	0
		}
	},
	"intervals":	[{
			"streams":	[{
					"socket":	5,
					"start":	0,
					"end":	60.00007,
					"seconds":	60.000068664550781,
					"bytes":	7063076864,
					"bits_per_second":	941742504.1279,
					"retransmits":	0,
					"snd_cwnd":	498112,
					"rtt":	2438,
					"rttvar":	206,
					"pmtu":	9000,
					"omitted":	false,
					"sender":	true
				}],
			"sum":	{
				"start":	0,
				"end":	60.00007,
				"seconds":	60.000068664550781,
				"bytes":	7063076864,
				"bits_per_second":	941742504.1279,
				"retransmits":	0,
				"omitted":	false,
				"sender":	true
			}
		}],
	"end":	{
		"streams":	[{
				"sender":	{
					"socket":	5,
					"start":	0,
					"end":	60.00007,
					"seconds":	60.00007,
					"bytes":	7063076864,
					"bits_per_second":	941742483.167103,
					"retransmits":	0,
					"max_snd_cwnd":	498112,
					"max_rtt":	2438,
					"min_rtt":	2438,
					"mean_rtt":	2438,
					"sender":	true
				},
				"receiver":	{
					"socket":	5,
					"start":	0,
					"end":	60.044304132461548,
					"seconds":	60.00007,
					"bytes":	7061305968,
					"bits_per_second":	940812764.1779058,
					"sender":	true
				}
			}],
		"sum_sent":	{
			"start":	0,
			"end":	60.00007,
			"seconds":	60.00007,
			"bytes":	7063076864,
			"bits_per_second":	941742483.167103,
			"retransmits":	0,
			"sender":	true
		},
		"sum_received":	{
			"start":	0,
			"end":	60.044304132461548,
			"seconds":	60.044304132461548,
			"bytes":	7061305968,
			"bits_per_second":	940812764.1779058,
			"sender":	true
		},
		"cpu_utilization_percent":	{
			"host_total":	4.12926282921023,
			"host_user":	0.13661157850738806,
			"host_system":	3.9926512507028415,
			"remote_total":	23.218380504398308,
			"remote_user":	2.44198297130891,
			"remote_system":	20.776395869916893
		},
		"sender_tcp_congestion":	"cubic",
		"receiver_tcp_congestion":	"cubic"
	}
}
