{
	"start":	{
		"connected":	[{
				"socket":	5,
				"local_host":	"10.10.10.2",
				"local_port":	49948,
				"remote_host":	"10.10.10.4",
				"remote_port":	5201
			}],
		"version":	"iperf 3.9",
		"system_info":	"Linux zelda 5.10.0-18-amd64 #1 SMP Debian 5.10.140-1 (2022-09-02) x86_64",
		"timestamp":	{
			"time":	"Mon, 29 Jan 2024 16:04:06 GMT",
			"timesecs":	1706544246
		},
		"connecting_to":	{
			"host":	"10.10.10.4",
			"port":	5201
		},
		"cookie":	"sd7cqi2ro2u6xmjm3lingrercpf6csj47nts",
		"tcp_mss_default":	1448,
		"target_bitrate":	4000000000,
		"sock_bufsize":	0,
		"sndbuf_actual":	1000000,
		"rcvbuf_actual":	1000000,
		"test_start":	{
			"protocol":	"TCP",
			"num_streams":	1,
			"blksize":	131072,
			"omit":	0,
			"duration":	60,
			"bytes":	0,
			"blocks":	0,
			"reverse":	0,
			"tos":	0
		}
	},
	"intervals":	[{
			"streams":	[{
					"socket":	5,
					"start":	0,
					"end":	60.000076,
					"seconds":	60.000076293945312,
					"bytes":	7063076864,
					"bits_per_second":	941742384.37930048,
					"retransmits":	0,
					"snd_cwnd":	498112,
					"rtt":	2438,
					"rttvar":	235,
					"pmtu":	9000,
					"omitted":	false,
					"sender":	true
				}],
			"sum":	{
				"start":	0,
				"end":	60.000076,
				"seconds":	60.000076293945312,
				"bytes":	7063076864,
				"bits_per_second":	941742384.37930048,
				"retransmits":	0,
				"omitted":	false,
				"sender":	true
			}
		}],
	"end":	{
		"streams":	[{
				"sender":	{
					"socket":	5,
					"start":	0,
					"end":	60.000076,
					"seconds":	60.000076,
					"bytes":	7063076864,
					"bits_per_second":	941742388.992974,
					"retransmits":	0,
					"max_snd_cwnd":	498112,
					"max_rtt":	2438,
					"min_rtt":	2438,
					"mean_rtt":	2438,
					"sender":	true
				},
				"receiver":	{
					"socket":	5,
					"start":	0,
					"end":	60.043270826339722,
					"seconds":	60.000076,
					"bytes":	7061233568,
					"bits_per_second":	940819308.58468628,
					"sender":	true
				}
			}],
		"sum_sent":	{
			"start":	0,
			"end":	60.000076,
			"seconds":	60.000076,
			"bytes":	7063076864,
			"bits_per_second":	941742388.992974,
			"retransmits":	0,
			"sender":	true
		},
		"sum_received":	{
			"start":	0,
			"end":	60.043270826339722,
			"seconds":	60.043270826339722,
			"bytes":	7061233568,
			"bits_per_second":	940819308.58468628,
			"sender":	true
		},
		"cpu_utilization_percent":	{
			"host_total":	8.6689927126295245,
			"host_user":	0.29947128883615109,
			"host_system":	8.3695230881237652,
			"remote_total":	25.252770966584066,
			"remote_user":	2.6321779087123733,
			"remote_system":	22.620593057871694
		},
		"sender_tcp_congestion":	"cubic",
		"receiver_tcp_congestion":	"cubic"
	}
}
