{
	"start":	{
		"connected":	[{
				"socket":	5,
				"local_host":	"10.10.10.2",
				"local_port":	50616,
				"remote_host":	"10.10.10.4",
				"remote_port":	5201
			}],
		"version":	"iperf 3.9",
		"system_info":	"Linux zelda 5.10.0-18-amd64 #1 SMP Debian 5.10.140-1 (2022-09-02) x86_64",
		"timestamp":	{
			"time":	"Tue, 30 Jan 2024 08:29:18 GMT",
			"timesecs":	1706603358
		},
		"connecting_to":	{
			"host":	"10.10.10.4",
			"port":	5201
		},
		"cookie":	"nwopugzkns6bgipigbw4n5cc5s4ju5tscfg2",
		"tcp_mss_default":	1448,
		"target_bitrate":	1000000000,
		"sock_bufsize":	0,
		"sndbuf_actual":	1000000,
		"rcvbuf_actual":	1000000,
		"test_start":	{
			"protocol":	"TCP",
			"num_streams":	1,
			"blksize":	131072,
			"omit":	0,
			"duration":	30,
			"bytes":	0,
			"blocks":	0,
			"reverse":	0,
			"tos":	0
		}
	},
	"intervals":	[{
			"streams":	[{
					"socket":	5,
					"start":	0,
					"end":	30.000027,
					"seconds":	30.000026702880859,
					"bytes":	3532521472,
					"bits_per_second":	942004887.39185739,
					"retransmits":	0,
					"snd_cwnd":	506800,
					"rtt":	2210,
					"rttvar":	122,
					"pmtu":	9000,
					"omitted":	false,
					"sender":	true
				}],
			"sum":	{
				"start":	0,
				"end":	30.000027,
				"seconds":	30.000026702880859,
				"bytes":	3532521472,
				"bits_per_second":	942004887.39185739,
				"retransmits":	0,
				"omitted":	false,
				"sender":	true
			}
		}],
	"end":	{
		"streams":	[{
				"sender":	{
					"socket":	5,
					"start":	0,
					"end":	30.000027,
					"seconds":	30.000027,
					"bytes":	3532521472,
					"bits_per_second":	942004878.06227648,
					"retransmits":	0,
					"max_snd_cwnd":	506800,
					"max_rtt":	2210,
					"min_rtt":	2210,
					"mean_rtt":	2210,
					"sender":	true
				},
				"receiver":	{
					"socket":	5,
					"start":	0,
					"end":	30.041826963424683,
					"seconds":	30.000027,
					"bytes":	3530710056,
					"bits_per_second":	940211808.103034,
					"sender":	true
				}
			}],
		"sum_sent":	{
			"start":	0,
			"end":	30.000027,
			"seconds":	30.000027,
			"bytes":	3532521472,
			"bits_per_second":	942004878.06227648,
			"retransmits":	0,
			"sender":	true
		},
		"sum_received":	{
			"start":	0,
			"end":	30.041826963424683,
			"seconds":	30.041826963424683,
			"bytes":	3530710056,
			"bits_per_second":	940211808.103034,
			"sender":	true
		},
		"cpu_utilization_percent":	{
			"host_total":	15.832955855861455,
			"host_user":	0.60143986699939866,
			"host_system":	15.231515988862057,
			"remote_total":	24.873004777600194,
			"remote_user":	2.4916812090632465,
			"remote_system":	22.381320248291907
		},
		"sender_tcp_congestion":	"cubic",
		"receiver_tcp_congestion":	"cubic"
	}
}
