{
	"start":	{
		"connected":	[{
				"socket":	5,
				"local_host":	"10.10.10.2",
				"local_port":	43386,
				"remote_host":	"10.10.10.4",
				"remote_port":	5201
			}],
		"version":	"iperf 3.9",
		"system_info":	"Linux zelda 5.10.0-18-amd64 #1 SMP Debian 5.10.140-1 (2022-09-02) x86_64",
		"timestamp":	{
			"time":	"Tue, 30 Jan 2024 13:57:02 GMT",
			"timesecs":	1706623022
		},
		"connecting_to":	{
			"host":	"10.10.10.4",
			"port":	5201
		},
		"cookie":	"qbdmzrbr2seuyu26q6q5ufdy33nxantxl2mz",
		"tcp_mss_default":	1448,
		"target_bitrate":	4000000000,
		"sock_bufsize":	0,
		"sndbuf_actual":	1000000,
		"rcvbuf_actual":	1000000,
		"test_start":	{
			"protocol":	"TCP",
			"num_streams":	1,
			"blksize":	131072,
			"omit":	0,
			"duration":	90,
			"bytes":	0,
			"blocks":	0,
			"reverse":	0,
			"tos":	0
		}
	},
	"intervals":	[{
			"streams":	[{
					"socket":	5,
					"start":	0,
					"end":	60.000184,
					"seconds":	60.00018310546875,
					"bytes":	7063601152,
					"bits_per_second":	941810612.755438,
					"retransmits":	0,
					"snd_cwnd":	626984,
					"rtt":	2754,
					"rttvar":	111,
					"pmtu":	9000,
					"omitted":	false,
					"sender":	true
				}],
			"sum":	{
				"start":	0,
				"end":	60.000184,
				"seconds":	60.00018310546875,
				"bytes":	7063601152,
				"bits_per_second":	941810612.755438,
				"retransmits":	0,
				"omitted":	false,
				"sender":	true
			}
		}, {
			"streams":	[{
					"socket":	5,
					"start":	60.000184,
					"end":	90.000086,
					"seconds":	29.999902725219727,
					"bytes":	3530424320,
					"bits_per_second":	941449537.976565,
					"retransmits":	0,
					"snd_cwnd":	626984,
					"rtt":	2797,
					"rttvar":	123,
					"pmtu":	9000,
					"omitted":	false,
					"sender":	true
				}],
			"sum":	{
				"start":	60.000184,
				"end":	90.000086,
				"seconds":	29.999902725219727,
				"bytes":	3530424320,
				"bits_per_second":	941449537.976565,
				"retransmits":	0,
				"omitted":	false,
				"sender":	true
			}
		}],
	"end":	{
		"streams":	[{
				"sender":	{
					"socket":	5,
					"start":	0,
					"end":	90.000086,
					"seconds":	90.000086,
					"bytes":	10594025472,
					"bits_per_second":	941690253.22931361,
					"retransmits":	0,
					"max_snd_cwnd":	626984,
					"max_rtt":	2797,
					"min_rtt":	2754,
					"mean_rtt":	2775,
					"sender":	true
				},
				"receiver":	{
					"socket":	5,
					"start":	0,
					"end":	90.0444769859314,
					"seconds":	90.000086,
					"bytes":	10591871696,
					"bits_per_second":	941034657.586373,
					"sender":	true
				}
			}],
		"sum_sent":	{
			"start":	0,
			"end":	90.000086,
			"seconds":	90.000086,
			"bytes":	10594025472,
			"bits_per_second":	941690253.22931361,
			"retransmits":	0,
			"sender":	true
		},
		"sum_received":	{
			"start":	0,
			"end":	90.0444769859314,
			"seconds":	90.0444769859314,
			"bytes":	10591871696,
			"bits_per_second":	941034657.586373,
			"sender":	true
		},
		"cpu_utilization_percent":	{
			"host_total":	15.555437125207169,
			"host_user":	0.636086046355291,
			"host_system":	14.919351078851879,
			"remote_total":	25.718867826066944,
			"remote_user":	2.4245939524566964,
			"remote_system":	23.294272764009587
		},
		"sender_tcp_congestion":	"cubic",
		"receiver_tcp_congestion":	"cubic"
	}
}
