{
	"start":	{
		"connected":	[{
				"socket":	5,
				"local_host":	"10.10.10.2",
				"local_port":	60536,
				"remote_host":	"10.10.10.4",
				"remote_port":	5201
			}],
		"version":	"iperf 3.9",
		"system_info":	"Linux zelda 5.10.0-18-amd64 #1 SMP Debian 5.10.140-1 (2022-09-02) x86_64",
		"timestamp":	{
			"time":	"Wed, 31 Jan 2024 13:55:02 GMT",
			"timesecs":	1706709302
		},
		"connecting_to":	{
			"host":	"10.10.10.4",
			"port":	5201
		},
		"cookie":	"uol4xdd54wwlwlbul2jmvkak5s4dq3waghhi",
		"tcp_mss_default":	1448,
		"target_bitrate":	10000000000,
		"sock_bufsize":	0,
		"sndbuf_actual":	1000000,
		"rcvbuf_actual":	1000000,
		"test_start":	{
			"protocol":	"TCP",
			"num_streams":	1,
			"blksize":	131072,
			"omit":	0,
			"duration":	40,
			"bytes":	0,
			"blocks":	0,
			"reverse":	0,
			"tos":	0
		}
	},
	"intervals":	[{
			"streams":	[{
					"socket":	5,
					"start":	0,
					"end":	40.000077,
					"seconds":	40.000076293945312,
					"bytes":	4709941248,
					"bits_per_second":	941986452.903427,
					"retransmits":	0,
					"snd_cwnd":	658840,
					"rtt":	2787,
					"rttvar":	123,
					"pmtu":	9000,
					"omitted":	false,
					"sender":	true
				}],
			"sum":	{
				"start":	0,
				"end":	40.000077,
				"seconds":	40.000076293945312,
				"bytes":	4709941248,
				"bits_per_second":	941986452.903427,
				"retransmits":	0,
				"omitted":	false,
				"sender":	true
			}
		}],
	"end":	{
		"streams":	[{
				"sender":	{
					"socket":	5,
					"start":	0,
					"end":	40.000077,
					"seconds":	40.000077,
					"bytes":	4709941248,
					"bits_per_second":	941986436.27611,
					"retransmits":	0,
					"max_snd_cwnd":	658840,
					"max_rtt":	2787,
					"min_rtt":	2787,
					"mean_rtt":	2787,
					"sender":	true
				},
				"receiver":	{
					"socket":	5,
					"start":	0,
					"end":	40.048845052719116,
					"seconds":	40.000077,
					"bytes":	4707661608,
					"bits_per_second":	940383993.955975,
					"sender":	true
				}
			}],
		"sum_sent":	{
			"start":	0,
			"end":	40.000077,
			"seconds":	40.000077,
			"bytes":	4709941248,
			"bits_per_second":	941986436.27611,
			"retransmits":	0,
			"sender":	true
		},
		"sum_received":	{
			"start":	0,
			"end":	40.048845052719116,
			"seconds":	40.048845052719116,
			"bytes":	4707661608,
			"bits_per_second":	940383993.955975,
			"sender":	true
		},
		"cpu_utilization_percent":	{
			"host_total":	19.056747245822052,
			"host_user":	0.926908732400156,
			"host_system":	18.129841007854569,
			"remote_total":	24.198494522707151,
			"remote_user":	2.1254427496870965,
			"remote_system":	22.07304928065653
		},
		"sender_tcp_congestion":	"cubic",
		"receiver_tcp_congestion":	"cubic"
	}
}
