{
	"start":	{
		"connected":	[{
				"socket":	5,
				"local_host":	"10.10.10.2",
				"local_port":	43708,
				"remote_host":	"10.10.10.4",
				"remote_port":	5201
			}],
		"version":	"iperf 3.9",
		"system_info":	"Linux zelda 5.10.0-18-amd64 #1 SMP Debian 5.10.140-1 (2022-09-02) x86_64",
		"timestamp":	{
			"time":	"Mon, 29 Jan 2024 01:20:02 GMT",
			"timesecs":	1706491202
		},
		"connecting_to":	{
			"host":	"10.10.10.4",
			"port":	5201
		},
		"cookie":	"zjhtmmbfxmoxnxybnjc3o62rmr7q63j5cpzj",
		"tcp_mss_default":	1448,
		"target_bitrate":	9000000000,
		"sock_bufsize":	0,
		"sndbuf_actual":	1000000,
		"rcvbuf_actual":	1000000,
		"test_start":	{
			"protocol":	"TCP",
			"num_streams":	1,
			"blksize":	131072,
			"omit":	0,
			"duration":	90,
			"bytes":	0,
			"blocks":	0,
			"reverse":	0,
			"tos":	0
		}
	},
	"intervals":	[{
			"streams":	[{
					"socket":	5,
					"start":	0,
					"end":	60.00006,
					"seconds":	60.00006103515625,
					"bytes":	7062814720,
					"bits_per_second":	941707671.37875223,
					"retransmits":	0,
					"snd_cwnd":	431504,
					"rtt":	2193,
					"rttvar":	95,
					"pmtu":	9000,
					"omitted":	false,
					"sender":	true
				}],
			"sum":	{
				"start":	0,
				"end":	60.00006,
				"seconds":	60.00006103515625,
				"bytes":	7062814720,
				"bits_per_second":	941707671.37875223,
				"retransmits":	0,
				"omitted":	false,
				"sender":	true
			}
		}, {
			"streams":	[{
					"socket":	5,
					"start":	60.00006,
					"end":	90.000104,
					"seconds":	30.000043869018555,
					"bytes":	3530555392,
					"bits_per_second":	941480061.139791,
					"retransmits":	0,
					"snd_cwnd":	431504,
					"rtt":	2259,
					"rttvar":	148,
					"pmtu":	9000,
					"omitted":	false,
					"sender":	true
				}],
			"sum":	{
				"start":	60.00006,
				"end":	90.000104,
				"seconds":	30.000043869018555,
				"bytes":	3530555392,
				"bits_per_second":	941480061.139791,
				"retransmits":	0,
				"omitted":	false,
				"sender":	true
			}
		}],
	"end":	{
		"streams":	[{
				"sender":	{
					"socket":	5,
					"start":	0,
					"end":	90.000104,
					"seconds":	90.000104,
					"bytes":	10593370112,
					"bits_per_second":	941631810.73657429,
					"retransmits":	0,
					"max_snd_cwnd":	431504,
					"max_rtt":	2259,
					"min_rtt":	2193,
					"mean_rtt":	2226,
					"sender":	true
				},
				"receiver":	{
					"socket":	5,
					"start":	0,
					"end":	90.044041872024536,
					"seconds":	90.000104,
					"bytes":	10591805088,
					"bits_per_second":	941033287.071111,
					"sender":	true
				}
			}],
		"sum_sent":	{
			"start":	0,
			"end":	90.000104,
			"seconds":	90.000104,
			"bytes":	10593370112,
			"bits_per_second":	941631810.73657429,
			"retransmits":	0,
			"sender":	true
		},
		"sum_received":	{
			"start":	0,
			"end":	90.044041872024536,
			"seconds":	90.044041872024536,
			"bytes":	10591805088,
			"bits_per_second":	941033287.071111,
			"sender":	true
		},
		"cpu_utilization_percent":	{
			"host_total":	4.7302563902646257,
			"host_user":	0.17346094977407053,
			"host_system":	4.55679655051276,
			"remote_total":	25.546178349320158,
			"remote_user":	2.5671629562707587,
			"remote_system":	22.9790142834901
		},
		"sender_tcp_congestion":	"cubic",
		"receiver_tcp_congestion":	"cubic"
	}
}
