{
	"start":	{
		"connected":	[{
				"socket":	5,
				"local_host":	"10.10.10.2",
				"local_port":	53880,
				"remote_host":	"10.10.10.4",
				"remote_port":	5201
			}],
		"version":	"iperf 3.9",
		"system_info":	"Linux zelda 5.10.0-18-amd64 #1 SMP Debian 5.10.140-1 (2022-09-02) x86_64",
		"timestamp":	{
			"time":	"Sun, 28 Jan 2024 17:31:35 GMT",
			"timesecs":	1706463095
		},
		"connecting_to":	{
			"host":	"10.10.10.4",
			"port":	5201
		},
		"cookie":	"iyss4n44wgcvvkwvfys6iv6j6gkdaqgexyap",
		"tcp_mss_default":	1448,
		"target_bitrate":	4000000000,
		"sock_bufsize":	0,
		"sndbuf_actual":	1000000,
		"rcvbuf_actual":	1000000,
		"test_start":	{
			"protocol":	"TCP",
			"num_streams":	1,
			"blksize":	131072,
			"omit":	0,
			"duration":	80,
			"bytes":	0,
			"blocks":	0,
			"reverse":	0,
			"tos":	0
		}
	},
	"intervals":	[{
			"streams":	[{
					"socket":	5,
					"start":	0,
					"end":	60.00006,
					"seconds":	60.00006103515625,
					"bytes":	7062814720,
					"bits_per_second":	941707671.37875223,
					"retransmits":	0,
					"snd_cwnd":	431504,
					"rtt":	2193,
					"rttvar":	92,
					"pmtu":	9000,
					"omitted":	false,
					"sender":	true
				}],
			"sum":	{
				"start":	0,
				"end":	60.00006,
				"seconds":	60.00006103515625,
				"bytes":	7062814720,
				"bits_per_second":	941707671.37875223,
				"retransmits":	0,
				"omitted":	false,
				"sender":	true
			}
		}, {
			"streams":	[{
					"socket":	5,
					"start":	60.00006,
					"end":	80.000068,
					"seconds":	20.000007629394531,
					"bytes":	2353659904,
					"bits_per_second":	941463602.460137,
					"retransmits":	0,
					"snd_cwnd":	431504,
					"rtt":	2219,
					"rttvar":	152,
					"pmtu":	9000,
					"omitted":	false,
					"sender":	true
				}],
			"sum":	{
				"start":	60.00006,
				"end":	80.000068,
				"seconds":	20.000007629394531,
				"bytes":	2353659904,
				"bits_per_second":	941463602.460137,
				"retransmits":	0,
				"omitted":	false,
				"sender":	true
			}
		}],
	"end":	{
		"streams":	[{
				"sender":	{
					"socket":	5,
					"start":	0,
					"end":	80.000068,
					"seconds":	80.000068,
					"bytes":	9416474624,
					"bits_per_second":	941646662.00033736,
					"retransmits":	0,
					"max_snd_cwnd":	431504,
					"max_rtt":	2219,
					"min_rtt":	2193,
					"mean_rtt":	2206,
					"sender":	true
				},
				"receiver":	{
					"socket":	5,
					"start":	0,
					"end":	80.0408101081848,
					"seconds":	80.000068,
					"bytes":	9414948544,
					"bits_per_second":	941014817.94345272,
					"sender":	true
				}
			}],
		"sum_sent":	{
			"start":	0,
			"end":	80.000068,
			"seconds":	80.000068,
			"bytes":	9416474624,
			"bits_per_second":	941646662.00033736,
			"retransmits":	0,
			"sender":	true
		},
		"sum_received":	{
			"start":	0,
			"end":	80.0408101081848,
			"seconds":	80.0408101081848,
			"bytes":	9414948544,
			"bits_per_second":	941014817.94345272,
			"sender":	true
		},
		"cpu_utilization_percent":	{
			"host_total":	4.6730158210072963,
			"host_user":	0.1516036735761169,
			"host_system":	4.52141214743118,
			"remote_total":	23.386515108975722,
			"remote_user":	2.3083995487117761,
			"remote_system":	21.078114312163322
		},
		"sender_tcp_congestion":	"cubic",
		"receiver_tcp_congestion":	"cubic"
	}
}
