{
	"start":	{
		"connected":	[{
				"socket":	5,
				"local_host":	"10.10.10.2",
				"local_port":	41304,
				"remote_host":	"10.10.10.4",
				"remote_port":	5201
			}],
		"version":	"iperf 3.9",
		"system_info":	"Linux zelda 5.10.0-18-amd64 #1 SMP Debian 5.10.140-1 (2022-09-02) x86_64",
		"timestamp":	{
			"time":	"Tue, 30 Jan 2024 12:23:41 GMT",
			"timesecs":	1706617421
		},
		"connecting_to":	{
			"host":	"10.10.10.4",
			"port":	5201
		},
		"cookie":	"3r66plc7gw5nrkqybrtemthwvzxll4j56cc2",
		"tcp_mss_default":	1448,
		"target_bitrate":	3000000000,
		"sock_bufsize":	0,
		"sndbuf_actual":	1000000,
		"rcvbuf_actual":	1000000,
		"test_start":	{
			"protocol":	"TCP",
			"num_streams":	1,
			"blksize":	131072,
			"omit":	0,
			"duration":	80,
			"bytes":	0,
			"blocks":	0,
			"reverse":	0,
			"tos":	0
		}
	},
	"intervals":	[{
			"streams":	[{
					"socket":	5,
					"start":	0,
					"end":	60.00007,
					"seconds":	60.000068664550781,
					"bytes":	7063601152,
					"bits_per_second":	941812409.1145668,
					"retransmits":	0,
					"snd_cwnd":	634224,
					"rtt":	2781,
					"rttvar":	95,
					"pmtu":	9000,
					"omitted":	false,
					"sender":	true
				}],
			"sum":	{
				"start":	0,
				"end":	60.00007,
				"seconds":	60.000068664550781,
				"bytes":	7063601152,
				"bits_per_second":	941812409.1145668,
				"retransmits":	0,
				"omitted":	false,
				"sender":	true
			}
		}, {
			"streams":	[{
					"socket":	5,
					"start":	60.00007,
					"end":	80.000072,
					"seconds":	20.000001907348633,
					"bytes":	2353659904,
					"bits_per_second":	941463871.81500852,
					"retransmits":	0,
					"snd_cwnd":	634224,
					"rtt":	2793,
					"rttvar":	152,
					"pmtu":	9000,
					"omitted":	false,
					"sender":	true
				}],
			"sum":	{
				"start":	60.00007,
				"end":	80.000072,
				"seconds":	20.000001907348633,
				"bytes":	2353659904,
				"bits_per_second":	941463871.81500852,
				"retransmits":	0,
				"omitted":	false,
				"sender":	true
			}
		}],
	"end":	{
		"streams":	[{
				"sender":	{
					"socket":	5,
					"start":	0,
					"end":	80.000072,
					"seconds":	80.000072,
					"bytes":	9417261056,
					"bits_per_second":	941725258.04726768,
					"retransmits":	0,
					"max_snd_cwnd":	634224,
					"max_rtt":	2793,
					"min_rtt":	2781,
					"mean_rtt":	2787,
					"sender":	true
				},
				"receiver":	{
					"socket":	5,
					"start":	0,
					"end":	80.0442850589752,
					"seconds":	80.000072,
					"bytes":	9415003568,
					"bits_per_second":	940979465.161136,
					"sender":	true
				}
			}],
		"sum_sent":	{
			"start":	0,
			"end":	80.000072,
			"seconds":	80.000072,
			"bytes":	9417261056,
			"bits_per_second":	941725258.04726768,
			"retransmits":	0,
			"sender":	true
		},
		"sum_received":	{
			"start":	0,
			"end":	80.0442850589752,
			"seconds":	80.0442850589752,
			"bytes":	9415003568,
			"bits_per_second":	940979465.161136,
			"sender":	true
		},
		"cpu_utilization_percent":	{
			"host_total":	16.030473833459659,
			"host_user":	0.65723836269168678,
			"host_system":	15.373235470767971,
			"remote_total":	26.298979211417389,
			"remote_user":	2.6464885018292876,
			"remote_system":	23.6524907095881
		},
		"sender_tcp_congestion":	"cubic",
		"receiver_tcp_congestion":	"cubic"
	}
}
