{
	"start":	{
		"connected":	[{
				"socket":	5,
				"local_host":	"10.10.10.2",
				"local_port":	53210,
				"remote_host":	"10.10.10.4",
				"remote_port":	5201
			}],
		"version":	"iperf 3.9",
		"system_info":	"Linux zelda 5.10.0-18-amd64 #1 SMP Debian 5.10.140-1 (2022-09-02) x86_64",
		"timestamp":	{
			"time":	"Tue, 30 Jan 2024 19:05:20 GMT",
			"timesecs":	1706641520
		},
		"connecting_to":	{
			"host":	"10.10.10.4",
			"port":	5201
		},
		"cookie":	"m2ih6jxfvxxcbyxblkgtmda36yhvi7qp5b63",
		"tcp_mss_default":	1448,
		"target_bitrate":	8000000000,
		"sock_bufsize":	0,
		"sndbuf_actual":	1000000,
		"rcvbuf_actual":	1000000,
		"test_start":	{
			"protocol":	"TCP",
			"num_streams":	1,
			"blksize":	131072,
			"omit":	0,
			"duration":	10,
			"bytes":	0,
			"blocks":	0,
			"reverse":	0,
			"tos":	0
		}
	},
	"intervals":	[{
			"streams":	[{
					"socket":	5,
					"start":	0,
					"end":	10.000073,
					"seconds":	10.000073432922363,
					"bytes":	1178599424,
					"bits_per_second":	942872615.41084337,
					"retransmits":	0,
					"snd_cwnd":	440192,
					"rtt":	2164,
					"rttvar":	105,
					"pmtu":	9000,
					"omitted":	false,
					"sender":	true
				}],
			"sum":	{
				"start":	0,
				"end":	10.000073,
				"seconds":	10.000073432922363,
				"bytes":	1178599424,
				"bits_per_second":	942872615.41084337,
				"retransmits":	0,
				"omitted":	false,
				"sender":	true
			}
		}],
	"end":	{
		"streams":	[{
				"sender":	{
					"socket":	5,
					"start":	0,
					"end":	10.000073,
					"seconds":	10.000073,
					"bytes":	1178599424,
					"bits_per_second":	942872656.22960949,
					"retransmits":	0,
					"max_snd_cwnd":	440192,
					"max_rtt":	2164,
					"min_rtt":	2164,
					"mean_rtt":	2164,
					"sender":	true
				},
				"receiver":	{
					"socket":	5,
					"start":	0,
					"end":	10.043616056442261,
					"seconds":	10.000073,
					"bytes":	1177032168,
					"bits_per_second":	937536569.60633659,
					"sender":	true
				}
			}],
		"sum_sent":	{
			"start":	0,
			"end":	10.000073,
			"seconds":	10.000073,
			"bytes":	1178599424,
			"bits_per_second":	942872656.22960949,
			"retransmits":	0,
			"sender":	true
		},
		"sum_received":	{
			"start":	0,
			"end":	10.043616056442261,
			"seconds":	10.043616056442261,
			"bytes":	1177032168,
			"bits_per_second":	937536569.60633659,
			"sender":	true
		},
		"cpu_utilization_percent":	{
			"host_total":	16.578989949946042,
			"host_user":	0.76865601498168334,
			"host_system":	15.81033393496436,
			"remote_total":	23.065602363560668,
			"remote_user":	2.1091364495096561,
			"remote_system":	20.956456034266253
		},
		"sender_tcp_congestion":	"cubic",
		"receiver_tcp_congestion":	"cubic"
	}
}
