{
	"start":	{
		"connected":	[{
				"socket":	5,
				"local_host":	"10.10.10.2",
				"local_port":	46874,
				"remote_host":	"10.10.10.4",
				"remote_port":	5201
			}],
		"version":	"iperf 3.9",
		"system_info":	"Linux zelda 5.10.0-18-amd64 #1 SMP Debian 5.10.140-1 (2022-09-02) x86_64",
		"timestamp":	{
			"time":	"Mon, 29 Jan 2024 21:41:11 GMT",
			"timesecs":	1706564471
		},
		"connecting_to":	{
			"host":	"10.10.10.4",
			"port":	5201
		},
		"cookie":	"zrxzvrywyoklysaesuuzolwqk2zc4fmn6la3",
		"tcp_mss_default":	1448,
		"target_bitrate":	8000000000,
		"sock_bufsize":	0,
		"sndbuf_actual":	1000000,
		"rcvbuf_actual":	1000000,
		"test_start":	{
			"protocol":	"TCP",
			"num_streams":	1,
			"blksize":	131072,
			"omit":	0,
			"duration":	10,
			"bytes":	0,
			"blocks":	0,
			"reverse":	0,
			"tos":	0
		}
	},
	"intervals":	[{
			"streams":	[{
					"socket":	5,
					"start":	0,
					"end":	10.000077,
					"seconds":	10.000077247619629,
					"bytes":	1178337280,
					"bits_per_second":	942662542.15625048,
					"retransmits":	0,
					"snd_cwnd":	379376,
					"rtt":	2202,
					"rttvar":	116,
					"pmtu":	9000,
					"omitted":	false,
					"sender":	true
				}],
			"sum":	{
				"start":	0,
				"end":	10.000077,
				"seconds":	10.000077247619629,
				"bytes":	1178337280,
				"bits_per_second":	942662542.15625048,
				"retransmits":	0,
				"omitted":	false,
				"sender":	true
			}
		}],
	"end":	{
		"streams":	[{
				"sender":	{
					"socket":	5,
					"start":	0,
					"end":	10.000077,
					"seconds":	10.000077,
					"bytes":	1178337280,
					"bits_per_second":	942662565.49824572,
					"retransmits":	0,
					"max_snd_cwnd":	379376,
					"max_rtt":	2202,
					"min_rtt":	2202,
					"mean_rtt":	2202,
					"sender":	true
				},
				"receiver":	{
					"socket":	5,
					"start":	0,
					"end":	10.044158935546875,
					"seconds":	10.000077,
					"bytes":	1177092984,
					"bits_per_second":	937534335.37113643,
					"sender":	true
				}
			}],
		"sum_sent":	{
			"start":	0,
			"end":	10.000077,
			"seconds":	10.000077,
			"bytes":	1178337280,
			"bits_per_second":	942662565.49824572,
			"retransmits":	0,
			"sender":	true
		},
		"sum_received":	{
			"start":	0,
			"end":	10.044158935546875,
			"seconds":	10.044158935546875,
			"bytes":	1177092984,
			"bits_per_second":	937534335.37113643,
			"sender":	true
		},
		"cpu_utilization_percent":	{
			"host_total":	9.90280210548339,
			"host_user":	0.43281694421321759,
			"host_system":	9.46998516127017,
			"remote_total":	23.916415321190374,
			"remote_user":	2.9256020683271111,
			"remote_system":	20.990813252863262
		},
		"sender_tcp_congestion":	"cubic",
		"receiver_tcp_congestion":	"cubic"
	}
}
