{
	"start":	{
		"connected":	[{
				"socket":	5,
				"local_host":	"10.10.10.2",
				"local_port":	36664,
				"remote_host":	"10.10.10.4",
				"remote_port":	5201
			}],
		"version":	"iperf 3.9",
		"system_info":	"Linux zelda 5.10.0-18-amd64 #1 SMP Debian 5.10.140-1 (2022-09-02) x86_64",
		"timestamp":	{
			"time":	"Tue, 30 Jan 2024 20:21:49 GMT",
			"timesecs":	1706646109
		},
		"connecting_to":	{
			"host":	"10.10.10.4",
			"port":	5201
		},
		"cookie":	"itveddjdzvyzoktbwy4coqlhog3rxmfabmj7",
		"tcp_mss_default":	1448,
		"target_bitrate":	8000000000,
		"sock_bufsize":	0,
		"sndbuf_actual":	1000000,
		"rcvbuf_actual":	1000000,
		"test_start":	{
			"protocol":	"TCP",
			"num_streams":	1,
			"blksize":	131072,
			"omit":	0,
			"duration":	100,
			"bytes":	0,
			"blocks":	0,
			"reverse":	0,
			"tos":	0
		}
	},
	"intervals":	[{
			"streams":	[{
					"socket":	5,
					"start":	0,
					"end":	60.000074,
					"seconds":	60.000072479248047,
					"bytes":	7063601152,
					"bits_per_second":	941812349.23581874,
					"retransmits":	0,
					"snd_cwnd":	640016,
					"rtt":	2736,
					"rttvar":	117,
					"pmtu":	9000,
					"omitted":	false,
					"sender":	true
				}],
			"sum":	{
				"start":	0,
				"end":	60.000074,
				"seconds":	60.000072479248047,
				"bytes":	7063601152,
				"bits_per_second":	941812349.23581874,
				"retransmits":	0,
				"omitted":	false,
				"sender":	true
			}
		}, {
			"streams":	[{
					"socket":	5,
					"start":	60.000074,
					"end":	100.000072,
					"seconds":	39.999996185302734,
					"bytes":	4707319808,
					"bits_per_second":	941464051.38500857,
					"retransmits":	0,
					"snd_cwnd":	640016,
					"rtt":	2757,
					"rttvar":	94,
					"pmtu":	9000,
					"omitted":	false,
					"sender":	true
				}],
			"sum":	{
				"start":	60.000074,
				"end":	100.000072,
				"seconds":	39.999996185302734,
				"bytes":	4707319808,
				"bits_per_second":	941464051.38500857,
				"retransmits":	0,
				"omitted":	false,
				"sender":	true
			}
		}],
	"end":	{
		"streams":	[{
				"sender":	{
					"socket":	5,
					"start":	0,
					"end":	100.000072,
					"seconds":	100.000072,
					"bytes":	11770920960,
					"bits_per_second":	941672998.79544079,
					"retransmits":	0,
					"max_snd_cwnd":	640016,
					"max_rtt":	2757,
					"min_rtt":	2736,
					"mean_rtt":	2746,
					"sender":	true
				},
				"receiver":	{
					"socket":	5,
					"start":	0,
					"end":	100.04480791091919,
					"seconds":	100.000072,
					"bytes":	11768727904,
					"bits_per_second":	941076555.5752964,
					"sender":	true
				}
			}],
		"sum_sent":	{
			"start":	0,
			"end":	100.000072,
			"seconds":	100.000072,
			"bytes":	11770920960,
			"bits_per_second":	941672998.79544079,
			"retransmits":	0,
			"sender":	true
		},
		"sum_received":	{
			"start":	0,
			"end":	100.04480791091919,
			"seconds":	100.04480791091919,
			"bytes":	11768727904,
			"bits_per_second":	941076555.5752964,
			"sender":	true
		},
		"cpu_utilization_percent":	{
			"host_total":	16.206157962973819,
			"host_user":	0.70993563287429617,
			"host_system":	15.496222330099521,
			"remote_total":	26.453558309527214,
			"remote_user":	2.6090513808695075,
			"remote_system":	23.8445069286577
		},
		"sender_tcp_congestion":	"cubic",
		"receiver_tcp_congestion":	"cubic"
	}
}
