{
	"start":	{
		"connected":	[{
				"socket":	5,
				"local_host":	"10.10.10.2",
				"local_port":	55674,
				"remote_host":	"10.10.10.4",
				"remote_port":	5201
			}],
		"version":	"iperf 3.9",
		"system_info":	"Linux zelda 5.10.0-18-amd64 #1 SMP Debian 5.10.140-1 (2022-09-02) x86_64",
		"timestamp":	{
			"time":	"Wed, 31 Jan 2024 02:08:11 GMT",
			"timesecs":	1706666891
		},
		"connecting_to":	{
			"host":	"10.10.10.4",
			"port":	5201
		},
		"cookie":	"mldkkxulg3kkklycr7x7gif7qkqftyfnjwut",
		"tcp_mss_default":	1448,
		"target_bitrate":	2000000000,
		"sock_bufsize":	0,
		"sndbuf_actual":	1000000,
		"rcvbuf_actual":	1000000,
		"test_start":	{
			"protocol":	"TCP",
			"num_streams":	1,
			"blksize":	131072,
			"omit":	0,
			"duration":	70,
			"bytes":	0,
			"blocks":	0,
			"reverse":	0,
			"tos":	0
		}
	},
	"intervals":	[{
			"streams":	[{
					"socket":	5,
					"start":	0,
					"end":	60.000135,
					"seconds":	60.0001335144043,
					"bytes":	7063863296,
					"bits_per_second":	941846343.63244152,
					"retransmits":	0,
					"snd_cwnd":	702280,
					"rtt":	2710,
					"rttvar":	114,
					"pmtu":	9000,
					"omitted":	false,
					"sender":	true
				}],
			"sum":	{
				"start":	0,
				"end":	60.000135,
				"seconds":	60.0001335144043,
				"bytes":	7063863296,
				"bits_per_second":	941846343.63244152,
				"retransmits":	0,
				"omitted":	false,
				"sender":	true
			}
		}, {
			"streams":	[{
					"socket":	5,
					"start":	60.000135,
					"end":	70.000075,
					"seconds":	9.9999399185180664,
					"bytes":	1176764416,
					"bits_per_second":	941417188.973983,
					"retransmits":	0,
					"snd_cwnd":	702280,
					"rtt":	2751,
					"rttvar":	154,
					"pmtu":	9000,
					"omitted":	false,
					"sender":	true
				}],
			"sum":	{
				"start":	60.000135,
				"end":	70.000075,
				"seconds":	9.9999399185180664,
				"bytes":	1176764416,
				"bits_per_second":	941417188.973983,
				"retransmits":	0,
				"omitted":	false,
				"sender":	true
			}
		}],
	"end":	{
		"streams":	[{
				"sender":	{
					"socket":	5,
					"start":	0,
					"end":	70.000075,
					"seconds":	70.000075,
					"bytes":	8240627712,
					"bits_per_second":	941785015.173198,
					"retransmits":	0,
					"max_snd_cwnd":	702280,
					"max_rtt":	2751,
					"min_rtt":	2710,
					"mean_rtt":	2730,
					"sender":	true
				},
				"receiver":	{
					"socket":	5,
					"start":	0,
					"end":	70.046653032302856,
					"seconds":	70.000075,
					"bytes":	8238150464,
					"bits_per_second":	940875842.87013721,
					"sender":	true
				}
			}],
		"sum_sent":	{
			"start":	0,
			"end":	70.000075,
			"seconds":	70.000075,
			"bytes":	8240627712,
			"bits_per_second":	941785015.173198,
			"retransmits":	0,
			"sender":	true
		},
		"sum_received":	{
			"start":	0,
			"end":	70.046653032302856,
			"seconds":	70.046653032302856,
			"bytes":	8238150464,
			"bits_per_second":	940875842.87013721,
			"sender":	true
		},
		"cpu_utilization_percent":	{
			"host_total":	20.040880491479047,
			"host_user":	0.73756242578889553,
			"host_system":	19.303319492483794,
			"remote_total":	26.330192870033592,
			"remote_user":	2.6652087387259558,
			"remote_system":	23.664982705228791
		},
		"sender_tcp_congestion":	"cubic",
		"receiver_tcp_congestion":	"cubic"
	}
}
