{
	"start":	{
		"connected":	[{
				"socket":	5,
				"local_host":	"10.10.10.2",
				"local_port":	54772,
				"remote_host":	"10.10.10.4",
				"remote_port":	5201
			}],
		"version":	"iperf 3.9",
		"system_info":	"Linux zelda 5.10.0-18-amd64 #1 SMP Debian 5.10.140-1 (2022-09-02) x86_64",
		"timestamp":	{
			"time":	"Tue, 30 Jan 2024 16:02:19 GMT",
			"timesecs":	1706630539
		},
		"connecting_to":	{
			"host":	"10.10.10.4",
			"port":	5201
		},
		"cookie":	"gjtgobaa4tnindzm7kksq3fjohxcmw7mwa7z",
		"tcp_mss_default":	1448,
		"target_bitrate":	6000000000,
		"sock_bufsize":	0,
		"sndbuf_actual":	1000000,
		"rcvbuf_actual":	1000000,
		"test_start":	{
			"protocol":	"TCP",
			"num_streams":	1,
			"blksize":	131072,
			"omit":	0,
			"duration":	10,
			"bytes":	0,
			"blocks":	0,
			"reverse":	0,
			"tos":	0
		}
	},
	"intervals":	[{
			"streams":	[{
					"socket":	5,
					"start":	0,
					"end":	10.000078,
					"seconds":	10.000078201293945,
					"bytes":	1178337280,
					"bits_per_second":	942662452.257648,
					"retransmits":	0,
					"snd_cwnd":	380824,
					"rtt":	2192,
					"rttvar":	89,
					"pmtu":	9000,
					"omitted":	false,
					"sender":	true
				}],
			"sum":	{
				"start":	0,
				"end":	10.000078,
				"seconds":	10.000078201293945,
				"bytes":	1178337280,
				"bits_per_second":	942662452.257648,
				"retransmits":	0,
				"omitted":	false,
				"sender":	true
			}
		}],
	"end":	{
		"streams":	[{
				"sender":	{
					"socket":	5,
					"start":	0,
					"end":	10.000078,
					"seconds":	10.000078,
					"bytes":	1178337280,
					"bits_per_second":	942662471.23272431,
					"retransmits":	0,
					"max_snd_cwnd":	380824,
					"max_rtt":	2192,
					"min_rtt":	2192,
					"mean_rtt":	2192,
					"sender":	true
				},
				"receiver":	{
					"socket":	5,
					"start":	0,
					"end":	10.043884038925171,
					"seconds":	10.000078,
					"bytes":	1177097328,
					"bits_per_second":	937563455.28335273,
					"sender":	true
				}
			}],
		"sum_sent":	{
			"start":	0,
			"end":	10.000078,
			"seconds":	10.000078,
			"bytes":	1178337280,
			"bits_per_second":	942662471.23272431,
			"retransmits":	0,
			"sender":	true
		},
		"sum_received":	{
			"start":	0,
			"end":	10.043884038925171,
			"seconds":	10.043884038925171,
			"bytes":	1177097328,
			"bits_per_second":	937563455.28335273,
			"sender":	true
		},
		"cpu_utilization_percent":	{
			"host_total":	15.99530087404179,
			"host_user":	0.57159677977611034,
			"host_system":	15.4237140088702,
			"remote_total":	22.877246206156553,
			"remote_user":	1.6447043767399387,
			"remote_system":	21.232531950066207
		},
		"sender_tcp_congestion":	"cubic",
		"receiver_tcp_congestion":	"cubic"
	}
}
