{
	"start":	{
		"connected":	[{
				"socket":	5,
				"local_host":	"10.10.10.2",
				"local_port":	55784,
				"remote_host":	"10.10.10.4",
				"remote_port":	5201
			}],
		"version":	"iperf 3.9",
		"system_info":	"Linux zelda 5.10.0-18-amd64 #1 SMP Debian 5.10.140-1 (2022-09-02) x86_64",
		"timestamp":	{
			"time":	"Tue, 30 Jan 2024 20:39:34 GMT",
			"timesecs":	1706647174
		},
		"connecting_to":	{
			"host":	"10.10.10.4",
			"port":	5201
		},
		"cookie":	"twaa6r7nw2lyifk4maz3s4gcel3mvkl6ct3z",
		"tcp_mss_default":	1448,
		"target_bitrate":	9000000000,
		"sock_bufsize":	0,
		"sndbuf_actual":	1000000,
		"rcvbuf_actual":	1000000,
		"test_start":	{
			"protocol":	"TCP",
			"num_streams":	1,
			"blksize":	131072,
			"omit":	0,
			"duration":	20,
			"bytes":	0,
			"blocks":	0,
			"reverse":	0,
			"tos":	0
		}
	},
	"intervals":	[{
			"streams":	[{
					"socket":	5,
					"start":	0,
					"end":	20.00008,
					"seconds":	20.000080108642578,
					"bytes":	2355757056,
					"bits_per_second":	942299048.08511782,
					"retransmits":	0,
					"snd_cwnd":	518384,
					"rtt":	2442,
					"rttvar":	181,
					"pmtu":	9000,
					"omitted":	false,
					"sender":	true
				}],
			"sum":	{
				"start":	0,
				"end":	20.00008,
				"seconds":	20.000080108642578,
				"bytes":	2355757056,
				"bits_per_second":	942299048.08511782,
				"retransmits":	0,
				"omitted":	false,
				"sender":	true
			}
		}],
	"end":	{
		"streams":	[{
				"sender":	{
					"socket":	5,
					"start":	0,
					"end":	20.00008,
					"seconds":	20.00008,
					"bytes":	2355757056,
					"bits_per_second":	942299053.20378721,
					"retransmits":	0,
					"max_snd_cwnd":	518384,
					"max_rtt":	2442,
					"min_rtt":	2442,
					"mean_rtt":	2442,
					"sender":	true
				},
				"receiver":	{
					"socket":	5,
					"start":	0,
					"end":	20.04444408416748,
					"seconds":	20.00008,
					"bytes":	2353954984,
					"bits_per_second":	939494245.5338316,
					"sender":	true
				}
			}],
		"sum_sent":	{
			"start":	0,
			"end":	20.00008,
			"seconds":	20.00008,
			"bytes":	2355757056,
			"bits_per_second":	942299053.20378721,
			"retransmits":	0,
			"sender":	true
		},
		"sum_received":	{
			"start":	0,
			"end":	20.04444408416748,
			"seconds":	20.04444408416748,
			"bytes":	2353954984,
			"bits_per_second":	939494245.5338316,
			"sender":	true
		},
		"cpu_utilization_percent":	{
			"host_total":	16.154775049006716,
			"host_user":	0.87970894214939965,
			"host_system":	15.275071085064468,
			"remote_total":	26.1470274613642,
			"remote_user":	2.3725415871502573,
			"remote_system":	23.774490842825
		},
		"sender_tcp_congestion":	"cubic",
		"receiver_tcp_congestion":	"cubic"
	}
}
