{
	"start":	{
		"connected":	[{
				"socket":	5,
				"local_host":	"10.10.10.2",
				"local_port":	56612,
				"remote_host":	"10.10.10.4",
				"remote_port":	5201
			}],
		"version":	"iperf 3.9",
		"system_info":	"Linux zelda 5.10.0-18-amd64 #1 SMP Debian 5.10.140-1 (2022-09-02) x86_64",
		"timestamp":	{
			"time":	"Tue, 30 Jan 2024 02:12:43 GMT",
			"timesecs":	1706580763
		},
		"connecting_to":	{
			"host":	"10.10.10.4",
			"port":	5201
		},
		"cookie":	"fzcvvqgwisklg6zrkubxvor7qn3qi5zd5edr",
		"tcp_mss_default":	1448,
		"target_bitrate":	10000000000,
		"sock_bufsize":	0,
		"sndbuf_actual":	1000000,
		"rcvbuf_actual":	1000000,
		"test_start":	{
			"protocol":	"TCP",
			"num_streams":	1,
			"blksize":	131072,
			"omit":	0,
			"duration":	100,
			"bytes":	0,
			"blocks":	0,
			"reverse":	0,
			"tos":	0
		}
	},
	"intervals":	[{
			"streams":	[{
					"socket":	5,
					"start":	0,
					"end":	60.000071,
					"seconds":	60.000072479248047,
					"bytes":	7063207936,
					"bits_per_second":	941759920.499152,
					"retransmits":	0,
					"snd_cwnd":	548792,
					"rtt":	2510,
					"rttvar":	179,
					"pmtu":	9000,
					"omitted":	false,
					"sender":	true
				}],
			"sum":	{
				"start":	0,
				"end":	60.000071,
				"seconds":	60.000072479248047,
				"bytes":	7063207936,
				"bits_per_second":	941759920.499152,
				"retransmits":	0,
				"omitted":	false,
				"sender":	true
			}
		}, {
			"streams":	[{
					"socket":	5,
					"start":	60.000071,
					"end":	100.00008,
					"seconds":	40.000007629394531,
					"bytes":	4707319808,
					"bits_per_second":	941463782.0300343,
					"retransmits":	0,
					"snd_cwnd":	548792,
					"rtt":	2740,
					"rttvar":	100,
					"pmtu":	9000,
					"omitted":	false,
					"sender":	true
				}],
			"sum":	{
				"start":	60.000071,
				"end":	100.00008,
				"seconds":	40.000007629394531,
				"bytes":	4707319808,
				"bits_per_second":	941463782.0300343,
				"retransmits":	0,
				"omitted":	false,
				"sender":	true
			}
		}],
	"end":	{
		"streams":	[{
				"sender":	{
					"socket":	5,
					"start":	0,
					"end":	100.00008,
					"seconds":	100.00008,
					"bytes":	11770527744,
					"bits_per_second":	941641466.206827,
					"retransmits":	0,
					"max_snd_cwnd":	548792,
					"max_rtt":	2740,
					"min_rtt":	2510,
					"mean_rtt":	2625,
					"sender":	true
				},
				"receiver":	{
					"socket":	5,
					"start":	0,
					"end":	100.044410943985,
					"seconds":	100.00008,
					"bytes":	11768659848,
					"bits_per_second":	941074847.61656821,
					"sender":	true
				}
			}],
		"sum_sent":	{
			"start":	0,
			"end":	100.00008,
			"seconds":	100.00008,
			"bytes":	11770527744,
			"bits_per_second":	941641466.206827,
			"retransmits":	0,
			"sender":	true
		},
		"sum_received":	{
			"start":	0,
			"end":	100.044410943985,
			"seconds":	100.044410943985,
			"bytes":	11768659848,
			"bits_per_second":	941074847.61656821,
			"sender":	true
		},
		"cpu_utilization_percent":	{
			"host_total":	8.84498437028583,
			"host_user":	0.30772553101497663,
			"host_system":	8.5372598383991853,
			"remote_total":	26.578014542279131,
			"remote_user":	2.58485595382248,
			"remote_system":	23.993158588456652
		},
		"sender_tcp_congestion":	"cubic",
		"receiver_tcp_congestion":	"cubic"
	}
}
