{
	"start":	{
		"connected":	[{
				"socket":	5,
				"local_host":	"10.10.10.2",
				"local_port":	50250,
				"remote_host":	"10.10.10.4",
				"remote_port":	5201
			}],
		"version":	"iperf 3.9",
		"system_info":	"Linux zelda 5.10.0-18-amd64 #1 SMP Debian 5.10.140-1 (2022-09-02) x86_64",
		"timestamp":	{
			"time":	"Tue, 30 Jan 2024 22:14:56 GMT",
			"timesecs":	1706652896
		},
		"connecting_to":	{
			"host":	"10.10.10.4",
			"port":	5201
		},
		"cookie":	"xi5u6m673rbntntte2l4ktquam7wxlh3s5az",
		"tcp_mss_default":	1448,
		"target_bitrate":	10000000000,
		"sock_bufsize":	0,
		"sndbuf_actual":	1000000,
		"rcvbuf_actual":	1000000,
		"test_start":	{
			"protocol":	"TCP",
			"num_streams":	1,
			"blksize":	131072,
			"omit":	0,
			"duration":	30,
			"bytes":	0,
			"blocks":	0,
			"reverse":	0,
			"tos":	0
		}
	},
	"intervals":	[{
			"streams":	[{
					"socket":	5,
					"start":	0,
					"end":	30.000029,
					"seconds":	30.000028610229492,
					"bytes":	3533045760,
					"bits_per_second":	942144637.500857,
					"retransmits":	0,
					"snd_cwnd":	619744,
					"rtt":	2730,
					"rttvar":	117,
					"pmtu":	9000,
					"omitted":	false,
					"sender":	true
				}],
			"sum":	{
				"start":	0,
				"end":	30.000029,
				"seconds":	30.000028610229492,
				"bytes":	3533045760,
				"bits_per_second":	942144637.500857,
				"retransmits":	0,
				"omitted":	false,
				"sender":	true
			}
		}],
	"end":	{
		"streams":	[{
				"sender":	{
					"socket":	5,
					"start":	0,
					"end":	30.000029,
					"seconds":	30.000029,
					"bytes":	3533045760,
					"bits_per_second":	942144625.26019549,
					"retransmits":	0,
					"max_snd_cwnd":	619744,
					"max_rtt":	2730,
					"min_rtt":	2730,
					"mean_rtt":	2730,
					"sender":	true
				},
				"receiver":	{
					"socket":	5,
					"start":	0,
					"end":	30.04143500328064,
					"seconds":	30.000029,
					"bytes":	3530783344,
					"bits_per_second":	940243591.856228,
					"sender":	true
				}
			}],
		"sum_sent":	{
			"start":	0,
			"end":	30.000029,
			"seconds":	30.000029,
			"bytes":	3533045760,
			"bits_per_second":	942144625.26019549,
			"retransmits":	0,
			"sender":	true
		},
		"sum_received":	{
			"start":	0,
			"end":	30.04143500328064,
			"seconds":	30.04143500328064,
			"bytes":	3530783344,
			"bits_per_second":	940243591.856228,
			"sender":	true
		},
		"cpu_utilization_percent":	{
			"host_total":	15.678681093637229,
			"host_user":	0.631407399537437,
			"host_system":	15.0472770183989,
			"remote_total":	26.428997512529161,
			"remote_user":	2.5370323308788434,
			"remote_system":	23.891965181650317
		},
		"sender_tcp_congestion":	"cubic",
		"receiver_tcp_congestion":	"cubic"
	}
}
