{
	"start":	{
		"connected":	[{
				"socket":	5,
				"local_host":	"10.10.10.2",
				"local_port":	57364,
				"remote_host":	"10.10.10.4",
				"remote_port":	5201
			}],
		"version":	"iperf 3.9",
		"system_info":	"Linux zelda 5.10.0-18-amd64 #1 SMP Debian 5.10.140-1 (2022-09-02) x86_64",
		"timestamp":	{
			"time":	"Wed, 31 Jan 2024 10:03:48 GMT",
			"timesecs":	1706695428
		},
		"connecting_to":	{
			"host":	"10.10.10.4",
			"port":	5201
		},
		"cookie":	"ipq7tniqm3jeh2y6brdbjidjxkbklcocccbi",
		"tcp_mss_default":	1448,
		"target_bitrate":	7000000000,
		"sock_bufsize":	0,
		"sndbuf_actual":	1000000,
		"rcvbuf_actual":	1000000,
		"test_start":	{
			"protocol":	"TCP",
			"num_streams":	1,
			"blksize":	131072,
			"omit":	0,
			"duration":	80,
			"bytes":	0,
			"blocks":	0,
			"reverse":	0,
			"tos":	0
		}
	},
	"intervals":	[{
			"streams":	[{
					"socket":	5,
					"start":	0,
					"end":	60.000087,
					"seconds":	60.0000877380371,
					"bytes":	7062814720,
					"bits_per_second":	941707252.274236,
					"retransmits":	0,
					"snd_cwnd":	443088,
					"rtt":	2134,
					"rttvar":	116,
					"pmtu":	9000,
					"omitted":	false,
					"sender":	true
				}],
			"sum":	{
				"start":	0,
				"end":	60.000087,
				"seconds":	60.0000877380371,
				"bytes":	7062814720,
				"bits_per_second":	941707252.274236,
				"retransmits":	0,
				"omitted":	false,
				"sender":	true
			}
		}, {
			"streams":	[{
					"socket":	5,
					"start":	60.000087,
					"end":	80.000074,
					"seconds":	19.99998664855957,
					"bytes":	2353659904,
					"bits_per_second":	941464590.09541953,
					"retransmits":	0,
					"snd_cwnd":	443088,
					"rtt":	2256,
					"rttvar":	122,
					"pmtu":	9000,
					"omitted":	false,
					"sender":	true
				}],
			"sum":	{
				"start":	60.000087,
				"end":	80.000074,
				"seconds":	19.99998664855957,
				"bytes":	2353659904,
				"bits_per_second":	941464590.09541953,
				"retransmits":	0,
				"omitted":	false,
				"sender":	true
			}
		}],
	"end":	{
		"streams":	[{
				"sender":	{
					"socket":	5,
					"start":	0,
					"end":	80.000074,
					"seconds":	80.000074,
					"bytes":	9416474624,
					"bits_per_second":	941646591.376903,
					"retransmits":	0,
					"max_snd_cwnd":	443088,
					"max_rtt":	2256,
					"min_rtt":	2134,
					"mean_rtt":	2195,
					"sender":	true
				},
				"receiver":	{
					"socket":	5,
					"start":	0,
					"end":	80.04338002204895,
					"seconds":	80.000074,
					"bytes":	9414945984,
					"bits_per_second":	940984349.3772037,
					"sender":	true
				}
			}],
		"sum_sent":	{
			"start":	0,
			"end":	80.000074,
			"seconds":	80.000074,
			"bytes":	9416474624,
			"bits_per_second":	941646591.376903,
			"retransmits":	0,
			"sender":	true
		},
		"sum_received":	{
			"start":	0,
			"end":	80.04338002204895,
			"seconds":	80.04338002204895,
			"bytes":	9414945984,
			"bits_per_second":	940984349.3772037,
			"sender":	true
		},
		"cpu_utilization_percent":	{
			"host_total":	18.5505261057362,
			"host_user":	0.687667309063712,
			"host_system":	17.8628600453466,
			"remote_total":	26.063741506474386,
			"remote_user":	2.865825164719356,
			"remote_system":	23.197916341755032
		},
		"sender_tcp_congestion":	"cubic",
		"receiver_tcp_congestion":	"cubic"
	}
}
