{
	"start":	{
		"connected":	[{
				"socket":	5,
				"local_host":	"10.10.10.2",
				"local_port":	54324,
				"remote_host":	"10.10.10.4",
				"remote_port":	5201
			}],
		"version":	"iperf 3.9",
		"system_info":	"Linux zelda 5.10.0-18-amd64 #1 SMP Debian 5.10.140-1 (2022-09-02) x86_64",
		"timestamp":	{
			"time":	"Tue, 30 Jan 2024 14:28:56 GMT",
			"timesecs":	1706624936
		},
		"connecting_to":	{
			"host":	"10.10.10.4",
			"port":	5201
		},
		"cookie":	"tvmslcewf6gijgskiesjlfl3oot7tisjptre",
		"tcp_mss_default":	1448,
		"target_bitrate":	5000000000,
		"sock_bufsize":	0,
		"sndbuf_actual":	1000000,
		"rcvbuf_actual":	1000000,
		"test_start":	{
			"protocol":	"TCP",
			"num_streams":	1,
			"blksize":	131072,
			"omit":	0,
			"duration":	10,
			"bytes":	0,
			"blocks":	0,
			"reverse":	0,
			"tos":	0
		}
	},
	"intervals":	[{
			"streams":	[{
					"socket":	5,
					"start":	0,
					"end":	10.000073,
					"seconds":	10.000073432922363,
					"bytes":	1178337280,
					"bits_per_second":	942662901.750832,
					"retransmits":	0,
					"snd_cwnd":	380824,
					"rtt":	2215,
					"rttvar":	115,
					"pmtu":	9000,
					"omitted":	false,
					"sender":	true
				}],
			"sum":	{
				"start":	0,
				"end":	10.000073,
				"seconds":	10.000073432922363,
				"bytes":	1178337280,
				"bits_per_second":	942662901.750832,
				"retransmits":	0,
				"omitted":	false,
				"sender":	true
			}
		}],
	"end":	{
		"streams":	[{
				"sender":	{
					"socket":	5,
					"start":	0,
					"end":	10.000073,
					"seconds":	10.000073,
					"bytes":	1178337280,
					"bits_per_second":	942662942.56051922,
					"retransmits":	0,
					"max_snd_cwnd":	380824,
					"max_rtt":	2215,
					"min_rtt":	2215,
					"mean_rtt":	2215,
					"sender":	true
				},
				"receiver":	{
					"socket":	5,
					"start":	0,
					"end":	10.043988943099976,
					"seconds":	10.000073,
					"bytes":	1177101672,
					"bits_per_second":	937557122.90674782,
					"sender":	true
				}
			}],
		"sum_sent":	{
			"start":	0,
			"end":	10.000073,
			"seconds":	10.000073,
			"bytes":	1178337280,
			"bits_per_second":	942662942.56051922,
			"retransmits":	0,
			"sender":	true
		},
		"sum_received":	{
			"start":	0,
			"end":	10.043988943099976,
			"seconds":	10.043988943099976,
			"bytes":	1177101672,
			"bits_per_second":	937557122.90674782,
			"sender":	true
		},
		"cpu_utilization_percent":	{
			"host_total":	16.283633229036873,
			"host_user":	0.73957384896377265,
			"host_system":	15.5440593800731,
			"remote_total":	24.811860048534655,
			"remote_user":	2.72741678432823,
			"remote_system":	22.084433384981921
		},
		"sender_tcp_congestion":	"cubic",
		"receiver_tcp_congestion":	"cubic"
	}
}
