{
	"start":	{
		"connected":	[{
				"socket":	5,
				"local_host":	"10.10.10.2",
				"local_port":	36428,
				"remote_host":	"10.10.10.4",
				"remote_port":	5201
			}],
		"version":	"iperf 3.9",
		"system_info":	"Linux zelda 5.10.0-18-amd64 #1 SMP Debian 5.10.140-1 (2022-09-02) x86_64",
		"timestamp":	{
			"time":	"Mon, 29 Jan 2024 13:49:51 GMT",
			"timesecs":	1706536191
		},
		"connecting_to":	{
			"host":	"10.10.10.4",
			"port":	5201
		},
		"cookie":	"zjkpbxpjkphjmbdnqxeueomoek4ft23y274u",
		"tcp_mss_default":	1448,
		"target_bitrate":	2000000000,
		"sock_bufsize":	0,
		"sndbuf_actual":	1000000,
		"rcvbuf_actual":	1000000,
		"test_start":	{
			"protocol":	"TCP",
			"num_streams":	1,
			"blksize":	131072,
			"omit":	0,
			"duration":	100,
			"bytes":	0,
			"blocks":	0,
			"reverse":	0,
			"tos":	0
		}
	},
	"intervals":	[{
			"streams":	[{
					"socket":	5,
					"start":	0,
					"end":	60.000073,
					"seconds":	60.000072479248047,
					"bytes":	7063076864,
					"bits_per_second":	941742444.25359643,
					"retransmits":	0,
					"snd_cwnd":	525624,
					"rtt":	2703,
					"rttvar":	125,
					"pmtu":	9000,
					"omitted":	false,
					"sender":	true
				}],
			"sum":	{
				"start":	0,
				"end":	60.000073,
				"seconds":	60.000072479248047,
				"bytes":	7063076864,
				"bits_per_second":	941742444.25359643,
				"retransmits":	0,
				"omitted":	false,
				"sender":	true
			}
		}, {
			"streams":	[{
					"socket":	5,
					"start":	60.000073,
					"end":	100.000078,
					"seconds":	40.000003814697266,
					"bytes":	4707450880,
					"bits_per_second":	941490086.21250856,
					"retransmits":	0,
					"snd_cwnd":	525624,
					"rtt":	2258,
					"rttvar":	92,
					"pmtu":	9000,
					"omitted":	false,
					"sender":	true
				}],
			"sum":	{
				"start":	60.000073,
				"end":	100.000078,
				"seconds":	40.000003814697266,
				"bytes":	4707450880,
				"bits_per_second":	941490086.21250856,
				"retransmits":	0,
				"omitted":	false,
				"sender":	true
			}
		}],
	"end":	{
		"streams":	[{
				"sender":	{
					"socket":	5,
					"start":	0,
					"end":	100.000078,
					"seconds":	100.000078,
					"bytes":	11770527744,
					"bits_per_second":	941641485.03964162,
					"retransmits":	0,
					"max_snd_cwnd":	525624,
					"max_rtt":	2703,
					"min_rtt":	2258,
					"mean_rtt":	2480,
					"sender":	true
				},
				"receiver":	{
					"socket":	5,
					"start":	0,
					"end":	100.04491710662842,
					"seconds":	100.000078,
					"bytes":	11768727904,
					"bits_per_second":	941075528.421445,
					"sender":	true
				}
			}],
		"sum_sent":	{
			"start":	0,
			"end":	100.000078,
			"seconds":	100.000078,
			"bytes":	11770527744,
			"bits_per_second":	941641485.03964162,
			"retransmits":	0,
			"sender":	true
		},
		"sum_received":	{
			"start":	0,
			"end":	100.04491710662842,
			"seconds":	100.04491710662842,
			"bytes":	11768727904,
			"bits_per_second":	941075528.421445,
			"sender":	true
		},
		"cpu_utilization_percent":	{
			"host_total":	8.95217969817304,
			"host_user":	0.3494125813707718,
			"host_system":	8.60276811594608,
			"remote_total":	26.353385280846375,
			"remote_user":	2.4813557065819833,
			"remote_system":	23.872028575490159
		},
		"sender_tcp_congestion":	"cubic",
		"receiver_tcp_congestion":	"cubic"
	}
}
