{
	"start":	{
		"connected":	[{
				"socket":	5,
				"local_host":	"10.10.10.2",
				"local_port":	45712,
				"remote_host":	"10.10.10.4",
				"remote_port":	5201
			}],
		"version":	"iperf 3.9",
		"system_info":	"Linux zelda 5.10.0-18-amd64 #1 SMP Debian 5.10.140-1 (2022-09-02) x86_64",
		"timestamp":	{
			"time":	"Mon, 29 Jan 2024 14:30:04 GMT",
			"timesecs":	1706538604
		},
		"connecting_to":	{
			"host":	"10.10.10.4",
			"port":	5201
		},
		"cookie":	"2ndudrnenm4nzswa5l7f6tewd5qnewx3zqvd",
		"tcp_mss_default":	1448,
		"target_bitrate":	3000000000,
		"sock_bufsize":	0,
		"sndbuf_actual":	1000000,
		"rcvbuf_actual":	1000000,
		"test_start":	{
			"protocol":	"TCP",
			"num_streams":	1,
			"blksize":	131072,
			"omit":	0,
			"duration":	60,
			"bytes":	0,
			"blocks":	0,
			"reverse":	0,
			"tos":	0
		}
	},
	"intervals":	[{
			"streams":	[{
					"socket":	5,
					"start":	0,
					"end":	60.000078,
					"seconds":	60.000076293945312,
					"bytes":	7063076864,
					"bits_per_second":	941742384.37930048,
					"retransmits":	0,
					"snd_cwnd":	522728,
					"rtt":	2233,
					"rttvar":	89,
					"pmtu":	9000,
					"omitted":	false,
					"sender":	true
				}],
			"sum":	{
				"start":	0,
				"end":	60.000078,
				"seconds":	60.000076293945312,
				"bytes":	7063076864,
				"bits_per_second":	941742384.37930048,
				"retransmits":	0,
				"omitted":	false,
				"sender":	true
			}
		}],
	"end":	{
		"streams":	[{
				"sender":	{
					"socket":	5,
					"start":	0,
					"end":	60.000078,
					"seconds":	60.000078,
					"bytes":	7063076864,
					"bits_per_second":	941742357.60160172,
					"retransmits":	0,
					"max_snd_cwnd":	522728,
					"max_rtt":	2233,
					"min_rtt":	2233,
					"mean_rtt":	2233,
					"sender":	true
				},
				"receiver":	{
					"socket":	5,
					"start":	0,
					"end":	60.048108816146851,
					"seconds":	60.000078,
					"bytes":	7061305968,
					"bits_per_second":	940753153.724798,
					"sender":	true
				}
			}],
		"sum_sent":	{
			"start":	0,
			"end":	60.000078,
			"seconds":	60.000078,
			"bytes":	7063076864,
			"bits_per_second":	941742357.60160172,
			"retransmits":	0,
			"sender":	true
		},
		"sum_received":	{
			"start":	0,
			"end":	60.048108816146851,
			"seconds":	60.048108816146851,
			"bytes":	7061305968,
			"bits_per_second":	940753153.724798,
			"sender":	true
		},
		"cpu_utilization_percent":	{
			"host_total":	9.0772066368738571,
			"host_user":	0.34573846841136974,
			"host_system":	8.73146816846249,
			"remote_total":	26.75367109439723,
			"remote_user":	2.59192945665694,
			"remote_system":	24.161743300908427
		},
		"sender_tcp_congestion":	"cubic",
		"receiver_tcp_congestion":	"cubic"
	}
}
