{
	"start":	{
		"connected":	[{
				"socket":	5,
				"local_host":	"10.10.10.2",
				"local_port":	33280,
				"remote_host":	"10.10.10.4",
				"remote_port":	5201
			}],
		"version":	"iperf 3.9",
		"system_info":	"Linux zelda 5.10.0-18-amd64 #1 SMP Debian 5.10.140-1 (2022-09-02) x86_64",
		"timestamp":	{
			"time":	"Wed, 31 Jan 2024 06:01:10 GMT",
			"timesecs":	1706680870
		},
		"connecting_to":	{
			"host":	"10.10.10.4",
			"port":	5201
		},
		"cookie":	"zd2ia65escwhqxg626yq26reg5ohfc3t4jga",
		"tcp_mss_default":	1448,
		"target_bitrate":	5000000000,
		"sock_bufsize":	0,
		"sndbuf_actual":	1000000,
		"rcvbuf_actual":	1000000,
		"test_start":	{
			"protocol":	"TCP",
			"num_streams":	1,
			"blksize":	131072,
			"omit":	0,
			"duration":	10,
			"bytes":	0,
			"blocks":	0,
			"reverse":	0,
			"tos":	0
		}
	},
	"intervals":	[{
			"streams":	[{
					"socket":	5,
					"start":	0,
					"end":	10.000074,
					"seconds":	10.00007438659668,
					"bytes":	1177944064,
					"bits_per_second":	942348241.39214361,
					"retransmits":	0,
					"snd_cwnd":	466256,
					"rtt":	2222,
					"rttvar":	104,
					"pmtu":	9000,
					"omitted":	false,
					"sender":	true
				}],
			"sum":	{
				"start":	0,
				"end":	10.000074,
				"seconds":	10.00007438659668,
				"bytes":	1177944064,
				"bits_per_second":	942348241.39214361,
				"retransmits":	0,
				"omitted":	false,
				"sender":	true
			}
		}],
	"end":	{
		"streams":	[{
				"sender":	{
					"socket":	5,
					"start":	0,
					"end":	10.000074,
					"seconds":	10.000074,
					"bytes":	1177944064,
					"bits_per_second":	942348277.822744,
					"retransmits":	0,
					"max_snd_cwnd":	466256,
					"max_rtt":	2222,
					"min_rtt":	2222,
					"mean_rtt":	2222,
					"sender":	true
				},
				"receiver":	{
					"socket":	5,
					"start":	0,
					"end":	10.04456615447998,
					"seconds":	10.000074,
					"bytes":	1176299480,
					"bits_per_second":	936864339.91007829,
					"sender":	true
				}
			}],
		"sum_sent":	{
			"start":	0,
			"end":	10.000074,
			"seconds":	10.000074,
			"bytes":	1177944064,
			"bits_per_second":	942348277.822744,
			"retransmits":	0,
			"sender":	true
		},
		"sum_received":	{
			"start":	0,
			"end":	10.04456615447998,
			"seconds":	10.04456615447998,
			"bytes":	1176299480,
			"bits_per_second":	936864339.91007829,
			"sender":	true
		},
		"cpu_utilization_percent":	{
			"host_total":	20.447904882507689,
			"host_user":	0.862425673346162,
			"host_system":	19.585479209161527,
			"remote_total":	24.17451643732587,
			"remote_user":	2.0759171902317917,
			"remote_system":	22.0985893638449
		},
		"sender_tcp_congestion":	"cubic",
		"receiver_tcp_congestion":	"cubic"
	}
}
