{
	"start":	{
		"connected":	[{
				"socket":	5,
				"local_host":	"10.10.10.2",
				"local_port":	33134,
				"remote_host":	"10.10.10.4",
				"remote_port":	5201
			}],
		"version":	"iperf 3.9",
		"system_info":	"Linux zelda 5.10.0-18-amd64 #1 SMP Debian 5.10.140-1 (2022-09-02) x86_64",
		"timestamp":	{
			"time":	"Mon, 29 Jan 2024 16:16:28 GMT",
			"timesecs":	1706544988
		},
		"connecting_to":	{
			"host":	"10.10.10.4",
			"port":	5201
		},
		"cookie":	"d2m5wivi43yj667v4nvs2mqprryx2lxludn5",
		"tcp_mss_default":	1448,
		"target_bitrate":	4000000000,
		"sock_bufsize":	0,
		"sndbuf_actual":	1000000,
		"rcvbuf_actual":	1000000,
		"test_start":	{
			"protocol":	"TCP",
			"num_streams":	1,
			"blksize":	131072,
			"omit":	0,
			"duration":	70,
			"bytes":	0,
			"blocks":	0,
			"reverse":	0,
			"tos":	0
		}
	},
	"intervals":	[{
			"streams":	[{
					"socket":	5,
					"start":	0,
					"end":	60.000075,
					"seconds":	60.000076293945312,
					"bytes":	7063076864,
					"bits_per_second":	941742384.37930048,
					"retransmits":	0,
					"snd_cwnd":	505352,
					"rtt":	2198,
					"rttvar":	117,
					"pmtu":	9000,
					"omitted":	false,
					"sender":	true
				}],
			"sum":	{
				"start":	0,
				"end":	60.000075,
				"seconds":	60.000076293945312,
				"bytes":	7063076864,
				"bits_per_second":	941742384.37930048,
				"retransmits":	0,
				"omitted":	false,
				"sender":	true
			}
		}, {
			"streams":	[{
					"socket":	5,
					"start":	60.000075,
					"end":	70.000078,
					"seconds":	10.000002861022949,
					"bytes":	1176764416,
					"bits_per_second":	941411263.460077,
					"retransmits":	0,
					"snd_cwnd":	505352,
					"rtt":	2660,
					"rttvar":	230,
					"pmtu":	9000,
					"omitted":	false,
					"sender":	true
				}],
			"sum":	{
				"start":	60.000075,
				"end":	70.000078,
				"seconds":	10.000002861022949,
				"bytes":	1176764416,
				"bits_per_second":	941411263.460077,
				"retransmits":	0,
				"omitted":	false,
				"sender":	true
			}
		}],
	"end":	{
		"streams":	[{
				"sender":	{
					"socket":	5,
					"start":	0,
					"end":	70.000078,
					"seconds":	70.000078,
					"bytes":	8239841280,
					"bits_per_second":	941695096.96832049,
					"retransmits":	0,
					"max_snd_cwnd":	505352,
					"max_rtt":	2660,
					"min_rtt":	2198,
					"mean_rtt":	2429,
					"sender":	true
				},
				"receiver":	{
					"socket":	5,
					"start":	0,
					"end":	70.0433931350708,
					"seconds":	70.000078,
					"bytes":	8238091224,
					"bits_per_second":	940912866.18439722,
					"sender":	true
				}
			}],
		"sum_sent":	{
			"start":	0,
			"end":	70.000078,
			"seconds":	70.000078,
			"bytes":	8239841280,
			"bits_per_second":	941695096.96832049,
			"retransmits":	0,
			"sender":	true
		},
		"sum_received":	{
			"start":	0,
			"end":	70.0433931350708,
			"seconds":	70.0433931350708,
			"bytes":	8238091224,
			"bits_per_second":	940912866.18439722,
			"sender":	true
		},
		"cpu_utilization_percent":	{
			"host_total":	8.95331299225886,
			"host_user":	0.30471519107128336,
			"host_system":	8.64859637440458,
			"remote_total":	25.266128124326432,
			"remote_user":	2.745262561672277,
			"remote_system":	22.520865562654155
		},
		"sender_tcp_congestion":	"cubic",
		"receiver_tcp_congestion":	"cubic"
	}
}
