{
	"start":	{
		"connected":	[{
				"socket":	5,
				"local_host":	"10.10.10.2",
				"local_port":	56502,
				"remote_host":	"10.10.10.4",
				"remote_port":	5201
			}],
		"version":	"iperf 3.9",
		"system_info":	"Linux zelda 5.10.0-18-amd64 #1 SMP Debian 5.10.140-1 (2022-09-02) x86_64",
		"timestamp":	{
			"time":	"Wed, 31 Jan 2024 10:20:10 GMT",
			"timesecs":	1706696410
		},
		"connecting_to":	{
			"host":	"10.10.10.4",
			"port":	5201
		},
		"cookie":	"zrmrahci6eremh7ez3njf3rlh4mqbo7t52cy",
		"tcp_mss_default":	1448,
		"target_bitrate":	7000000000,
		"sock_bufsize":	0,
		"sndbuf_actual":	1000000,
		"rcvbuf_actual":	1000000,
		"test_start":	{
			"protocol":	"TCP",
			"num_streams":	1,
			"blksize":	131072,
			"omit":	0,
			"duration":	100,
			"bytes":	0,
			"blocks":	0,
			"reverse":	0,
			"tos":	0
		}
	},
	"intervals":	[{
			"streams":	[{
					"socket":	5,
					"start":	0,
					"end":	60.000205,
					"seconds":	60.000205993652344,
					"bytes":	7062814720,
					"bits_per_second":	941705396.24443328,
					"retransmits":	0,
					"snd_cwnd":	463360,
					"rtt":	2247,
					"rttvar":	125,
					"pmtu":	9000,
					"omitted":	false,
					"sender":	true
				}],
			"sum":	{
				"start":	0,
				"end":	60.000205,
				"seconds":	60.000205993652344,
				"bytes":	7062814720,
				"bits_per_second":	941705396.24443328,
				"retransmits":	0,
				"omitted":	false,
				"sender":	true
			}
		}, {
			"streams":	[{
					"socket":	5,
					"start":	60.000205,
					"end":	100.000081,
					"seconds":	39.999874114990234,
					"bytes":	4708106240,
					"bits_per_second":	941624211.4093262,
					"retransmits":	0,
					"snd_cwnd":	634224,
					"rtt":	2763,
					"rttvar":	103,
					"pmtu":	9000,
					"omitted":	false,
					"sender":	true
				}],
			"sum":	{
				"start":	60.000205,
				"end":	100.000081,
				"seconds":	39.999874114990234,
				"bytes":	4708106240,
				"bits_per_second":	941624211.4093262,
				"retransmits":	0,
				"omitted":	false,
				"sender":	true
			}
		}],
	"end":	{
		"streams":	[{
				"sender":	{
					"socket":	5,
					"start":	0,
					"end":	100.000081,
					"seconds":	100.000081,
					"bytes":	11770920960,
					"bits_per_second":	941672914.04493964,
					"retransmits":	0,
					"max_snd_cwnd":	634224,
					"max_rtt":	2763,
					"min_rtt":	2247,
					"mean_rtt":	2505,
					"sender":	true
				},
				"receiver":	{
					"socket":	5,
					"start":	0,
					"end":	100.04444003105164,
					"seconds":	100.000081,
					"bytes":	11768659848,
					"bits_per_second":	941074574.00709224,
					"sender":	true
				}
			}],
		"sum_sent":	{
			"start":	0,
			"end":	100.000081,
			"seconds":	100.000081,
			"bytes":	11770920960,
			"bits_per_second":	941672914.04493964,
			"retransmits":	0,
			"sender":	true
		},
		"sum_received":	{
			"start":	0,
			"end":	100.04444003105164,
			"seconds":	100.04444003105164,
			"bytes":	11768659848,
			"bits_per_second":	941074574.00709224,
			"sender":	true
		},
		"cpu_utilization_percent":	{
			"host_total":	19.865606549877462,
			"host_user":	0.79115490295255719,
			"host_system":	19.074449648607349,
			"remote_total":	22.372885324107582,
			"remote_user":	2.1379165805895815,
			"remote_system":	20.234968743518
		},
		"sender_tcp_congestion":	"cubic",
		"receiver_tcp_congestion":	"cubic"
	}
}
