{
	"start":	{
		"connected":	[{
				"socket":	5,
				"local_host":	"10.10.10.2",
				"local_port":	52828,
				"remote_host":	"10.10.10.4",
				"remote_port":	5201
			}],
		"version":	"iperf 3.9",
		"system_info":	"Linux zelda 5.10.0-18-amd64 #1 SMP Debian 5.10.140-1 (2022-09-02) x86_64",
		"timestamp":	{
			"time":	"Wed, 31 Jan 2024 07:19:29 GMT",
			"timesecs":	1706685569
		},
		"connecting_to":	{
			"host":	"10.10.10.4",
			"port":	5201
		},
		"cookie":	"mjxj5rzgqffctyg3xyl2rbmjqy6n2ly2amca",
		"tcp_mss_default":	1448,
		"target_bitrate":	5000000000,
		"sock_bufsize":	0,
		"sndbuf_actual":	1000000,
		"rcvbuf_actual":	1000000,
		"test_start":	{
			"protocol":	"TCP",
			"num_streams":	1,
			"blksize":	131072,
			"omit":	0,
			"duration":	100,
			"bytes":	0,
			"blocks":	0,
			"reverse":	0,
			"tos":	0
		}
	},
	"intervals":	[{
			"streams":	[{
					"socket":	5,
					"start":	0,
					"end":	60.000095,
					"seconds":	60.000095367431641,
					"bytes":	7062945792,
					"bits_per_second":	941724608.769046,
					"retransmits":	0,
					"snd_cwnd":	480736,
					"rtt":	2161,
					"rttvar":	118,
					"pmtu":	9000,
					"omitted":	false,
					"sender":	true
				}],
			"sum":	{
				"start":	0,
				"end":	60.000095,
				"seconds":	60.000095367431641,
				"bytes":	7062945792,
				"bits_per_second":	941724608.769046,
				"retransmits":	0,
				"omitted":	false,
				"sender":	true
			}
		}, {
			"streams":	[{
					"socket":	5,
					"start":	60.000095,
					"end":	100.000099,
					"seconds":	40.000003814697266,
					"bytes":	4707319808,
					"bits_per_second":	941463871.81500852,
					"retransmits":	0,
					"snd_cwnd":	480736,
					"rtt":	2183,
					"rttvar":	93,
					"pmtu":	9000,
					"omitted":	false,
					"sender":	true
				}],
			"sum":	{
				"start":	60.000095,
				"end":	100.000099,
				"seconds":	40.000003814697266,
				"bytes":	4707319808,
				"bits_per_second":	941463871.81500852,
				"retransmits":	0,
				"omitted":	false,
				"sender":	true
			}
		}],
	"end":	{
		"streams":	[{
				"sender":	{
					"socket":	5,
					"start":	0,
					"end":	100.000099,
					"seconds":	100.000099,
					"bytes":	11770265600,
					"bits_per_second":	941620315.79588735,
					"retransmits":	0,
					"max_snd_cwnd":	480736,
					"max_rtt":	2183,
					"min_rtt":	2161,
					"mean_rtt":	2172,
					"sender":	true
				},
				"receiver":	{
					"socket":	5,
					"start":	0,
					"end":	100.04131603240967,
					"seconds":	100.000099,
					"bytes":	11768659848,
					"bits_per_second":	941103961.02245533,
					"sender":	true
				}
			}],
		"sum_sent":	{
			"start":	0,
			"end":	100.000099,
			"seconds":	100.000099,
			"bytes":	11770265600,
			"bits_per_second":	941620315.79588735,
			"retransmits":	0,
			"sender":	true
		},
		"sum_received":	{
			"start":	0,
			"end":	100.04131603240967,
			"seconds":	100.04131603240967,
			"bytes":	11768659848,
			"bits_per_second":	941103961.02245533,
			"sender":	true
		},
		"cpu_utilization_percent":	{
			"host_total":	18.665936665049284,
			"host_user":	0.617982864531902,
			"host_system":	18.047953800517384,
			"remote_total":	23.3113495795209,
			"remote_user":	2.3862520228095248,
			"remote_system":	20.925095559072108
		},
		"sender_tcp_congestion":	"cubic",
		"receiver_tcp_congestion":	"cubic"
	}
}
