{
	"start":	{
		"connected":	[{
				"socket":	5,
				"local_host":	"10.10.10.2",
				"local_port":	57814,
				"remote_host":	"10.10.10.4",
				"remote_port":	5201
			}],
		"version":	"iperf 3.9",
		"system_info":	"Linux zelda 5.10.0-18-amd64 #1 SMP Debian 5.10.140-1 (2022-09-02) x86_64",
		"timestamp":	{
			"time":	"Wed, 31 Jan 2024 07:33:21 GMT",
			"timesecs":	1706686401
		},
		"connecting_to":	{
			"host":	"10.10.10.4",
			"port":	5201
		},
		"cookie":	"52s7muqhliyofx3tu3ssegwvgla7y64dgraj",
		"tcp_mss_default":	1448,
		"target_bitrate":	6000000000,
		"sock_bufsize":	0,
		"sndbuf_actual":	1000000,
		"rcvbuf_actual":	1000000,
		"test_start":	{
			"protocol":	"TCP",
			"num_streams":	1,
			"blksize":	131072,
			"omit":	0,
			"duration":	10,
			"bytes":	0,
			"blocks":	0,
			"reverse":	0,
			"tos":	0
		}
	},
	"intervals":	[{
			"streams":	[{
					"socket":	5,
					"start":	0,
					"end":	10.000075,
					"seconds":	10.000075340270996,
					"bytes":	1178861568,
					"bits_per_second":	943082149.1935308,
					"retransmits":	0,
					"snd_cwnd":	508248,
					"rtt":	2753,
					"rttvar":	124,
					"pmtu":	9000,
					"omitted":	false,
					"sender":	true
				}],
			"sum":	{
				"start":	0,
				"end":	10.000075,
				"seconds":	10.000075340270996,
				"bytes":	1178861568,
				"bits_per_second":	943082149.1935308,
				"retransmits":	0,
				"omitted":	false,
				"sender":	true
			}
		}],
	"end":	{
		"streams":	[{
				"sender":	{
					"socket":	5,
					"start":	0,
					"end":	10.000075,
					"seconds":	10.000075,
					"bytes":	1178861568,
					"bits_per_second":	943082181.28364027,
					"retransmits":	0,
					"max_snd_cwnd":	508248,
					"max_rtt":	2753,
					"min_rtt":	2753,
					"mean_rtt":	2753,
					"sender":	true
				},
				"receiver":	{
					"socket":	5,
					"start":	0,
					"end":	10.041177988052368,
					"seconds":	10.000075,
					"bytes":	1177101672,
					"bits_per_second":	937819585.23240232,
					"sender":	true
				}
			}],
		"sum_sent":	{
			"start":	0,
			"end":	10.000075,
			"seconds":	10.000075,
			"bytes":	1178861568,
			"bits_per_second":	943082181.28364027,
			"retransmits":	0,
			"sender":	true
		},
		"sum_received":	{
			"start":	0,
			"end":	10.041177988052368,
			"seconds":	10.041177988052368,
			"bytes":	1177101672,
			"bits_per_second":	937819585.23240232,
			"sender":	true
		},
		"cpu_utilization_percent":	{
			"host_total":	17.947966668064737,
			"host_user":	0.78548642321832773,
			"host_system":	17.162480244846407,
			"remote_total":	26.425883866098893,
			"remote_user":	2.97201022740671,
			"remote_system":	23.453863755611984
		},
		"sender_tcp_congestion":	"cubic",
		"receiver_tcp_congestion":	"cubic"
	}
}
