{
	"start":	{
		"connected":	[{
				"socket":	5,
				"local_host":	"10.10.10.2",
				"local_port":	50274,
				"remote_host":	"10.10.10.4",
				"remote_port":	5201
			}],
		"version":	"iperf 3.9",
		"system_info":	"Linux zelda 5.10.0-18-amd64 #1 SMP Debian 5.10.140-1 (2022-09-02) x86_64",
		"timestamp":	{
			"time":	"Wed, 31 Jan 2024 05:02:01 GMT",
			"timesecs":	1706677321
		},
		"connecting_to":	{
			"host":	"10.10.10.4",
			"port":	5201
		},
		"cookie":	"hacgoutvirc4d24zgxp7ye6mieohiauaw7fm",
		"tcp_mss_default":	1448,
		"target_bitrate":	4000000000,
		"sock_bufsize":	0,
		"sndbuf_actual":	1000000,
		"rcvbuf_actual":	1000000,
		"test_start":	{
			"protocol":	"TCP",
			"num_streams":	1,
			"blksize":	131072,
			"omit":	0,
			"duration":	60,
			"bytes":	0,
			"blocks":	0,
			"reverse":	0,
			"tos":	0
		}
	},
	"intervals":	[{
			"streams":	[{
					"socket":	5,
					"start":	0,
					"end":	60.000073,
					"seconds":	60.000072479248047,
					"bytes":	7063732224,
					"bits_per_second":	941829825.48137438,
					"retransmits":	0,
					"snd_cwnd":	747168,
					"rtt":	2797,
					"rttvar":	105,
					"pmtu":	9000,
					"omitted":	false,
					"sender":	true
				}],
			"sum":	{
				"start":	0,
				"end":	60.000073,
				"seconds":	60.000072479248047,
				"bytes":	7063732224,
				"bits_per_second":	941829825.48137438,
				"retransmits":	0,
				"omitted":	false,
				"sender":	true
			}
		}],
	"end":	{
		"streams":	[{
				"sender":	{
					"socket":	5,
					"start":	0,
					"end":	60.000073,
					"seconds":	60.000073,
					"bytes":	7063732224,
					"bits_per_second":	941829817.30705559,
					"retransmits":	0,
					"max_snd_cwnd":	747168,
					"max_rtt":	2797,
					"min_rtt":	2797,
					"mean_rtt":	2797,
					"sender":	true
				},
				"receiver":	{
					"socket":	5,
					"start":	0,
					"end":	60.048666000366211,
					"seconds":	60.000073,
					"bytes":	7061310312,
					"bits_per_second":	940745003.32206357,
					"sender":	true
				}
			}],
		"sum_sent":	{
			"start":	0,
			"end":	60.000073,
			"seconds":	60.000073,
			"bytes":	7063732224,
			"bits_per_second":	941829817.30705559,
			"retransmits":	0,
			"sender":	true
		},
		"sum_received":	{
			"start":	0,
			"end":	60.048666000366211,
			"seconds":	60.048666000366211,
			"bytes":	7061310312,
			"bits_per_second":	940745003.32206357,
			"sender":	true
		},
		"cpu_utilization_percent":	{
			"host_total":	19.340926686199051,
			"host_user":	0.759356920434878,
			"host_system":	18.581568101620846,
			"remote_total":	23.9509953956315,
			"remote_user":	2.4578890589097888,
			"remote_system":	21.493104673564169
		},
		"sender_tcp_congestion":	"cubic",
		"receiver_tcp_congestion":	"cubic"
	}
}
