{
	"start":	{
		"connected":	[{
				"socket":	5,
				"local_host":	"10.10.10.2",
				"local_port":	42062,
				"remote_host":	"10.10.10.4",
				"remote_port":	5201
			}],
		"version":	"iperf 3.9",
		"system_info":	"Linux zelda 5.10.0-18-amd64 #1 SMP Debian 5.10.140-1 (2022-09-02) x86_64",
		"timestamp":	{
			"time":	"Wed, 31 Jan 2024 11:52:11 GMT",
			"timesecs":	1706701931
		},
		"connecting_to":	{
			"host":	"10.10.10.4",
			"port":	5201
		},
		"cookie":	"pcpxgvmtjmo6srxhpqdzuweql6huymnklscw",
		"tcp_mss_default":	1448,
		"target_bitrate":	8000000000,
		"sock_bufsize":	0,
		"sndbuf_actual":	1000000,
		"rcvbuf_actual":	1000000,
		"test_start":	{
			"protocol":	"TCP",
			"num_streams":	1,
			"blksize":	131072,
			"omit":	0,
			"duration":	100,
			"bytes":	0,
			"blocks":	0,
			"reverse":	0,
			"tos":	0
		}
	},
	"intervals":	[{
			"streams":	[{
					"socket":	5,
					"start":	0,
					"end":	60.00008,
					"seconds":	60.000080108642578,
					"bytes":	7062945792,
					"bits_per_second":	941724848.2616787,
					"retransmits":	0,
					"snd_cwnd":	473496,
					"rtt":	2187,
					"rttvar":	146,
					"pmtu":	9000,
					"omitted":	false,
					"sender":	true
				}],
			"sum":	{
				"start":	0,
				"end":	60.00008,
				"seconds":	60.000080108642578,
				"bytes":	7062945792,
				"bits_per_second":	941724848.2616787,
				"retransmits":	0,
				"omitted":	false,
				"sender":	true
			}
		}, {
			"streams":	[{
					"socket":	5,
					"start":	60.00008,
					"end":	100.000082,
					"seconds":	40.000003814697266,
					"bytes":	4707319808,
					"bits_per_second":	941463871.81500852,
					"retransmits":	0,
					"snd_cwnd":	473496,
					"rtt":	2218,
					"rttvar":	117,
					"pmtu":	9000,
					"omitted":	false,
					"sender":	true
				}],
			"sum":	{
				"start":	60.00008,
				"end":	100.000082,
				"seconds":	40.000003814697266,
				"bytes":	4707319808,
				"bits_per_second":	941463871.81500852,
				"retransmits":	0,
				"omitted":	false,
				"sender":	true
			}
		}],
	"end":	{
		"streams":	[{
				"sender":	{
					"socket":	5,
					"start":	0,
					"end":	100.000082,
					"seconds":	100.000082,
					"bytes":	11770265600,
					"bits_per_second":	941620475.87120974,
					"retransmits":	0,
					"max_snd_cwnd":	473496,
					"max_rtt":	2218,
					"min_rtt":	2187,
					"mean_rtt":	2202,
					"sender":	true
				},
				"receiver":	{
					"socket":	5,
					"start":	0,
					"end":	100.04343199729919,
					"seconds":	100.000082,
					"bytes":	11768594560,
					"bits_per_second":	941078835.46559727,
					"sender":	true
				}
			}],
		"sum_sent":	{
			"start":	0,
			"end":	100.000082,
			"seconds":	100.000082,
			"bytes":	11770265600,
			"bits_per_second":	941620475.87120974,
			"retransmits":	0,
			"sender":	true
		},
		"sum_received":	{
			"start":	0,
			"end":	100.04343199729919,
			"seconds":	100.04343199729919,
			"bytes":	11768594560,
			"bits_per_second":	941078835.46559727,
			"sender":	true
		},
		"cpu_utilization_percent":	{
			"host_total":	18.921114902687659,
			"host_user":	0.73599759722866,
			"host_system":	18.185119303771828,
			"remote_total":	27.02499644368514,
			"remote_user":	2.3709867753430407,
			"remote_system":	24.654008669517538
		},
		"sender_tcp_congestion":	"cubic",
		"receiver_tcp_congestion":	"cubic"
	}
}
