{
	"start":	{
		"connected":	[{
				"socket":	5,
				"local_host":	"10.10.10.2",
				"local_port":	38390,
				"remote_host":	"10.10.10.4",
				"remote_port":	5201
			}],
		"version":	"iperf 3.9",
		"system_info":	"Linux zelda 5.10.0-18-amd64 #1 SMP Debian 5.10.140-1 (2022-09-02) x86_64",
		"timestamp":	{
			"time":	"Sun, 28 Jan 2024 21:39:53 GMT",
			"timesecs":	1706477993
		},
		"connecting_to":	{
			"host":	"10.10.10.4",
			"port":	5201
		},
		"cookie":	"bpakpyw2khasomqqhvzrn7qyku5qbvdj2vny",
		"tcp_mss_default":	1448,
		"target_bitrate":	7000000000,
		"sock_bufsize":	0,
		"sndbuf_actual":	1000000,
		"rcvbuf_actual":	1000000,
		"test_start":	{
			"protocol":	"TCP",
			"num_streams":	1,
			"blksize":	131072,
			"omit":	0,
			"duration":	60,
			"bytes":	0,
			"blocks":	0,
			"reverse":	0,
			"tos":	0
		}
	},
	"intervals":	[{
			"streams":	[{
					"socket":	5,
					"start":	0,
					"end":	60.00007,
					"seconds":	60.000068664550781,
					"bytes":	7062552576,
					"bits_per_second":	941672599.14123333,
					"retransmits":	0,
					"snd_cwnd":	364896,
					"rtt":	1727,
					"rttvar":	117,
					"pmtu":	9000,
					"omitted":	false,
					"sender":	true
				}],
			"sum":	{
				"start":	0,
				"end":	60.00007,
				"seconds":	60.000068664550781,
				"bytes":	7062552576,
				"bits_per_second":	941672599.14123333,
				"retransmits":	0,
				"omitted":	false,
				"sender":	true
			}
		}],
	"end":	{
		"streams":	[{
				"sender":	{
					"socket":	5,
					"start":	0,
					"end":	60.00007,
					"seconds":	60.00007,
					"bytes":	7062552576,
					"bits_per_second":	941672578.181992,
					"retransmits":	0,
					"max_snd_cwnd":	364896,
					"max_rtt":	1727,
					"min_rtt":	1727,
					"mean_rtt":	1727,
					"sender":	true
				},
				"receiver":	{
					"socket":	5,
					"start":	0,
					"end":	60.0449378490448,
					"seconds":	60.00007,
					"bytes":	7061307416,
					"bits_per_second":	940803027.725986,
					"sender":	true
				}
			}],
		"sum_sent":	{
			"start":	0,
			"end":	60.00007,
			"seconds":	60.00007,
			"bytes":	7062552576,
			"bits_per_second":	941672578.181992,
			"retransmits":	0,
			"sender":	true
		},
		"sum_received":	{
			"start":	0,
			"end":	60.0449378490448,
			"seconds":	60.0449378490448,
			"bytes":	7061307416,
			"bits_per_second":	940803027.725986,
			"sender":	true
		},
		"cpu_utilization_percent":	{
			"host_total":	4.2550103098383563,
			"host_user":	0.11573074186118232,
			"host_system":	4.1392795679771739,
			"remote_total":	25.736050359375646,
			"remote_user":	2.4744219576053208,
			"remote_system":	23.261626738598622
		},
		"sender_tcp_congestion":	"cubic",
		"receiver_tcp_congestion":	"cubic"
	}
}
