{
	"start":	{
		"connected":	[{
				"socket":	5,
				"local_host":	"10.10.10.2",
				"local_port":	40910,
				"remote_host":	"10.10.10.4",
				"remote_port":	5201
			}],
		"version":	"iperf 3.9",
		"system_info":	"Linux zelda 5.10.0-18-amd64 #1 SMP Debian 5.10.140-1 (2022-09-02) x86_64",
		"timestamp":	{
			"time":	"Mon, 29 Jan 2024 18:05:42 GMT",
			"timesecs":	1706551542
		},
		"connecting_to":	{
			"host":	"10.10.10.4",
			"port":	5201
		},
		"cookie":	"f5brdfbexu3odls673emyg2swwctrrlfszci",
		"tcp_mss_default":	1448,
		"target_bitrate":	5000000000,
		"sock_bufsize":	0,
		"sndbuf_actual":	1000000,
		"rcvbuf_actual":	1000000,
		"test_start":	{
			"protocol":	"TCP",
			"num_streams":	1,
			"blksize":	131072,
			"omit":	0,
			"duration":	90,
			"bytes":	0,
			"blocks":	0,
			"reverse":	0,
			"tos":	0
		}
	},
	"intervals":	[{
			"streams":	[{
					"socket":	5,
					"start":	0,
					"end":	60.00007,
					"seconds":	60.000068664550781,
					"bytes":	7063076864,
					"bits_per_second":	941742504.1279,
					"retransmits":	0,
					"snd_cwnd":	503904,
					"rtt":	2652,
					"rttvar":	150,
					"pmtu":	9000,
					"omitted":	false,
					"sender":	true
				}],
			"sum":	{
				"start":	0,
				"end":	60.00007,
				"seconds":	60.000068664550781,
				"bytes":	7063076864,
				"bits_per_second":	941742504.1279,
				"retransmits":	0,
				"omitted":	false,
				"sender":	true
			}
		}, {
			"streams":	[{
					"socket":	5,
					"start":	60.00007,
					"end":	90.000093,
					"seconds":	30.000022888183594,
					"bytes":	3530555392,
					"bits_per_second":	941480719.57388139,
					"retransmits":	0,
					"snd_cwnd":	503904,
					"rtt":	2259,
					"rttvar":	106,
					"pmtu":	9000,
					"omitted":	false,
					"sender":	true
				}],
			"sum":	{
				"start":	60.00007,
				"end":	90.000093,
				"seconds":	30.000022888183594,
				"bytes":	3530555392,
				"bits_per_second":	941480719.57388139,
				"retransmits":	0,
				"omitted":	false,
				"sender":	true
			}
		}],
	"end":	{
		"streams":	[{
				"sender":	{
					"socket":	5,
					"start":	0,
					"end":	90.000093,
					"seconds":	90.000093,
					"bytes":	10593632256,
					"bits_per_second":	941655227.489598,
					"retransmits":	0,
					"max_snd_cwnd":	503904,
					"max_rtt":	2652,
					"min_rtt":	2259,
					"mean_rtt":	2455,
					"sender":	true
				},
				"receiver":	{
					"socket":	5,
					"start":	0,
					"end":	90.0438389778137,
					"seconds":	90.000093,
					"bytes":	10591810880,
					"bits_per_second":	941035922.07877862,
					"sender":	true
				}
			}],
		"sum_sent":	{
			"start":	0,
			"end":	90.000093,
			"seconds":	90.000093,
			"bytes":	10593632256,
			"bits_per_second":	941655227.489598,
			"retransmits":	0,
			"sender":	true
		},
		"sum_received":	{
			"start":	0,
			"end":	90.0438389778137,
			"seconds":	90.0438389778137,
			"bytes":	10591810880,
			"bits_per_second":	941035922.07877862,
			"sender":	true
		},
		"cpu_utilization_percent":	{
			"host_total":	8.74737234451307,
			"host_user":	0.26684993551009079,
			"host_system":	8.48052240900298,
			"remote_total":	22.36834856642599,
			"remote_user":	2.28464157212897,
			"remote_system":	20.083708103854246
		},
		"sender_tcp_congestion":	"cubic",
		"receiver_tcp_congestion":	"cubic"
	}
}
