{
	"start":	{
		"connected":	[{
				"socket":	5,
				"local_host":	"10.10.10.2",
				"local_port":	51696,
				"remote_host":	"10.10.10.4",
				"remote_port":	5201
			}],
		"version":	"iperf 3.9",
		"system_info":	"Linux zelda 5.10.0-18-amd64 #1 SMP Debian 5.10.140-1 (2022-09-02) x86_64",
		"timestamp":	{
			"time":	"Mon, 29 Jan 2024 11:44:05 GMT",
			"timesecs":	1706528645
		},
		"connecting_to":	{
			"host":	"10.10.10.4",
			"port":	5201
		},
		"cookie":	"jkzkd3hsm22fyhyefbbicluautp7rswzyper",
		"tcp_mss_default":	1448,
		"target_bitrate":	1000000000,
		"sock_bufsize":	0,
		"sndbuf_actual":	1000000,
		"rcvbuf_actual":	1000000,
		"test_start":	{
			"protocol":	"TCP",
			"num_streams":	1,
			"blksize":	131072,
			"omit":	0,
			"duration":	80,
			"bytes":	0,
			"blocks":	0,
			"reverse":	0,
			"tos":	0
		}
	},
	"intervals":	[{
			"streams":	[{
					"socket":	5,
					"start":	0,
					"end":	60.000077,
					"seconds":	60.000076293945312,
					"bytes":	7062421504,
					"bits_per_second":	941655003.157078,
					"retransmits":	0,
					"snd_cwnd":	376480,
					"rtt":	2226,
					"rttvar":	125,
					"pmtu":	9000,
					"omitted":	false,
					"sender":	true
				}],
			"sum":	{
				"start":	0,
				"end":	60.000077,
				"seconds":	60.000076293945312,
				"bytes":	7062421504,
				"bits_per_second":	941655003.157078,
				"retransmits":	0,
				"omitted":	false,
				"sender":	true
			}
		}, {
			"streams":	[{
					"socket":	5,
					"start":	60.000077,
					"end":	80.000085,
					"seconds":	20.000007629394531,
					"bytes":	2354184192,
					"bits_per_second":	941673317.580137,
					"retransmits":	0,
					"snd_cwnd":	503904,
					"rtt":	2486,
					"rttvar":	210,
					"pmtu":	9000,
					"omitted":	false,
					"sender":	true
				}],
			"sum":	{
				"start":	60.000077,
				"end":	80.000085,
				"seconds":	20.000007629394531,
				"bytes":	2354184192,
				"bits_per_second":	941673317.580137,
				"retransmits":	0,
				"omitted":	false,
				"sender":	true
			}
		}],
	"end":	{
		"streams":	[{
				"sender":	{
					"socket":	5,
					"start":	0,
					"end":	80.000085,
					"seconds":	80.000085,
					"bytes":	9416605696,
					"bits_per_second":	941659569.086708,
					"retransmits":	0,
					"max_snd_cwnd":	503904,
					"max_rtt":	2486,
					"min_rtt":	2226,
					"mean_rtt":	2356,
					"sender":	true
				},
				"receiver":	{
					"socket":	5,
					"start":	0,
					"end":	80.044929027557373,
					"seconds":	80.000085,
					"bytes":	9414852896,
					"bits_per_second":	940956836.15472627,
					"sender":	true
				}
			}],
		"sum_sent":	{
			"start":	0,
			"end":	80.000085,
			"seconds":	80.000085,
			"bytes":	9416605696,
			"bits_per_second":	941659569.086708,
			"retransmits":	0,
			"sender":	true
		},
		"sum_received":	{
			"start":	0,
			"end":	80.044929027557373,
			"seconds":	80.044929027557373,
			"bytes":	9414852896,
			"bits_per_second":	940956836.15472627,
			"sender":	true
		},
		"cpu_utilization_percent":	{
			"host_total":	8.7631789210232469,
			"host_user":	0.272666750265358,
			"host_system":	8.49051341936923,
			"remote_total":	26.540815882967262,
			"remote_user":	2.7284235442960281,
			"remote_system":	23.812391090631952
		},
		"sender_tcp_congestion":	"cubic",
		"receiver_tcp_congestion":	"cubic"
	}
}
