{
	"start":	{
		"connected":	[{
				"socket":	5,
				"local_host":	"10.10.10.2",
				"local_port":	53150,
				"remote_host":	"10.10.10.4",
				"remote_port":	5201
			}],
		"version":	"iperf 3.9",
		"system_info":	"Linux zelda 5.10.0-18-amd64 #1 SMP Debian 5.10.140-1 (2022-09-02) x86_64",
		"timestamp":	{
			"time":	"Wed, 31 Jan 2024 12:12:16 GMT",
			"timesecs":	1706703136
		},
		"connecting_to":	{
			"host":	"10.10.10.4",
			"port":	5201
		},
		"cookie":	"pvt7hwhmzxf4hmzdcf4erver5nez5azmd4vy",
		"tcp_mss_default":	1448,
		"target_bitrate":	9000000000,
		"sock_bufsize":	0,
		"sndbuf_actual":	1000000,
		"rcvbuf_actual":	1000000,
		"test_start":	{
			"protocol":	"TCP",
			"num_streams":	1,
			"blksize":	131072,
			"omit":	0,
			"duration":	20,
			"bytes":	0,
			"blocks":	0,
			"reverse":	0,
			"tos":	0
		}
	},
	"intervals":	[{
			"streams":	[{
					"socket":	5,
					"start":	0,
					"end":	20.000098,
					"seconds":	20.000097274780273,
					"bytes":	2355494912,
					"bits_per_second":	942193382.21728849,
					"retransmits":	0,
					"snd_cwnd":	463360,
					"rtt":	2181,
					"rttvar":	144,
					"pmtu":	9000,
					"omitted":	false,
					"sender":	true
				}],
			"sum":	{
				"start":	0,
				"end":	20.000098,
				"seconds":	20.000097274780273,
				"bytes":	2355494912,
				"bits_per_second":	942193382.21728849,
				"retransmits":	0,
				"omitted":	false,
				"sender":	true
			}
		}],
	"end":	{
		"streams":	[{
				"sender":	{
					"socket":	5,
					"start":	0,
					"end":	20.000098,
					"seconds":	20.000098,
					"bytes":	2355494912,
					"bits_per_second":	942193348.05259442,
					"retransmits":	0,
					"max_snd_cwnd":	463360,
					"max_rtt":	2181,
					"min_rtt":	2181,
					"mean_rtt":	2181,
					"sender":	true
				},
				"receiver":	{
					"socket":	5,
					"start":	0,
					"end":	20.047482967376709,
					"seconds":	20.000098,
					"bytes":	2353882584,
					"bits_per_second":	939322941.5704608,
					"sender":	true
				}
			}],
		"sum_sent":	{
			"start":	0,
			"end":	20.000098,
			"seconds":	20.000098,
			"bytes":	2355494912,
			"bits_per_second":	942193348.05259442,
			"retransmits":	0,
			"sender":	true
		},
		"sum_received":	{
			"start":	0,
			"end":	20.047482967376709,
			"seconds":	20.047482967376709,
			"bytes":	2353882584,
			"bits_per_second":	939322941.5704608,
			"sender":	true
		},
		"cpu_utilization_percent":	{
			"host_total":	18.690521183421914,
			"host_user":	0.70391152493291465,
			"host_system":	17.986604680999942,
			"remote_total":	22.833303910026991,
			"remote_user":	1.4621404031816125,
			"remote_system":	21.371158538091141
		},
		"sender_tcp_congestion":	"cubic",
		"receiver_tcp_congestion":	"cubic"
	}
}
