{
	"start":	{
		"connected":	[{
				"socket":	5,
				"local_host":	"10.10.10.2",
				"local_port":	57544,
				"remote_host":	"10.10.10.4",
				"remote_port":	5201
			}],
		"version":	"iperf 3.9",
		"system_info":	"Linux zelda 5.10.0-18-amd64 #1 SMP Debian 5.10.140-1 (2022-09-02) x86_64",
		"timestamp":	{
			"time":	"Wed, 31 Jan 2024 11:21:26 GMT",
			"timesecs":	1706700086
		},
		"connecting_to":	{
			"host":	"10.10.10.4",
			"port":	5201
		},
		"cookie":	"ld4c4rtnjepwammllm2xgnjwvz6h4nm4i6yp",
		"tcp_mss_default":	1448,
		"target_bitrate":	8000000000,
		"sock_bufsize":	0,
		"sndbuf_actual":	1000000,
		"rcvbuf_actual":	1000000,
		"test_start":	{
			"protocol":	"TCP",
			"num_streams":	1,
			"blksize":	131072,
			"omit":	0,
			"duration":	70,
			"bytes":	0,
			"blocks":	0,
			"reverse":	0,
			"tos":	0
		}
	},
	"intervals":	[{
			"streams":	[{
					"socket":	5,
					"start":	0,
					"end":	60.000087,
					"seconds":	60.0000877380371,
					"bytes":	7063076864,
					"bits_per_second":	941742204.756458,
					"retransmits":	0,
					"snd_cwnd":	499560,
					"rtt":	2577,
					"rttvar":	291,
					"pmtu":	9000,
					"omitted":	false,
					"sender":	true
				}],
			"sum":	{
				"start":	0,
				"end":	60.000087,
				"seconds":	60.0000877380371,
				"bytes":	7063076864,
				"bits_per_second":	941742204.756458,
				"retransmits":	0,
				"omitted":	false,
				"sender":	true
			}
		}, {
			"streams":	[{
					"socket":	5,
					"start":	60.000087,
					"end":	70.000074,
					"seconds":	9.99998664855957,
					"bytes":	1176764416,
					"bits_per_second":	941412789.721678,
					"retransmits":	0,
					"snd_cwnd":	499560,
					"rtt":	2226,
					"rttvar":	116,
					"pmtu":	9000,
					"omitted":	false,
					"sender":	true
				}],
			"sum":	{
				"start":	60.000087,
				"end":	70.000074,
				"seconds":	9.99998664855957,
				"bytes":	1176764416,
				"bits_per_second":	941412789.721678,
				"retransmits":	0,
				"omitted":	false,
				"sender":	true
			}
		}],
	"end":	{
		"streams":	[{
				"sender":	{
					"socket":	5,
					"start":	0,
					"end":	70.000074,
					"seconds":	70.000074,
					"bytes":	8239841280,
					"bits_per_second":	941695150.779412,
					"retransmits":	0,
					"max_snd_cwnd":	499560,
					"max_rtt":	2577,
					"min_rtt":	2226,
					"mean_rtt":	2401,
					"sender":	true
				},
				"receiver":	{
					"socket":	5,
					"start":	0,
					"end":	70.043938875198364,
					"seconds":	70.000074,
					"bytes":	8238138672,
					"bits_per_second":	940910954.38574958,
					"sender":	true
				}
			}],
		"sum_sent":	{
			"start":	0,
			"end":	70.000074,
			"seconds":	70.000074,
			"bytes":	8239841280,
			"bits_per_second":	941695150.779412,
			"retransmits":	0,
			"sender":	true
		},
		"sum_received":	{
			"start":	0,
			"end":	70.043938875198364,
			"seconds":	70.043938875198364,
			"bytes":	8238138672,
			"bits_per_second":	940910954.38574958,
			"sender":	true
		},
		"cpu_utilization_percent":	{
			"host_total":	18.979573028704959,
			"host_user":	0.80012118975361,
			"host_system":	18.179451838951351,
			"remote_total":	27.224133789987587,
			"remote_user":	2.3543628794978733,
			"remote_system":	24.869769484407776
		},
		"sender_tcp_congestion":	"cubic",
		"receiver_tcp_congestion":	"cubic"
	}
}
