{
	"start":	{
		"connected":	[{
				"socket":	5,
				"local_host":	"10.10.10.2",
				"local_port":	49522,
				"remote_host":	"10.10.10.4",
				"remote_port":	5201
			}],
		"version":	"iperf 3.9",
		"system_info":	"Linux zelda 5.10.0-18-amd64 #1 SMP Debian 5.10.140-1 (2022-09-02) x86_64",
		"timestamp":	{
			"time":	"Tue, 30 Jan 2024 17:50:27 GMT",
			"timesecs":	1706637027
		},
		"connecting_to":	{
			"host":	"10.10.10.4",
			"port":	5201
		},
		"cookie":	"x6ik2kwn4c23vbpxzfwqhvfzdeivu5pvtc24",
		"tcp_mss_default":	1448,
		"target_bitrate":	7000000000,
		"sock_bufsize":	0,
		"sndbuf_actual":	1000000,
		"rcvbuf_actual":	1000000,
		"test_start":	{
			"protocol":	"TCP",
			"num_streams":	1,
			"blksize":	131072,
			"omit":	0,
			"duration":	50,
			"bytes":	0,
			"blocks":	0,
			"reverse":	0,
			"tos":	0
		}
	},
	"intervals":	[{
			"streams":	[{
					"socket":	5,
					"start":	0,
					"end":	50.000078,
					"seconds":	50.000076293945312,
					"bytes":	5884608512,
					"bits_per_second":	941535925.250192,
					"retransmits":	69,
					"snd_cwnd":	419920,
					"rtt":	2216,
					"rttvar":	105,
					"pmtu":	9000,
					"omitted":	false,
					"sender":	true
				}],
			"sum":	{
				"start":	0,
				"end":	50.000078,
				"seconds":	50.000076293945312,
				"bytes":	5884608512,
				"bits_per_second":	941535925.250192,
				"retransmits":	69,
				"omitted":	false,
				"sender":	true
			}
		}],
	"end":	{
		"streams":	[{
				"sender":	{
					"socket":	5,
					"start":	0,
					"end":	50.000078,
					"seconds":	50.000078,
					"bytes":	5884608512,
					"bits_per_second":	941535893.12400663,
					"retransmits":	69,
					"max_snd_cwnd":	419920,
					"max_rtt":	2216,
					"min_rtt":	2216,
					"mean_rtt":	2216,
					"sender":	true
				},
				"receiver":	{
					"socket":	5,
					"start":	0,
					"end":	50.043913841247559,
					"seconds":	50.000078,
					"bytes":	5883017688,
					"bits_per_second":	940456848.624986,
					"sender":	true
				}
			}],
		"sum_sent":	{
			"start":	0,
			"end":	50.000078,
			"seconds":	50.000078,
			"bytes":	5884608512,
			"bits_per_second":	941535893.12400663,
			"retransmits":	69,
			"sender":	true
		},
		"sum_received":	{
			"start":	0,
			"end":	50.043913841247559,
			"seconds":	50.043913841247559,
			"bytes":	5883017688,
			"bits_per_second":	940456848.624986,
			"sender":	true
		},
		"cpu_utilization_percent":	{
			"host_total":	16.293722113610926,
			"host_user":	0.61642669572095632,
			"host_system":	15.677295417889969,
			"remote_total":	27.260294449721243,
			"remote_user":	2.460322427154884,
			"remote_system":	24.799970027598189
		},
		"sender_tcp_congestion":	"cubic",
		"receiver_tcp_congestion":	"cubic"
	}
}
