{
	"start":	{
		"connected":	[{
				"socket":	5,
				"local_host":	"10.10.10.2",
				"local_port":	44270,
				"remote_host":	"10.10.10.4",
				"remote_port":	5201
			}],
		"version":	"iperf 3.9",
		"system_info":	"Linux zelda 5.10.0-18-amd64 #1 SMP Debian 5.10.140-1 (2022-09-02) x86_64",
		"timestamp":	{
			"time":	"Mon, 29 Jan 2024 23:17:35 GMT",
			"timesecs":	1706570255
		},
		"connecting_to":	{
			"host":	"10.10.10.4",
			"port":	5201
		},
		"cookie":	"t2pb7rvy45dscdfh7d37gfsrdjizn62you7o",
		"tcp_mss_default":	1448,
		"target_bitrate":	9000000000,
		"sock_bufsize":	0,
		"sndbuf_actual":	1000000,
		"rcvbuf_actual":	1000000,
		"test_start":	{
			"protocol":	"TCP",
			"num_streams":	1,
			"blksize":	131072,
			"omit":	0,
			"duration":	30,
			"bytes":	0,
			"blocks":	0,
			"reverse":	0,
			"tos":	0
		}
	},
	"intervals":	[{
			"streams":	[{
					"socket":	5,
					"start":	0,
					"end":	30.00003,
					"seconds":	30.000030517578125,
					"bytes":	3532128256,
					"bits_per_second":	941899910.11653018,
					"retransmits":	0,
					"snd_cwnd":	386616,
					"rtt":	2181,
					"rttvar":	145,
					"pmtu":	9000,
					"omitted":	false,
					"sender":	true
				}],
			"sum":	{
				"start":	0,
				"end":	30.00003,
				"seconds":	30.000030517578125,
				"bytes":	3532128256,
				"bits_per_second":	941899910.11653018,
				"retransmits":	0,
				"omitted":	false,
				"sender":	true
			}
		}],
	"end":	{
		"streams":	[{
				"sender":	{
					"socket":	5,
					"start":	0,
					"end":	30.00003,
					"seconds":	30.00003,
					"bytes":	3532128256,
					"bits_per_second":	941899926.36674035,
					"retransmits":	0,
					"max_snd_cwnd":	386616,
					"max_rtt":	2181,
					"min_rtt":	2181,
					"mean_rtt":	2181,
					"sender":	true
				},
				"receiver":	{
					"socket":	5,
					"start":	0,
					"end":	30.043850898742676,
					"seconds":	30.00003,
					"bytes":	3530719632,
					"bits_per_second":	940151019.62784922,
					"sender":	true
				}
			}],
		"sum_sent":	{
			"start":	0,
			"end":	30.00003,
			"seconds":	30.00003,
			"bytes":	3532128256,
			"bits_per_second":	941899926.36674035,
			"retransmits":	0,
			"sender":	true
		},
		"sum_received":	{
			"start":	0,
			"end":	30.043850898742676,
			"seconds":	30.043850898742676,
			"bytes":	3530719632,
			"bits_per_second":	940151019.62784922,
			"sender":	true
		},
		"cpu_utilization_percent":	{
			"host_total":	9.13208461568377,
			"host_user":	0.410071820488334,
			"host_system":	8.722012795195436,
			"remote_total":	23.396323380261862,
			"remote_user":	2.40137588561598,
			"remote_system":	20.994947494645885
		},
		"sender_tcp_congestion":	"cubic",
		"receiver_tcp_congestion":	"cubic"
	}
}
