{
	"start":	{
		"connected":	[{
				"socket":	5,
				"local_host":	"10.10.10.2",
				"local_port":	47664,
				"remote_host":	"10.10.10.4",
				"remote_port":	5201
			}],
		"version":	"iperf 3.9",
		"system_info":	"Linux zelda 5.10.0-18-amd64 #1 SMP Debian 5.10.140-1 (2022-09-02) x86_64",
		"timestamp":	{
			"time":	"Tue, 30 Jan 2024 00:48:46 GMT",
			"timesecs":	1706575726
		},
		"connecting_to":	{
			"host":	"10.10.10.4",
			"port":	5201
		},
		"cookie":	"4wtsm7gi5ndhziat7pgoj4reeyvevcvb5lxv",
		"tcp_mss_default":	1448,
		"target_bitrate":	10000000000,
		"sock_bufsize":	0,
		"sndbuf_actual":	1000000,
		"rcvbuf_actual":	1000000,
		"test_start":	{
			"protocol":	"TCP",
			"num_streams":	1,
			"blksize":	131072,
			"omit":	0,
			"duration":	20,
			"bytes":	0,
			"blocks":	0,
			"reverse":	0,
			"tos":	0
		}
	},
	"intervals":	[{
			"streams":	[{
					"socket":	5,
					"start":	0,
					"end":	20.000077,
					"seconds":	20.000076293945312,
					"bytes":	2355757056,
					"bits_per_second":	942299227.81371224,
					"retransmits":	0,
					"snd_cwnd":	509696,
					"rtt":	2497,
					"rttvar":	206,
					"pmtu":	9000,
					"omitted":	false,
					"sender":	true
				}],
			"sum":	{
				"start":	0,
				"end":	20.000077,
				"seconds":	20.000076293945312,
				"bytes":	2355757056,
				"bits_per_second":	942299227.81371224,
				"retransmits":	0,
				"omitted":	false,
				"sender":	true
			}
		}],
	"end":	{
		"streams":	[{
				"sender":	{
					"socket":	5,
					"start":	0,
					"end":	20.000077,
					"seconds":	20.000077,
					"bytes":	2355757056,
					"bits_per_second":	942299194.548101,
					"retransmits":	0,
					"max_snd_cwnd":	509696,
					"max_rtt":	2497,
					"min_rtt":	2497,
					"mean_rtt":	2497,
					"sender":	true
				},
				"receiver":	{
					"socket":	5,
					"start":	0,
					"end":	20.04052209854126,
					"seconds":	20.000077,
					"bytes":	2353886592,
					"bits_per_second":	939650805.67290747,
					"sender":	true
				}
			}],
		"sum_sent":	{
			"start":	0,
			"end":	20.000077,
			"seconds":	20.000077,
			"bytes":	2355757056,
			"bits_per_second":	942299194.548101,
			"retransmits":	0,
			"sender":	true
		},
		"sum_received":	{
			"start":	0,
			"end":	20.04052209854126,
			"seconds":	20.04052209854126,
			"bytes":	2353886592,
			"bits_per_second":	939650805.67290747,
			"sender":	true
		},
		"cpu_utilization_percent":	{
			"host_total":	9.4372228113859471,
			"host_user":	0.15233003865809155,
			"host_system":	9.2848927727278543,
			"remote_total":	23.081144315242259,
			"remote_user":	2.54147103824713,
			"remote_system":	20.539673276995131
		},
		"sender_tcp_congestion":	"cubic",
		"receiver_tcp_congestion":	"cubic"
	}
}
