{
	"start":	{
		"connected":	[{
				"socket":	5,
				"local_host":	"10.10.10.2",
				"local_port":	37886,
				"remote_host":	"10.10.10.4",
				"remote_port":	5201
			}],
		"version":	"iperf 3.9",
		"system_info":	"Linux zelda 5.10.0-18-amd64 #1 SMP Debian 5.10.140-1 (2022-09-02) x86_64",
		"timestamp":	{
			"time":	"Tue, 30 Jan 2024 14:18:45 GMT",
			"timesecs":	1706624325
		},
		"connecting_to":	{
			"host":	"10.10.10.4",
			"port":	5201
		},
		"cookie":	"eq2cw3jnqduh4mgiogolx76bqrsin2yhnl6h",
		"tcp_mss_default":	1448,
		"target_bitrate":	4000000000,
		"sock_bufsize":	0,
		"sndbuf_actual":	1000000,
		"rcvbuf_actual":	1000000,
		"test_start":	{
			"protocol":	"TCP",
			"num_streams":	1,
			"blksize":	131072,
			"omit":	0,
			"duration":	100,
			"bytes":	0,
			"blocks":	0,
			"reverse":	0,
			"tos":	0
		}
	},
	"intervals":	[{
			"streams":	[{
					"socket":	5,
					"start":	0,
					"end":	60.000087,
					"seconds":	60.0000877380371,
					"bytes":	7063076864,
					"bits_per_second":	941742204.756458,
					"retransmits":	0,
					"snd_cwnd":	511144,
					"rtt":	2234,
					"rttvar":	105,
					"pmtu":	9000,
					"omitted":	false,
					"sender":	true
				}],
			"sum":	{
				"start":	0,
				"end":	60.000087,
				"seconds":	60.0000877380371,
				"bytes":	7063076864,
				"bits_per_second":	941742204.756458,
				"retransmits":	0,
				"omitted":	false,
				"sender":	true
			}
		}, {
			"streams":	[{
					"socket":	5,
					"start":	60.000087,
					"end":	100.000083,
					"seconds":	39.999996185302734,
					"bytes":	4707319808,
					"bits_per_second":	941464051.38500857,
					"retransmits":	0,
					"snd_cwnd":	511144,
					"rtt":	2272,
					"rttvar":	106,
					"pmtu":	9000,
					"omitted":	false,
					"sender":	true
				}],
			"sum":	{
				"start":	60.000087,
				"end":	100.000083,
				"seconds":	39.999996185302734,
				"bytes":	4707319808,
				"bits_per_second":	941464051.38500857,
				"retransmits":	0,
				"omitted":	false,
				"sender":	true
			}
		}],
	"end":	{
		"streams":	[{
				"sender":	{
					"socket":	5,
					"start":	0,
					"end":	100.000083,
					"seconds":	100.000083,
					"bytes":	11770396672,
					"bits_per_second":	941630952.20630968,
					"retransmits":	0,
					"max_snd_cwnd":	511144,
					"max_rtt":	2272,
					"min_rtt":	2234,
					"mean_rtt":	2253,
					"sender":	true
				},
				"receiver":	{
					"socket":	5,
					"start":	0,
					"end":	100.04429793357849,
					"seconds":	100.000083,
					"bytes":	11768700056,
					"bits_per_second":	941079125.87389934,
					"sender":	true
				}
			}],
		"sum_sent":	{
			"start":	0,
			"end":	100.000083,
			"seconds":	100.000083,
			"bytes":	11770396672,
			"bits_per_second":	941630952.20630968,
			"retransmits":	0,
			"sender":	true
		},
		"sum_received":	{
			"start":	0,
			"end":	100.04429793357849,
			"seconds":	100.04429793357849,
			"bytes":	11768700056,
			"bits_per_second":	941079125.87389934,
			"sender":	true
		},
		"cpu_utilization_percent":	{
			"host_total":	16.067120774502264,
			"host_user":	0.69339444075066958,
			"host_system":	15.373727332909265,
			"remote_total":	25.374405680814387,
			"remote_user":	2.285761890233994,
			"remote_system":	23.088642791804357
		},
		"sender_tcp_congestion":	"cubic",
		"receiver_tcp_congestion":	"cubic"
	}
}
