{
	"start":	{
		"connected":	[{
				"socket":	5,
				"local_host":	"10.10.10.2",
				"local_port":	39322,
				"remote_host":	"10.10.10.4",
				"remote_port":	5201
			}],
		"version":	"iperf 3.9",
		"system_info":	"Linux zelda 5.10.0-18-amd64 #1 SMP Debian 5.10.140-1 (2022-09-02) x86_64",
		"timestamp":	{
			"time":	"Wed, 31 Jan 2024 01:23:07 GMT",
			"timesecs":	1706664187
		},
		"connecting_to":	{
			"host":	"10.10.10.4",
			"port":	5201
		},
		"cookie":	"7g7nd3w2kwskbuplp2ntjdpqubotfvnn43y7",
		"tcp_mss_default":	1448,
		"target_bitrate":	1000000000,
		"sock_bufsize":	0,
		"sndbuf_actual":	1000000,
		"rcvbuf_actual":	1000000,
		"test_start":	{
			"protocol":	"TCP",
			"num_streams":	1,
			"blksize":	131072,
			"omit":	0,
			"duration":	100,
			"bytes":	0,
			"blocks":	0,
			"reverse":	0,
			"tos":	0
		}
	},
	"intervals":	[{
			"streams":	[{
					"socket":	5,
					"start":	0,
					"end":	60.000139,
					"seconds":	60.000137329101562,
					"bytes":	7062159360,
					"bits_per_second":	941619092.804933,
					"retransmits":	0,
					"snd_cwnd":	466256,
					"rtt":	2194,
					"rttvar":	141,
					"pmtu":	9000,
					"omitted":	false,
					"sender":	true
				}],
			"sum":	{
				"start":	0,
				"end":	60.000139,
				"seconds":	60.000137329101562,
				"bytes":	7062159360,
				"bits_per_second":	941619092.804933,
				"retransmits":	0,
				"omitted":	false,
				"sender":	true
			}
		}, {
			"streams":	[{
					"socket":	5,
					"start":	60.000139,
					"end":	100.000079,
					"seconds":	39.99993896484375,
					"bytes":	4708237312,
					"bits_per_second":	941648899.24219251,
					"retransmits":	0,
					"snd_cwnd":	713864,
					"rtt":	2766,
					"rttvar":	106,
					"pmtu":	9000,
					"omitted":	false,
					"sender":	true
				}],
			"sum":	{
				"start":	60.000139,
				"end":	100.000079,
				"seconds":	39.99993896484375,
				"bytes":	4708237312,
				"bits_per_second":	941648899.24219251,
				"retransmits":	0,
				"omitted":	false,
				"sender":	true
			}
		}],
	"end":	{
		"streams":	[{
				"sender":	{
					"socket":	5,
					"start":	0,
					"end":	100.000079,
					"seconds":	100.000079,
					"bytes":	11770396672,
					"bits_per_second":	941630989.871518,
					"retransmits":	0,
					"max_snd_cwnd":	713864,
					"max_rtt":	2766,
					"min_rtt":	2194,
					"mean_rtt":	2480,
					"sender":	true
				},
				"receiver":	{
					"socket":	5,
					"start":	0,
					"end":	100.04340600967407,
					"seconds":	100.000079,
					"bytes":	11767925712,
					"bits_per_second":	941025595.299069,
					"sender":	true
				}
			}],
		"sum_sent":	{
			"start":	0,
			"end":	100.000079,
			"seconds":	100.000079,
			"bytes":	11770396672,
			"bits_per_second":	941630989.871518,
			"retransmits":	0,
			"sender":	true
		},
		"sum_received":	{
			"start":	0,
			"end":	100.04340600967407,
			"seconds":	100.04340600967407,
			"bytes":	11767925712,
			"bits_per_second":	941025595.299069,
			"sender":	true
		},
		"cpu_utilization_percent":	{
			"host_total":	18.877840380272133,
			"host_user":	0.69898798899249259,
			"host_system":	18.178851392115885,
			"remote_total":	24.080980418598045,
			"remote_user":	2.2136361184272384,
			"remote_system":	21.867343301355632
		},
		"sender_tcp_congestion":	"cubic",
		"receiver_tcp_congestion":	"cubic"
	}
}
