{
	"start":	{
		"connected":	[{
				"socket":	5,
				"local_host":	"10.10.10.2",
				"local_port":	42778,
				"remote_host":	"10.10.10.4",
				"remote_port":	5201
			}],
		"version":	"iperf 3.9",
		"system_info":	"Linux zelda 5.10.0-18-amd64 #1 SMP Debian 5.10.140-1 (2022-09-02) x86_64",
		"timestamp":	{
			"time":	"Tue, 30 Jan 2024 20:46:27 GMT",
			"timesecs":	1706647587
		},
		"connecting_to":	{
			"host":	"10.10.10.4",
			"port":	5201
		},
		"cookie":	"mbbpz33ybq6kksjwiozigt3qcdma54r23biq",
		"tcp_mss_default":	1448,
		"target_bitrate":	9000000000,
		"sock_bufsize":	0,
		"sndbuf_actual":	1000000,
		"rcvbuf_actual":	1000000,
		"test_start":	{
			"protocol":	"TCP",
			"num_streams":	1,
			"blksize":	131072,
			"omit":	0,
			"duration":	30,
			"bytes":	0,
			"blocks":	0,
			"reverse":	0,
			"tos":	0
		}
	},
	"intervals":	[{
			"streams":	[{
					"socket":	5,
					"start":	0,
					"end":	30.000081,
					"seconds":	30.000080108642578,
					"bytes":	3532390400,
					"bits_per_second":	941968258.00671661,
					"retransmits":	0,
					"snd_cwnd":	473496,
					"rtt":	2263,
					"rttvar":	152,
					"pmtu":	9000,
					"omitted":	false,
					"sender":	true
				}],
			"sum":	{
				"start":	0,
				"end":	30.000081,
				"seconds":	30.000080108642578,
				"bytes":	3532390400,
				"bits_per_second":	941968258.00671661,
				"retransmits":	0,
				"omitted":	false,
				"sender":	true
			}
		}],
	"end":	{
		"streams":	[{
				"sender":	{
					"socket":	5,
					"start":	0,
					"end":	30.000081,
					"seconds":	30.000081,
					"bytes":	3532390400,
					"bits_per_second":	941968230.01911223,
					"retransmits":	0,
					"max_snd_cwnd":	473496,
					"max_rtt":	2263,
					"min_rtt":	2263,
					"mean_rtt":	2263,
					"sender":	true
				},
				"receiver":	{
					"socket":	5,
					"start":	0,
					"end":	30.044075965881348,
					"seconds":	30.000081,
					"bytes":	3530741688,
					"bits_per_second":	940149849.71002758,
					"sender":	true
				}
			}],
		"sum_sent":	{
			"start":	0,
			"end":	30.000081,
			"seconds":	30.000081,
			"bytes":	3532390400,
			"bits_per_second":	941968230.01911223,
			"retransmits":	0,
			"sender":	true
		},
		"sum_received":	{
			"start":	0,
			"end":	30.044075965881348,
			"seconds":	30.044075965881348,
			"bytes":	3530741688,
			"bits_per_second":	940149849.71002758,
			"sender":	true
		},
		"cpu_utilization_percent":	{
			"host_total":	16.121628976073218,
			"host_user":	0.58258441264855243,
			"host_system":	15.539047887369076,
			"remote_total":	25.760690829748405,
			"remote_user":	2.4530060692971327,
			"remote_system":	23.307681440176029
		},
		"sender_tcp_congestion":	"cubic",
		"receiver_tcp_congestion":	"cubic"
	}
}
