{
	"start":	{
		"connected":	[{
				"socket":	5,
				"local_host":	"10.10.10.2",
				"local_port":	58296,
				"remote_host":	"10.10.10.4",
				"remote_port":	5201
			}],
		"version":	"iperf 3.9",
		"system_info":	"Linux zelda 5.10.0-18-amd64 #1 SMP Debian 5.10.140-1 (2022-09-02) x86_64",
		"timestamp":	{
			"time":	"Wed, 31 Jan 2024 10:08:08 GMT",
			"timesecs":	1706695688
		},
		"connecting_to":	{
			"host":	"10.10.10.4",
			"port":	5201
		},
		"cookie":	"monuocc4bndfzpmq5dtrucp5ycibsiqeht4b",
		"tcp_mss_default":	1448,
		"target_bitrate":	7000000000,
		"sock_bufsize":	0,
		"sndbuf_actual":	1000000,
		"rcvbuf_actual":	1000000,
		"test_start":	{
			"protocol":	"TCP",
			"num_streams":	1,
			"blksize":	131072,
			"omit":	0,
			"duration":	90,
			"bytes":	0,
			"blocks":	0,
			"reverse":	0,
			"tos":	0
		}
	},
	"intervals":	[{
			"streams":	[{
					"socket":	5,
					"start":	0,
					"end":	60.000194,
					"seconds":	60.000194549560547,
					"bytes":	7063863296,
					"bits_per_second":	941845385.53990233,
					"retransmits":	0,
					"snd_cwnd":	765992,
					"rtt":	2786,
					"rttvar":	109,
					"pmtu":	9000,
					"omitted":	false,
					"sender":	true
				}],
			"sum":	{
				"start":	0,
				"end":	60.000194,
				"seconds":	60.000194549560547,
				"bytes":	7063863296,
				"bits_per_second":	941845385.53990233,
				"retransmits":	0,
				"omitted":	false,
				"sender":	true
			}
		}, {
			"streams":	[{
					"socket":	5,
					"start":	60.000194,
					"end":	90.000073,
					"seconds":	29.999879837036133,
					"bytes":	3530424320,
					"bits_per_second":	941450256.24843752,
					"retransmits":	0,
					"snd_cwnd":	765992,
					"rtt":	2814,
					"rttvar":	146,
					"pmtu":	9000,
					"omitted":	false,
					"sender":	true
				}],
			"sum":	{
				"start":	60.000194,
				"end":	90.000073,
				"seconds":	29.999879837036133,
				"bytes":	3530424320,
				"bits_per_second":	941450256.24843752,
				"retransmits":	0,
				"omitted":	false,
				"sender":	true
			}
		}],
	"end":	{
		"streams":	[{
				"sender":	{
					"socket":	5,
					"start":	0,
					"end":	90.000073,
					"seconds":	90.000073,
					"bytes":	10594287616,
					"bits_per_second":	941713690.92111731,
					"retransmits":	0,
					"max_snd_cwnd":	765992,
					"max_rtt":	2814,
					"min_rtt":	2786,
					"mean_rtt":	2800,
					"sender":	true
				},
				"receiver":	{
					"socket":	5,
					"start":	0,
					"end":	90.043931007385254,
					"seconds":	90.000073,
					"bytes":	10591842400,
					"bits_per_second":	941037760.70205331,
					"sender":	true
				}
			}],
		"sum_sent":	{
			"start":	0,
			"end":	90.000073,
			"seconds":	90.000073,
			"bytes":	10594287616,
			"bits_per_second":	941713690.92111731,
			"retransmits":	0,
			"sender":	true
		},
		"sum_received":	{
			"start":	0,
			"end":	90.043931007385254,
			"seconds":	90.043931007385254,
			"bytes":	10591842400,
			"bits_per_second":	941037760.70205331,
			"sender":	true
		},
		"cpu_utilization_percent":	{
			"host_total":	18.696111200957731,
			"host_user":	0.71361550272608965,
			"host_system":	17.98249458817665,
			"remote_total":	24.916084144144047,
			"remote_user":	2.6128095474064845,
			"remote_system":	22.303273487088067
		},
		"sender_tcp_congestion":	"cubic",
		"receiver_tcp_congestion":	"cubic"
	}
}
