{
	"start":	{
		"connected":	[{
				"socket":	5,
				"local_host":	"10.10.10.2",
				"local_port":	47192,
				"remote_host":	"10.10.10.4",
				"remote_port":	5201
			}],
		"version":	"iperf 3.9",
		"system_info":	"Linux zelda 5.10.0-18-amd64 #1 SMP Debian 5.10.140-1 (2022-09-02) x86_64",
		"timestamp":	{
			"time":	"Tue, 30 Jan 2024 20:39:13 GMT",
			"timesecs":	1706647153
		},
		"connecting_to":	{
			"host":	"10.10.10.4",
			"port":	5201
		},
		"cookie":	"57lnw2tsqpdxzyrerrwsw2mgvk2sgxrkbxke",
		"tcp_mss_default":	1448,
		"target_bitrate":	9000000000,
		"sock_bufsize":	0,
		"sndbuf_actual":	1000000,
		"rcvbuf_actual":	1000000,
		"test_start":	{
			"protocol":	"TCP",
			"num_streams":	1,
			"blksize":	131072,
			"omit":	0,
			"duration":	20,
			"bytes":	0,
			"blocks":	0,
			"reverse":	0,
			"tos":	0
		}
	},
	"intervals":	[{
			"streams":	[{
					"socket":	5,
					"start":	0,
					"end":	20.000064,
					"seconds":	20.000064849853516,
					"bytes":	2355757056,
					"bits_per_second":	942299766.999907,
					"retransmits":	0,
					"snd_cwnd":	528520,
					"rtt":	2784,
					"rttvar":	151,
					"pmtu":	9000,
					"omitted":	false,
					"sender":	true
				}],
			"sum":	{
				"start":	0,
				"end":	20.000064,
				"seconds":	20.000064849853516,
				"bytes":	2355757056,
				"bits_per_second":	942299766.999907,
				"retransmits":	0,
				"omitted":	false,
				"sender":	true
			}
		}],
	"end":	{
		"streams":	[{
				"sender":	{
					"socket":	5,
					"start":	0,
					"end":	20.000064,
					"seconds":	20.000064,
					"bytes":	2355757056,
					"bits_per_second":	942299807.04061759,
					"retransmits":	0,
					"max_snd_cwnd":	528520,
					"max_rtt":	2784,
					"min_rtt":	2784,
					"mean_rtt":	2784,
					"sender":	true
				},
				"receiver":	{
					"socket":	5,
					"start":	0,
					"end":	20.043939113616943,
					"seconds":	20.000064,
					"bytes":	2353892720,
					"bits_per_second":	939493063.37729669,
					"sender":	true
				}
			}],
		"sum_sent":	{
			"start":	0,
			"end":	20.000064,
			"seconds":	20.000064,
			"bytes":	2355757056,
			"bits_per_second":	942299807.04061759,
			"retransmits":	0,
			"sender":	true
		},
		"sum_received":	{
			"start":	0,
			"end":	20.043939113616943,
			"seconds":	20.043939113616943,
			"bytes":	2353892720,
			"bits_per_second":	939493063.37729669,
			"sender":	true
		},
		"cpu_utilization_percent":	{
			"host_total":	16.486978117082806,
			"host_user":	0.62653209422328127,
			"host_system":	15.860441043981172,
			"remote_total":	21.910304560868937,
			"remote_user":	1.9776567497405289,
			"remote_system":	19.932642841367414
		},
		"sender_tcp_congestion":	"cubic",
		"receiver_tcp_congestion":	"cubic"
	}
}
