{
	"start":	{
		"connected":	[{
				"socket":	5,
				"local_host":	"10.10.10.2",
				"local_port":	51476,
				"remote_host":	"10.10.10.4",
				"remote_port":	5201
			}],
		"version":	"iperf 3.9",
		"system_info":	"Linux zelda 5.10.0-18-amd64 #1 SMP Debian 5.10.140-1 (2022-09-02) x86_64",
		"timestamp":	{
			"time":	"Tue, 30 Jan 2024 17:33:29 GMT",
			"timesecs":	1706636009
		},
		"connecting_to":	{
			"host":	"10.10.10.4",
			"port":	5201
		},
		"cookie":	"7bq5lgzcf66mkchddgzxlwa7gj6p452xora2",
		"tcp_mss_default":	1448,
		"target_bitrate":	7000000000,
		"sock_bufsize":	0,
		"sndbuf_actual":	1000000,
		"rcvbuf_actual":	1000000,
		"test_start":	{
			"protocol":	"TCP",
			"num_streams":	1,
			"blksize":	131072,
			"omit":	0,
			"duration":	10,
			"bytes":	0,
			"blocks":	0,
			"reverse":	0,
			"tos":	0
		}
	},
	"intervals":	[{
			"streams":	[{
					"socket":	5,
					"start":	0,
					"end":	10.000075,
					"seconds":	10.000075340270996,
					"bytes":	1178468352,
					"bits_per_second":	942767578.763513,
					"retransmits":	0,
					"snd_cwnd":	414128,
					"rtt":	2181,
					"rttvar":	145,
					"pmtu":	9000,
					"omitted":	false,
					"sender":	true
				}],
			"sum":	{
				"start":	0,
				"end":	10.000075,
				"seconds":	10.000075340270996,
				"bytes":	1178468352,
				"bits_per_second":	942767578.763513,
				"retransmits":	0,
				"omitted":	false,
				"sender":	true
			}
		}],
	"end":	{
		"streams":	[{
				"sender":	{
					"socket":	5,
					"start":	0,
					"end":	10.000075,
					"seconds":	10.000075,
					"bytes":	1178468352,
					"bits_per_second":	942767610.84291863,
					"retransmits":	0,
					"max_snd_cwnd":	414128,
					"max_rtt":	2181,
					"min_rtt":	2181,
					"mean_rtt":	2181,
					"sender":	true
				},
				"receiver":	{
					"socket":	5,
					"start":	0,
					"end":	10.043689966201782,
					"seconds":	10.000075,
					"bytes":	1177041968,
					"bits_per_second":	937537476.33460367,
					"sender":	true
				}
			}],
		"sum_sent":	{
			"start":	0,
			"end":	10.000075,
			"seconds":	10.000075,
			"bytes":	1178468352,
			"bits_per_second":	942767610.84291863,
			"retransmits":	0,
			"sender":	true
		},
		"sum_received":	{
			"start":	0,
			"end":	10.043689966201782,
			"seconds":	10.043689966201782,
			"bytes":	1177041968,
			"bits_per_second":	937537476.33460367,
			"sender":	true
		},
		"cpu_utilization_percent":	{
			"host_total":	15.812682291245887,
			"host_user":	0.740668854169878,
			"host_system":	15.072023349933072,
			"remote_total":	25.57453517860624,
			"remote_user":	1.8333909483015407,
			"remote_system":	23.74113435063024
		},
		"sender_tcp_congestion":	"cubic",
		"receiver_tcp_congestion":	"cubic"
	}
}
