{
	"start":	{
		"connected":	[{
				"socket":	5,
				"local_host":	"10.10.10.2",
				"local_port":	50798,
				"remote_host":	"10.10.10.4",
				"remote_port":	5201
			}],
		"version":	"iperf 3.9",
		"system_info":	"Linux zelda 5.10.0-18-amd64 #1 SMP Debian 5.10.140-1 (2022-09-02) x86_64",
		"timestamp":	{
			"time":	"Wed, 31 Jan 2024 08:18:35 GMT",
			"timesecs":	1706689115
		},
		"connecting_to":	{
			"host":	"10.10.10.4",
			"port":	5201
		},
		"cookie":	"dwlyikk75rtvpftlapqemqdufj7nlqiu6jdu",
		"tcp_mss_default":	1448,
		"target_bitrate":	6000000000,
		"sock_bufsize":	0,
		"sndbuf_actual":	1000000,
		"rcvbuf_actual":	1000000,
		"test_start":	{
			"protocol":	"TCP",
			"num_streams":	1,
			"blksize":	131072,
			"omit":	0,
			"duration":	70,
			"bytes":	0,
			"blocks":	0,
			"reverse":	0,
			"tos":	0
		}
	},
	"intervals":	[{
			"streams":	[{
					"socket":	5,
					"start":	0,
					"end":	60.000165,
					"seconds":	60.000164031982422,
					"bytes":	7063601152,
					"bits_per_second":	941810912.14815021,
					"retransmits":	0,
					"snd_cwnd":	634224,
					"rtt":	2782,
					"rttvar":	143,
					"pmtu":	9000,
					"omitted":	false,
					"sender":	true
				}],
			"sum":	{
				"start":	0,
				"end":	60.000165,
				"seconds":	60.000164031982422,
				"bytes":	7063601152,
				"bits_per_second":	941810912.14815021,
				"retransmits":	0,
				"omitted":	false,
				"sender":	true
			}
		}, {
			"streams":	[{
					"socket":	5,
					"start":	60.000165,
					"end":	70.000085,
					"seconds":	9.99991989135742,
					"bytes":	1176764416,
					"bits_per_second":	941419074.38041461,
					"retransmits":	0,
					"snd_cwnd":	634224,
					"rtt":	2782,
					"rttvar":	123,
					"pmtu":	9000,
					"omitted":	false,
					"sender":	true
				}],
			"sum":	{
				"start":	60.000165,
				"end":	70.000085,
				"seconds":	9.99991989135742,
				"bytes":	1176764416,
				"bits_per_second":	941419074.38041461,
				"retransmits":	0,
				"omitted":	false,
				"sender":	true
			}
		}],
	"end":	{
		"streams":	[{
				"sender":	{
					"socket":	5,
					"start":	0,
					"end":	70.000085,
					"seconds":	70.000085,
					"bytes":	8240365568,
					"bits_per_second":	941754921.35473835,
					"retransmits":	0,
					"max_snd_cwnd":	634224,
					"max_rtt":	2782,
					"min_rtt":	2782,
					"mean_rtt":	2782,
					"sender":	true
				},
				"receiver":	{
					"socket":	5,
					"start":	0,
					"end":	70.04471492767334,
					"seconds":	70.000085,
					"bytes":	8238160728,
					"bits_per_second":	940903048.74611,
					"sender":	true
				}
			}],
		"sum_sent":	{
			"start":	0,
			"end":	70.000085,
			"seconds":	70.000085,
			"bytes":	8240365568,
			"bits_per_second":	941754921.35473835,
			"retransmits":	0,
			"sender":	true
		},
		"sum_received":	{
			"start":	0,
			"end":	70.04471492767334,
			"seconds":	70.04471492767334,
			"bytes":	8238160728,
			"bits_per_second":	940903048.74611,
			"sender":	true
		},
		"cpu_utilization_percent":	{
			"host_total":	18.91337158843422,
			"host_user":	0.72259127691983671,
			"host_system":	18.19078173833659,
			"remote_total":	26.892305679128526,
			"remote_user":	2.4280424993750582,
			"remote_system":	24.464263179753466
		},
		"sender_tcp_congestion":	"cubic",
		"receiver_tcp_congestion":	"cubic"
	}
}
