{
	"start":	{
		"connected":	[{
				"socket":	5,
				"local_host":	"10.10.10.2",
				"local_port":	33702,
				"remote_host":	"10.10.10.4",
				"remote_port":	5201
			}],
		"version":	"iperf 3.9",
		"system_info":	"Linux zelda 5.10.0-18-amd64 #1 SMP Debian 5.10.140-1 (2022-09-02) x86_64",
		"timestamp":	{
			"time":	"Tue, 30 Jan 2024 23:59:21 GMT",
			"timesecs":	1706659161
		},
		"connecting_to":	{
			"host":	"10.10.10.4",
			"port":	5201
		},
		"cookie":	"mwujgcha2gvfymebi7cvdtepbnlncqte3joi",
		"tcp_mss_default":	1448,
		"target_bitrate":	1000000000,
		"sock_bufsize":	0,
		"sndbuf_actual":	1000000,
		"rcvbuf_actual":	1000000,
		"test_start":	{
			"protocol":	"TCP",
			"num_streams":	1,
			"blksize":	131072,
			"omit":	0,
			"duration":	30,
			"bytes":	0,
			"blocks":	0,
			"reverse":	0,
			"tos":	0
		}
	},
	"intervals":	[{
			"streams":	[{
					"socket":	5,
					"start":	0,
					"end":	30.000071,
					"seconds":	30.000070571899414,
					"bytes":	3533176832,
					"bits_per_second":	942178272.156325,
					"retransmits":	0,
					"snd_cwnd":	984640,
					"rtt":	3293,
					"rttvar":	156,
					"pmtu":	9000,
					"omitted":	false,
					"sender":	true
				}],
			"sum":	{
				"start":	0,
				"end":	30.000071,
				"seconds":	30.000070571899414,
				"bytes":	3533176832,
				"bits_per_second":	942178272.156325,
				"retransmits":	0,
				"omitted":	false,
				"sender":	true
			}
		}],
	"end":	{
		"streams":	[{
				"sender":	{
					"socket":	5,
					"start":	0,
					"end":	30.000071,
					"seconds":	30.000071,
					"bytes":	3533176832,
					"bits_per_second":	942178258.71145439,
					"retransmits":	0,
					"max_snd_cwnd":	984640,
					"max_rtt":	3293,
					"min_rtt":	3293,
					"mean_rtt":	3293,
					"sender":	true
				},
				"receiver":	{
					"socket":	5,
					"start":	0,
					"end":	30.045057058334351,
					"seconds":	30.000071,
					"bytes":	3530776664,
					"bits_per_second":	940128462.96674418,
					"sender":	true
				}
			}],
		"sum_sent":	{
			"start":	0,
			"end":	30.000071,
			"seconds":	30.000071,
			"bytes":	3533176832,
			"bits_per_second":	942178258.71145439,
			"retransmits":	0,
			"sender":	true
		},
		"sum_received":	{
			"start":	0,
			"end":	30.045057058334351,
			"seconds":	30.045057058334351,
			"bytes":	3530776664,
			"bits_per_second":	940128462.96674418,
			"sender":	true
		},
		"cpu_utilization_percent":	{
			"host_total":	18.573464279323321,
			"host_user":	0.74430540225994446,
			"host_system":	17.829155553381128,
			"remote_total":	22.188344726542724,
			"remote_user":	2.52830121282423,
			"remote_system":	19.6600435137185
		},
		"sender_tcp_congestion":	"cubic",
		"receiver_tcp_congestion":	"cubic"
	}
}
