{
	"start":	{
		"connected":	[{
				"socket":	5,
				"local_host":	"10.10.10.2",
				"local_port":	48484,
				"remote_host":	"10.10.10.4",
				"remote_port":	5201
			}],
		"version":	"iperf 3.9",
		"system_info":	"Linux zelda 5.10.0-18-amd64 #1 SMP Debian 5.10.140-1 (2022-09-02) x86_64",
		"timestamp":	{
			"time":	"Wed, 31 Jan 2024 14:57:53 GMT",
			"timesecs":	1706713073
		},
		"connecting_to":	{
			"host":	"10.10.10.4",
			"port":	5201
		},
		"cookie":	"6uzd2lzu57vkhy6uduemt7pbj66qty4aklmk",
		"tcp_mss_default":	1448,
		"target_bitrate":	10000000000,
		"sock_bufsize":	0,
		"sndbuf_actual":	1000000,
		"rcvbuf_actual":	1000000,
		"test_start":	{
			"protocol":	"TCP",
			"num_streams":	1,
			"blksize":	131072,
			"omit":	0,
			"duration":	100,
			"bytes":	0,
			"blocks":	0,
			"reverse":	0,
			"tos":	0
		}
	},
	"intervals":	[{
			"streams":	[{
					"socket":	5,
					"start":	0,
					"end":	60.000164,
					"seconds":	60.000164031982422,
					"bytes":	7063339008,
					"bits_per_second":	941775959.71037221,
					"retransmits":	0,
					"snd_cwnd":	564720,
					"rtt":	2235,
					"rttvar":	119,
					"pmtu":	9000,
					"omitted":	false,
					"sender":	true
				}],
			"sum":	{
				"start":	0,
				"end":	60.000164,
				"seconds":	60.000164031982422,
				"bytes":	7063339008,
				"bits_per_second":	941775959.71037221,
				"retransmits":	0,
				"omitted":	false,
				"sender":	true
			}
		}, {
			"streams":	[{
					"socket":	5,
					"start":	60.000164,
					"end":	100.000081,
					"seconds":	39.999916076660156,
					"bytes":	4707844096,
					"bits_per_second":	941570794.69414473,
					"retransmits":	0,
					"snd_cwnd":	887624,
					"rtt":	2841,
					"rttvar":	135,
					"pmtu":	9000,
					"omitted":	false,
					"sender":	true
				}],
			"sum":	{
				"start":	60.000164,
				"end":	100.000081,
				"seconds":	39.999916076660156,
				"bytes":	4707844096,
				"bits_per_second":	941570794.69414473,
				"retransmits":	0,
				"omitted":	false,
				"sender":	true
			}
		}],
	"end":	{
		"streams":	[{
				"sender":	{
					"socket":	5,
					"start":	0,
					"end":	100.000081,
					"seconds":	100.000081,
					"bytes":	11771183104,
					"bits_per_second":	941693885.54795277,
					"retransmits":	0,
					"max_snd_cwnd":	887624,
					"max_rtt":	2841,
					"min_rtt":	2235,
					"mean_rtt":	2538,
					"sender":	true
				},
				"receiver":	{
					"socket":	5,
					"start":	0,
					"end":	100.04542303085327,
					"seconds":	100.000081,
					"bytes":	11768787272,
					"bits_per_second":	941075516.7376796,
					"sender":	true
				}
			}],
		"sum_sent":	{
			"start":	0,
			"end":	100.000081,
			"seconds":	100.000081,
			"bytes":	11771183104,
			"bits_per_second":	941693885.54795277,
			"retransmits":	0,
			"sender":	true
		},
		"sum_received":	{
			"start":	0,
			"end":	100.04542303085327,
			"seconds":	100.04542303085327,
			"bytes":	11768787272,
			"bits_per_second":	941075516.7376796,
			"sender":	true
		},
		"cpu_utilization_percent":	{
			"host_total":	19.832490597751416,
			"host_user":	0.813856235347571,
			"host_system":	19.0186353615509,
			"remote_total":	25.879857760682068,
			"remote_user":	2.3000853616884314,
			"remote_system":	23.579771400225827
		},
		"sender_tcp_congestion":	"cubic",
		"receiver_tcp_congestion":	"cubic"
	}
}
