{
	"start":	{
		"connected":	[{
				"socket":	5,
				"local_host":	"10.10.10.2",
				"local_port":	56606,
				"remote_host":	"10.10.10.4",
				"remote_port":	5201
			}],
		"version":	"iperf 3.9",
		"system_info":	"Linux zelda 5.10.0-18-amd64 #1 SMP Debian 5.10.140-1 (2022-09-02) x86_64",
		"timestamp":	{
			"time":	"Wed, 31 Jan 2024 02:29:34 GMT",
			"timesecs":	1706668174
		},
		"connecting_to":	{
			"host":	"10.10.10.4",
			"port":	5201
		},
		"cookie":	"ga3bupz425ioidbg4twdcexo4um2lo4q53h4",
		"tcp_mss_default":	1448,
		"target_bitrate":	2000000000,
		"sock_bufsize":	0,
		"sndbuf_actual":	1000000,
		"rcvbuf_actual":	1000000,
		"test_start":	{
			"protocol":	"TCP",
			"num_streams":	1,
			"blksize":	131072,
			"omit":	0,
			"duration":	90,
			"bytes":	0,
			"blocks":	0,
			"reverse":	0,
			"tos":	0
		}
	},
	"intervals":	[{
			"streams":	[{
					"socket":	5,
					"start":	0,
					"end":	60.000085,
					"seconds":	60.000083923339844,
					"bytes":	7061635072,
					"bits_per_second":	941550025.96628654,
					"retransmits":	75,
					"snd_cwnd":	525624,
					"rtt":	2240,
					"rttvar":	104,
					"pmtu":	9000,
					"omitted":	false,
					"sender":	true
				}],
			"sum":	{
				"start":	0,
				"end":	60.000085,
				"seconds":	60.000083923339844,
				"bytes":	7061635072,
				"bits_per_second":	941550025.96628654,
				"retransmits":	75,
				"omitted":	false,
				"sender":	true
			}
		}, {
			"streams":	[{
					"socket":	5,
					"start":	60.000085,
					"end":	90.000084,
					"seconds":	29.999998092651367,
					"bytes":	3530555392,
					"bits_per_second":	941481497.7244482,
					"retransmits":	0,
					"snd_cwnd":	525624,
					"rtt":	2216,
					"rttvar":	78,
					"pmtu":	9000,
					"omitted":	false,
					"sender":	true
				}],
			"sum":	{
				"start":	60.000085,
				"end":	90.000084,
				"seconds":	29.999998092651367,
				"bytes":	3530555392,
				"bits_per_second":	941481497.7244482,
				"retransmits":	0,
				"omitted":	false,
				"sender":	true
			}
		}],
	"end":	{
		"streams":	[{
				"sender":	{
					"socket":	5,
					"start":	0,
					"end":	90.000084,
					"seconds":	90.000084,
					"bytes":	10592190464,
					"bits_per_second":	941527162.4857595,
					"retransmits":	75,
					"max_snd_cwnd":	525624,
					"max_rtt":	2240,
					"min_rtt":	2216,
					"mean_rtt":	2228,
					"sender":	true
				},
				"receiver":	{
					"socket":	5,
					"start":	0,
					"end":	90.0428559780121,
					"seconds":	90.000084,
					"bytes":	10590371568,
					"bits_per_second":	940918317.43640864,
					"sender":	true
				}
			}],
		"sum_sent":	{
			"start":	0,
			"end":	90.000084,
			"seconds":	90.000084,
			"bytes":	10592190464,
			"bits_per_second":	941527162.4857595,
			"retransmits":	75,
			"sender":	true
		},
		"sum_received":	{
			"start":	0,
			"end":	90.0428559780121,
			"seconds":	90.0428559780121,
			"bytes":	10590371568,
			"bits_per_second":	940918317.43640864,
			"sender":	true
		},
		"cpu_utilization_percent":	{
			"host_total":	20.477343295074693,
			"host_user":	0.9027832733477037,
			"host_system":	19.5745611317874,
			"remote_total":	25.9439277606253,
			"remote_user":	2.5378620728735988,
			"remote_system":	23.40606457815343
		},
		"sender_tcp_congestion":	"cubic",
		"receiver_tcp_congestion":	"cubic"
	}
}
