{
	"start":	{
		"connected":	[{
				"socket":	5,
				"local_host":	"10.10.10.2",
				"local_port":	50344,
				"remote_host":	"10.10.10.4",
				"remote_port":	5201
			}],
		"version":	"iperf 3.9",
		"system_info":	"Linux zelda 5.10.0-18-amd64 #1 SMP Debian 5.10.140-1 (2022-09-02) x86_64",
		"timestamp":	{
			"time":	"Tue, 30 Jan 2024 00:10:58 GMT",
			"timesecs":	1706573458
		},
		"connecting_to":	{
			"host":	"10.10.10.4",
			"port":	5201
		},
		"cookie":	"dgryyuwx5i4dfy34lltimbggvovadj4phbhc",
		"tcp_mss_default":	1448,
		"target_bitrate":	9000000000,
		"sock_bufsize":	0,
		"sndbuf_actual":	1000000,
		"rcvbuf_actual":	1000000,
		"test_start":	{
			"protocol":	"TCP",
			"num_streams":	1,
			"blksize":	131072,
			"omit":	0,
			"duration":	80,
			"bytes":	0,
			"blocks":	0,
			"reverse":	0,
			"tos":	0
		}
	},
	"intervals":	[{
			"streams":	[{
					"socket":	5,
					"start":	0,
					"end":	60.000074,
					"seconds":	60.000072479248047,
					"bytes":	7062683648,
					"bits_per_second":	941690015.51692975,
					"retransmits":	0,
					"snd_cwnd":	417024,
					"rtt":	2196,
					"rttvar":	116,
					"pmtu":	9000,
					"omitted":	false,
					"sender":	true
				}],
			"sum":	{
				"start":	0,
				"end":	60.000074,
				"seconds":	60.000072479248047,
				"bytes":	7062683648,
				"bits_per_second":	941690015.51692975,
				"retransmits":	0,
				"omitted":	false,
				"sender":	true
			}
		}, {
			"streams":	[{
					"socket":	5,
					"start":	60.000074,
					"end":	80.000078,
					"seconds":	20.000003814697266,
					"bytes":	2353659904,
					"bits_per_second":	941463782.0300343,
					"retransmits":	0,
					"snd_cwnd":	417024,
					"rtt":	2283,
					"rttvar":	146,
					"pmtu":	9000,
					"omitted":	false,
					"sender":	true
				}],
			"sum":	{
				"start":	60.000074,
				"end":	80.000078,
				"seconds":	20.000003814697266,
				"bytes":	2353659904,
				"bits_per_second":	941463782.0300343,
				"retransmits":	0,
				"omitted":	false,
				"sender":	true
			}
		}],
	"end":	{
		"streams":	[{
				"sender":	{
					"socket":	5,
					"start":	0,
					"end":	80.000078,
					"seconds":	80.000078,
					"bytes":	9416343552,
					"bits_per_second":	941633437.10739875,
					"retransmits":	0,
					"max_snd_cwnd":	417024,
					"max_rtt":	2283,
					"min_rtt":	2196,
					"mean_rtt":	2239,
					"sender":	true
				},
				"receiver":	{
					"socket":	5,
					"start":	0,
					"end":	80.040518999099731,
					"seconds":	80.000078,
					"bytes":	9414953224,
					"bits_per_second":	941018708.19762135,
					"sender":	true
				}
			}],
		"sum_sent":	{
			"start":	0,
			"end":	80.000078,
			"seconds":	80.000078,
			"bytes":	9416343552,
			"bits_per_second":	941633437.10739875,
			"retransmits":	0,
			"sender":	true
		},
		"sum_received":	{
			"start":	0,
			"end":	80.040518999099731,
			"seconds":	80.040518999099731,
			"bytes":	9414953224,
			"bits_per_second":	941018708.19762135,
			"sender":	true
		},
		"cpu_utilization_percent":	{
			"host_total":	8.80369708489739,
			"host_user":	0.36269743320260461,
			"host_system":	8.4410009003691,
			"remote_total":	25.835381472156016,
			"remote_user":	2.65855681033341,
			"remote_system":	23.176824661822611
		},
		"sender_tcp_congestion":	"cubic",
		"receiver_tcp_congestion":	"cubic"
	}
}
