{
	"start":	{
		"connected":	[{
				"socket":	5,
				"local_host":	"10.10.10.2",
				"local_port":	59826,
				"remote_host":	"10.10.10.4",
				"remote_port":	5201
			}],
		"version":	"iperf 3.9",
		"system_info":	"Linux zelda 5.10.0-18-amd64 #1 SMP Debian 5.10.140-1 (2022-09-02) x86_64",
		"timestamp":	{
			"time":	"Wed, 31 Jan 2024 06:02:22 GMT",
			"timesecs":	1706680942
		},
		"connecting_to":	{
			"host":	"10.10.10.4",
			"port":	5201
		},
		"cookie":	"pngszscguccsfju7bkaszu3cf2yd6i3aajfn",
		"tcp_mss_default":	1448,
		"target_bitrate":	5000000000,
		"sock_bufsize":	0,
		"sndbuf_actual":	1000000,
		"rcvbuf_actual":	1000000,
		"test_start":	{
			"protocol":	"TCP",
			"num_streams":	1,
			"blksize":	131072,
			"omit":	0,
			"duration":	10,
			"bytes":	0,
			"blocks":	0,
			"reverse":	0,
			"tos":	0
		}
	},
	"intervals":	[{
			"streams":	[{
					"socket":	5,
					"start":	0,
					"end":	10.000075,
					"seconds":	10.000075340270996,
					"bytes":	1178468352,
					"bits_per_second":	942767578.763513,
					"retransmits":	0,
					"snd_cwnd":	418472,
					"rtt":	2177,
					"rttvar":	117,
					"pmtu":	9000,
					"omitted":	false,
					"sender":	true
				}],
			"sum":	{
				"start":	0,
				"end":	10.000075,
				"seconds":	10.000075340270996,
				"bytes":	1178468352,
				"bits_per_second":	942767578.763513,
				"retransmits":	0,
				"omitted":	false,
				"sender":	true
			}
		}],
	"end":	{
		"streams":	[{
				"sender":	{
					"socket":	5,
					"start":	0,
					"end":	10.000075,
					"seconds":	10.000075,
					"bytes":	1178468352,
					"bits_per_second":	942767610.84291863,
					"retransmits":	0,
					"max_snd_cwnd":	418472,
					"max_rtt":	2177,
					"min_rtt":	2177,
					"mean_rtt":	2177,
					"sender":	true
				},
				"receiver":	{
					"socket":	5,
					"start":	0,
					"end":	10.044265031814575,
					"seconds":	10.000075,
					"bytes":	1177032168,
					"bits_per_second":	937475993.9303273,
					"sender":	true
				}
			}],
		"sum_sent":	{
			"start":	0,
			"end":	10.000075,
			"seconds":	10.000075,
			"bytes":	1178468352,
			"bits_per_second":	942767610.84291863,
			"retransmits":	0,
			"sender":	true
		},
		"sum_received":	{
			"start":	0,
			"end":	10.044265031814575,
			"seconds":	10.044265031814575,
			"bytes":	1177032168,
			"bits_per_second":	937475993.9303273,
			"sender":	true
		},
		"cpu_utilization_percent":	{
			"host_total":	21.737322979253513,
			"host_user":	0.96189301083752754,
			"host_system":	20.775429968415988,
			"remote_total":	23.761107913917833,
			"remote_user":	3.3190192383215313,
			"remote_system":	20.442078795857427
		},
		"sender_tcp_congestion":	"cubic",
		"receiver_tcp_congestion":	"cubic"
	}
}
