{
	"start":	{
		"connected":	[{
				"socket":	5,
				"local_host":	"10.10.10.2",
				"local_port":	43528,
				"remote_host":	"10.10.10.4",
				"remote_port":	5201
			}],
		"version":	"iperf 3.9",
		"system_info":	"Linux zelda 5.10.0-18-amd64 #1 SMP Debian 5.10.140-1 (2022-09-02) x86_64",
		"timestamp":	{
			"time":	"Wed, 31 Jan 2024 11:22:36 GMT",
			"timesecs":	1706700156
		},
		"connecting_to":	{
			"host":	"10.10.10.4",
			"port":	5201
		},
		"cookie":	"kzeb4hc3pcjgbef2z7c46oncygl2y462givl",
		"tcp_mss_default":	1448,
		"target_bitrate":	8000000000,
		"sock_bufsize":	0,
		"sndbuf_actual":	1000000,
		"rcvbuf_actual":	1000000,
		"test_start":	{
			"protocol":	"TCP",
			"num_streams":	1,
			"blksize":	131072,
			"omit":	0,
			"duration":	70,
			"bytes":	0,
			"blocks":	0,
			"reverse":	0,
			"tos":	0
		}
	},
	"intervals":	[{
			"streams":	[{
					"socket":	5,
					"start":	0,
					"end":	60.000141,
					"seconds":	60.000141143798828,
					"bytes":	7063863296,
					"bits_per_second":	941846223.87076747,
					"retransmits":	0,
					"snd_cwnd":	718208,
					"rtt":	2743,
					"rttvar":	68,
					"pmtu":	9000,
					"omitted":	false,
					"sender":	true
				}],
			"sum":	{
				"start":	0,
				"end":	60.000141,
				"seconds":	60.000141143798828,
				"bytes":	7063863296,
				"bits_per_second":	941846223.87076747,
				"retransmits":	0,
				"omitted":	false,
				"sender":	true
			}
		}, {
			"streams":	[{
					"socket":	5,
					"start":	60.000141,
					"end":	70.000079,
					"seconds":	9.9999380111694336,
					"bytes":	1176764416,
					"bits_per_second":	941417368.536175,
					"retransmits":	0,
					"snd_cwnd":	718208,
					"rtt":	2741,
					"rttvar":	150,
					"pmtu":	9000,
					"omitted":	false,
					"sender":	true
				}],
			"sum":	{
				"start":	60.000141,
				"end":	70.000079,
				"seconds":	9.9999380111694336,
				"bytes":	1176764416,
				"bits_per_second":	941417368.536175,
				"retransmits":	0,
				"omitted":	false,
				"sender":	true
			}
		}],
	"end":	{
		"streams":	[{
				"sender":	{
					"socket":	5,
					"start":	0,
					"end":	70.000079,
					"seconds":	70.000079,
					"bytes":	8240627712,
					"bits_per_second":	941784961.35697222,
					"retransmits":	0,
					"max_snd_cwnd":	718208,
					"max_rtt":	2743,
					"min_rtt":	2741,
					"mean_rtt":	2742,
					"sender":	true
				},
				"receiver":	{
					"socket":	5,
					"start":	0,
					"end":	70.044327020645142,
					"seconds":	70.000079,
					"bytes":	8238160728,
					"bits_per_second":	940908259.48795,
					"sender":	true
				}
			}],
		"sum_sent":	{
			"start":	0,
			"end":	70.000079,
			"seconds":	70.000079,
			"bytes":	8240627712,
			"bits_per_second":	941784961.35697222,
			"retransmits":	0,
			"sender":	true
		},
		"sum_received":	{
			"start":	0,
			"end":	70.044327020645142,
			"seconds":	70.044327020645142,
			"bytes":	8238160728,
			"bits_per_second":	940908259.48795,
			"sender":	true
		},
		"cpu_utilization_percent":	{
			"host_total":	19.615428869582448,
			"host_user":	0.56914772851148954,
			"host_system":	19.04628399476427,
			"remote_total":	26.691903513166125,
			"remote_user":	2.8137346309009588,
			"remote_system":	23.878168882265168
		},
		"sender_tcp_congestion":	"cubic",
		"receiver_tcp_congestion":	"cubic"
	}
}
