{
	"start":	{
		"connected":	[{
				"socket":	5,
				"local_host":	"10.10.10.2",
				"local_port":	52870,
				"remote_host":	"10.10.10.4",
				"remote_port":	5201
			}],
		"version":	"iperf 3.9",
		"system_info":	"Linux zelda 5.10.0-18-amd64 #1 SMP Debian 5.10.140-1 (2022-09-02) x86_64",
		"timestamp":	{
			"time":	"Mon, 29 Jan 2024 10:58:53 GMT",
			"timesecs":	1706525933
		},
		"connecting_to":	{
			"host":	"10.10.10.4",
			"port":	5201
		},
		"cookie":	"536hnj3rq6hjrfuaa2cf45n3f4ex6igneemc",
		"tcp_mss_default":	1448,
		"target_bitrate":	1000000000,
		"sock_bufsize":	0,
		"sndbuf_actual":	1000000,
		"rcvbuf_actual":	1000000,
		"test_start":	{
			"protocol":	"TCP",
			"num_streams":	1,
			"blksize":	131072,
			"omit":	0,
			"duration":	20,
			"bytes":	0,
			"blocks":	0,
			"reverse":	0,
			"tos":	0
		}
	},
	"intervals":	[{
			"streams":	[{
					"socket":	5,
					"start":	0,
					"end":	20.00007,
					"seconds":	20.000070571899414,
					"bytes":	2355232768,
					"bits_per_second":	942089782.94673,
					"retransmits":	0,
					"snd_cwnd":	422816,
					"rtt":	2203,
					"rttvar":	94,
					"pmtu":	9000,
					"omitted":	false,
					"sender":	true
				}],
			"sum":	{
				"start":	0,
				"end":	20.00007,
				"seconds":	20.000070571899414,
				"bytes":	2355232768,
				"bits_per_second":	942089782.94673,
				"retransmits":	0,
				"omitted":	false,
				"sender":	true
			}
		}],
	"end":	{
		"streams":	[{
				"sender":	{
					"socket":	5,
					"start":	0,
					"end":	20.00007,
					"seconds":	20.00007,
					"bytes":	2355232768,
					"bits_per_second":	942089809.88566542,
					"retransmits":	0,
					"max_snd_cwnd":	422816,
					"max_rtt":	2203,
					"min_rtt":	2203,
					"mean_rtt":	2203,
					"sender":	true
				},
				"receiver":	{
					"socket":	5,
					"start":	0,
					"end":	20.041289806365967,
					"seconds":	20.00007,
					"bytes":	2353854600,
					"bits_per_second":	939602040.6839546,
					"sender":	true
				}
			}],
		"sum_sent":	{
			"start":	0,
			"end":	20.00007,
			"seconds":	20.00007,
			"bytes":	2355232768,
			"bits_per_second":	942089809.88566542,
			"retransmits":	0,
			"sender":	true
		},
		"sum_received":	{
			"start":	0,
			"end":	20.041289806365967,
			"seconds":	20.041289806365967,
			"bytes":	2353854600,
			"bits_per_second":	939602040.6839546,
			"sender":	true
		},
		"cpu_utilization_percent":	{
			"host_total":	8.98797399083702,
			"host_user":	0.35564171218442786,
			"host_system":	8.63233227865259,
			"remote_total":	27.56382642016052,
			"remote_user":	2.4688426503534968,
			"remote_system":	25.09497383244717
		},
		"sender_tcp_congestion":	"cubic",
		"receiver_tcp_congestion":	"cubic"
	}
}
