{
	"start":	{
		"connected":	[{
				"socket":	5,
				"local_host":	"10.10.10.2",
				"local_port":	37776,
				"remote_host":	"10.10.10.4",
				"remote_port":	5201
			}],
		"version":	"iperf 3.9",
		"system_info":	"Linux zelda 5.10.0-18-amd64 #1 SMP Debian 5.10.140-1 (2022-09-02) x86_64",
		"timestamp":	{
			"time":	"Mon, 29 Jan 2024 00:44:56 GMT",
			"timesecs":	1706489096
		},
		"connecting_to":	{
			"host":	"10.10.10.4",
			"port":	5201
		},
		"cookie":	"p7ymuegauwwpoat4njbbbfoe6qrj2twyr5ms",
		"tcp_mss_default":	1448,
		"target_bitrate":	9000000000,
		"sock_bufsize":	0,
		"sndbuf_actual":	1000000,
		"rcvbuf_actual":	1000000,
		"test_start":	{
			"protocol":	"TCP",
			"num_streams":	1,
			"blksize":	131072,
			"omit":	0,
			"duration":	60,
			"bytes":	0,
			"blocks":	0,
			"reverse":	0,
			"tos":	0
		}
	},
	"intervals":	[{
			"streams":	[{
					"socket":	5,
					"start":	0,
					"end":	60.000068,
					"seconds":	60.000068664550781,
					"bytes":	7062552576,
					"bits_per_second":	941672599.14123333,
					"retransmits":	0,
					"snd_cwnd":	367792,
					"rtt":	2147,
					"rttvar":	137,
					"pmtu":	9000,
					"omitted":	false,
					"sender":	true
				}],
			"sum":	{
				"start":	0,
				"end":	60.000068,
				"seconds":	60.000068664550781,
				"bytes":	7062552576,
				"bits_per_second":	941672599.14123333,
				"retransmits":	0,
				"omitted":	false,
				"sender":	true
			}
		}],
	"end":	{
		"streams":	[{
				"sender":	{
					"socket":	5,
					"start":	0,
					"end":	60.000068,
					"seconds":	60.000068,
					"bytes":	7062552576,
					"bits_per_second":	941672609.57104254,
					"retransmits":	0,
					"max_snd_cwnd":	367792,
					"max_rtt":	2147,
					"min_rtt":	2147,
					"mean_rtt":	2147,
					"sender":	true
				},
				"receiver":	{
					"socket":	5,
					"start":	0,
					"end":	60.0443730354309,
					"seconds":	60.000068,
					"bytes":	7061307416,
					"bits_per_second":	940811877.4871074,
					"sender":	true
				}
			}],
		"sum_sent":	{
			"start":	0,
			"end":	60.000068,
			"seconds":	60.000068,
			"bytes":	7062552576,
			"bits_per_second":	941672609.57104254,
			"retransmits":	0,
			"sender":	true
		},
		"sum_received":	{
			"start":	0,
			"end":	60.0443730354309,
			"seconds":	60.0443730354309,
			"bytes":	7061307416,
			"bits_per_second":	940811877.4871074,
			"sender":	true
		},
		"cpu_utilization_percent":	{
			"host_total":	4.6533359283412983,
			"host_user":	0.1584083267667582,
			"host_system":	4.4949292658946813,
			"remote_total":	26.337587228146255,
			"remote_user":	2.4316058664571463,
			"remote_system":	23.905979698406636
		},
		"sender_tcp_congestion":	"cubic",
		"receiver_tcp_congestion":	"cubic"
	}
}
