{
	"start":	{
		"connected":	[{
				"socket":	5,
				"local_host":	"10.10.10.2",
				"local_port":	34982,
				"remote_host":	"10.10.10.4",
				"remote_port":	5201
			}],
		"version":	"iperf 3.9",
		"system_info":	"Linux zelda 5.10.0-18-amd64 #1 SMP Debian 5.10.140-1 (2022-09-02) x86_64",
		"timestamp":	{
			"time":	"Tue, 30 Jan 2024 21:00:21 GMT",
			"timesecs":	1706648421
		},
		"connecting_to":	{
			"host":	"10.10.10.4",
			"port":	5201
		},
		"cookie":	"b3e3xgmg56vfijjppcnxwplran6tvfdqn37y",
		"tcp_mss_default":	1448,
		"target_bitrate":	9000000000,
		"sock_bufsize":	0,
		"sndbuf_actual":	1000000,
		"rcvbuf_actual":	1000000,
		"test_start":	{
			"protocol":	"TCP",
			"num_streams":	1,
			"blksize":	131072,
			"omit":	0,
			"duration":	50,
			"bytes":	0,
			"blocks":	0,
			"reverse":	0,
			"tos":	0
		}
	},
	"intervals":	[{
			"streams":	[{
					"socket":	5,
					"start":	0,
					"end":	50.000102,
					"seconds":	50.000102996826172,
					"bytes":	5886705664,
					"bits_per_second":	941870966.04559672,
					"retransmits":	0,
					"snd_cwnd":	632776,
					"rtt":	2735,
					"rttvar":	93,
					"pmtu":	9000,
					"omitted":	false,
					"sender":	true
				}],
			"sum":	{
				"start":	0,
				"end":	50.000102,
				"seconds":	50.000102996826172,
				"bytes":	5886705664,
				"bits_per_second":	941870966.04559672,
				"retransmits":	0,
				"omitted":	false,
				"sender":	true
			}
		}],
	"end":	{
		"streams":	[{
				"sender":	{
					"socket":	5,
					"start":	0,
					"end":	50.000102,
					"seconds":	50.000102,
					"bytes":	5886705664,
					"bits_per_second":	941870984.823191,
					"retransmits":	0,
					"max_snd_cwnd":	632776,
					"max_rtt":	2735,
					"min_rtt":	2735,
					"mean_rtt":	2735,
					"sender":	true
				},
				"receiver":	{
					"socket":	5,
					"start":	0,
					"end":	50.048968076705933,
					"seconds":	50.000102,
					"bytes":	5884511896,
					"bits_per_second":	940600715.200568,
					"sender":	true
				}
			}],
		"sum_sent":	{
			"start":	0,
			"end":	50.000102,
			"seconds":	50.000102,
			"bytes":	5886705664,
			"bits_per_second":	941870984.823191,
			"retransmits":	0,
			"sender":	true
		},
		"sum_received":	{
			"start":	0,
			"end":	50.048968076705933,
			"seconds":	50.048968076705933,
			"bytes":	5884511896,
			"bits_per_second":	940600715.200568,
			"sender":	true
		},
		"cpu_utilization_percent":	{
			"host_total":	16.475158537244411,
			"host_user":	0.65236385898431748,
			"host_system":	15.822794678260093,
			"remote_total":	26.352244842963913,
			"remote_user":	2.55107262272976,
			"remote_system":	23.801170225291649
		},
		"sender_tcp_congestion":	"cubic",
		"receiver_tcp_congestion":	"cubic"
	}
}
