{
	"start":	{
		"connected":	[{
				"socket":	5,
				"local_host":	"10.10.10.2",
				"local_port":	35642,
				"remote_host":	"10.10.10.4",
				"remote_port":	5201
			}],
		"version":	"iperf 3.9",
		"system_info":	"Linux zelda 5.10.0-18-amd64 #1 SMP Debian 5.10.140-1 (2022-09-02) x86_64",
		"timestamp":	{
			"time":	"Mon, 29 Jan 2024 19:13:30 GMT",
			"timesecs":	1706555610
		},
		"connecting_to":	{
			"host":	"10.10.10.4",
			"port":	5201
		},
		"cookie":	"2bm3p3llgexjpl436v76gfrkpazfv3tejc7b",
		"tcp_mss_default":	1448,
		"target_bitrate":	6000000000,
		"sock_bufsize":	0,
		"sndbuf_actual":	1000000,
		"rcvbuf_actual":	1000000,
		"test_start":	{
			"protocol":	"TCP",
			"num_streams":	1,
			"blksize":	131072,
			"omit":	0,
			"duration":	70,
			"bytes":	0,
			"blocks":	0,
			"reverse":	0,
			"tos":	0
		}
	},
	"intervals":	[{
			"streams":	[{
					"socket":	5,
					"start":	0,
					"end":	60.000067,
					"seconds":	60.000068664550781,
					"bytes":	7063076864,
					"bits_per_second":	941742504.1279,
					"retransmits":	0,
					"snd_cwnd":	496664,
					"rtt":	2638,
					"rttvar":	154,
					"pmtu":	9000,
					"omitted":	false,
					"sender":	true
				}],
			"sum":	{
				"start":	0,
				"end":	60.000067,
				"seconds":	60.000068664550781,
				"bytes":	7063076864,
				"bits_per_second":	941742504.1279,
				"retransmits":	0,
				"omitted":	false,
				"sender":	true
			}
		}, {
			"streams":	[{
					"socket":	5,
					"start":	60.000067,
					"end":	70.000078,
					"seconds":	10.000011444091797,
					"bytes":	1176764416,
					"bits_per_second":	941410455.441233,
					"retransmits":	0,
					"snd_cwnd":	496664,
					"rtt":	2192,
					"rttvar":	152,
					"pmtu":	9000,
					"omitted":	false,
					"sender":	true
				}],
			"sum":	{
				"start":	60.000067,
				"end":	70.000078,
				"seconds":	10.000011444091797,
				"bytes":	1176764416,
				"bits_per_second":	941410455.441233,
				"retransmits":	0,
				"omitted":	false,
				"sender":	true
			}
		}],
	"end":	{
		"streams":	[{
				"sender":	{
					"socket":	5,
					"start":	0,
					"end":	70.000078,
					"seconds":	70.000078,
					"bytes":	8239841280,
					"bits_per_second":	941695096.96832049,
					"retransmits":	0,
					"max_snd_cwnd":	496664,
					"max_rtt":	2638,
					"min_rtt":	2192,
					"mean_rtt":	2415,
					"sender":	true
				},
				"receiver":	{
					"socket":	5,
					"start":	0,
					"end":	70.048280000686646,
					"seconds":	70.000078,
					"bytes":	8238160728,
					"bits_per_second":	940855161.94478965,
					"sender":	true
				}
			}],
		"sum_sent":	{
			"start":	0,
			"end":	70.000078,
			"seconds":	70.000078,
			"bytes":	8239841280,
			"bits_per_second":	941695096.96832049,
			"retransmits":	0,
			"sender":	true
		},
		"sum_received":	{
			"start":	0,
			"end":	70.048280000686646,
			"seconds":	70.048280000686646,
			"bytes":	8238160728,
			"bits_per_second":	940855161.94478965,
			"sender":	true
		},
		"cpu_utilization_percent":	{
			"host_total":	8.6409238485613038,
			"host_user":	0.26697261195933325,
			"host_system":	8.37395123660197,
			"remote_total":	26.220975141450509,
			"remote_user":	2.4881463960565209,
			"remote_system":	23.732828745393988
		},
		"sender_tcp_congestion":	"cubic",
		"receiver_tcp_congestion":	"cubic"
	}
}
