{
	"start":	{
		"connected":	[{
				"socket":	5,
				"local_host":	"10.10.10.2",
				"local_port":	57062,
				"remote_host":	"10.10.10.4",
				"remote_port":	5201
			}],
		"version":	"iperf 3.9",
		"system_info":	"Linux zelda 5.10.0-18-amd64 #1 SMP Debian 5.10.140-1 (2022-09-02) x86_64",
		"timestamp":	{
			"time":	"Mon, 29 Jan 2024 14:45:37 GMT",
			"timesecs":	1706539537
		},
		"connecting_to":	{
			"host":	"10.10.10.4",
			"port":	5201
		},
		"cookie":	"kqorxpknukuel4eptj5fyrdrc5sm362ml5zq",
		"tcp_mss_default":	1448,
		"target_bitrate":	3000000000,
		"sock_bufsize":	0,
		"sndbuf_actual":	1000000,
		"rcvbuf_actual":	1000000,
		"test_start":	{
			"protocol":	"TCP",
			"num_streams":	1,
			"blksize":	131072,
			"omit":	0,
			"duration":	70,
			"bytes":	0,
			"blocks":	0,
			"reverse":	0,
			"tos":	0
		}
	},
	"intervals":	[{
			"streams":	[{
					"socket":	5,
					"start":	0,
					"end":	60.000073,
					"seconds":	60.000072479248047,
					"bytes":	7062552576,
					"bits_per_second":	941672539.271374,
					"retransmits":	0,
					"snd_cwnd":	379376,
					"rtt":	2171,
					"rttvar":	115,
					"pmtu":	9000,
					"omitted":	false,
					"sender":	true
				}],
			"sum":	{
				"start":	0,
				"end":	60.000073,
				"seconds":	60.000072479248047,
				"bytes":	7062552576,
				"bits_per_second":	941672539.271374,
				"retransmits":	0,
				"omitted":	false,
				"sender":	true
			}
		}, {
			"streams":	[{
					"socket":	5,
					"start":	60.000073,
					"end":	70.000079,
					"seconds":	10.0000057220459,
					"bytes":	1176895488,
					"bits_per_second":	941515851.66030824,
					"retransmits":	0,
					"snd_cwnd":	379376,
					"rtt":	2193,
					"rttvar":	148,
					"pmtu":	9000,
					"omitted":	false,
					"sender":	true
				}],
			"sum":	{
				"start":	60.000073,
				"end":	70.000079,
				"seconds":	10.0000057220459,
				"bytes":	1176895488,
				"bits_per_second":	941515851.66030824,
				"retransmits":	0,
				"omitted":	false,
				"sender":	true
			}
		}],
	"end":	{
		"streams":	[{
				"sender":	{
					"socket":	5,
					"start":	0,
					"end":	70.000079,
					"seconds":	70.000079,
					"bytes":	8239448064,
					"bits_per_second":	941650144.594837,
					"retransmits":	0,
					"max_snd_cwnd":	379376,
					"max_rtt":	2193,
					"min_rtt":	2171,
					"mean_rtt":	2182,
					"sender":	true
				},
				"receiver":	{
					"socket":	5,
					"start":	0,
					"end":	70.0436098575592,
					"seconds":	70.000079,
					"bytes":	8238095568,
					"bits_per_second":	940910451.04648423,
					"sender":	true
				}
			}],
		"sum_sent":	{
			"start":	0,
			"end":	70.000079,
			"seconds":	70.000079,
			"bytes":	8239448064,
			"bits_per_second":	941650144.594837,
			"retransmits":	0,
			"sender":	true
		},
		"sum_received":	{
			"start":	0,
			"end":	70.0436098575592,
			"seconds":	70.0436098575592,
			"bytes":	8238095568,
			"bits_per_second":	940910451.04648423,
			"sender":	true
		},
		"cpu_utilization_percent":	{
			"host_total":	7.64679994472608,
			"host_user":	0.25254930261621561,
			"host_system":	7.3942506421098662,
			"remote_total":	25.944969322629426,
			"remote_user":	2.467224792246562,
			"remote_system":	23.477743104374074
		},
		"sender_tcp_congestion":	"cubic",
		"receiver_tcp_congestion":	"cubic"
	}
}
