{
	"start":	{
		"connected":	[{
				"socket":	5,
				"local_host":	"10.10.10.2",
				"local_port":	42790,
				"remote_host":	"10.10.10.4",
				"remote_port":	5201
			}],
		"version":	"iperf 3.9",
		"system_info":	"Linux zelda 5.10.0-18-amd64 #1 SMP Debian 5.10.140-1 (2022-09-02) x86_64",
		"timestamp":	{
			"time":	"Wed, 31 Jan 2024 07:59:01 GMT",
			"timesecs":	1706687941
		},
		"connecting_to":	{
			"host":	"10.10.10.4",
			"port":	5201
		},
		"cookie":	"dudz3lclrr623f6tivgypjrbpvoa62tomxgl",
		"tcp_mss_default":	1448,
		"target_bitrate":	6000000000,
		"sock_bufsize":	0,
		"sndbuf_actual":	1000000,
		"rcvbuf_actual":	1000000,
		"test_start":	{
			"protocol":	"TCP",
			"num_streams":	1,
			"blksize":	131072,
			"omit":	0,
			"duration":	60,
			"bytes":	0,
			"blocks":	0,
			"reverse":	0,
			"tos":	0
		}
	},
	"intervals":	[{
			"streams":	[{
					"socket":	5,
					"start":	0,
					"end":	60.000075,
					"seconds":	60.000076293945312,
					"bytes":	7063470080,
					"bits_per_second":	941794813.112634,
					"retransmits":	0,
					"snd_cwnd":	612504,
					"rtt":	2458,
					"rttvar":	187,
					"pmtu":	9000,
					"omitted":	false,
					"sender":	true
				}],
			"sum":	{
				"start":	0,
				"end":	60.000075,
				"seconds":	60.000076293945312,
				"bytes":	7063470080,
				"bits_per_second":	941794813.112634,
				"retransmits":	0,
				"omitted":	false,
				"sender":	true
			}
		}],
	"end":	{
		"streams":	[{
				"sender":	{
					"socket":	5,
					"start":	0,
					"end":	60.000075,
					"seconds":	60.000075,
					"bytes":	7063470080,
					"bits_per_second":	941794833.42312479,
					"retransmits":	0,
					"max_snd_cwnd":	612504,
					"max_rtt":	2458,
					"min_rtt":	2458,
					"mean_rtt":	2458,
					"sender":	true
				},
				"receiver":	{
					"socket":	5,
					"start":	0,
					"end":	60.041023015975952,
					"seconds":	60.000075,
					"bytes":	7061305968,
					"bits_per_second":	940864177.63016462,
					"sender":	true
				}
			}],
		"sum_sent":	{
			"start":	0,
			"end":	60.000075,
			"seconds":	60.000075,
			"bytes":	7063470080,
			"bits_per_second":	941794833.42312479,
			"retransmits":	0,
			"sender":	true
		},
		"sum_received":	{
			"start":	0,
			"end":	60.041023015975952,
			"seconds":	60.041023015975952,
			"bytes":	7061305968,
			"bits_per_second":	940864177.63016462,
			"sender":	true
		},
		"cpu_utilization_percent":	{
			"host_total":	19.361791121396344,
			"host_user":	0.87085026328277,
			"host_system":	18.490939193752574,
			"remote_total":	24.686608419639946,
			"remote_user":	2.043613361844,
			"remote_system":	22.642995057795943
		},
		"sender_tcp_congestion":	"cubic",
		"receiver_tcp_congestion":	"cubic"
	}
}
