{
	"start":	{
		"connected":	[{
				"socket":	5,
				"local_host":	"10.10.10.2",
				"local_port":	45018,
				"remote_host":	"10.10.10.4",
				"remote_port":	5201
			}],
		"version":	"iperf 3.9",
		"system_info":	"Linux zelda 5.10.0-18-amd64 #1 SMP Debian 5.10.140-1 (2022-09-02) x86_64",
		"timestamp":	{
			"time":	"Wed, 31 Jan 2024 04:46:27 GMT",
			"timesecs":	1706676387
		},
		"connecting_to":	{
			"host":	"10.10.10.4",
			"port":	5201
		},
		"cookie":	"z6crfsearb7kqa3yl26mu7zuztuonutejik4",
		"tcp_mss_default":	1448,
		"target_bitrate":	4000000000,
		"sock_bufsize":	0,
		"sndbuf_actual":	1000000,
		"rcvbuf_actual":	1000000,
		"test_start":	{
			"protocol":	"TCP",
			"num_streams":	1,
			"blksize":	131072,
			"omit":	0,
			"duration":	50,
			"bytes":	0,
			"blocks":	0,
			"reverse":	0,
			"tos":	0
		}
	},
	"intervals":	[{
			"streams":	[{
					"socket":	5,
					"start":	0,
					"end":	50.000079,
					"seconds":	50.000080108642578,
					"bytes":	5886574592,
					"bits_per_second":	941850425.71281767,
					"retransmits":	0,
					"snd_cwnd":	611056,
					"rtt":	2776,
					"rttvar":	98,
					"pmtu":	9000,
					"omitted":	false,
					"sender":	true
				}],
			"sum":	{
				"start":	0,
				"end":	50.000079,
				"seconds":	50.000080108642578,
				"bytes":	5886574592,
				"bits_per_second":	941850425.71281767,
				"retransmits":	0,
				"omitted":	false,
				"sender":	true
			}
		}],
	"end":	{
		"streams":	[{
				"sender":	{
					"socket":	5,
					"start":	0,
					"end":	50.000079,
					"seconds":	50.000079,
					"bytes":	5886574592,
					"bits_per_second":	941850446.5962944,
					"retransmits":	0,
					"max_snd_cwnd":	611056,
					"max_rtt":	2776,
					"min_rtt":	2776,
					"mean_rtt":	2776,
					"sender":	true
				},
				"receiver":	{
					"socket":	5,
					"start":	0,
					"end":	50.044043064117432,
					"seconds":	50.000079,
					"bytes":	5884457000,
					"bits_per_second":	940684507.43849218,
					"sender":	true
				}
			}],
		"sum_sent":	{
			"start":	0,
			"end":	50.000079,
			"seconds":	50.000079,
			"bytes":	5886574592,
			"bits_per_second":	941850446.5962944,
			"retransmits":	0,
			"sender":	true
		},
		"sum_received":	{
			"start":	0,
			"end":	50.044043064117432,
			"seconds":	50.044043064117432,
			"bytes":	5884457000,
			"bits_per_second":	940684507.43849218,
			"sender":	true
		},
		"cpu_utilization_percent":	{
			"host_total":	19.328005751501067,
			"host_user":	0.94569009986460628,
			"host_system":	18.382315651636461,
			"remote_total":	26.768591191909618,
			"remote_user":	2.5609660810616566,
			"remote_system":	24.207623115564655
		},
		"sender_tcp_congestion":	"cubic",
		"receiver_tcp_congestion":	"cubic"
	}
}
