{
	"start":	{
		"connected":	[{
				"socket":	5,
				"local_host":	"10.10.10.2",
				"local_port":	34036,
				"remote_host":	"10.10.10.4",
				"remote_port":	5201
			}],
		"version":	"iperf 3.9",
		"system_info":	"Linux zelda 5.10.0-18-amd64 #1 SMP Debian 5.10.140-1 (2022-09-02) x86_64",
		"timestamp":	{
			"time":	"Mon, 29 Jan 2024 21:56:08 GMT",
			"timesecs":	1706565368
		},
		"connecting_to":	{
			"host":	"10.10.10.4",
			"port":	5201
		},
		"cookie":	"yvhle2yeephmi4qqz3pzo3v3eecsq2q7jasy",
		"tcp_mss_default":	1448,
		"target_bitrate":	8000000000,
		"sock_bufsize":	0,
		"sndbuf_actual":	1000000,
		"rcvbuf_actual":	1000000,
		"test_start":	{
			"protocol":	"TCP",
			"num_streams":	1,
			"blksize":	131072,
			"omit":	0,
			"duration":	40,
			"bytes":	0,
			"blocks":	0,
			"reverse":	0,
			"tos":	0
		}
	},
	"intervals":	[{
			"streams":	[{
					"socket":	5,
					"start":	0,
					"end":	40.000081,
					"seconds":	40.000080108642578,
					"bytes":	4708892672,
					"bits_per_second":	941776648.28877735,
					"retransmits":	0,
					"snd_cwnd":	380824,
					"rtt":	2229,
					"rttvar":	126,
					"pmtu":	9000,
					"omitted":	false,
					"sender":	true
				}],
			"sum":	{
				"start":	0,
				"end":	40.000081,
				"seconds":	40.000080108642578,
				"bytes":	4708892672,
				"bits_per_second":	941776648.28877735,
				"retransmits":	0,
				"omitted":	false,
				"sender":	true
			}
		}],
	"end":	{
		"streams":	[{
				"sender":	{
					"socket":	5,
					"start":	0,
					"end":	40.000081,
					"seconds":	40.000081,
					"bytes":	4708892672,
					"bits_per_second":	941776627.30232966,
					"retransmits":	0,
					"max_snd_cwnd":	380824,
					"max_rtt":	2229,
					"min_rtt":	2229,
					"mean_rtt":	2229,
					"sender":	true
				},
				"receiver":	{
					"socket":	5,
					"start":	0,
					"end":	40.043934106826782,
					"seconds":	40.000081,
					"bytes":	4707596448,
					"bits_per_second":	940486303.95632148,
					"sender":	true
				}
			}],
		"sum_sent":	{
			"start":	0,
			"end":	40.000081,
			"seconds":	40.000081,
			"bytes":	4708892672,
			"bits_per_second":	941776627.30232966,
			"retransmits":	0,
			"sender":	true
		},
		"sum_received":	{
			"start":	0,
			"end":	40.043934106826782,
			"seconds":	40.043934106826782,
			"bytes":	4707596448,
			"bits_per_second":	940486303.95632148,
			"sender":	true
		},
		"cpu_utilization_percent":	{
			"host_total":	8.72852191329733,
			"host_user":	0.390351243278264,
			"host_system":	8.33817067001907,
			"remote_total":	23.2942007090675,
			"remote_user":	1.914811216883642,
			"remote_system":	21.379389492183858
		},
		"sender_tcp_congestion":	"cubic",
		"receiver_tcp_congestion":	"cubic"
	}
}
