{
	"start":	{
		"connected":	[{
				"socket":	5,
				"local_host":	"10.10.10.2",
				"local_port":	36298,
				"remote_host":	"10.10.10.4",
				"remote_port":	5201
			}],
		"version":	"iperf 3.9",
		"system_info":	"Linux zelda 5.10.0-18-amd64 #1 SMP Debian 5.10.140-1 (2022-09-02) x86_64",
		"timestamp":	{
			"time":	"Tue, 30 Jan 2024 09:31:31 GMT",
			"timesecs":	1706607091
		},
		"connecting_to":	{
			"host":	"10.10.10.4",
			"port":	5201
		},
		"cookie":	"b7zietjgbeabya4iv23jkz22spu3yapiwrwv",
		"tcp_mss_default":	1448,
		"target_bitrate":	1000000000,
		"sock_bufsize":	0,
		"sndbuf_actual":	1000000,
		"rcvbuf_actual":	1000000,
		"test_start":	{
			"protocol":	"TCP",
			"num_streams":	1,
			"blksize":	131072,
			"omit":	0,
			"duration":	90,
			"bytes":	0,
			"blocks":	0,
			"reverse":	0,
			"tos":	0
		}
	},
	"intervals":	[{
			"streams":	[{
					"socket":	5,
					"start":	0,
					"end":	60.000076,
					"seconds":	60.000076293945312,
					"bytes":	7063339008,
					"bits_per_second":	941777336.86818945,
					"retransmits":	0,
					"snd_cwnd":	590784,
					"rtt":	2266,
					"rttvar":	99,
					"pmtu":	9000,
					"omitted":	false,
					"sender":	true
				}],
			"sum":	{
				"start":	0,
				"end":	60.000076,
				"seconds":	60.000076293945312,
				"bytes":	7063339008,
				"bits_per_second":	941777336.86818945,
				"retransmits":	0,
				"omitted":	false,
				"sender":	true
			}
		}, {
			"streams":	[{
					"socket":	5,
					"start":	60.000076,
					"end":	90.00008,
					"seconds":	30.000003814697266,
					"bytes":	3530555392,
					"bits_per_second":	941481318.15112638,
					"retransmits":	0,
					"snd_cwnd":	590784,
					"rtt":	2805,
					"rttvar":	148,
					"pmtu":	9000,
					"omitted":	false,
					"sender":	true
				}],
			"sum":	{
				"start":	60.000076,
				"end":	90.00008,
				"seconds":	30.000003814697266,
				"bytes":	3530555392,
				"bits_per_second":	941481318.15112638,
				"retransmits":	0,
				"omitted":	false,
				"sender":	true
			}
		}],
	"end":	{
		"streams":	[{
				"sender":	{
					"socket":	5,
					"start":	0,
					"end":	90.00008,
					"seconds":	90.00008,
					"bytes":	10593894400,
					"bits_per_second":	941678665.17452,
					"retransmits":	0,
					"max_snd_cwnd":	590784,
					"max_rtt":	2805,
					"min_rtt":	2266,
					"mean_rtt":	2535,
					"sender":	true
				},
				"receiver":	{
					"socket":	5,
					"start":	0,
					"end":	90.0412051677704,
					"seconds":	90.00008,
					"bytes":	10591710496,
					"bits_per_second":	941054529.535882,
					"sender":	true
				}
			}],
		"sum_sent":	{
			"start":	0,
			"end":	90.00008,
			"seconds":	90.00008,
			"bytes":	10593894400,
			"bits_per_second":	941678665.17452,
			"retransmits":	0,
			"sender":	true
		},
		"sum_received":	{
			"start":	0,
			"end":	90.0412051677704,
			"seconds":	90.0412051677704,
			"bytes":	10591710496,
			"bits_per_second":	941054529.535882,
			"sender":	true
		},
		"cpu_utilization_percent":	{
			"host_total":	16.388479777553648,
			"host_user":	0.783570391207851,
			"host_system":	15.6049093863458,
			"remote_total":	25.864185444509918,
			"remote_user":	2.5124549264350264,
			"remote_system":	23.351729408418112
		},
		"sender_tcp_congestion":	"cubic",
		"receiver_tcp_congestion":	"cubic"
	}
}
