{
	"start":	{
		"connected":	[{
				"socket":	5,
				"local_host":	"10.10.10.2",
				"local_port":	45258,
				"remote_host":	"10.10.10.4",
				"remote_port":	5201
			}],
		"version":	"iperf 3.9",
		"system_info":	"Linux zelda 5.10.0-18-amd64 #1 SMP Debian 5.10.140-1 (2022-09-02) x86_64",
		"timestamp":	{
			"time":	"Wed, 31 Jan 2024 12:54:37 GMT",
			"timesecs":	1706705677
		},
		"connecting_to":	{
			"host":	"10.10.10.4",
			"port":	5201
		},
		"cookie":	"v5hbnpwljnjv4gws4ydjmnai67z6kwfxeh2o",
		"tcp_mss_default":	1448,
		"target_bitrate":	9000000000,
		"sock_bufsize":	0,
		"sndbuf_actual":	1000000,
		"rcvbuf_actual":	1000000,
		"test_start":	{
			"protocol":	"TCP",
			"num_streams":	1,
			"blksize":	131072,
			"omit":	0,
			"duration":	70,
			"bytes":	0,
			"blocks":	0,
			"reverse":	0,
			"tos":	0
		}
	},
	"intervals":	[{
			"streams":	[{
					"socket":	5,
					"start":	0,
					"end":	60.000097,
					"seconds":	60.000095367431641,
					"bytes":	7063470080,
					"bits_per_second":	941794513.72460151,
					"retransmits":	0,
					"snd_cwnd":	625536,
					"rtt":	2710,
					"rttvar":	115,
					"pmtu":	9000,
					"omitted":	false,
					"sender":	true
				}],
			"sum":	{
				"start":	0,
				"end":	60.000097,
				"seconds":	60.000095367431641,
				"bytes":	7063470080,
				"bits_per_second":	941794513.72460151,
				"retransmits":	0,
				"omitted":	false,
				"sender":	true
			}
		}, {
			"streams":	[{
					"socket":	5,
					"start":	60.000097,
					"end":	70.000086,
					"seconds":	9.9999885559082031,
					"bytes":	1176895488,
					"bits_per_second":	941517467.881233,
					"retransmits":	0,
					"snd_cwnd":	625536,
					"rtt":	2746,
					"rttvar":	152,
					"pmtu":	9000,
					"omitted":	false,
					"sender":	true
				}],
			"sum":	{
				"start":	60.000097,
				"end":	70.000086,
				"seconds":	9.9999885559082031,
				"bytes":	1176895488,
				"bits_per_second":	941517467.881233,
				"retransmits":	0,
				"omitted":	false,
				"sender":	true
			}
		}],
	"end":	{
		"streams":	[{
				"sender":	{
					"socket":	5,
					"start":	0,
					"end":	70.000086,
					"seconds":	70.000086,
					"bytes":	8240365568,
					"bits_per_second":	941754907.901113,
					"retransmits":	0,
					"max_snd_cwnd":	625536,
					"max_rtt":	2746,
					"min_rtt":	2710,
					"mean_rtt":	2728,
					"sender":	true
				},
				"receiver":	{
					"socket":	5,
					"start":	0,
					"end":	70.044563055038452,
					"seconds":	70.000086,
					"bytes":	8238160728,
					"bits_per_second":	940905088.83914435,
					"sender":	true
				}
			}],
		"sum_sent":	{
			"start":	0,
			"end":	70.000086,
			"seconds":	70.000086,
			"bytes":	8240365568,
			"bits_per_second":	941754907.901113,
			"retransmits":	0,
			"sender":	true
		},
		"sum_received":	{
			"start":	0,
			"end":	70.044563055038452,
			"seconds":	70.044563055038452,
			"bytes":	8238160728,
			"bits_per_second":	940905088.83914435,
			"sender":	true
		},
		"cpu_utilization_percent":	{
			"host_total":	19.871829966686171,
			"host_user":	0.76199641425370468,
			"host_system":	19.109834979277149,
			"remote_total":	25.034706635003857,
			"remote_user":	2.5784602129679532,
			"remote_system":	22.456244995877476
		},
		"sender_tcp_congestion":	"cubic",
		"receiver_tcp_congestion":	"cubic"
	}
}
