{
	"start":	{
		"connected":	[{
				"socket":	5,
				"local_host":	"10.10.10.2",
				"local_port":	59888,
				"remote_host":	"10.10.10.4",
				"remote_port":	5201
			}],
		"version":	"iperf 3.9",
		"system_info":	"Linux zelda 5.10.0-18-amd64 #1 SMP Debian 5.10.140-1 (2022-09-02) x86_64",
		"timestamp":	{
			"time":	"Tue, 30 Jan 2024 14:34:51 GMT",
			"timesecs":	1706625291
		},
		"connecting_to":	{
			"host":	"10.10.10.4",
			"port":	5201
		},
		"cookie":	"e2horcafijpalmsxz22lgm5pt6ehmnb3n2ep",
		"tcp_mss_default":	1448,
		"target_bitrate":	5000000000,
		"sock_bufsize":	0,
		"sndbuf_actual":	1000000,
		"rcvbuf_actual":	1000000,
		"test_start":	{
			"protocol":	"TCP",
			"num_streams":	1,
			"blksize":	131072,
			"omit":	0,
			"duration":	30,
			"bytes":	0,
			"blocks":	0,
			"reverse":	0,
			"tos":	0
		}
	},
	"intervals":	[{
			"streams":	[{
					"socket":	5,
					"start":	0,
					"end":	30.000045,
					"seconds":	30.000045776367188,
					"bytes":	3532259328,
					"bits_per_second":	941934383.522193,
					"retransmits":	0,
					"snd_cwnd":	421368,
					"rtt":	2311,
					"rttvar":	148,
					"pmtu":	9000,
					"omitted":	false,
					"sender":	true
				}],
			"sum":	{
				"start":	0,
				"end":	30.000045,
				"seconds":	30.000045776367188,
				"bytes":	3532259328,
				"bits_per_second":	941934383.522193,
				"retransmits":	0,
				"omitted":	false,
				"sender":	true
			}
		}],
	"end":	{
		"streams":	[{
				"sender":	{
					"socket":	5,
					"start":	0,
					"end":	30.000045,
					"seconds":	30.000045,
					"bytes":	3532259328,
					"bits_per_second":	941934407.898388,
					"retransmits":	0,
					"max_snd_cwnd":	421368,
					"max_rtt":	2311,
					"min_rtt":	2311,
					"mean_rtt":	2311,
					"sender":	true
				},
				"receiver":	{
					"socket":	5,
					"start":	0,
					"end":	30.043516159057617,
					"seconds":	30.000045,
					"bytes":	3530747480,
					"bits_per_second":	940168910.00570548,
					"sender":	true
				}
			}],
		"sum_sent":	{
			"start":	0,
			"end":	30.000045,
			"seconds":	30.000045,
			"bytes":	3532259328,
			"bits_per_second":	941934407.898388,
			"retransmits":	0,
			"sender":	true
		},
		"sum_received":	{
			"start":	0,
			"end":	30.043516159057617,
			"seconds":	30.043516159057617,
			"bytes":	3530747480,
			"bits_per_second":	940168910.00570548,
			"sender":	true
		},
		"cpu_utilization_percent":	{
			"host_total":	16.788556224526989,
			"host_user":	0.69198543460747453,
			"host_system":	16.096574113560781,
			"remote_total":	26.568625426525472,
			"remote_user":	2.7787041991599328,
			"remote_system":	23.789921227365539
		},
		"sender_tcp_congestion":	"cubic",
		"receiver_tcp_congestion":	"cubic"
	}
}
