{
	"start":	{
		"connected":	[{
				"socket":	5,
				"local_host":	"10.10.10.2",
				"local_port":	48886,
				"remote_host":	"10.10.10.4",
				"remote_port":	5201
			}],
		"version":	"iperf 3.9",
		"system_info":	"Linux zelda 5.10.0-18-amd64 #1 SMP Debian 5.10.140-1 (2022-09-02) x86_64",
		"timestamp":	{
			"time":	"Wed, 31 Jan 2024 09:41:14 GMT",
			"timesecs":	1706694074
		},
		"connecting_to":	{
			"host":	"10.10.10.4",
			"port":	5201
		},
		"cookie":	"u2gfe7iregtygpxp46kzg5saeenwn3hv5eis",
		"tcp_mss_default":	1448,
		"target_bitrate":	7000000000,
		"sock_bufsize":	0,
		"sndbuf_actual":	1000000,
		"rcvbuf_actual":	1000000,
		"test_start":	{
			"protocol":	"TCP",
			"num_streams":	1,
			"blksize":	131072,
			"omit":	0,
			"duration":	70,
			"bytes":	0,
			"blocks":	0,
			"reverse":	0,
			"tos":	0
		}
	},
	"intervals":	[{
			"streams":	[{
					"socket":	5,
					"start":	0,
					"end":	60.000077,
					"seconds":	60.000076293945312,
					"bytes":	7063470080,
					"bits_per_second":	941794813.112634,
					"retransmits":	0,
					"snd_cwnd":	605264,
					"rtt":	2736,
					"rttvar":	165,
					"pmtu":	9000,
					"omitted":	false,
					"sender":	true
				}],
			"sum":	{
				"start":	0,
				"end":	60.000077,
				"seconds":	60.000076293945312,
				"bytes":	7063470080,
				"bits_per_second":	941794813.112634,
				"retransmits":	0,
				"omitted":	false,
				"sender":	true
			}
		}, {
			"streams":	[{
					"socket":	5,
					"start":	60.000077,
					"end":	70.000093,
					"seconds":	10.000016212463379,
					"bytes":	1176764416,
					"bits_per_second":	941410006.54247439,
					"retransmits":	0,
					"snd_cwnd":	605264,
					"rtt":	2233,
					"rttvar":	135,
					"pmtu":	9000,
					"omitted":	false,
					"sender":	true
				}],
			"sum":	{
				"start":	60.000077,
				"end":	70.000093,
				"seconds":	10.000016212463379,
				"bytes":	1176764416,
				"bits_per_second":	941410006.54247439,
				"retransmits":	0,
				"omitted":	false,
				"sender":	true
			}
		}],
	"end":	{
		"streams":	[{
				"sender":	{
					"socket":	5,
					"start":	0,
					"end":	70.000093,
					"seconds":	70.000093,
					"bytes":	8240234496,
					"bits_per_second":	941739834.088506,
					"retransmits":	0,
					"max_snd_cwnd":	605264,
					"max_rtt":	2736,
					"min_rtt":	2233,
					"mean_rtt":	2484,
					"sender":	true
				},
				"receiver":	{
					"socket":	5,
					"start":	0,
					"end":	70.044094085693359,
					"seconds":	70.000093,
					"bytes":	8238156384,
					"bits_per_second":	940910892.37830937,
					"sender":	true
				}
			}],
		"sum_sent":	{
			"start":	0,
			"end":	70.000093,
			"seconds":	70.000093,
			"bytes":	8240234496,
			"bits_per_second":	941739834.088506,
			"retransmits":	0,
			"sender":	true
		},
		"sum_received":	{
			"start":	0,
			"end":	70.044094085693359,
			"seconds":	70.044094085693359,
			"bytes":	8238156384,
			"bits_per_second":	940910892.37830937,
			"sender":	true
		},
		"cpu_utilization_percent":	{
			"host_total":	20.013328687549457,
			"host_user":	0.89916349494800973,
			"host_system":	19.114163765822074,
			"remote_total":	26.435062645563239,
			"remote_user":	2.66593674344836,
			"remote_system":	23.769124476037941
		},
		"sender_tcp_congestion":	"cubic",
		"receiver_tcp_congestion":	"cubic"
	}
}
