{
	"start":	{
		"connected":	[{
				"socket":	5,
				"local_host":	"10.10.10.2",
				"local_port":	48924,
				"remote_host":	"10.10.10.4",
				"remote_port":	5201
			}],
		"version":	"iperf 3.9",
		"system_info":	"Linux zelda 5.10.0-18-amd64 #1 SMP Debian 5.10.140-1 (2022-09-02) x86_64",
		"timestamp":	{
			"time":	"Sun, 28 Jan 2024 16:41:23 GMT",
			"timesecs":	1706460083
		},
		"connecting_to":	{
			"host":	"10.10.10.4",
			"port":	5201
		},
		"cookie":	"jby73wiwcnydpluvj4mmapm33kzhgca3t2s3",
		"tcp_mss_default":	1448,
		"target_bitrate":	4000000000,
		"sock_bufsize":	0,
		"sndbuf_actual":	1000000,
		"rcvbuf_actual":	1000000,
		"test_start":	{
			"protocol":	"TCP",
			"num_streams":	1,
			"blksize":	131072,
			"omit":	0,
			"duration":	20,
			"bytes":	0,
			"blocks":	0,
			"reverse":	0,
			"tos":	0
		}
	},
	"intervals":	[{
			"streams":	[{
					"socket":	5,
					"start":	0,
					"end":	20.000066,
					"seconds":	20.000066757202148,
					"bytes":	2355757056,
					"bits_per_second":	942299677.1354984,
					"retransmits":	0,
					"snd_cwnd":	518384,
					"rtt":	2184,
					"rttvar":	93,
					"pmtu":	9000,
					"omitted":	false,
					"sender":	true
				}],
			"sum":	{
				"start":	0,
				"end":	20.000066,
				"seconds":	20.000066757202148,
				"bytes":	2355757056,
				"bits_per_second":	942299677.1354984,
				"retransmits":	0,
				"omitted":	false,
				"sender":	true
			}
		}],
	"end":	{
		"streams":	[{
				"sender":	{
					"socket":	5,
					"start":	0,
					"end":	20.000066,
					"seconds":	20.000066,
					"bytes":	2355757056,
					"bits_per_second":	942299712.81094766,
					"retransmits":	0,
					"max_snd_cwnd":	518384,
					"max_rtt":	2184,
					"min_rtt":	2184,
					"mean_rtt":	2184,
					"sender":	true
				},
				"receiver":	{
					"socket":	5,
					"start":	0,
					"end":	20.041440963745117,
					"seconds":	20.000066,
					"bytes":	2354012568,
					"bits_per_second":	939658010.522656,
					"sender":	true
				}
			}],
		"sum_sent":	{
			"start":	0,
			"end":	20.000066,
			"seconds":	20.000066,
			"bytes":	2355757056,
			"bits_per_second":	942299712.81094766,
			"retransmits":	0,
			"sender":	true
		},
		"sum_received":	{
			"start":	0,
			"end":	20.041440963745117,
			"seconds":	20.041440963745117,
			"bytes":	2354012568,
			"bits_per_second":	939658010.522656,
			"sender":	true
		},
		"cpu_utilization_percent":	{
			"host_total":	4.8056832282272222,
			"host_user":	0.27317199658925845,
			"host_system":	4.5325112316379634,
			"remote_total":	26.205641939928213,
			"remote_user":	2.67766928572891,
			"remote_system":	23.5279726541993
		},
		"sender_tcp_congestion":	"cubic",
		"receiver_tcp_congestion":	"cubic"
	}
}
