{
	"start":	{
		"connected":	[{
				"socket":	5,
				"local_host":	"10.10.10.2",
				"local_port":	43268,
				"remote_host":	"10.10.10.4",
				"remote_port":	5201
			}],
		"version":	"iperf 3.9",
		"system_info":	"Linux zelda 5.10.0-18-amd64 #1 SMP Debian 5.10.140-1 (2022-09-02) x86_64",
		"timestamp":	{
			"time":	"Tue, 30 Jan 2024 16:14:55 GMT",
			"timesecs":	1706631295
		},
		"connecting_to":	{
			"host":	"10.10.10.4",
			"port":	5201
		},
		"cookie":	"3gprgpo3zmyaastlb4io4kt56urcvq7ywke2",
		"tcp_mss_default":	1448,
		"target_bitrate":	6000000000,
		"sock_bufsize":	0,
		"sndbuf_actual":	1000000,
		"rcvbuf_actual":	1000000,
		"test_start":	{
			"protocol":	"TCP",
			"num_streams":	1,
			"blksize":	131072,
			"omit":	0,
			"duration":	40,
			"bytes":	0,
			"blocks":	0,
			"reverse":	0,
			"tos":	0
		}
	},
	"intervals":	[{
			"streams":	[{
					"socket":	5,
					"start":	0,
					"end":	40.000073,
					"seconds":	40.000072479248047,
					"bytes":	4709023744,
					"bits_per_second":	941803042.27059221,
					"retransmits":	0,
					"snd_cwnd":	419920,
					"rtt":	2231,
					"rttvar":	123,
					"pmtu":	9000,
					"omitted":	false,
					"sender":	true
				}],
			"sum":	{
				"start":	0,
				"end":	40.000073,
				"seconds":	40.000072479248047,
				"bytes":	4709023744,
				"bits_per_second":	941803042.27059221,
				"retransmits":	0,
				"omitted":	false,
				"sender":	true
			}
		}],
	"end":	{
		"streams":	[{
				"sender":	{
					"socket":	5,
					"start":	0,
					"end":	40.000073,
					"seconds":	40.000073,
					"bytes":	4709023744,
					"bits_per_second":	941803030.00947022,
					"retransmits":	0,
					"max_snd_cwnd":	419920,
					"max_rtt":	2231,
					"min_rtt":	2231,
					"mean_rtt":	2231,
					"sender":	true
				},
				"receiver":	{
					"socket":	5,
					"start":	0,
					"end":	40.043639898300171,
					"seconds":	40.000073,
					"bytes":	4707589080,
					"bits_per_second":	940491741.90078247,
					"sender":	true
				}
			}],
		"sum_sent":	{
			"start":	0,
			"end":	40.000073,
			"seconds":	40.000073,
			"bytes":	4709023744,
			"bits_per_second":	941803030.00947022,
			"retransmits":	0,
			"sender":	true
		},
		"sum_received":	{
			"start":	0,
			"end":	40.043639898300171,
			"seconds":	40.043639898300171,
			"bytes":	4707589080,
			"bits_per_second":	940491741.90078247,
			"sender":	true
		},
		"cpu_utilization_percent":	{
			"host_total":	15.995979712465621,
			"host_user":	0.610459557830736,
			"host_system":	15.385520154634888,
			"remote_total":	26.803688132486762,
			"remote_user":	2.8575878571913167,
			"remote_system":	23.946100275295446
		},
		"sender_tcp_congestion":	"cubic",
		"receiver_tcp_congestion":	"cubic"
	}
}
