{
	"start":	{
		"connected":	[{
				"socket":	5,
				"local_host":	"10.10.10.2",
				"local_port":	57144,
				"remote_host":	"10.10.10.4",
				"remote_port":	5201
			}],
		"version":	"iperf 3.9",
		"system_info":	"Linux zelda 5.10.0-18-amd64 #1 SMP Debian 5.10.140-1 (2022-09-02) x86_64",
		"timestamp":	{
			"time":	"Wed, 31 Jan 2024 02:56:48 GMT",
			"timesecs":	1706669808
		},
		"connecting_to":	{
			"host":	"10.10.10.4",
			"port":	5201
		},
		"cookie":	"xq3qnaf6ynch7jj4yuz3ei5feub2nraeurk2",
		"tcp_mss_default":	1448,
		"target_bitrate":	3000000000,
		"sock_bufsize":	0,
		"sndbuf_actual":	1000000,
		"rcvbuf_actual":	1000000,
		"test_start":	{
			"protocol":	"TCP",
			"num_streams":	1,
			"blksize":	131072,
			"omit":	0,
			"duration":	10,
			"bytes":	0,
			"blocks":	0,
			"reverse":	0,
			"tos":	0
		}
	},
	"intervals":	[{
			"streams":	[{
					"socket":	5,
					"start":	0,
					"end":	10.000099,
					"seconds":	10.000099182128906,
					"bytes":	1178861568,
					"bits_per_second":	943079900.73277164,
					"retransmits":	0,
					"snd_cwnd":	489424,
					"rtt":	2189,
					"rttvar":	90,
					"pmtu":	9000,
					"omitted":	false,
					"sender":	true
				}],
			"sum":	{
				"start":	0,
				"end":	10.000099,
				"seconds":	10.000099182128906,
				"bytes":	1178861568,
				"bits_per_second":	943079900.73277164,
				"retransmits":	0,
				"omitted":	false,
				"sender":	true
			}
		}],
	"end":	{
		"streams":	[{
				"sender":	{
					"socket":	5,
					"start":	0,
					"end":	10.000099,
					"seconds":	10.000099,
					"bytes":	1178861568,
					"bits_per_second":	943079917.90881264,
					"retransmits":	0,
					"max_snd_cwnd":	489424,
					"max_rtt":	2189,
					"min_rtt":	2189,
					"mean_rtt":	2189,
					"sender":	true
				},
				"receiver":	{
					"socket":	5,
					"start":	0,
					"end":	10.042838096618652,
					"seconds":	10.000099,
					"bytes":	1177097328,
					"bits_per_second":	937661100.71719253,
					"sender":	true
				}
			}],
		"sum_sent":	{
			"start":	0,
			"end":	10.000099,
			"seconds":	10.000099,
			"bytes":	1178861568,
			"bits_per_second":	943079917.90881264,
			"retransmits":	0,
			"sender":	true
		},
		"sum_received":	{
			"start":	0,
			"end":	10.042838096618652,
			"seconds":	10.042838096618652,
			"bytes":	1177097328,
			"bits_per_second":	937661100.71719253,
			"sender":	true
		},
		"cpu_utilization_percent":	{
			"host_total":	18.317354890763689,
			"host_user":	0.909431785576829,
			"host_system":	17.40792310518686,
			"remote_total":	20.93528247405407,
			"remote_user":	0,
			"remote_system":	20.93528247405407
		},
		"sender_tcp_congestion":	"cubic",
		"receiver_tcp_congestion":	"cubic"
	}
}
