{
	"start":	{
		"connected":	[{
				"socket":	5,
				"local_host":	"10.10.10.2",
				"local_port":	49734,
				"remote_host":	"10.10.10.4",
				"remote_port":	5201
			}],
		"version":	"iperf 3.9",
		"system_info":	"Linux zelda 5.10.0-18-amd64 #1 SMP Debian 5.10.140-1 (2022-09-02) x86_64",
		"timestamp":	{
			"time":	"Mon, 29 Jan 2024 11:15:09 GMT",
			"timesecs":	1706526909
		},
		"connecting_to":	{
			"host":	"10.10.10.4",
			"port":	5201
		},
		"cookie":	"45ydq4zkehwqma6qvni6ouzdqy7wnnzxesdb",
		"tcp_mss_default":	1448,
		"target_bitrate":	1000000000,
		"sock_bufsize":	0,
		"sndbuf_actual":	1000000,
		"rcvbuf_actual":	1000000,
		"test_start":	{
			"protocol":	"TCP",
			"num_streams":	1,
			"blksize":	131072,
			"omit":	0,
			"duration":	50,
			"bytes":	0,
			"blocks":	0,
			"reverse":	0,
			"tos":	0
		}
	},
	"intervals":	[{
			"streams":	[{
					"socket":	5,
					"start":	0,
					"end":	50.000078,
					"seconds":	50.000076293945312,
					"bytes":	5885657088,
					"bits_per_second":	941703697.15419257,
					"retransmits":	0,
					"snd_cwnd":	375032,
					"rtt":	2201,
					"rttvar":	102,
					"pmtu":	9000,
					"omitted":	false,
					"sender":	true
				}],
			"sum":	{
				"start":	0,
				"end":	50.000078,
				"seconds":	50.000076293945312,
				"bytes":	5885657088,
				"bits_per_second":	941703697.15419257,
				"retransmits":	0,
				"omitted":	false,
				"sender":	true
			}
		}],
	"end":	{
		"streams":	[{
				"sender":	{
					"socket":	5,
					"start":	0,
					"end":	50.000078,
					"seconds":	50.000078,
					"bytes":	5885657088,
					"bits_per_second":	941703665.02228248,
					"retransmits":	0,
					"max_snd_cwnd":	375032,
					"max_rtt":	2201,
					"min_rtt":	2201,
					"mean_rtt":	2201,
					"sender":	true
				},
				"receiver":	{
					"socket":	5,
					"start":	0,
					"end":	50.041275024414062,
					"seconds":	50.000078,
					"bytes":	5884357312,
					"bits_per_second":	940720604.601565,
					"sender":	true
				}
			}],
		"sum_sent":	{
			"start":	0,
			"end":	50.000078,
			"seconds":	50.000078,
			"bytes":	5885657088,
			"bits_per_second":	941703665.02228248,
			"retransmits":	0,
			"sender":	true
		},
		"sum_received":	{
			"start":	0,
			"end":	50.041275024414062,
			"seconds":	50.041275024414062,
			"bytes":	5884357312,
			"bits_per_second":	940720604.601565,
			"sender":	true
		},
		"cpu_utilization_percent":	{
			"host_total":	8.8030885656552,
			"host_user":	0.28651819703917686,
			"host_system":	8.51657236521677,
			"remote_total":	23.792907698464049,
			"remote_user":	2.4778282654394115,
			"remote_system":	21.315077437894235
		},
		"sender_tcp_congestion":	"cubic",
		"receiver_tcp_congestion":	"cubic"
	}
}
