{
	"start":	{
		"connected":	[{
				"socket":	5,
				"local_host":	"10.10.10.2",
				"local_port":	57224,
				"remote_host":	"10.10.10.4",
				"remote_port":	5201
			}],
		"version":	"iperf 3.9",
		"system_info":	"Linux zelda 5.10.0-18-amd64 #1 SMP Debian 5.10.140-1 (2022-09-02) x86_64",
		"timestamp":	{
			"time":	"Wed, 31 Jan 2024 13:40:54 GMT",
			"timesecs":	1706708454
		},
		"connecting_to":	{
			"host":	"10.10.10.4",
			"port":	5201
		},
		"cookie":	"bfba55s3qitxud2jg2gekvgym6f6cqgb3rzn",
		"tcp_mss_default":	1448,
		"target_bitrate":	10000000000,
		"sock_bufsize":	0,
		"sndbuf_actual":	1000000,
		"rcvbuf_actual":	1000000,
		"test_start":	{
			"protocol":	"TCP",
			"num_streams":	1,
			"blksize":	131072,
			"omit":	0,
			"duration":	10,
			"bytes":	0,
			"blocks":	0,
			"reverse":	0,
			"tos":	0
		}
	},
	"intervals":	[{
			"streams":	[{
					"socket":	5,
					"start":	0,
					"end":	10.000078,
					"seconds":	10.000078201293945,
					"bytes":	1178337280,
					"bits_per_second":	942662452.257648,
					"retransmits":	0,
					"snd_cwnd":	445984,
					"rtt":	2276,
					"rttvar":	149,
					"pmtu":	9000,
					"omitted":	false,
					"sender":	true
				}],
			"sum":	{
				"start":	0,
				"end":	10.000078,
				"seconds":	10.000078201293945,
				"bytes":	1178337280,
				"bits_per_second":	942662452.257648,
				"retransmits":	0,
				"omitted":	false,
				"sender":	true
			}
		}],
	"end":	{
		"streams":	[{
				"sender":	{
					"socket":	5,
					"start":	0,
					"end":	10.000078,
					"seconds":	10.000078,
					"bytes":	1178337280,
					"bits_per_second":	942662471.23272431,
					"retransmits":	0,
					"max_snd_cwnd":	445984,
					"max_rtt":	2276,
					"min_rtt":	2276,
					"mean_rtt":	2276,
					"sender":	true
				},
				"receiver":	{
					"socket":	5,
					"start":	0,
					"end":	10.0441370010376,
					"seconds":	10.000078,
					"bytes":	1176754152,
					"bits_per_second":	937266508.31499958,
					"sender":	true
				}
			}],
		"sum_sent":	{
			"start":	0,
			"end":	10.000078,
			"seconds":	10.000078,
			"bytes":	1178337280,
			"bits_per_second":	942662471.23272431,
			"retransmits":	0,
			"sender":	true
		},
		"sum_received":	{
			"start":	0,
			"end":	10.0441370010376,
			"seconds":	10.0441370010376,
			"bytes":	1176754152,
			"bits_per_second":	937266508.31499958,
			"sender":	true
		},
		"cpu_utilization_percent":	{
			"host_total":	18.515955272958283,
			"host_user":	0.684602432298295,
			"host_system":	17.831362752953044,
			"remote_total":	26.664961466022046,
			"remote_user":	2.5605869842015037,
			"remote_system":	24.10438436131443
		},
		"sender_tcp_congestion":	"cubic",
		"receiver_tcp_congestion":	"cubic"
	}
}
