{
	"start":	{
		"connected":	[{
				"socket":	5,
				"local_host":	"10.10.10.2",
				"local_port":	37192,
				"remote_host":	"10.10.10.4",
				"remote_port":	5201
			}],
		"version":	"iperf 3.9",
		"system_info":	"Linux zelda 5.10.0-18-amd64 #1 SMP Debian 5.10.140-1 (2022-09-02) x86_64",
		"timestamp":	{
			"time":	"Tue, 30 Jan 2024 21:33:07 GMT",
			"timesecs":	1706650387
		},
		"connecting_to":	{
			"host":	"10.10.10.4",
			"port":	5201
		},
		"cookie":	"noj7gp4wylzpx3o4swur2ualnrg6ti3e4j4h",
		"tcp_mss_default":	1448,
		"target_bitrate":	9000000000,
		"sock_bufsize":	0,
		"sndbuf_actual":	1000000,
		"rcvbuf_actual":	1000000,
		"test_start":	{
			"protocol":	"TCP",
			"num_streams":	1,
			"blksize":	131072,
			"omit":	0,
			"duration":	80,
			"bytes":	0,
			"blocks":	0,
			"reverse":	0,
			"tos":	0
		}
	},
	"intervals":	[{
			"streams":	[{
					"socket":	5,
					"start":	0,
					"end":	60.000071,
					"seconds":	60.000072479248047,
					"bytes":	7062683648,
					"bits_per_second":	941690015.51692975,
					"retransmits":	0,
					"snd_cwnd":	399648,
					"rtt":	2242,
					"rttvar":	144,
					"pmtu":	9000,
					"omitted":	false,
					"sender":	true
				}],
			"sum":	{
				"start":	0,
				"end":	60.000071,
				"seconds":	60.000072479248047,
				"bytes":	7062683648,
				"bits_per_second":	941690015.51692975,
				"retransmits":	0,
				"omitted":	false,
				"sender":	true
			}
		}, {
			"streams":	[{
					"socket":	5,
					"start":	60.000071,
					"end":	80.000079,
					"seconds":	20.000007629394531,
					"bytes":	2354446336,
					"bits_per_second":	941778175.140137,
					"retransmits":	0,
					"snd_cwnd":	606712,
					"rtt":	2838,
					"rttvar":	149,
					"pmtu":	9000,
					"omitted":	false,
					"sender":	true
				}],
			"sum":	{
				"start":	60.000071,
				"end":	80.000079,
				"seconds":	20.000007629394531,
				"bytes":	2354446336,
				"bits_per_second":	941778175.140137,
				"retransmits":	0,
				"omitted":	false,
				"sender":	true
			}
		}],
	"end":	{
		"streams":	[{
				"sender":	{
					"socket":	5,
					"start":	0,
					"end":	80.000079,
					"seconds":	80.000079,
					"bytes":	9417129984,
					"bits_per_second":	941712068.45933235,
					"retransmits":	0,
					"max_snd_cwnd":	606712,
					"max_rtt":	2838,
					"min_rtt":	2242,
					"mean_rtt":	2540,
					"sender":	true
				},
				"receiver":	{
					"socket":	5,
					"start":	0,
					"end":	80.040567874908447,
					"seconds":	80.000079,
					"bytes":	9414953224,
					"bits_per_second":	941018133.57588136,
					"sender":	true
				}
			}],
		"sum_sent":	{
			"start":	0,
			"end":	80.000079,
			"seconds":	80.000079,
			"bytes":	9417129984,
			"bits_per_second":	941712068.45933235,
			"retransmits":	0,
			"sender":	true
		},
		"sum_received":	{
			"start":	0,
			"end":	80.040567874908447,
			"seconds":	80.040567874908447,
			"bytes":	9414953224,
			"bits_per_second":	941018133.57588136,
			"sender":	true
		},
		"cpu_utilization_percent":	{
			"host_total":	16.083184493325973,
			"host_user":	0.73328492950362434,
			"host_system":	15.349899563822348,
			"remote_total":	25.17759821135655,
			"remote_user":	2.6204348480122874,
			"remote_system":	22.557162115184113
		},
		"sender_tcp_congestion":	"cubic",
		"receiver_tcp_congestion":	"cubic"
	}
}
