{
	"start":	{
		"connected":	[{
				"socket":	5,
				"local_host":	"10.10.10.2",
				"local_port":	34626,
				"remote_host":	"10.10.10.4",
				"remote_port":	5201
			}],
		"version":	"iperf 3.9",
		"system_info":	"Linux zelda 5.10.0-18-amd64 #1 SMP Debian 5.10.140-1 (2022-09-02) x86_64",
		"timestamp":	{
			"time":	"Tue, 30 Jan 2024 13:18:35 GMT",
			"timesecs":	1706620715
		},
		"connecting_to":	{
			"host":	"10.10.10.4",
			"port":	5201
		},
		"cookie":	"lc7kb7dasf766liu6rhlfxist4rmnv2iac2v",
		"tcp_mss_default":	1448,
		"target_bitrate":	4000000000,
		"sock_bufsize":	0,
		"sndbuf_actual":	1000000,
		"rcvbuf_actual":	1000000,
		"test_start":	{
			"protocol":	"TCP",
			"num_streams":	1,
			"blksize":	131072,
			"omit":	0,
			"duration":	50,
			"bytes":	0,
			"blocks":	0,
			"reverse":	0,
			"tos":	0
		}
	},
	"intervals":	[{
			"streams":	[{
					"socket":	5,
					"start":	0,
					"end":	50.000073,
					"seconds":	50.000072479248047,
					"bytes":	5885919232,
					"bits_per_second":	941745711.979579,
					"retransmits":	0,
					"snd_cwnd":	419920,
					"rtt":	2175,
					"rttvar":	138,
					"pmtu":	9000,
					"omitted":	false,
					"sender":	true
				}],
			"sum":	{
				"start":	0,
				"end":	50.000073,
				"seconds":	50.000072479248047,
				"bytes":	5885919232,
				"bits_per_second":	941745711.979579,
				"retransmits":	0,
				"omitted":	false,
				"sender":	true
			}
		}],
	"end":	{
		"streams":	[{
				"sender":	{
					"socket":	5,
					"start":	0,
					"end":	50.000073,
					"seconds":	50.000073,
					"bytes":	5885919232,
					"bits_per_second":	941745702.17127478,
					"retransmits":	0,
					"max_snd_cwnd":	419920,
					"max_rtt":	2175,
					"min_rtt":	2175,
					"mean_rtt":	2175,
					"sender":	true
				},
				"receiver":	{
					"socket":	5,
					"start":	0,
					"end":	50.044003963470459,
					"seconds":	50.000073,
					"bytes":	5884465560,
					"bits_per_second":	940686610.814811,
					"sender":	true
				}
			}],
		"sum_sent":	{
			"start":	0,
			"end":	50.000073,
			"seconds":	50.000073,
			"bytes":	5885919232,
			"bits_per_second":	941745702.17127478,
			"retransmits":	0,
			"sender":	true
		},
		"sum_received":	{
			"start":	0,
			"end":	50.044003963470459,
			"seconds":	50.044003963470459,
			"bytes":	5884465560,
			"bits_per_second":	940686610.814811,
			"sender":	true
		},
		"cpu_utilization_percent":	{
			"host_total":	16.676529671364975,
			"host_user":	0.6491493660100246,
			"host_system":	16.027382301981969,
			"remote_total":	25.944054409347384,
			"remote_user":	2.3101886646394907,
			"remote_system":	23.63386574470789
		},
		"sender_tcp_congestion":	"cubic",
		"receiver_tcp_congestion":	"cubic"
	}
}
