{
	"start":	{
		"connected":	[{
				"socket":	5,
				"local_host":	"10.10.10.2",
				"local_port":	47460,
				"remote_host":	"10.10.10.4",
				"remote_port":	5201
			}],
		"version":	"iperf 3.9",
		"system_info":	"Linux zelda 5.10.0-18-amd64 #1 SMP Debian 5.10.140-1 (2022-09-02) x86_64",
		"timestamp":	{
			"time":	"Sun, 28 Jan 2024 20:07:52 GMT",
			"timesecs":	1706472472
		},
		"connecting_to":	{
			"host":	"10.10.10.4",
			"port":	5201
		},
		"cookie":	"plbn7k3dryvimrfbd4sb5aug4bgbcz764l5c",
		"tcp_mss_default":	1448,
		"target_bitrate":	6000000000,
		"sock_bufsize":	0,
		"sndbuf_actual":	1000000,
		"rcvbuf_actual":	1000000,
		"test_start":	{
			"protocol":	"TCP",
			"num_streams":	1,
			"blksize":	131072,
			"omit":	0,
			"duration":	60,
			"bytes":	0,
			"blocks":	0,
			"reverse":	0,
			"tos":	0
		}
	},
	"intervals":	[{
			"streams":	[{
					"socket":	5,
					"start":	0,
					"end":	60.000061,
					"seconds":	60.00006103515625,
					"bytes":	7062159360,
					"bits_per_second":	941620290.13430774,
					"retransmits":	39,
					"snd_cwnd":	366344,
					"rtt":	2186,
					"rttvar":	118,
					"pmtu":	9000,
					"omitted":	false,
					"sender":	true
				}],
			"sum":	{
				"start":	0,
				"end":	60.000061,
				"seconds":	60.00006103515625,
				"bytes":	7062159360,
				"bits_per_second":	941620290.13430774,
				"retransmits":	39,
				"omitted":	false,
				"sender":	true
			}
		}],
	"end":	{
		"streams":	[{
				"sender":	{
					"socket":	5,
					"start":	0,
					"end":	60.000061,
					"seconds":	60.000061,
					"bytes":	7062159360,
					"bits_per_second":	941620290.68603778,
					"retransmits":	39,
					"max_snd_cwnd":	366344,
					"max_rtt":	2186,
					"min_rtt":	2186,
					"mean_rtt":	2186,
					"sender":	true
				},
				"receiver":	{
					"socket":	5,
					"start":	0,
					"end":	60.044327020645142,
					"seconds":	60.000061,
					"bytes":	7060460336,
					"bits_per_second":	940699737.854987,
					"sender":	true
				}
			}],
		"sum_sent":	{
			"start":	0,
			"end":	60.000061,
			"seconds":	60.000061,
			"bytes":	7062159360,
			"bits_per_second":	941620290.68603778,
			"retransmits":	39,
			"sender":	true
		},
		"sum_received":	{
			"start":	0,
			"end":	60.044327020645142,
			"seconds":	60.044327020645142,
			"bytes":	7060460336,
			"bits_per_second":	940699737.854987,
			"sender":	true
		},
		"cpu_utilization_percent":	{
			"host_total":	3.7414610212968769,
			"host_user":	0.10765792170933,
			"host_system":	3.6338014353490871,
			"remote_total":	26.590898083555658,
			"remote_user":	2.5766861145635427,
			"remote_system":	24.014211968992115
		},
		"sender_tcp_congestion":	"cubic",
		"receiver_tcp_congestion":	"cubic"
	}
}
