{
	"start":	{
		"connected":	[{
				"socket":	5,
				"local_host":	"10.10.10.2",
				"local_port":	52394,
				"remote_host":	"10.10.10.4",
				"remote_port":	5201
			}],
		"version":	"iperf 3.9",
		"system_info":	"Linux zelda 5.10.0-18-amd64 #1 SMP Debian 5.10.140-1 (2022-09-02) x86_64",
		"timestamp":	{
			"time":	"Mon, 29 Jan 2024 11:29:02 GMT",
			"timesecs":	1706527742
		},
		"connecting_to":	{
			"host":	"10.10.10.4",
			"port":	5201
		},
		"cookie":	"y3szx3yqclq3g5jlkc4krrh755cqvs5mu35r",
		"tcp_mss_default":	1448,
		"target_bitrate":	1000000000,
		"sock_bufsize":	0,
		"sndbuf_actual":	1000000,
		"rcvbuf_actual":	1000000,
		"test_start":	{
			"protocol":	"TCP",
			"num_streams":	1,
			"blksize":	131072,
			"omit":	0,
			"duration":	60,
			"bytes":	0,
			"blocks":	0,
			"reverse":	0,
			"tos":	0
		}
	},
	"intervals":	[{
			"streams":	[{
					"socket":	5,
					"start":	0,
					"end":	60.000095,
					"seconds":	60.000095367431641,
					"bytes":	7063339008,
					"bits_per_second":	941777037.48571265,
					"retransmits":	0,
					"snd_cwnd":	608160,
					"rtt":	2302,
					"rttvar":	122,
					"pmtu":	9000,
					"omitted":	false,
					"sender":	true
				}],
			"sum":	{
				"start":	0,
				"end":	60.000095,
				"seconds":	60.000095367431641,
				"bytes":	7063339008,
				"bits_per_second":	941777037.48571265,
				"retransmits":	0,
				"omitted":	false,
				"sender":	true
			}
		}],
	"end":	{
		"streams":	[{
				"sender":	{
					"socket":	5,
					"start":	0,
					"end":	60.000095,
					"seconds":	60.000095,
					"bytes":	7063339008,
					"bits_per_second":	941777043.2530148,
					"retransmits":	0,
					"max_snd_cwnd":	608160,
					"max_rtt":	2302,
					"min_rtt":	2302,
					"mean_rtt":	2302,
					"sender":	true
				},
				"receiver":	{
					"socket":	5,
					"start":	0,
					"end":	60.0418438911438,
					"seconds":	60.000095,
					"bytes":	7061274336,
					"bits_per_second":	940847099.73959231,
					"sender":	true
				}
			}],
		"sum_sent":	{
			"start":	0,
			"end":	60.000095,
			"seconds":	60.000095,
			"bytes":	7063339008,
			"bits_per_second":	941777043.2530148,
			"retransmits":	0,
			"sender":	true
		},
		"sum_received":	{
			"start":	0,
			"end":	60.0418438911438,
			"seconds":	60.0418438911438,
			"bytes":	7061274336,
			"bits_per_second":	940847099.73959231,
			"sender":	true
		},
		"cpu_utilization_percent":	{
			"host_total":	8.73799802067402,
			"host_user":	0.23543297085857678,
			"host_system":	8.50256671420553,
			"remote_total":	26.70465134367338,
			"remote_user":	2.5003065605555737,
			"remote_system":	24.2043447831178
		},
		"sender_tcp_congestion":	"cubic",
		"receiver_tcp_congestion":	"cubic"
	}
}
