{
	"start":	{
		"connected":	[{
				"socket":	5,
				"local_host":	"10.10.10.2",
				"local_port":	57158,
				"remote_host":	"10.10.10.4",
				"remote_port":	5201
			}],
		"version":	"iperf 3.9",
		"system_info":	"Linux zelda 5.10.0-18-amd64 #1 SMP Debian 5.10.140-1 (2022-09-02) x86_64",
		"timestamp":	{
			"time":	"Sun, 28 Jan 2024 15:08:21 GMT",
			"timesecs":	1706454501
		},
		"connecting_to":	{
			"host":	"10.10.10.4",
			"port":	5201
		},
		"cookie":	"zaesl22oyxghruz57sbppykkpf3ujkecrvxp",
		"tcp_mss_default":	1448,
		"target_bitrate":	3000000000,
		"sock_bufsize":	0,
		"sndbuf_actual":	1000000,
		"rcvbuf_actual":	1000000,
		"test_start":	{
			"protocol":	"TCP",
			"num_streams":	1,
			"blksize":	131072,
			"omit":	0,
			"duration":	20,
			"bytes":	0,
			"blocks":	0,
			"reverse":	0,
			"tos":	0
		}
	},
	"intervals":	[{
			"streams":	[{
					"socket":	5,
					"start":	0,
					"end":	20.000068,
					"seconds":	20.000068664550781,
					"bytes":	2355101696,
					"bits_per_second":	942037444.171104,
					"retransmits":	0,
					"snd_cwnd":	366344,
					"rtt":	2157,
					"rttvar":	130,
					"pmtu":	9000,
					"omitted":	false,
					"sender":	true
				}],
			"sum":	{
				"start":	0,
				"end":	20.000068,
				"seconds":	20.000068664550781,
				"bytes":	2355101696,
				"bits_per_second":	942037444.171104,
				"retransmits":	0,
				"omitted":	false,
				"sender":	true
			}
		}],
	"end":	{
		"streams":	[{
				"sender":	{
					"socket":	5,
					"start":	0,
					"end":	20.000068,
					"seconds":	20.000068,
					"bytes":	2355101696,
					"bits_per_second":	942037475.47258341,
					"retransmits":	0,
					"max_snd_cwnd":	366344,
					"max_rtt":	2157,
					"min_rtt":	2157,
					"mean_rtt":	2157,
					"sender":	true
				},
				"receiver":	{
					"socket":	5,
					"start":	0,
					"end":	20.043462038040161,
					"seconds":	20.000068,
					"bytes":	2353821768,
					"bits_per_second":	939487105.983076,
					"sender":	true
				}
			}],
		"sum_sent":	{
			"start":	0,
			"end":	20.000068,
			"seconds":	20.000068,
			"bytes":	2355101696,
			"bits_per_second":	942037475.47258341,
			"retransmits":	0,
			"sender":	true
		},
		"sum_received":	{
			"start":	0,
			"end":	20.043462038040161,
			"seconds":	20.043462038040161,
			"bytes":	2353821768,
			"bits_per_second":	939487105.983076,
			"sender":	true
		},
		"cpu_utilization_percent":	{
			"host_total":	4.568871741947202,
			"host_user":	0.11624771417999057,
			"host_system":	4.4526240277672118,
			"remote_total":	27.162846129531815,
			"remote_user":	2.8169561474831371,
			"remote_system":	24.345889982048678
		},
		"sender_tcp_congestion":	"cubic",
		"receiver_tcp_congestion":	"cubic"
	}
}
