{
	"start":	{
		"connected":	[{
				"socket":	5,
				"local_host":	"10.10.10.2",
				"local_port":	51070,
				"remote_host":	"10.10.10.4",
				"remote_port":	5201
			}],
		"version":	"iperf 3.9",
		"system_info":	"Linux zelda 5.10.0-18-amd64 #1 SMP Debian 5.10.140-1 (2022-09-02) x86_64",
		"timestamp":	{
			"time":	"Wed, 31 Jan 2024 11:47:40 GMT",
			"timesecs":	1706701660
		},
		"connecting_to":	{
			"host":	"10.10.10.4",
			"port":	5201
		},
		"cookie":	"udnjw23q66znlep5elghsbpdn22br7kbykm6",
		"tcp_mss_default":	1448,
		"target_bitrate":	8000000000,
		"sock_bufsize":	0,
		"sndbuf_actual":	1000000,
		"rcvbuf_actual":	1000000,
		"test_start":	{
			"protocol":	"TCP",
			"num_streams":	1,
			"blksize":	131072,
			"omit":	0,
			"duration":	90,
			"bytes":	0,
			"blocks":	0,
			"reverse":	0,
			"tos":	0
		}
	},
	"intervals":	[{
			"streams":	[{
					"socket":	5,
					"start":	0,
					"end":	60.000085,
					"seconds":	60.000083923339844,
					"bytes":	7063076864,
					"bits_per_second":	941742264.63073134,
					"retransmits":	0,
					"snd_cwnd":	518384,
					"rtt":	2499,
					"rttvar":	191,
					"pmtu":	9000,
					"omitted":	false,
					"sender":	true
				}],
			"sum":	{
				"start":	0,
				"end":	60.000085,
				"seconds":	60.000083923339844,
				"bytes":	7063076864,
				"bits_per_second":	941742264.63073134,
				"retransmits":	0,
				"omitted":	false,
				"sender":	true
			}
		}, {
			"streams":	[{
					"socket":	5,
					"start":	60.000085,
					"end":	90.000071,
					"seconds":	29.99998664855957,
					"bytes":	3530555392,
					"bits_per_second":	941481856.8712976,
					"retransmits":	0,
					"snd_cwnd":	518384,
					"rtt":	2422,
					"rttvar":	176,
					"pmtu":	9000,
					"omitted":	false,
					"sender":	true
				}],
			"sum":	{
				"start":	60.000085,
				"end":	90.000071,
				"seconds":	29.99998664855957,
				"bytes":	3530555392,
				"bits_per_second":	941481856.8712976,
				"retransmits":	0,
				"omitted":	false,
				"sender":	true
			}
		}],
	"end":	{
		"streams":	[{
				"sender":	{
					"socket":	5,
					"start":	0,
					"end":	90.000071,
					"seconds":	90.000071,
					"bytes":	10593632256,
					"bits_per_second":	941655457.6718055,
					"retransmits":	0,
					"max_snd_cwnd":	518384,
					"max_rtt":	2499,
					"min_rtt":	2422,
					"mean_rtt":	2460,
					"sender":	true
				},
				"receiver":	{
					"socket":	5,
					"start":	0,
					"end":	90.043970823287964,
					"seconds":	90.000071,
					"bytes":	10591805088,
					"bits_per_second":	941034029.5886333,
					"sender":	true
				}
			}],
		"sum_sent":	{
			"start":	0,
			"end":	90.000071,
			"seconds":	90.000071,
			"bytes":	10593632256,
			"bits_per_second":	941655457.6718055,
			"retransmits":	0,
			"sender":	true
		},
		"sum_received":	{
			"start":	0,
			"end":	90.043970823287964,
			"seconds":	90.043970823287964,
			"bytes":	10591805088,
			"bits_per_second":	941034029.5886333,
			"sender":	true
		},
		"cpu_utilization_percent":	{
			"host_total":	19.391132995323773,
			"host_user":	0.92517686857128845,
			"host_system":	18.465955016687658,
			"remote_total":	22.945558577862162,
			"remote_user":	2.0867900946660285,
			"remote_system":	20.858767373540793
		},
		"sender_tcp_congestion":	"cubic",
		"receiver_tcp_congestion":	"cubic"
	}
}
