{
	"start":	{
		"connected":	[{
				"socket":	5,
				"local_host":	"10.10.10.2",
				"local_port":	45912,
				"remote_host":	"10.10.10.4",
				"remote_port":	5201
			}],
		"version":	"iperf 3.9",
		"system_info":	"Linux zelda 5.10.0-18-amd64 #1 SMP Debian 5.10.140-1 (2022-09-02) x86_64",
		"timestamp":	{
			"time":	"Sun, 28 Jan 2024 21:21:48 GMT",
			"timesecs":	1706476908
		},
		"connecting_to":	{
			"host":	"10.10.10.4",
			"port":	5201
		},
		"cookie":	"fd3quzkftijwd35hagh2ck5vvdzicdxxw4o5",
		"tcp_mss_default":	1448,
		"target_bitrate":	7000000000,
		"sock_bufsize":	0,
		"sndbuf_actual":	1000000,
		"rcvbuf_actual":	1000000,
		"test_start":	{
			"protocol":	"TCP",
			"num_streams":	1,
			"blksize":	131072,
			"omit":	0,
			"duration":	30,
			"bytes":	0,
			"blocks":	0,
			"reverse":	0,
			"tos":	0
		}
	},
	"intervals":	[{
			"streams":	[{
					"socket":	5,
					"start":	0,
					"end":	30.000067,
					"seconds":	30.000066757202148,
					"bytes":	3532128256,
					"bits_per_second":	941898772.315775,
					"retransmits":	0,
					"snd_cwnd":	386616,
					"rtt":	2217,
					"rttvar":	95,
					"pmtu":	9000,
					"omitted":	false,
					"sender":	true
				}],
			"sum":	{
				"start":	0,
				"end":	30.000067,
				"seconds":	30.000066757202148,
				"bytes":	3532128256,
				"bits_per_second":	941898772.315775,
				"retransmits":	0,
				"omitted":	false,
				"sender":	true
			}
		}],
	"end":	{
		"streams":	[{
				"sender":	{
					"socket":	5,
					"start":	0,
					"end":	30.000067,
					"seconds":	30.000067,
					"bytes":	3532128256,
					"bits_per_second":	941898764.6927588,
					"retransmits":	0,
					"max_snd_cwnd":	386616,
					"max_rtt":	2217,
					"min_rtt":	2217,
					"mean_rtt":	2217,
					"sender":	true
				},
				"receiver":	{
					"socket":	5,
					"start":	0,
					"end":	30.04111385345459,
					"seconds":	30.000067,
					"bytes":	3530786240,
					"bits_per_second":	940254414.59294653,
					"sender":	true
				}
			}],
		"sum_sent":	{
			"start":	0,
			"end":	30.000067,
			"seconds":	30.000067,
			"bytes":	3532128256,
			"bits_per_second":	941898764.6927588,
			"retransmits":	0,
			"sender":	true
		},
		"sum_received":	{
			"start":	0,
			"end":	30.04111385345459,
			"seconds":	30.04111385345459,
			"bytes":	3530786240,
			"bits_per_second":	940254414.59294653,
			"sender":	true
		},
		"cpu_utilization_percent":	{
			"host_total":	4.6001614255011214,
			"host_user":	0.20645206067476818,
			"host_system":	4.39370604085178,
			"remote_total":	27.155736969930729,
			"remote_user":	2.6336231727978121,
			"remote_system":	24.5221171169571
		},
		"sender_tcp_congestion":	"cubic",
		"receiver_tcp_congestion":	"cubic"
	}
}
