{
	"start":	{
		"connected":	[{
				"socket":	5,
				"local_host":	"10.10.10.2",
				"local_port":	35652,
				"remote_host":	"10.10.10.4",
				"remote_port":	5201
			}],
		"version":	"iperf 3.9",
		"system_info":	"Linux zelda 5.10.0-18-amd64 #1 SMP Debian 5.10.140-1 (2022-09-02) x86_64",
		"timestamp":	{
			"time":	"Tue, 30 Jan 2024 23:55:29 GMT",
			"timesecs":	1706658929
		},
		"connecting_to":	{
			"host":	"10.10.10.4",
			"port":	5201
		},
		"cookie":	"cdgujace4q3luqssxiegdwko7lxcnaldleqh",
		"tcp_mss_default":	1448,
		"target_bitrate":	1000000000,
		"sock_bufsize":	0,
		"sndbuf_actual":	1000000,
		"rcvbuf_actual":	1000000,
		"test_start":	{
			"protocol":	"TCP",
			"num_streams":	1,
			"blksize":	131072,
			"omit":	0,
			"duration":	20,
			"bytes":	0,
			"blocks":	0,
			"reverse":	0,
			"tos":	0
		}
	},
	"intervals":	[{
			"streams":	[{
					"socket":	5,
					"start":	0,
					"end":	20.000077,
					"seconds":	20.000076293945312,
					"bytes":	2356150272,
					"bits_per_second":	942456513.61371458,
					"retransmits":	0,
					"snd_cwnd":	641464,
					"rtt":	2748,
					"rttvar":	95,
					"pmtu":	9000,
					"omitted":	false,
					"sender":	true
				}],
			"sum":	{
				"start":	0,
				"end":	20.000077,
				"seconds":	20.000076293945312,
				"bytes":	2356150272,
				"bits_per_second":	942456513.61371458,
				"retransmits":	0,
				"omitted":	false,
				"sender":	true
			}
		}],
	"end":	{
		"streams":	[{
				"sender":	{
					"socket":	5,
					"start":	0,
					"end":	20.000077,
					"seconds":	20.000077,
					"bytes":	2356150272,
					"bits_per_second":	942456480.34255064,
					"retransmits":	0,
					"max_snd_cwnd":	641464,
					"max_rtt":	2748,
					"min_rtt":	2748,
					"mean_rtt":	2748,
					"sender":	true
				},
				"receiver":	{
					"socket":	5,
					"start":	0,
					"end":	20.044951200485229,
					"seconds":	20.000077,
					"bytes":	2353923352,
					"bits_per_second":	939457852.88537633,
					"sender":	true
				}
			}],
		"sum_sent":	{
			"start":	0,
			"end":	20.000077,
			"seconds":	20.000077,
			"bytes":	2356150272,
			"bits_per_second":	942456480.34255064,
			"retransmits":	0,
			"sender":	true
		},
		"sum_received":	{
			"start":	0,
			"end":	20.044951200485229,
			"seconds":	20.044951200485229,
			"bytes":	2353923352,
			"bits_per_second":	939457852.88537633,
			"sender":	true
		},
		"cpu_utilization_percent":	{
			"host_total":	19.555120965672348,
			"host_user":	0.754592694034512,
			"host_system":	18.800523293391034,
			"remote_total":	21.697137406609677,
			"remote_user":	2.4491420230641836,
			"remote_system":	19.247990414058638
		},
		"sender_tcp_congestion":	"cubic",
		"receiver_tcp_congestion":	"cubic"
	}
}
