{
	"start":	{
		"connected":	[{
				"socket":	5,
				"local_host":	"10.10.10.2",
				"local_port":	50960,
				"remote_host":	"10.10.10.4",
				"remote_port":	5201
			}],
		"version":	"iperf 3.9",
		"system_info":	"Linux zelda 5.10.0-18-amd64 #1 SMP Debian 5.10.140-1 (2022-09-02) x86_64",
		"timestamp":	{
			"time":	"Mon, 29 Jan 2024 00:28:11 GMT",
			"timesecs":	1706488091
		},
		"connecting_to":	{
			"host":	"10.10.10.4",
			"port":	5201
		},
		"cookie":	"e4q7dpgffctwm5yhsdm3jgvqpqzrmvjlq5f2",
		"tcp_mss_default":	1448,
		"target_bitrate":	9000000000,
		"sock_bufsize":	0,
		"sndbuf_actual":	1000000,
		"rcvbuf_actual":	1000000,
		"test_start":	{
			"protocol":	"TCP",
			"num_streams":	1,
			"blksize":	131072,
			"omit":	0,
			"duration":	40,
			"bytes":	0,
			"blocks":	0,
			"reverse":	0,
			"tos":	0
		}
	},
	"intervals":	[{
			"streams":	[{
					"socket":	5,
					"start":	0,
					"end":	40.000068,
					"seconds":	40.000068664550781,
					"bytes":	4709416960,
					"bits_per_second":	941881775.15277553,
					"retransmits":	0,
					"snd_cwnd":	503904,
					"rtt":	2767,
					"rttvar":	199,
					"pmtu":	9000,
					"omitted":	false,
					"sender":	true
				}],
			"sum":	{
				"start":	0,
				"end":	40.000068,
				"seconds":	40.000068664550781,
				"bytes":	4709416960,
				"bits_per_second":	941881775.15277553,
				"retransmits":	0,
				"omitted":	false,
				"sender":	true
			}
		}],
	"end":	{
		"streams":	[{
				"sender":	{
					"socket":	5,
					"start":	0,
					"end":	40.000068,
					"seconds":	40.000068,
					"bytes":	4709416960,
					"bits_per_second":	941881790.80095565,
					"retransmits":	0,
					"max_snd_cwnd":	503904,
					"max_rtt":	2767,
					"min_rtt":	2767,
					"mean_rtt":	2767,
					"sender":	true
				},
				"receiver":	{
					"socket":	5,
					"start":	0,
					"end":	40.044278860092163,
					"seconds":	40.000068,
					"bytes":	4707596448,
					"bits_per_second":	940478207.026284,
					"sender":	true
				}
			}],
		"sum_sent":	{
			"start":	0,
			"end":	40.000068,
			"seconds":	40.000068,
			"bytes":	4709416960,
			"bits_per_second":	941881790.80095565,
			"retransmits":	0,
			"sender":	true
		},
		"sum_received":	{
			"start":	0,
			"end":	40.044278860092163,
			"seconds":	40.044278860092163,
			"bytes":	4707596448,
			"bits_per_second":	940478207.026284,
			"sender":	true
		},
		"cpu_utilization_percent":	{
			"host_total":	4.7026890141026643,
			"host_user":	0.14184582568069981,
			"host_system":	4.5608431884219636,
			"remote_total":	26.780900775763243,
			"remote_user":	2.4619783002012019,
			"remote_system":	24.318922475562044
		},
		"sender_tcp_congestion":	"cubic",
		"receiver_tcp_congestion":	"cubic"
	}
}
