{
	"start":	{
		"connected":	[{
				"socket":	5,
				"local_host":	"10.10.10.2",
				"local_port":	42006,
				"remote_host":	"10.10.10.4",
				"remote_port":	5201
			}],
		"version":	"iperf 3.9",
		"system_info":	"Linux zelda 5.10.0-18-amd64 #1 SMP Debian 5.10.140-1 (2022-09-02) x86_64",
		"timestamp":	{
			"time":	"Sun, 28 Jan 2024 13:38:41 GMT",
			"timesecs":	1706449121
		},
		"connecting_to":	{
			"host":	"10.10.10.4",
			"port":	5201
		},
		"cookie":	"eshxgrwqjiiyhl4hycfhwtsb5qlunw4n6kxu",
		"tcp_mss_default":	1448,
		"target_bitrate":	2000000000,
		"sock_bufsize":	0,
		"sndbuf_actual":	1000000,
		"rcvbuf_actual":	1000000,
		"test_start":	{
			"protocol":	"TCP",
			"num_streams":	1,
			"blksize":	131072,
			"omit":	0,
			"duration":	30,
			"bytes":	0,
			"blocks":	0,
			"reverse":	0,
			"tos":	0
		}
	},
	"intervals":	[{
			"streams":	[{
					"socket":	5,
					"start":	0,
					"end":	30.000068,
					"seconds":	30.000068664550781,
					"bytes":	3531997184,
					"bits_per_second":	941863759.97826743,
					"retransmits":	0,
					"snd_cwnd":	364896,
					"rtt":	1771,
					"rttvar":	133,
					"pmtu":	9000,
					"omitted":	false,
					"sender":	true
				}],
			"sum":	{
				"start":	0,
				"end":	30.000068,
				"seconds":	30.000068664550781,
				"bytes":	3531997184,
				"bits_per_second":	941863759.97826743,
				"retransmits":	0,
				"omitted":	false,
				"sender":	true
			}
		}],
	"end":	{
		"streams":	[{
				"sender":	{
					"socket":	5,
					"start":	0,
					"end":	30.000068,
					"seconds":	30.000068,
					"bytes":	3531997184,
					"bits_per_second":	941863780.84209681,
					"retransmits":	0,
					"max_snd_cwnd":	364896,
					"max_rtt":	1771,
					"min_rtt":	1771,
					"mean_rtt":	1771,
					"sender":	true
				},
				"receiver":	{
					"socket":	5,
					"start":	0,
					"end":	30.043666124343872,
					"seconds":	30.000068,
					"bytes":	3530742800,
					"bits_per_second":	940162970.89364851,
					"sender":	true
				}
			}],
		"sum_sent":	{
			"start":	0,
			"end":	30.000068,
			"seconds":	30.000068,
			"bytes":	3531997184,
			"bits_per_second":	941863780.84209681,
			"retransmits":	0,
			"sender":	true
		},
		"sum_received":	{
			"start":	0,
			"end":	30.043666124343872,
			"seconds":	30.043666124343872,
			"bytes":	3530742800,
			"bits_per_second":	940162970.89364851,
			"sender":	true
		},
		"cpu_utilization_percent":	{
			"host_total":	4.5019667011645979,
			"host_user":	0.10655180592946042,
			"host_system":	4.3954148952351373,
			"remote_total":	24.669756442762143,
			"remote_user":	2.4418635224801992,
			"remote_system":	22.227892920281946
		},
		"sender_tcp_congestion":	"cubic",
		"receiver_tcp_congestion":	"cubic"
	}
}
