{
	"start":	{
		"connected":	[{
				"socket":	5,
				"local_host":	"10.10.10.2",
				"local_port":	39248,
				"remote_host":	"10.10.10.4",
				"remote_port":	5201
			}],
		"version":	"iperf 3.9",
		"system_info":	"Linux zelda 5.10.0-18-amd64 #1 SMP Debian 5.10.140-1 (2022-09-02) x86_64",
		"timestamp":	{
			"time":	"Tue, 30 Jan 2024 14:17:05 GMT",
			"timesecs":	1706624225
		},
		"connecting_to":	{
			"host":	"10.10.10.4",
			"port":	5201
		},
		"cookie":	"ixsyjsl4asez4tpriuwb3zv34zweirpamfeo",
		"tcp_mss_default":	1448,
		"target_bitrate":	4000000000,
		"sock_bufsize":	0,
		"sndbuf_actual":	1000000,
		"rcvbuf_actual":	1000000,
		"test_start":	{
			"protocol":	"TCP",
			"num_streams":	1,
			"blksize":	131072,
			"omit":	0,
			"duration":	100,
			"bytes":	0,
			"blocks":	0,
			"reverse":	0,
			"tos":	0
		}
	},
	"intervals":	[{
			"streams":	[{
					"socket":	5,
					"start":	0,
					"end":	60.000071,
					"seconds":	60.000072479248047,
					"bytes":	7062814720,
					"bits_per_second":	941707491.76248527,
					"retransmits":	0,
					"snd_cwnd":	441640,
					"rtt":	2118,
					"rttvar":	87,
					"pmtu":	9000,
					"omitted":	false,
					"sender":	true
				}],
			"sum":	{
				"start":	0,
				"end":	60.000071,
				"seconds":	60.000072479248047,
				"bytes":	7062814720,
				"bits_per_second":	941707491.76248527,
				"retransmits":	0,
				"omitted":	false,
				"sender":	true
			}
		}, {
			"streams":	[{
					"socket":	5,
					"start":	60.000071,
					"end":	100.000067,
					"seconds":	39.999996185302734,
					"bytes":	4707319808,
					"bits_per_second":	941464051.38500857,
					"retransmits":	0,
					"snd_cwnd":	441640,
					"rtt":	2193,
					"rttvar":	94,
					"pmtu":	9000,
					"omitted":	false,
					"sender":	true
				}],
			"sum":	{
				"start":	60.000071,
				"end":	100.000067,
				"seconds":	39.999996185302734,
				"bytes":	4707319808,
				"bits_per_second":	941464051.38500857,
				"retransmits":	0,
				"omitted":	false,
				"sender":	true
			}
		}],
	"end":	{
		"streams":	[{
				"sender":	{
					"socket":	5,
					"start":	0,
					"end":	100.000067,
					"seconds":	100.000067,
					"bytes":	11770134528,
					"bits_per_second":	941610131.361212,
					"retransmits":	0,
					"max_snd_cwnd":	441640,
					"max_rtt":	2193,
					"min_rtt":	2118,
					"mean_rtt":	2155,
					"sender":	true
				},
				"receiver":	{
					"socket":	5,
					"start":	0,
					"end":	100.04393815994263,
					"seconds":	100.000067,
					"bytes":	11768659848,
					"bits_per_second":	941079294.91421366,
					"sender":	true
				}
			}],
		"sum_sent":	{
			"start":	0,
			"end":	100.000067,
			"seconds":	100.000067,
			"bytes":	11770134528,
			"bits_per_second":	941610131.361212,
			"retransmits":	0,
			"sender":	true
		},
		"sum_received":	{
			"start":	0,
			"end":	100.04393815994263,
			"seconds":	100.04393815994263,
			"bytes":	11768659848,
			"bits_per_second":	941079294.91421366,
			"sender":	true
		},
		"cpu_utilization_percent":	{
			"host_total":	15.653911601753981,
			"host_user":	0.69017510733576,
			"host_system":	14.963735495272189,
			"remote_total":	27.278575132548909,
			"remote_user":	2.70866974133253,
			"remote_system":	24.569906389996881
		},
		"sender_tcp_congestion":	"cubic",
		"receiver_tcp_congestion":	"cubic"
	}
}
