{
	"start":	{
		"connected":	[{
				"socket":	5,
				"local_host":	"10.10.10.2",
				"local_port":	60600,
				"remote_host":	"10.10.10.4",
				"remote_port":	5201
			}],
		"version":	"iperf 3.9",
		"system_info":	"Linux zelda 5.10.0-18-amd64 #1 SMP Debian 5.10.140-1 (2022-09-02) x86_64",
		"timestamp":	{
			"time":	"Wed, 31 Jan 2024 05:18:24 GMT",
			"timesecs":	1706678304
		},
		"connecting_to":	{
			"host":	"10.10.10.4",
			"port":	5201
		},
		"cookie":	"f3hzusi2cmjsytxnrl3cw5oi5tgnvmoxnwpu",
		"tcp_mss_default":	1448,
		"target_bitrate":	4000000000,
		"sock_bufsize":	0,
		"sndbuf_actual":	1000000,
		"rcvbuf_actual":	1000000,
		"test_start":	{
			"protocol":	"TCP",
			"num_streams":	1,
			"blksize":	131072,
			"omit":	0,
			"duration":	80,
			"bytes":	0,
			"blocks":	0,
			"reverse":	0,
			"tos":	0
		}
	},
	"intervals":	[{
			"streams":	[{
					"socket":	5,
					"start":	0,
					"end":	60.000077,
					"seconds":	60.000076293945312,
					"bytes":	7062814720,
					"bits_per_second":	941707431.8904115,
					"retransmits":	0,
					"snd_cwnd":	440192,
					"rtt":	2168,
					"rttvar":	127,
					"pmtu":	9000,
					"omitted":	false,
					"sender":	true
				}],
			"sum":	{
				"start":	0,
				"end":	60.000077,
				"seconds":	60.000076293945312,
				"bytes":	7062814720,
				"bits_per_second":	941707431.8904115,
				"retransmits":	0,
				"omitted":	false,
				"sender":	true
			}
		}, {
			"streams":	[{
					"socket":	5,
					"start":	60.000077,
					"end":	80.000082,
					"seconds":	20.0000057220459,
					"bytes":	2354708480,
					"bits_per_second":	941883122.525077,
					"retransmits":	0,
					"snd_cwnd":	1029528,
					"rtt":	3352,
					"rttvar":	123,
					"pmtu":	9000,
					"omitted":	false,
					"sender":	true
				}],
			"sum":	{
				"start":	60.000077,
				"end":	80.000082,
				"seconds":	20.0000057220459,
				"bytes":	2354708480,
				"bits_per_second":	941883122.525077,
				"retransmits":	0,
				"omitted":	false,
				"sender":	true
			}
		}],
	"end":	{
		"streams":	[{
				"sender":	{
					"socket":	5,
					"start":	0,
					"end":	80.000082,
					"seconds":	80.000082,
					"bytes":	9417523200,
					"bits_per_second":	941751354.7048614,
					"retransmits":	0,
					"max_snd_cwnd":	1029528,
					"max_rtt":	3352,
					"min_rtt":	2168,
					"mean_rtt":	2760,
					"sender":	true
				},
				"receiver":	{
					"socket":	5,
					"start":	0,
					"end":	80.045156002044678,
					"seconds":	80.000082,
					"bytes":	9415080648,
					"bits_per_second":	940976930.34761536,
					"sender":	true
				}
			}],
		"sum_sent":	{
			"start":	0,
			"end":	80.000082,
			"seconds":	80.000082,
			"bytes":	9417523200,
			"bits_per_second":	941751354.7048614,
			"retransmits":	0,
			"sender":	true
		},
		"sum_received":	{
			"start":	0,
			"end":	80.045156002044678,
			"seconds":	80.045156002044678,
			"bytes":	9415080648,
			"bits_per_second":	940976930.34761536,
			"sender":	true
		},
		"cpu_utilization_percent":	{
			"host_total":	19.454027670965665,
			"host_user":	0.66209858363703766,
			"host_system":	18.791930335984606,
			"remote_total":	25.604944250366064,
			"remote_user":	2.175155994598164,
			"remote_system":	23.4297882557679
		},
		"sender_tcp_congestion":	"cubic",
		"receiver_tcp_congestion":	"cubic"
	}
}
