{
	"start":	{
		"connected":	[{
				"socket":	5,
				"local_host":	"10.10.10.2",
				"local_port":	37682,
				"remote_host":	"10.10.10.4",
				"remote_port":	5201
			}],
		"version":	"iperf 3.9",
		"system_info":	"Linux zelda 5.10.0-18-amd64 #1 SMP Debian 5.10.140-1 (2022-09-02) x86_64",
		"timestamp":	{
			"time":	"Tue, 30 Jan 2024 10:07:31 GMT",
			"timesecs":	1706609251
		},
		"connecting_to":	{
			"host":	"10.10.10.4",
			"port":	5201
		},
		"cookie":	"yhufmnncnv4tgbnevxgxkcy7t6y5rb6hnlt5",
		"tcp_mss_default":	1448,
		"target_bitrate":	2000000000,
		"sock_bufsize":	0,
		"sndbuf_actual":	1000000,
		"rcvbuf_actual":	1000000,
		"test_start":	{
			"protocol":	"TCP",
			"num_streams":	1,
			"blksize":	131072,
			"omit":	0,
			"duration":	40,
			"bytes":	0,
			"blocks":	0,
			"reverse":	0,
			"tos":	0
		}
	},
	"intervals":	[{
			"streams":	[{
					"socket":	5,
					"start":	0,
					"end":	40.000086,
					"seconds":	40.0000877380371,
					"bytes":	4709416960,
					"bits_per_second":	941881326.0295316,
					"retransmits":	0,
					"snd_cwnd":	499560,
					"rtt":	2235,
					"rttvar":	123,
					"pmtu":	9000,
					"omitted":	false,
					"sender":	true
				}],
			"sum":	{
				"start":	0,
				"end":	40.000086,
				"seconds":	40.0000877380371,
				"bytes":	4709416960,
				"bits_per_second":	941881326.0295316,
				"retransmits":	0,
				"omitted":	false,
				"sender":	true
			}
		}],
	"end":	{
		"streams":	[{
				"sender":	{
					"socket":	5,
					"start":	0,
					"end":	40.000086,
					"seconds":	40.000086,
					"bytes":	4709416960,
					"bits_per_second":	941881366.955061,
					"retransmits":	0,
					"max_snd_cwnd":	499560,
					"max_rtt":	2235,
					"min_rtt":	2235,
					"mean_rtt":	2235,
					"sender":	true
				},
				"receiver":	{
					"socket":	5,
					"start":	0,
					"end":	40.041733980178833,
					"seconds":	40.000086,
					"bytes":	4707661608,
					"bits_per_second":	940550998.182117,
					"sender":	true
				}
			}],
		"sum_sent":	{
			"start":	0,
			"end":	40.000086,
			"seconds":	40.000086,
			"bytes":	4709416960,
			"bits_per_second":	941881366.955061,
			"retransmits":	0,
			"sender":	true
		},
		"sum_received":	{
			"start":	0,
			"end":	40.041733980178833,
			"seconds":	40.041733980178833,
			"bytes":	4707661608,
			"bits_per_second":	940550998.182117,
			"sender":	true
		},
		"cpu_utilization_percent":	{
			"host_total":	16.452269080621715,
			"host_user":	0.54696158896619118,
			"host_system":	15.90530499674564,
			"remote_total":	26.980619919013549,
			"remote_user":	2.5690675909802652,
			"remote_system":	24.411552328033284
		},
		"sender_tcp_congestion":	"cubic",
		"receiver_tcp_congestion":	"cubic"
	}
}
