{
	"start":	{
		"connected":	[{
				"socket":	5,
				"local_host":	"10.10.10.2",
				"local_port":	33986,
				"remote_host":	"10.10.10.4",
				"remote_port":	5201
			}],
		"version":	"iperf 3.9",
		"system_info":	"Linux zelda 5.10.0-18-amd64 #1 SMP Debian 5.10.140-1 (2022-09-02) x86_64",
		"timestamp":	{
			"time":	"Sun, 28 Jan 2024 18:46:13 GMT",
			"timesecs":	1706467573
		},
		"connecting_to":	{
			"host":	"10.10.10.4",
			"port":	5201
		},
		"cookie":	"772yi4dqcoujpfxjzd2yku2vkwtlrzpynxq7",
		"tcp_mss_default":	1448,
		"target_bitrate":	5000000000,
		"sock_bufsize":	0,
		"sndbuf_actual":	1000000,
		"rcvbuf_actual":	1000000,
		"test_start":	{
			"protocol":	"TCP",
			"num_streams":	1,
			"blksize":	131072,
			"omit":	0,
			"duration":	70,
			"bytes":	0,
			"blocks":	0,
			"reverse":	0,
			"tos":	0
		}
	},
	"intervals":	[{
			"streams":	[{
					"socket":	5,
					"start":	0,
					"end":	60.00006,
					"seconds":	60.00006103515625,
					"bytes":	7062552576,
					"bits_per_second":	941672718.88097441,
					"retransmits":	0,
					"snd_cwnd":	369240,
					"rtt":	2218,
					"rttvar":	90,
					"pmtu":	9000,
					"omitted":	false,
					"sender":	true
				}],
			"sum":	{
				"start":	0,
				"end":	60.00006,
				"seconds":	60.00006103515625,
				"bytes":	7062552576,
				"bits_per_second":	941672718.88097441,
				"retransmits":	0,
				"omitted":	false,
				"sender":	true
			}
		}, {
			"streams":	[{
					"socket":	5,
					"start":	60.00006,
					"end":	70.000069,
					"seconds":	10.000008583068848,
					"bytes":	1176764416,
					"bits_per_second":	941410724.78069353,
					"retransmits":	0,
					"snd_cwnd":	369240,
					"rtt":	2169,
					"rttvar":	123,
					"pmtu":	9000,
					"omitted":	false,
					"sender":	true
				}],
			"sum":	{
				"start":	60.00006,
				"end":	70.000069,
				"seconds":	10.000008583068848,
				"bytes":	1176764416,
				"bits_per_second":	941410724.78069353,
				"retransmits":	0,
				"omitted":	false,
				"sender":	true
			}
		}],
	"end":	{
		"streams":	[{
				"sender":	{
					"socket":	5,
					"start":	0,
					"end":	70.000069,
					"seconds":	70.000069,
					"bytes":	8239316992,
					"bits_per_second":	941635299.47377634,
					"retransmits":	0,
					"max_snd_cwnd":	369240,
					"max_rtt":	2218,
					"min_rtt":	2169,
					"mean_rtt":	2193,
					"sender":	true
				},
				"receiver":	{
					"socket":	5,
					"start":	0,
					"end":	70.040748119354248,
					"seconds":	70.000069,
					"bytes":	8238092672,
					"bits_per_second":	940948564.165731,
					"sender":	true
				}
			}],
		"sum_sent":	{
			"start":	0,
			"end":	70.000069,
			"seconds":	70.000069,
			"bytes":	8239316992,
			"bits_per_second":	941635299.47377634,
			"retransmits":	0,
			"sender":	true
		},
		"sum_received":	{
			"start":	0,
			"end":	70.040748119354248,
			"seconds":	70.040748119354248,
			"bytes":	8238092672,
			"bits_per_second":	940948564.165731,
			"sender":	true
		},
		"cpu_utilization_percent":	{
			"host_total":	4.7696084239565941,
			"host_user":	0.15380641666107334,
			"host_system":	4.61580343416384,
			"remote_total":	25.041514308728186,
			"remote_user":	2.2512961269027407,
			"remote_system":	22.790216755731464
		},
		"sender_tcp_congestion":	"cubic",
		"receiver_tcp_congestion":	"cubic"
	}
}
