{
	"start":	{
		"connected":	[{
				"socket":	5,
				"local_host":	"10.10.10.2",
				"local_port":	53786,
				"remote_host":	"10.10.10.4",
				"remote_port":	5201
			}],
		"version":	"iperf 3.9",
		"system_info":	"Linux zelda 5.10.0-18-amd64 #1 SMP Debian 5.10.140-1 (2022-09-02) x86_64",
		"timestamp":	{
			"time":	"Tue, 30 Jan 2024 20:40:54 GMT",
			"timesecs":	1706647254
		},
		"connecting_to":	{
			"host":	"10.10.10.4",
			"port":	5201
		},
		"cookie":	"cshbe3ufqt26ie37fb3q4ukz6bwuqzjqczak",
		"tcp_mss_default":	1448,
		"target_bitrate":	9000000000,
		"sock_bufsize":	0,
		"sndbuf_actual":	1000000,
		"rcvbuf_actual":	1000000,
		"test_start":	{
			"protocol":	"TCP",
			"num_streams":	1,
			"blksize":	131072,
			"omit":	0,
			"duration":	20,
			"bytes":	0,
			"blocks":	0,
			"reverse":	0,
			"tos":	0
		}
	},
	"intervals":	[{
			"streams":	[{
					"socket":	5,
					"start":	0,
					"end":	20.000093,
					"seconds":	20.000093460083008,
					"bytes":	2355494912,
					"bits_per_second":	942193561.92557466,
					"retransmits":	0,
					"snd_cwnd":	467704,
					"rtt":	2209,
					"rttvar":	145,
					"pmtu":	9000,
					"omitted":	false,
					"sender":	true
				}],
			"sum":	{
				"start":	0,
				"end":	20.000093,
				"seconds":	20.000093460083008,
				"bytes":	2355494912,
				"bits_per_second":	942193561.92557466,
				"retransmits":	0,
				"omitted":	false,
				"sender":	true
			}
		}],
	"end":	{
		"streams":	[{
				"sender":	{
					"socket":	5,
					"start":	0,
					"end":	20.000093,
					"seconds":	20.000093,
					"bytes":	2355494912,
					"bits_per_second":	942193583.59983623,
					"retransmits":	0,
					"max_snd_cwnd":	467704,
					"max_rtt":	2209,
					"min_rtt":	2209,
					"mean_rtt":	2209,
					"sender":	true
				},
				"receiver":	{
					"socket":	5,
					"start":	0,
					"end":	20.043757915496826,
					"seconds":	20.000093,
					"bytes":	2353885144,
					"bits_per_second":	939498532.729771,
					"sender":	true
				}
			}],
		"sum_sent":	{
			"start":	0,
			"end":	20.000093,
			"seconds":	20.000093,
			"bytes":	2355494912,
			"bits_per_second":	942193583.59983623,
			"retransmits":	0,
			"sender":	true
		},
		"sum_received":	{
			"start":	0,
			"end":	20.043757915496826,
			"seconds":	20.043757915496826,
			"bytes":	2353885144,
			"bits_per_second":	939498532.729771,
			"sender":	true
		},
		"cpu_utilization_percent":	{
			"host_total":	16.01265573525302,
			"host_user":	0.49626565990900484,
			"host_system":	15.516390075344013,
			"remote_total":	23.680585034730473,
			"remote_user":	2.9996649729741551,
			"remote_system":	20.680915091028933
		},
		"sender_tcp_congestion":	"cubic",
		"receiver_tcp_congestion":	"cubic"
	}
}
