{
	"start":	{
		"connected":	[{
				"socket":	5,
				"local_host":	"10.10.10.2",
				"local_port":	59488,
				"remote_host":	"10.10.10.4",
				"remote_port":	5201
			}],
		"version":	"iperf 3.9",
		"system_info":	"Linux zelda 5.10.0-18-amd64 #1 SMP Debian 5.10.140-1 (2022-09-02) x86_64",
		"timestamp":	{
			"time":	"Tue, 30 Jan 2024 15:41:05 GMT",
			"timesecs":	1706629265
		},
		"connecting_to":	{
			"host":	"10.10.10.4",
			"port":	5201
		},
		"cookie":	"5zrjiv5zppw6o4wpj37t2zfavioqek3baked",
		"tcp_mss_default":	1448,
		"target_bitrate":	5000000000,
		"sock_bufsize":	0,
		"sndbuf_actual":	1000000,
		"rcvbuf_actual":	1000000,
		"test_start":	{
			"protocol":	"TCP",
			"num_streams":	1,
			"blksize":	131072,
			"omit":	0,
			"duration":	90,
			"bytes":	0,
			"blocks":	0,
			"reverse":	0,
			"tos":	0
		}
	},
	"intervals":	[{
			"streams":	[{
					"socket":	5,
					"start":	0,
					"end":	60.000072,
					"seconds":	60.000072479248047,
					"bytes":	7061897216,
					"bits_per_second":	941585158.04359627,
					"retransmits":	49,
					"snd_cwnd":	451776,
					"rtt":	2214,
					"rttvar":	162,
					"pmtu":	9000,
					"omitted":	false,
					"sender":	true
				}],
			"sum":	{
				"start":	0,
				"end":	60.000072,
				"seconds":	60.000072479248047,
				"bytes":	7061897216,
				"bits_per_second":	941585158.04359627,
				"retransmits":	49,
				"omitted":	false,
				"sender":	true
			}
		}, {
			"streams":	[{
					"socket":	5,
					"start":	60.000072,
					"end":	90.000111,
					"seconds":	30.000038146972656,
					"bytes":	3530555392,
					"bits_per_second":	941480240.71263337,
					"retransmits":	0,
					"snd_cwnd":	451776,
					"rtt":	2218,
					"rttvar":	90,
					"pmtu":	9000,
					"omitted":	false,
					"sender":	true
				}],
			"sum":	{
				"start":	60.000072,
				"end":	90.000111,
				"seconds":	30.000038146972656,
				"bytes":	3530555392,
				"bits_per_second":	941480240.71263337,
				"retransmits":	0,
				"omitted":	false,
				"sender":	true
			}
		}],
	"end":	{
		"streams":	[{
				"sender":	{
					"socket":	5,
					"start":	0,
					"end":	90.000111,
					"seconds":	90.000111,
					"bytes":	10592452608,
					"bits_per_second":	941550181.688109,
					"retransmits":	49,
					"max_snd_cwnd":	451776,
					"max_rtt":	2218,
					"min_rtt":	2214,
					"mean_rtt":	2216,
					"sender":	true
				},
				"receiver":	{
					"socket":	5,
					"start":	0,
					"end":	90.04367208480835,
					"seconds":	90.000111,
					"bytes":	10590830584,
					"bits_per_second":	940950571.098428,
					"sender":	true
				}
			}],
		"sum_sent":	{
			"start":	0,
			"end":	90.000111,
			"seconds":	90.000111,
			"bytes":	10592452608,
			"bits_per_second":	941550181.688109,
			"retransmits":	49,
			"sender":	true
		},
		"sum_received":	{
			"start":	0,
			"end":	90.04367208480835,
			"seconds":	90.04367208480835,
			"bytes":	10590830584,
			"bits_per_second":	940950571.098428,
			"sender":	true
		},
		"cpu_utilization_percent":	{
			"host_total":	16.277712642594416,
			"host_user":	0.6340910285197825,
			"host_system":	15.643621614074634,
			"remote_total":	22.487757414527152,
			"remote_user":	1.9578660723381509,
			"remote_system":	20.529891342189
		},
		"sender_tcp_congestion":	"cubic",
		"receiver_tcp_congestion":	"cubic"
	}
}
