{
	"start":	{
		"connected":	[{
				"socket":	5,
				"local_host":	"10.10.10.2",
				"local_port":	36898,
				"remote_host":	"10.10.10.4",
				"remote_port":	5201
			}],
		"version":	"iperf 3.9",
		"system_info":	"Linux zelda 5.10.0-18-amd64 #1 SMP Debian 5.10.140-1 (2022-09-02) x86_64",
		"timestamp":	{
			"time":	"Mon, 29 Jan 2024 16:25:30 GMT",
			"timesecs":	1706545530
		},
		"connecting_to":	{
			"host":	"10.10.10.4",
			"port":	5201
		},
		"cookie":	"zjk4zcktlhjlbcjpa56z5da2dnsd55uhghs3",
		"tcp_mss_default":	1448,
		"target_bitrate":	4000000000,
		"sock_bufsize":	0,
		"sndbuf_actual":	1000000,
		"rcvbuf_actual":	1000000,
		"test_start":	{
			"protocol":	"TCP",
			"num_streams":	1,
			"blksize":	131072,
			"omit":	0,
			"duration":	80,
			"bytes":	0,
			"blocks":	0,
			"reverse":	0,
			"tos":	0
		}
	},
	"intervals":	[{
			"streams":	[{
					"socket":	5,
					"start":	0,
					"end":	60.000067,
					"seconds":	60.000068664550781,
					"bytes":	7062552576,
					"bits_per_second":	941672599.14123333,
					"retransmits":	0,
					"snd_cwnd":	370688,
					"rtt":	1995,
					"rttvar":	197,
					"pmtu":	9000,
					"omitted":	false,
					"sender":	true
				}],
			"sum":	{
				"start":	0,
				"end":	60.000067,
				"seconds":	60.000068664550781,
				"bytes":	7062552576,
				"bits_per_second":	941672599.14123333,
				"retransmits":	0,
				"omitted":	false,
				"sender":	true
			}
		}, {
			"streams":	[{
					"socket":	5,
					"start":	60.000067,
					"end":	80.000076,
					"seconds":	20.000009536743164,
					"bytes":	2353659904,
					"bits_per_second":	941463512.675214,
					"retransmits":	0,
					"snd_cwnd":	370688,
					"rtt":	1740,
					"rttvar":	134,
					"pmtu":	9000,
					"omitted":	false,
					"sender":	true
				}],
			"sum":	{
				"start":	60.000067,
				"end":	80.000076,
				"seconds":	20.000009536743164,
				"bytes":	2353659904,
				"bits_per_second":	941463512.675214,
				"retransmits":	0,
				"omitted":	false,
				"sender":	true
			}
		}],
	"end":	{
		"streams":	[{
				"sender":	{
					"socket":	5,
					"start":	0,
					"end":	80.000076,
					"seconds":	80.000076,
					"bytes":	9416212480,
					"bits_per_second":	941620353.460664,
					"retransmits":	0,
					"max_snd_cwnd":	370688,
					"max_rtt":	1995,
					"min_rtt":	1740,
					"mean_rtt":	1867,
					"sender":	true
				},
				"receiver":	{
					"socket":	5,
					"start":	0,
					"end":	80.043483972549438,
					"seconds":	80.000076,
					"bytes":	9414947096,
					"bits_per_second":	940983238.48360372,
					"sender":	true
				}
			}],
		"sum_sent":	{
			"start":	0,
			"end":	80.000076,
			"seconds":	80.000076,
			"bytes":	9416212480,
			"bits_per_second":	941620353.460664,
			"retransmits":	0,
			"sender":	true
		},
		"sum_received":	{
			"start":	0,
			"end":	80.043483972549438,
			"seconds":	80.043483972549438,
			"bytes":	9414947096,
			"bits_per_second":	940983238.48360372,
			"sender":	true
		},
		"cpu_utilization_percent":	{
			"host_total":	8.17068975816599,
			"host_user":	0.26052706972202055,
			"host_system":	7.9101626884439682,
			"remote_total":	23.0818105401563,
			"remote_user":	2.3002356499993866,
			"remote_system":	20.781573642057
		},
		"sender_tcp_congestion":	"cubic",
		"receiver_tcp_congestion":	"cubic"
	}
}
