{
	"start":	{
		"connected":	[{
				"socket":	5,
				"local_host":	"10.10.10.2",
				"local_port":	44540,
				"remote_host":	"10.10.10.4",
				"remote_port":	5201
			}],
		"version":	"iperf 3.9",
		"system_info":	"Linux zelda 5.10.0-18-amd64 #1 SMP Debian 5.10.140-1 (2022-09-02) x86_64",
		"timestamp":	{
			"time":	"Wed, 31 Jan 2024 06:05:34 GMT",
			"timesecs":	1706681134
		},
		"connecting_to":	{
			"host":	"10.10.10.4",
			"port":	5201
		},
		"cookie":	"rjt5jprgoushkarwgg4v4exfjexc4noq4zyu",
		"tcp_mss_default":	1448,
		"target_bitrate":	5000000000,
		"sock_bufsize":	0,
		"sndbuf_actual":	1000000,
		"rcvbuf_actual":	1000000,
		"test_start":	{
			"protocol":	"TCP",
			"num_streams":	1,
			"blksize":	131072,
			"omit":	0,
			"duration":	20,
			"bytes":	0,
			"blocks":	0,
			"reverse":	0,
			"tos":	0
		}
	},
	"intervals":	[{
			"streams":	[{
					"socket":	5,
					"start":	0,
					"end":	20.000074,
					"seconds":	20.00007438659668,
					"bytes":	2355494912,
					"bits_per_second":	942194460.46803379,
					"retransmits":	0,
					"snd_cwnd":	461912,
					"rtt":	2244,
					"rttvar":	122,
					"pmtu":	9000,
					"omitted":	false,
					"sender":	true
				}],
			"sum":	{
				"start":	0,
				"end":	20.000074,
				"seconds":	20.00007438659668,
				"bytes":	2355494912,
				"bits_per_second":	942194460.46803379,
				"retransmits":	0,
				"omitted":	false,
				"sender":	true
			}
		}],
	"end":	{
		"streams":	[{
				"sender":	{
					"socket":	5,
					"start":	0,
					"end":	20.000074,
					"seconds":	20.000074,
					"bytes":	2355494912,
					"bits_per_second":	942194478.680429,
					"retransmits":	0,
					"max_snd_cwnd":	461912,
					"max_rtt":	2244,
					"min_rtt":	2244,
					"mean_rtt":	2244,
					"sender":	true
				},
				"receiver":	{
					"socket":	5,
					"start":	0,
					"end":	20.04446005821228,
					"seconds":	20.000074,
					"bytes":	2353881136,
					"bits_per_second":	939464023.142138,
					"sender":	true
				}
			}],
		"sum_sent":	{
			"start":	0,
			"end":	20.000074,
			"seconds":	20.000074,
			"bytes":	2355494912,
			"bits_per_second":	942194478.680429,
			"retransmits":	0,
			"sender":	true
		},
		"sum_received":	{
			"start":	0,
			"end":	20.04446005821228,
			"seconds":	20.04446005821228,
			"bytes":	2353881136,
			"bits_per_second":	939464023.142138,
			"sender":	true
		},
		"cpu_utilization_percent":	{
			"host_total":	19.750767789339214,
			"host_user":	0.77044281120671243,
			"host_system":	18.980329956503969,
			"remote_total":	26.223652745765985,
			"remote_user":	2.0899490436452255,
			"remote_system":	24.133698732417564
		},
		"sender_tcp_congestion":	"cubic",
		"receiver_tcp_congestion":	"cubic"
	}
}
