{
	"start":	{
		"connected":	[{
				"socket":	5,
				"local_host":	"10.10.10.2",
				"local_port":	41156,
				"remote_host":	"10.10.10.4",
				"remote_port":	5201
			}],
		"version":	"iperf 3.9",
		"system_info":	"Linux zelda 5.10.0-18-amd64 #1 SMP Debian 5.10.140-1 (2022-09-02) x86_64",
		"timestamp":	{
			"time":	"Mon, 29 Jan 2024 22:19:53 GMT",
			"timesecs":	1706566793
		},
		"connecting_to":	{
			"host":	"10.10.10.4",
			"port":	5201
		},
		"cookie":	"ynbo3mebmfky7pma6fsse6gmqdsrershgum4",
		"tcp_mss_default":	1448,
		"target_bitrate":	8000000000,
		"sock_bufsize":	0,
		"sndbuf_actual":	1000000,
		"rcvbuf_actual":	1000000,
		"test_start":	{
			"protocol":	"TCP",
			"num_streams":	1,
			"blksize":	131072,
			"omit":	0,
			"duration":	70,
			"bytes":	0,
			"blocks":	0,
			"reverse":	0,
			"tos":	0
		}
	},
	"intervals":	[{
			"streams":	[{
					"socket":	5,
					"start":	0,
					"end":	60.000063,
					"seconds":	60.000064849853516,
					"bytes":	7063076864,
					"bits_per_second":	941742564.00221121,
					"retransmits":	0,
					"snd_cwnd":	503904,
					"rtt":	2754,
					"rttvar":	97,
					"pmtu":	9000,
					"omitted":	false,
					"sender":	true
				}],
			"sum":	{
				"start":	0,
				"end":	60.000063,
				"seconds":	60.000064849853516,
				"bytes":	7063076864,
				"bits_per_second":	941742564.00221121,
				"retransmits":	0,
				"omitted":	false,
				"sender":	true
			}
		}, {
			"streams":	[{
					"socket":	5,
					"start":	60.000063,
					"end":	70.000072,
					"seconds":	10.000008583068848,
					"bytes":	1176764416,
					"bits_per_second":	941410724.78069353,
					"retransmits":	0,
					"snd_cwnd":	503904,
					"rtt":	2735,
					"rttvar":	120,
					"pmtu":	9000,
					"omitted":	false,
					"sender":	true
				}],
			"sum":	{
				"start":	60.000063,
				"end":	70.000072,
				"seconds":	10.000008583068848,
				"bytes":	1176764416,
				"bits_per_second":	941410724.78069353,
				"retransmits":	0,
				"omitted":	false,
				"sender":	true
			}
		}],
	"end":	{
		"streams":	[{
				"sender":	{
					"socket":	5,
					"start":	0,
					"end":	70.000072,
					"seconds":	70.000072,
					"bytes":	8239841280,
					"bits_per_second":	941695177.68496,
					"retransmits":	0,
					"max_snd_cwnd":	503904,
					"max_rtt":	2754,
					"min_rtt":	2735,
					"mean_rtt":	2744,
					"sender":	true
				},
				"receiver":	{
					"socket":	5,
					"start":	0,
					"end":	70.0445430278778,
					"seconds":	70.000072,
					"bytes":	8238157832,
					"bits_per_second":	940905027.102106,
					"sender":	true
				}
			}],
		"sum_sent":	{
			"start":	0,
			"end":	70.000072,
			"seconds":	70.000072,
			"bytes":	8239841280,
			"bits_per_second":	941695177.68496,
			"retransmits":	0,
			"sender":	true
		},
		"sum_received":	{
			"start":	0,
			"end":	70.0445430278778,
			"seconds":	70.0445430278778,
			"bytes":	8238157832,
			"bits_per_second":	940905027.102106,
			"sender":	true
		},
		"cpu_utilization_percent":	{
			"host_total":	9.0871033318894252,
			"host_user":	0.36326275304775912,
			"host_system":	8.7238405788416653,
			"remote_total":	25.25196867999761,
			"remote_user":	2.44172732304696,
			"remote_system":	22.810241356950648
		},
		"sender_tcp_congestion":	"cubic",
		"receiver_tcp_congestion":	"cubic"
	}
}
