{
	"start":	{
		"connected":	[{
				"socket":	5,
				"local_host":	"10.10.10.2",
				"local_port":	34340,
				"remote_host":	"10.10.10.4",
				"remote_port":	5201
			}],
		"version":	"iperf 3.9",
		"system_info":	"Linux zelda 5.10.0-18-amd64 #1 SMP Debian 5.10.140-1 (2022-09-02) x86_64",
		"timestamp":	{
			"time":	"Wed, 31 Jan 2024 08:53:10 GMT",
			"timesecs":	1706691190
		},
		"connecting_to":	{
			"host":	"10.10.10.4",
			"port":	5201
		},
		"cookie":	"7w2uf3fzll4reud7kd2fatyivvotl2q2vvj5",
		"tcp_mss_default":	1448,
		"target_bitrate":	6000000000,
		"sock_bufsize":	0,
		"sndbuf_actual":	1000000,
		"rcvbuf_actual":	1000000,
		"test_start":	{
			"protocol":	"TCP",
			"num_streams":	1,
			"blksize":	131072,
			"omit":	0,
			"duration":	100,
			"bytes":	0,
			"blocks":	0,
			"reverse":	0,
			"tos":	0
		}
	},
	"intervals":	[{
			"streams":	[{
					"socket":	5,
					"start":	0,
					"end":	60.000142,
					"seconds":	60.000141143798828,
					"bytes":	7063863296,
					"bits_per_second":	941846223.87076747,
					"retransmits":	0,
					"snd_cwnd":	781920,
					"rtt":	2731,
					"rttvar":	121,
					"pmtu":	9000,
					"omitted":	false,
					"sender":	true
				}],
			"sum":	{
				"start":	0,
				"end":	60.000142,
				"seconds":	60.000141143798828,
				"bytes":	7063863296,
				"bits_per_second":	941846223.87076747,
				"retransmits":	0,
				"omitted":	false,
				"sender":	true
			}
		}, {
			"streams":	[{
					"socket":	5,
					"start":	60.000142,
					"end":	100.000074,
					"seconds":	39.999931335449219,
					"bytes":	4707319808,
					"bits_per_second":	941465577.73277426,
					"retransmits":	0,
					"snd_cwnd":	781920,
					"rtt":	3258,
					"rttvar":	126,
					"pmtu":	9000,
					"omitted":	false,
					"sender":	true
				}],
			"sum":	{
				"start":	60.000142,
				"end":	100.000074,
				"seconds":	39.999931335449219,
				"bytes":	4707319808,
				"bits_per_second":	941465577.73277426,
				"retransmits":	0,
				"omitted":	false,
				"sender":	true
			}
		}],
	"end":	{
		"streams":	[{
				"sender":	{
					"socket":	5,
					"start":	0,
					"end":	100.000074,
					"seconds":	100.000074,
					"bytes":	11771183104,
					"bits_per_second":	941693951.466476,
					"retransmits":	0,
					"max_snd_cwnd":	781920,
					"max_rtt":	3258,
					"min_rtt":	2731,
					"mean_rtt":	2994,
					"sender":	true
				},
				"receiver":	{
					"socket":	5,
					"start":	0,
					"end":	100.04423117637634,
					"seconds":	100.000074,
					"bytes":	11768659848,
					"bits_per_second":	941076538.616368,
					"sender":	true
				}
			}],
		"sum_sent":	{
			"start":	0,
			"end":	100.000074,
			"seconds":	100.000074,
			"bytes":	11771183104,
			"bits_per_second":	941693951.466476,
			"retransmits":	0,
			"sender":	true
		},
		"sum_received":	{
			"start":	0,
			"end":	100.04423117637634,
			"seconds":	100.04423117637634,
			"bytes":	11768659848,
			"bits_per_second":	941076538.616368,
			"sender":	true
		},
		"cpu_utilization_percent":	{
			"host_total":	19.609792385804589,
			"host_user":	0.73387950139053548,
			"host_system":	18.875912884414053,
			"remote_total":	26.966651384075941,
			"remote_user":	2.53685046400818,
			"remote_system":	24.429799921249145
		},
		"sender_tcp_congestion":	"cubic",
		"receiver_tcp_congestion":	"cubic"
	}
}
