{
	"start":	{
		"connected":	[{
				"socket":	5,
				"local_host":	"10.10.10.2",
				"local_port":	58838,
				"remote_host":	"10.10.10.4",
				"remote_port":	5201
			}],
		"version":	"iperf 3.9",
		"system_info":	"Linux zelda 5.10.0-18-amd64 #1 SMP Debian 5.10.140-1 (2022-09-02) x86_64",
		"timestamp":	{
			"time":	"Mon, 29 Jan 2024 12:21:10 GMT",
			"timesecs":	1706530870
		},
		"connecting_to":	{
			"host":	"10.10.10.4",
			"port":	5201
		},
		"cookie":	"7espwsio2dznvmdigunljnklpo7646kc5kpb",
		"tcp_mss_default":	1448,
		"target_bitrate":	1000000000,
		"sock_bufsize":	0,
		"sndbuf_actual":	1000000,
		"rcvbuf_actual":	1000000,
		"test_start":	{
			"protocol":	"TCP",
			"num_streams":	1,
			"blksize":	131072,
			"omit":	0,
			"duration":	100,
			"bytes":	0,
			"blocks":	0,
			"reverse":	0,
			"tos":	0
		}
	},
	"intervals":	[{
			"streams":	[{
					"socket":	5,
					"start":	0,
					"end":	60.00007,
					"seconds":	60.000068664550781,
					"bytes":	7062945792,
					"bits_per_second":	941725027.88123333,
					"retransmits":	0,
					"snd_cwnd":	505352,
					"rtt":	2173,
					"rttvar":	94,
					"pmtu":	9000,
					"omitted":	false,
					"sender":	true
				}],
			"sum":	{
				"start":	0,
				"end":	60.00007,
				"seconds":	60.000068664550781,
				"bytes":	7062945792,
				"bits_per_second":	941725027.88123333,
				"retransmits":	0,
				"omitted":	false,
				"sender":	true
			}
		}, {
			"streams":	[{
					"socket":	5,
					"start":	60.00007,
					"end":	100.000077,
					"seconds":	40.000007629394531,
					"bytes":	4707450880,
					"bits_per_second":	941489996.42503428,
					"retransmits":	0,
					"snd_cwnd":	505352,
					"rtt":	2205,
					"rttvar":	90,
					"pmtu":	9000,
					"omitted":	false,
					"sender":	true
				}],
			"sum":	{
				"start":	60.00007,
				"end":	100.000077,
				"seconds":	40.000007629394531,
				"bytes":	4707450880,
				"bits_per_second":	941489996.42503428,
				"retransmits":	0,
				"omitted":	false,
				"sender":	true
			}
		}],
	"end":	{
		"streams":	[{
				"sender":	{
					"socket":	5,
					"start":	0,
					"end":	100.000077,
					"seconds":	100.000077,
					"bytes":	11770396672,
					"bits_per_second":	941631008.70412326,
					"retransmits":	0,
					"max_snd_cwnd":	505352,
					"max_rtt":	2205,
					"min_rtt":	2173,
					"mean_rtt":	2189,
					"sender":	true
				},
				"receiver":	{
					"socket":	5,
					"start":	0,
					"end":	100.04588890075684,
					"seconds":	100.000077,
					"bytes":	11768631112,
					"bits_per_second":	941058647.491189,
					"sender":	true
				}
			}],
		"sum_sent":	{
			"start":	0,
			"end":	100.000077,
			"seconds":	100.000077,
			"bytes":	11770396672,
			"bits_per_second":	941631008.70412326,
			"retransmits":	0,
			"sender":	true
		},
		"sum_received":	{
			"start":	0,
			"end":	100.04588890075684,
			"seconds":	100.04588890075684,
			"bytes":	11768631112,
			"bits_per_second":	941058647.491189,
			"sender":	true
		},
		"cpu_utilization_percent":	{
			"host_total":	9.28861055680622,
			"host_user":	0.34290758681149969,
			"host_system":	8.94570296999472,
			"remote_total":	25.665608533416766,
			"remote_user":	2.5851809717065728,
			"remote_system":	23.080428560445338
		},
		"sender_tcp_congestion":	"cubic",
		"receiver_tcp_congestion":	"cubic"
	}
}
