{
	"start":	{
		"connected":	[{
				"socket":	5,
				"local_host":	"10.10.10.2",
				"local_port":	43636,
				"remote_host":	"10.10.10.4",
				"remote_port":	5201
			}],
		"version":	"iperf 3.9",
		"system_info":	"Linux zelda 5.10.0-18-amd64 #1 SMP Debian 5.10.140-1 (2022-09-02) x86_64",
		"timestamp":	{
			"time":	"Sun, 28 Jan 2024 13:39:11 GMT",
			"timesecs":	1706449151
		},
		"connecting_to":	{
			"host":	"10.10.10.4",
			"port":	5201
		},
		"cookie":	"qxdpcr52p4wl3nvhrfrfe3dcrrcs3dkgmzea",
		"tcp_mss_default":	1448,
		"target_bitrate":	2000000000,
		"sock_bufsize":	0,
		"sndbuf_actual":	1000000,
		"rcvbuf_actual":	1000000,
		"test_start":	{
			"protocol":	"TCP",
			"num_streams":	1,
			"blksize":	131072,
			"omit":	0,
			"duration":	30,
			"bytes":	0,
			"blocks":	0,
			"reverse":	0,
			"tos":	0
		}
	},
	"intervals":	[{
			"streams":	[{
					"socket":	5,
					"start":	0,
					"end":	30.000069,
					"seconds":	30.000068664550781,
					"bytes":	3531997184,
					"bits_per_second":	941863759.97826743,
					"retransmits":	0,
					"snd_cwnd":	366344,
					"rtt":	2111,
					"rttvar":	219,
					"pmtu":	9000,
					"omitted":	false,
					"sender":	true
				}],
			"sum":	{
				"start":	0,
				"end":	30.000069,
				"seconds":	30.000068664550781,
				"bytes":	3531997184,
				"bits_per_second":	941863759.97826743,
				"retransmits":	0,
				"omitted":	false,
				"sender":	true
			}
		}],
	"end":	{
		"streams":	[{
				"sender":	{
					"socket":	5,
					"start":	0,
					"end":	30.000069,
					"seconds":	30.000069,
					"bytes":	3531997184,
					"bits_per_second":	941863749.44670963,
					"retransmits":	0,
					"max_snd_cwnd":	366344,
					"max_rtt":	2111,
					"min_rtt":	2111,
					"mean_rtt":	2111,
					"sender":	true
				},
				"receiver":	{
					"socket":	5,
					"start":	0,
					"end":	30.047631978988647,
					"seconds":	30.000069,
					"bytes":	3530741688,
					"bits_per_second":	940038586.85940647,
					"sender":	true
				}
			}],
		"sum_sent":	{
			"start":	0,
			"end":	30.000069,
			"seconds":	30.000069,
			"bytes":	3531997184,
			"bits_per_second":	941863749.44670963,
			"retransmits":	0,
			"sender":	true
		},
		"sum_received":	{
			"start":	0,
			"end":	30.047631978988647,
			"seconds":	30.047631978988647,
			"bytes":	3530741688,
			"bits_per_second":	940038586.85940647,
			"sender":	true
		},
		"cpu_utilization_percent":	{
			"host_total":	4.757494495309297,
			"host_user":	0.17744426812240693,
			"host_system":	4.58005022718689,
			"remote_total":	22.786036127245339,
			"remote_user":	2.486534770598166,
			"remote_system":	20.299501356647173
		},
		"sender_tcp_congestion":	"cubic",
		"receiver_tcp_congestion":	"cubic"
	}
}
