{
	"start":	{
		"connected":	[{
				"socket":	5,
				"local_host":	"10.10.10.2",
				"local_port":	52142,
				"remote_host":	"10.10.10.4",
				"remote_port":	5201
			}],
		"version":	"iperf 3.9",
		"system_info":	"Linux zelda 5.10.0-18-amd64 #1 SMP Debian 5.10.140-1 (2022-09-02) x86_64",
		"timestamp":	{
			"time":	"Sun, 28 Jan 2024 18:11:02 GMT",
			"timesecs":	1706465462
		},
		"connecting_to":	{
			"host":	"10.10.10.4",
			"port":	5201
		},
		"cookie":	"yhplbaj6ech44vzovpvcdrknf6l7ziqsylnt",
		"tcp_mss_default":	1448,
		"target_bitrate":	5000000000,
		"sock_bufsize":	0,
		"sndbuf_actual":	1000000,
		"rcvbuf_actual":	1000000,
		"test_start":	{
			"protocol":	"TCP",
			"num_streams":	1,
			"blksize":	131072,
			"omit":	0,
			"duration":	20,
			"bytes":	0,
			"blocks":	0,
			"reverse":	0,
			"tos":	0
		}
	},
	"intervals":	[{
			"streams":	[{
					"socket":	5,
					"start":	0,
					"end":	20.000076,
					"seconds":	20.000076293945312,
					"bytes":	2355101696,
					"bits_per_second":	942037084.81370842,
					"retransmits":	0,
					"snd_cwnd":	367792,
					"rtt":	2132,
					"rttvar":	132,
					"pmtu":	9000,
					"omitted":	false,
					"sender":	true
				}],
			"sum":	{
				"start":	0,
				"end":	20.000076,
				"seconds":	20.000076293945312,
				"bytes":	2355101696,
				"bits_per_second":	942037084.81370842,
				"retransmits":	0,
				"omitted":	false,
				"sender":	true
			}
		}],
	"end":	{
		"streams":	[{
				"sender":	{
					"socket":	5,
					"start":	0,
					"end":	20.000076,
					"seconds":	20.000076,
					"bytes":	2355101696,
					"bits_per_second":	942037098.659025,
					"retransmits":	0,
					"max_snd_cwnd":	367792,
					"max_rtt":	2132,
					"min_rtt":	2132,
					"mean_rtt":	2132,
					"sender":	true
				},
				"receiver":	{
					"socket":	5,
					"start":	0,
					"end":	20.041280031204224,
					"seconds":	20.000076,
					"bytes":	2353952088,
					"bits_per_second":	939641413.85576272,
					"sender":	true
				}
			}],
		"sum_sent":	{
			"start":	0,
			"end":	20.000076,
			"seconds":	20.000076,
			"bytes":	2355101696,
			"bits_per_second":	942037098.659025,
			"retransmits":	0,
			"sender":	true
		},
		"sum_received":	{
			"start":	0,
			"end":	20.041280031204224,
			"seconds":	20.041280031204224,
			"bytes":	2353952088,
			"bits_per_second":	939641413.85576272,
			"sender":	true
		},
		"cpu_utilization_percent":	{
			"host_total":	3.8589900453216837,
			"host_user":	0.044711260356656443,
			"host_system":	3.81428376394725,
			"remote_total":	26.696808900279763,
			"remote_user":	2.6302949475488555,
			"remote_system":	24.0665139527309
		},
		"sender_tcp_congestion":	"cubic",
		"receiver_tcp_congestion":	"cubic"
	}
}
