{
	"start":	{
		"connected":	[{
				"socket":	5,
				"local_host":	"10.10.10.2",
				"local_port":	51848,
				"remote_host":	"10.10.10.4",
				"remote_port":	5201
			}],
		"version":	"iperf 3.9",
		"system_info":	"Linux zelda 5.10.0-18-amd64 #1 SMP Debian 5.10.140-1 (2022-09-02) x86_64",
		"timestamp":	{
			"time":	"Tue, 30 Jan 2024 19:08:33 GMT",
			"timesecs":	1706641713
		},
		"connecting_to":	{
			"host":	"10.10.10.4",
			"port":	5201
		},
		"cookie":	"rcgzkdw23absmufcylaii3uxaiso3myrxe5o",
		"tcp_mss_default":	1448,
		"target_bitrate":	8000000000,
		"sock_bufsize":	0,
		"sndbuf_actual":	1000000,
		"rcvbuf_actual":	1000000,
		"test_start":	{
			"protocol":	"TCP",
			"num_streams":	1,
			"blksize":	131072,
			"omit":	0,
			"duration":	20,
			"bytes":	0,
			"blocks":	0,
			"reverse":	0,
			"tos":	0
		}
	},
	"intervals":	[{
			"streams":	[{
					"socket":	5,
					"start":	0,
					"end":	20.000071,
					"seconds":	20.000070571899414,
					"bytes":	2355494912,
					"bits_per_second":	942194640.17673123,
					"retransmits":	0,
					"snd_cwnd":	464808,
					"rtt":	2173,
					"rttvar":	139,
					"pmtu":	9000,
					"omitted":	false,
					"sender":	true
				}],
			"sum":	{
				"start":	0,
				"end":	20.000071,
				"seconds":	20.000070571899414,
				"bytes":	2355494912,
				"bits_per_second":	942194640.17673123,
				"retransmits":	0,
				"omitted":	false,
				"sender":	true
			}
		}],
	"end":	{
		"streams":	[{
				"sender":	{
					"socket":	5,
					"start":	0,
					"end":	20.000071,
					"seconds":	20.000071,
					"bytes":	2355494912,
					"bits_per_second":	942194620.009099,
					"retransmits":	0,
					"max_snd_cwnd":	464808,
					"max_rtt":	2173,
					"min_rtt":	2173,
					"mean_rtt":	2173,
					"sender":	true
				},
				"receiver":	{
					"socket":	5,
					"start":	0,
					"end":	20.043556928634644,
					"seconds":	20.000071,
					"bytes":	2353886928,
					"bits_per_second":	939508665.60503066,
					"sender":	true
				}
			}],
		"sum_sent":	{
			"start":	0,
			"end":	20.000071,
			"seconds":	20.000071,
			"bytes":	2355494912,
			"bits_per_second":	942194620.009099,
			"retransmits":	0,
			"sender":	true
		},
		"sum_received":	{
			"start":	0,
			"end":	20.043556928634644,
			"seconds":	20.043556928634644,
			"bytes":	2353886928,
			"bits_per_second":	939508665.60503066,
			"sender":	true
		},
		"cpu_utilization_percent":	{
			"host_total":	17.531446219936694,
			"host_user":	0.71937456755131057,
			"host_system":	16.812071652385384,
			"remote_total":	27.053849521036316,
			"remote_user":	1.964051284538701,
			"remote_system":	25.089793266757365
		},
		"sender_tcp_congestion":	"cubic",
		"receiver_tcp_congestion":	"cubic"
	}
}
