{
	"start":	{
		"connected":	[{
				"socket":	5,
				"local_host":	"10.10.10.2",
				"local_port":	52484,
				"remote_host":	"10.10.10.4",
				"remote_port":	5201
			}],
		"version":	"iperf 3.9",
		"system_info":	"Linux zelda 5.10.0-18-amd64 #1 SMP Debian 5.10.140-1 (2022-09-02) x86_64",
		"timestamp":	{
			"time":	"Mon, 29 Jan 2024 01:49:27 GMT",
			"timesecs":	1706492967
		},
		"connecting_to":	{
			"host":	"10.10.10.4",
			"port":	5201
		},
		"cookie":	"6kqtidsqdrhioglc4btd4wtifm6ybx7ecxpb",
		"tcp_mss_default":	1448,
		"target_bitrate":	10000000000,
		"sock_bufsize":	0,
		"sndbuf_actual":	1000000,
		"rcvbuf_actual":	1000000,
		"test_start":	{
			"protocol":	"TCP",
			"num_streams":	1,
			"blksize":	131072,
			"omit":	0,
			"duration":	10,
			"bytes":	0,
			"blocks":	0,
			"reverse":	0,
			"tos":	0
		}
	},
	"intervals":	[{
			"streams":	[{
					"socket":	5,
					"start":	0,
					"end":	10.000069,
					"seconds":	10.000068664550781,
					"bytes":	1178337280,
					"bits_per_second":	942663351.244445,
					"retransmits":	0,
					"snd_cwnd":	366344,
					"rtt":	1761,
					"rttvar":	122,
					"pmtu":	9000,
					"omitted":	false,
					"sender":	true
				}],
			"sum":	{
				"start":	0,
				"end":	10.000069,
				"seconds":	10.000068664550781,
				"bytes":	1178337280,
				"bits_per_second":	942663351.244445,
				"retransmits":	0,
				"omitted":	false,
				"sender":	true
			}
		}],
	"end":	{
		"streams":	[{
				"sender":	{
					"socket":	5,
					"start":	0,
					"end":	10.000069,
					"seconds":	10.000069,
					"bytes":	1178337280,
					"bits_per_second":	942663319.62309456,
					"retransmits":	0,
					"max_snd_cwnd":	366344,
					"max_rtt":	1761,
					"min_rtt":	1761,
					"mean_rtt":	1761,
					"sender":	true
				},
				"receiver":	{
					"socket":	5,
					"start":	0,
					"end":	10.044255971908569,
					"seconds":	10.000069,
					"bytes":	1177095880,
					"bits_per_second":	937527584.55544055,
					"sender":	true
				}
			}],
		"sum_sent":	{
			"start":	0,
			"end":	10.000069,
			"seconds":	10.000069,
			"bytes":	1178337280,
			"bits_per_second":	942663319.62309456,
			"retransmits":	0,
			"sender":	true
		},
		"sum_received":	{
			"start":	0,
			"end":	10.044255971908569,
			"seconds":	10.044255971908569,
			"bytes":	1177095880,
			"bits_per_second":	937527584.55544055,
			"sender":	true
		},
		"cpu_utilization_percent":	{
			"host_total":	4.8188930187286534,
			"host_user":	0.2517038398519445,
			"host_system":	4.56718917887671,
			"remote_total":	22.044479272499366,
			"remote_user":	1.9695600955848329,
			"remote_system":	20.074919176914534
		},
		"sender_tcp_congestion":	"cubic",
		"receiver_tcp_congestion":	"cubic"
	}
}
