{
	"start":	{
		"connected":	[{
				"socket":	5,
				"local_host":	"10.10.10.2",
				"local_port":	60594,
				"remote_host":	"10.10.10.4",
				"remote_port":	5201
			}],
		"version":	"iperf 3.9",
		"system_info":	"Linux zelda 5.10.0-18-amd64 #1 SMP Debian 5.10.140-1 (2022-09-02) x86_64",
		"timestamp":	{
			"time":	"Sun, 28 Jan 2024 19:44:44 GMT",
			"timesecs":	1706471084
		},
		"connecting_to":	{
			"host":	"10.10.10.4",
			"port":	5201
		},
		"cookie":	"7nbtdkjrpb5xtc7pcumqj7tptnfo2qesstyf",
		"tcp_mss_default":	1448,
		"target_bitrate":	6000000000,
		"sock_bufsize":	0,
		"sndbuf_actual":	1000000,
		"rcvbuf_actual":	1000000,
		"test_start":	{
			"protocol":	"TCP",
			"num_streams":	1,
			"blksize":	131072,
			"omit":	0,
			"duration":	20,
			"bytes":	0,
			"blocks":	0,
			"reverse":	0,
			"tos":	0
		}
	},
	"intervals":	[{
			"streams":	[{
					"socket":	5,
					"start":	0,
					"end":	20.000079,
					"seconds":	20.000078201293945,
					"bytes":	2355757056,
					"bits_per_second":	942299137.94940639,
					"retransmits":	0,
					"snd_cwnd":	508248,
					"rtt":	2236,
					"rttvar":	121,
					"pmtu":	9000,
					"omitted":	false,
					"sender":	true
				}],
			"sum":	{
				"start":	0,
				"end":	20.000079,
				"seconds":	20.000078201293945,
				"bytes":	2355757056,
				"bits_per_second":	942299137.94940639,
				"retransmits":	0,
				"omitted":	false,
				"sender":	true
			}
		}],
	"end":	{
		"streams":	[{
				"sender":	{
					"socket":	5,
					"start":	0,
					"end":	20.000079,
					"seconds":	20.000079,
					"bytes":	2355757056,
					"bits_per_second":	942299100.31855381,
					"retransmits":	0,
					"max_snd_cwnd":	508248,
					"max_rtt":	2236,
					"min_rtt":	2236,
					"mean_rtt":	2236,
					"sender":	true
				},
				"receiver":	{
					"socket":	5,
					"start":	0,
					"end":	20.041448831558228,
					"seconds":	20.000079,
					"bytes":	2353970576,
					"bits_per_second":	939640879.572868,
					"sender":	true
				}
			}],
		"sum_sent":	{
			"start":	0,
			"end":	20.000079,
			"seconds":	20.000079,
			"bytes":	2355757056,
			"bits_per_second":	942299100.31855381,
			"retransmits":	0,
			"sender":	true
		},
		"sum_received":	{
			"start":	0,
			"end":	20.041448831558228,
			"seconds":	20.041448831558228,
			"bytes":	2353970576,
			"bits_per_second":	939640879.572868,
			"sender":	true
		},
		"cpu_utilization_percent":	{
			"host_total":	3.9242482578665672,
			"host_user":	0.070008468629848,
			"host_system":	3.8542397892367193,
			"remote_total":	25.476536206544136,
			"remote_user":	2.5543446903772589,
			"remote_system":	22.922196485767092
		},
		"sender_tcp_congestion":	"cubic",
		"receiver_tcp_congestion":	"cubic"
	}
}
