{
	"start":	{
		"connected":	[{
				"socket":	5,
				"local_host":	"10.10.10.2",
				"local_port":	55014,
				"remote_host":	"10.10.10.4",
				"remote_port":	5201
			}],
		"version":	"iperf 3.9",
		"system_info":	"Linux zelda 5.10.0-18-amd64 #1 SMP Debian 5.10.140-1 (2022-09-02) x86_64",
		"timestamp":	{
			"time":	"Tue, 30 Jan 2024 23:53:48 GMT",
			"timesecs":	1706658828
		},
		"connecting_to":	{
			"host":	"10.10.10.4",
			"port":	5201
		},
		"cookie":	"wstgmc3irclacl4fl7a5wihptlgjrru32kvl",
		"tcp_mss_default":	1448,
		"target_bitrate":	1000000000,
		"sock_bufsize":	0,
		"sndbuf_actual":	1000000,
		"rcvbuf_actual":	1000000,
		"test_start":	{
			"protocol":	"TCP",
			"num_streams":	1,
			"blksize":	131072,
			"omit":	0,
			"duration":	10,
			"bytes":	0,
			"blocks":	0,
			"reverse":	0,
			"tos":	0
		}
	},
	"intervals":	[{
			"streams":	[{
					"socket":	5,
					"start":	0,
					"end":	10.000083,
					"seconds":	10.000082969665527,
					"bytes":	1178599424,
					"bits_per_second":	942871716.224907,
					"retransmits":	0,
					"snd_cwnd":	459016,
					"rtt":	2207,
					"rttvar":	104,
					"pmtu":	9000,
					"omitted":	false,
					"sender":	true
				}],
			"sum":	{
				"start":	0,
				"end":	10.000083,
				"seconds":	10.000082969665527,
				"bytes":	1178599424,
				"bits_per_second":	942871716.224907,
				"retransmits":	0,
				"omitted":	false,
				"sender":	true
			}
		}],
	"end":	{
		"streams":	[{
				"sender":	{
					"socket":	5,
					"start":	0,
					"end":	10.000083,
					"seconds":	10.000083,
					"bytes":	1178599424,
					"bits_per_second":	942871713.364779,
					"retransmits":	0,
					"max_snd_cwnd":	459016,
					"max_rtt":	2207,
					"min_rtt":	2207,
					"mean_rtt":	2207,
					"sender":	true
				},
				"receiver":	{
					"socket":	5,
					"start":	0,
					"end":	10.044131994247437,
					"seconds":	10.000083,
					"bytes":	1177003488,
					"bits_per_second":	937465567.89504862,
					"sender":	true
				}
			}],
		"sum_sent":	{
			"start":	0,
			"end":	10.000083,
			"seconds":	10.000083,
			"bytes":	1178599424,
			"bits_per_second":	942871713.364779,
			"retransmits":	0,
			"sender":	true
		},
		"sum_received":	{
			"start":	0,
			"end":	10.044131994247437,
			"seconds":	10.044131994247437,
			"bytes":	1177003488,
			"bits_per_second":	937465567.89504862,
			"sender":	true
		},
		"cpu_utilization_percent":	{
			"host_total":	21.081938786902754,
			"host_user":	0.96282154783201546,
			"host_system":	20.119127154435173,
			"remote_total":	24.742065994260578,
			"remote_user":	2.1431609833158269,
			"remote_system":	22.598905010944751
		},
		"sender_tcp_congestion":	"cubic",
		"receiver_tcp_congestion":	"cubic"
	}
}
