{
	"start":	{
		"connected":	[{
				"socket":	5,
				"local_host":	"10.10.10.2",
				"local_port":	48282,
				"remote_host":	"10.10.10.4",
				"remote_port":	5201
			}],
		"version":	"iperf 3.9",
		"system_info":	"Linux zelda 5.10.0-18-amd64 #1 SMP Debian 5.10.140-1 (2022-09-02) x86_64",
		"timestamp":	{
			"time":	"Wed, 31 Jan 2024 11:26:27 GMT",
			"timesecs":	1706700387
		},
		"connecting_to":	{
			"host":	"10.10.10.4",
			"port":	5201
		},
		"cookie":	"5hk27bloy4rg2x4ot3oi6hmfo3wue67xh762",
		"tcp_mss_default":	1448,
		"target_bitrate":	8000000000,
		"sock_bufsize":	0,
		"sndbuf_actual":	1000000,
		"rcvbuf_actual":	1000000,
		"test_start":	{
			"protocol":	"TCP",
			"num_streams":	1,
			"blksize":	131072,
			"omit":	0,
			"duration":	80,
			"bytes":	0,
			"blocks":	0,
			"reverse":	0,
			"tos":	0
		}
	},
	"intervals":	[{
			"streams":	[{
					"socket":	5,
					"start":	0,
					"end":	60.000215,
					"seconds":	60.000213623046875,
					"bytes":	7063863296,
					"bits_per_second":	941845086.13638353,
					"retransmits":	0,
					"snd_cwnd":	796400,
					"rtt":	2841,
					"rttvar":	113,
					"pmtu":	9000,
					"omitted":	false,
					"sender":	true
				}],
			"sum":	{
				"start":	0,
				"end":	60.000215,
				"seconds":	60.000213623046875,
				"bytes":	7063863296,
				"bits_per_second":	941845086.13638353,
				"retransmits":	0,
				"omitted":	false,
				"sender":	true
			}
		}, {
			"streams":	[{
					"socket":	5,
					"start":	60.000215,
					"end":	80.000072,
					"seconds":	19.999856948852539,
					"bytes":	2353528832,
					"bits_per_second":	941418266.348162,
					"retransmits":	0,
					"snd_cwnd":	796400,
					"rtt":	2789,
					"rttvar":	154,
					"pmtu":	9000,
					"omitted":	false,
					"sender":	true
				}],
			"sum":	{
				"start":	60.000215,
				"end":	80.000072,
				"seconds":	19.999856948852539,
				"bytes":	2353528832,
				"bits_per_second":	941418266.348162,
				"retransmits":	0,
				"omitted":	false,
				"sender":	true
			}
		}],
	"end":	{
		"streams":	[{
				"sender":	{
					"socket":	5,
					"start":	0,
					"end":	80.000072,
					"seconds":	80.000072,
					"bytes":	9417392128,
					"bits_per_second":	941738365.23547125,
					"retransmits":	0,
					"max_snd_cwnd":	796400,
					"max_rtt":	2841,
					"min_rtt":	2789,
					"mean_rtt":	2815,
					"sender":	true
				},
				"receiver":	{
					"socket":	5,
					"start":	0,
					"end":	80.044853925704956,
					"seconds":	80.000072,
					"bytes":	9415019832,
					"bits_per_second":	940974403.25032926,
					"sender":	true
				}
			}],
		"sum_sent":	{
			"start":	0,
			"end":	80.000072,
			"seconds":	80.000072,
			"bytes":	9417392128,
			"bits_per_second":	941738365.23547125,
			"retransmits":	0,
			"sender":	true
		},
		"sum_received":	{
			"start":	0,
			"end":	80.044853925704956,
			"seconds":	80.044853925704956,
			"bytes":	9415019832,
			"bits_per_second":	940974403.25032926,
			"sender":	true
		},
		"cpu_utilization_percent":	{
			"host_total":	19.1646475026081,
			"host_user":	0.892307089509315,
			"host_system":	18.272339164472445,
			"remote_total":	25.928070823127147,
			"remote_user":	2.5311539835388053,
			"remote_system":	23.396915591506957
		},
		"sender_tcp_congestion":	"cubic",
		"receiver_tcp_congestion":	"cubic"
	}
}
