{
	"start":	{
		"connected":	[{
				"socket":	5,
				"local_host":	"10.10.10.2",
				"local_port":	36854,
				"remote_host":	"10.10.10.4",
				"remote_port":	5201
			}],
		"version":	"iperf 3.9",
		"system_info":	"Linux zelda 5.10.0-18-amd64 #1 SMP Debian 5.10.140-1 (2022-09-02) x86_64",
		"timestamp":	{
			"time":	"Tue, 30 Jan 2024 01:59:21 GMT",
			"timesecs":	1706579961
		},
		"connecting_to":	{
			"host":	"10.10.10.4",
			"port":	5201
		},
		"cookie":	"w7pee27rn3yvqautvygnyp6huf52uvhnecb6",
		"tcp_mss_default":	1448,
		"target_bitrate":	10000000000,
		"sock_bufsize":	0,
		"sndbuf_actual":	1000000,
		"rcvbuf_actual":	1000000,
		"test_start":	{
			"protocol":	"TCP",
			"num_streams":	1,
			"blksize":	131072,
			"omit":	0,
			"duration":	100,
			"bytes":	0,
			"blocks":	0,
			"reverse":	0,
			"tos":	0
		}
	},
	"intervals":	[{
			"streams":	[{
					"socket":	5,
					"start":	0,
					"end":	60.000063,
					"seconds":	60.000064849853516,
					"bytes":	7063076864,
					"bits_per_second":	941742564.00221121,
					"retransmits":	0,
					"snd_cwnd":	501008,
					"rtt":	2720,
					"rttvar":	108,
					"pmtu":	9000,
					"omitted":	false,
					"sender":	true
				}],
			"sum":	{
				"start":	0,
				"end":	60.000063,
				"seconds":	60.000064849853516,
				"bytes":	7063076864,
				"bits_per_second":	941742564.00221121,
				"retransmits":	0,
				"omitted":	false,
				"sender":	true
			}
		}, {
			"streams":	[{
					"socket":	5,
					"start":	60.000063,
					"end":	100.000083,
					"seconds":	40.000019073486328,
					"bytes":	4707319808,
					"bits_per_second":	941463512.675214,
					"retransmits":	0,
					"snd_cwnd":	501008,
					"rtt":	2237,
					"rttvar":	80,
					"pmtu":	9000,
					"omitted":	false,
					"sender":	true
				}],
			"sum":	{
				"start":	60.000063,
				"end":	100.000083,
				"seconds":	40.000019073486328,
				"bytes":	4707319808,
				"bits_per_second":	941463512.675214,
				"retransmits":	0,
				"omitted":	false,
				"sender":	true
			}
		}],
	"end":	{
		"streams":	[{
				"sender":	{
					"socket":	5,
					"start":	0,
					"end":	100.000083,
					"seconds":	100.000083,
					"bytes":	11770396672,
					"bits_per_second":	941630952.20630968,
					"retransmits":	0,
					"max_snd_cwnd":	501008,
					"max_rtt":	2720,
					"min_rtt":	2237,
					"mean_rtt":	2478,
					"sender":	true
				},
				"receiver":	{
					"socket":	5,
					"start":	0,
					"end":	100.04855704307556,
					"seconds":	100.000083,
					"bytes":	11768662744,
					"bits_per_second":	941036080.22516847,
					"sender":	true
				}
			}],
		"sum_sent":	{
			"start":	0,
			"end":	100.000083,
			"seconds":	100.000083,
			"bytes":	11770396672,
			"bits_per_second":	941630952.20630968,
			"retransmits":	0,
			"sender":	true
		},
		"sum_received":	{
			"start":	0,
			"end":	100.04855704307556,
			"seconds":	100.04855704307556,
			"bytes":	11768662744,
			"bits_per_second":	941036080.22516847,
			"sender":	true
		},
		"cpu_utilization_percent":	{
			"host_total":	8.46088278289592,
			"host_user":	0.27386311086585935,
			"host_system":	8.18702067111843,
			"remote_total":	25.220533200982786,
			"remote_user":	2.4085267591202992,
			"remote_system":	22.812005443161279
		},
		"sender_tcp_congestion":	"cubic",
		"receiver_tcp_congestion":	"cubic"
	}
}
