{
	"start":	{
		"connected":	[{
				"socket":	5,
				"local_host":	"10.10.10.2",
				"local_port":	48364,
				"remote_host":	"10.10.10.4",
				"remote_port":	5201
			}],
		"version":	"iperf 3.9",
		"system_info":	"Linux zelda 5.10.0-18-amd64 #1 SMP Debian 5.10.140-1 (2022-09-02) x86_64",
		"timestamp":	{
			"time":	"Mon, 29 Jan 2024 11:42:45 GMT",
			"timesecs":	1706528565
		},
		"connecting_to":	{
			"host":	"10.10.10.4",
			"port":	5201
		},
		"cookie":	"xejzjmpdt566ldpwnl4p7nittesayr6xham3",
		"tcp_mss_default":	1448,
		"target_bitrate":	1000000000,
		"sock_bufsize":	0,
		"sndbuf_actual":	1000000,
		"rcvbuf_actual":	1000000,
		"test_start":	{
			"protocol":	"TCP",
			"num_streams":	1,
			"blksize":	131072,
			"omit":	0,
			"duration":	80,
			"bytes":	0,
			"blocks":	0,
			"reverse":	0,
			"tos":	0
		}
	},
	"intervals":	[{
			"streams":	[{
					"socket":	5,
					"start":	0,
					"end":	60.000142,
					"seconds":	60.000141143798828,
					"bytes":	7062552576,
					"bits_per_second":	941671461.615211,
					"retransmits":	0,
					"snd_cwnd":	380824,
					"rtt":	2209,
					"rttvar":	109,
					"pmtu":	9000,
					"omitted":	false,
					"sender":	true
				}],
			"sum":	{
				"start":	0,
				"end":	60.000142,
				"seconds":	60.000141143798828,
				"bytes":	7062552576,
				"bits_per_second":	941671461.615211,
				"retransmits":	0,
				"omitted":	false,
				"sender":	true
			}
		}, {
			"streams":	[{
					"socket":	5,
					"start":	60.000142,
					"end":	80.000079,
					"seconds":	19.999937057495117,
					"bytes":	2354053120,
					"bits_per_second":	941624211.4093262,
					"retransmits":	0,
					"snd_cwnd":	505352,
					"rtt":	2205,
					"rttvar":	139,
					"pmtu":	9000,
					"omitted":	false,
					"sender":	true
				}],
			"sum":	{
				"start":	60.000142,
				"end":	80.000079,
				"seconds":	19.999937057495117,
				"bytes":	2354053120,
				"bits_per_second":	941624211.4093262,
				"retransmits":	0,
				"omitted":	false,
				"sender":	true
			}
		}],
	"end":	{
		"streams":	[{
				"sender":	{
					"socket":	5,
					"start":	0,
					"end":	80.000079,
					"seconds":	80.000079,
					"bytes":	9416605696,
					"bits_per_second":	941659639.711106,
					"retransmits":	0,
					"max_snd_cwnd":	505352,
					"max_rtt":	2209,
					"min_rtt":	2205,
					"mean_rtt":	2207,
					"sender":	true
				},
				"receiver":	{
					"socket":	5,
					"start":	0,
					"end":	80.041545867919922,
					"seconds":	80.000079,
					"bytes":	9414918696,
					"bits_per_second":	941003184.674716,
					"sender":	true
				}
			}],
		"sum_sent":	{
			"start":	0,
			"end":	80.000079,
			"seconds":	80.000079,
			"bytes":	9416605696,
			"bits_per_second":	941659639.711106,
			"retransmits":	0,
			"sender":	true
		},
		"sum_received":	{
			"start":	0,
			"end":	80.041545867919922,
			"seconds":	80.041545867919922,
			"bytes":	9414918696,
			"bits_per_second":	941003184.674716,
			"sender":	true
		},
		"cpu_utilization_percent":	{
			"host_total":	8.3948783048983557,
			"host_user":	0.29827364235088882,
			"host_system":	8.09660591124922,
			"remote_total":	25.42892713456358,
			"remote_user":	2.5950412088512129,
			"remote_system":	22.833885925712362
		},
		"sender_tcp_congestion":	"cubic",
		"receiver_tcp_congestion":	"cubic"
	}
}
