{
	"start":	{
		"connected":	[{
				"socket":	5,
				"local_host":	"10.10.10.2",
				"local_port":	46962,
				"remote_host":	"10.10.10.4",
				"remote_port":	5201
			}],
		"version":	"iperf 3.9",
		"system_info":	"Linux zelda 5.10.0-18-amd64 #1 SMP Debian 5.10.140-1 (2022-09-02) x86_64",
		"timestamp":	{
			"time":	"Mon, 29 Jan 2024 00:40:15 GMT",
			"timesecs":	1706488815
		},
		"connecting_to":	{
			"host":	"10.10.10.4",
			"port":	5201
		},
		"cookie":	"3i67xhlgbe2o6bi2lif34zphv6dw6lb4573k",
		"tcp_mss_default":	1448,
		"target_bitrate":	9000000000,
		"sock_bufsize":	0,
		"sndbuf_actual":	1000000,
		"rcvbuf_actual":	1000000,
		"test_start":	{
			"protocol":	"TCP",
			"num_streams":	1,
			"blksize":	131072,
			"omit":	0,
			"duration":	50,
			"bytes":	0,
			"blocks":	0,
			"reverse":	0,
			"tos":	0
		}
	},
	"intervals":	[{
			"streams":	[{
					"socket":	5,
					"start":	0,
					"end":	50.000067,
					"seconds":	50.000068664550781,
					"bytes":	5885657088,
					"bits_per_second":	941703840.846576,
					"retransmits":	0,
					"snd_cwnd":	366344,
					"rtt":	2025,
					"rttvar":	252,
					"pmtu":	9000,
					"omitted":	false,
					"sender":	true
				}],
			"sum":	{
				"start":	0,
				"end":	50.000067,
				"seconds":	50.000068664550781,
				"bytes":	5885657088,
				"bits_per_second":	941703840.846576,
				"retransmits":	0,
				"omitted":	false,
				"sender":	true
			}
		}],
	"end":	{
		"streams":	[{
				"sender":	{
					"socket":	5,
					"start":	0,
					"end":	50.000067,
					"seconds":	50.000067,
					"bytes":	5885657088,
					"bits_per_second":	941703872.1968112,
					"retransmits":	0,
					"max_snd_cwnd":	366344,
					"max_rtt":	2025,
					"min_rtt":	2025,
					"mean_rtt":	2025,
					"sender":	true
				},
				"receiver":	{
					"socket":	5,
					"start":	0,
					"end":	50.044365882873535,
					"seconds":	50.000067,
					"bytes":	5884455552,
					"bits_per_second":	940678207.93610036,
					"sender":	true
				}
			}],
		"sum_sent":	{
			"start":	0,
			"end":	50.000067,
			"seconds":	50.000067,
			"bytes":	5885657088,
			"bits_per_second":	941703872.1968112,
			"retransmits":	0,
			"sender":	true
		},
		"sum_received":	{
			"start":	0,
			"end":	50.044365882873535,
			"seconds":	50.044365882873535,
			"bytes":	5884455552,
			"bits_per_second":	940678207.93610036,
			"sender":	true
		},
		"cpu_utilization_percent":	{
			"host_total":	4.5770335855777935,
			"host_user":	0.18810175586860928,
			"host_system":	4.3889318297091844,
			"remote_total":	26.169134062754036,
			"remote_user":	2.74097739479968,
			"remote_system":	23.428154672981208
		},
		"sender_tcp_congestion":	"cubic",
		"receiver_tcp_congestion":	"cubic"
	}
}
