{
	"start":	{
		"connected":	[{
				"socket":	5,
				"local_host":	"10.10.10.2",
				"local_port":	50774,
				"remote_host":	"10.10.10.4",
				"remote_port":	5201
			}],
		"version":	"iperf 3.9",
		"system_info":	"Linux zelda 5.10.0-18-amd64 #1 SMP Debian 5.10.140-1 (2022-09-02) x86_64",
		"timestamp":	{
			"time":	"Tue, 30 Jan 2024 13:05:21 GMT",
			"timesecs":	1706619921
		},
		"connecting_to":	{
			"host":	"10.10.10.4",
			"port":	5201
		},
		"cookie":	"cnxcf7ycqt5nojckauxxz2ech4xksdqzkauf",
		"tcp_mss_default":	1448,
		"target_bitrate":	4000000000,
		"sock_bufsize":	0,
		"sndbuf_actual":	1000000,
		"rcvbuf_actual":	1000000,
		"test_start":	{
			"protocol":	"TCP",
			"num_streams":	1,
			"blksize":	131072,
			"omit":	0,
			"duration":	30,
			"bytes":	0,
			"blocks":	0,
			"reverse":	0,
			"tos":	0
		}
	},
	"intervals":	[{
			"streams":	[{
					"socket":	5,
					"start":	0,
					"end":	30.000081,
					"seconds":	30.000080108642578,
					"bytes":	3532259328,
					"bits_per_second":	941933305.56671643,
					"retransmits":	0,
					"snd_cwnd":	454672,
					"rtt":	2269,
					"rttvar":	147,
					"pmtu":	9000,
					"omitted":	false,
					"sender":	true
				}],
			"sum":	{
				"start":	0,
				"end":	30.000081,
				"seconds":	30.000080108642578,
				"bytes":	3532259328,
				"bits_per_second":	941933305.56671643,
				"retransmits":	0,
				"omitted":	false,
				"sender":	true
			}
		}],
	"end":	{
		"streams":	[{
				"sender":	{
					"socket":	5,
					"start":	0,
					"end":	30.000081,
					"seconds":	30.000081,
					"bytes":	3532259328,
					"bits_per_second":	941933277.58015049,
					"retransmits":	0,
					"max_snd_cwnd":	454672,
					"max_rtt":	2269,
					"min_rtt":	2269,
					"mean_rtt":	2269,
					"sender":	true
				},
				"receiver":	{
					"socket":	5,
					"start":	0,
					"end":	30.043710947036743,
					"seconds":	30.000081,
					"bytes":	3530648888,
					"bits_per_second":	940136561.48512065,
					"sender":	true
				}
			}],
		"sum_sent":	{
			"start":	0,
			"end":	30.000081,
			"seconds":	30.000081,
			"bytes":	3532259328,
			"bits_per_second":	941933277.58015049,
			"retransmits":	0,
			"sender":	true
		},
		"sum_received":	{
			"start":	0,
			"end":	30.043710947036743,
			"seconds":	30.043710947036743,
			"bytes":	3530648888,
			"bits_per_second":	940136561.48512065,
			"sender":	true
		},
		"cpu_utilization_percent":	{
			"host_total":	16.0757145582625,
			"host_user":	0.67201747499370146,
			"host_system":	15.40370373078618,
			"remote_total":	22.112505360703736,
			"remote_user":	2.45402874937363,
			"remote_system":	19.658473291495
		},
		"sender_tcp_congestion":	"cubic",
		"receiver_tcp_congestion":	"cubic"
	}
}
