{
	"start":	{
		"connected":	[{
				"socket":	5,
				"local_host":	"10.10.10.2",
				"local_port":	51548,
				"remote_host":	"10.10.10.4",
				"remote_port":	5201
			}],
		"version":	"iperf 3.9",
		"system_info":	"Linux zelda 5.10.0-18-amd64 #1 SMP Debian 5.10.140-1 (2022-09-02) x86_64",
		"timestamp":	{
			"time":	"Sun, 28 Jan 2024 17:35:36 GMT",
			"timesecs":	1706463336
		},
		"connecting_to":	{
			"host":	"10.10.10.4",
			"port":	5201
		},
		"cookie":	"cnvziu2rtntvmj6frpprvuymsy3cypzbypbu",
		"tcp_mss_default":	1448,
		"target_bitrate":	4000000000,
		"sock_bufsize":	0,
		"sndbuf_actual":	1000000,
		"rcvbuf_actual":	1000000,
		"test_start":	{
			"protocol":	"TCP",
			"num_streams":	1,
			"blksize":	131072,
			"omit":	0,
			"duration":	80,
			"bytes":	0,
			"blocks":	0,
			"reverse":	0,
			"tos":	0
		}
	},
	"intervals":	[{
			"streams":	[{
					"socket":	5,
					"start":	0,
					"end":	60.000061,
					"seconds":	60.00006103515625,
					"bytes":	7063076864,
					"bits_per_second":	941742623.87653,
					"retransmits":	0,
					"snd_cwnd":	506800,
					"rtt":	2197,
					"rttvar":	87,
					"pmtu":	9000,
					"omitted":	false,
					"sender":	true
				}],
			"sum":	{
				"start":	0,
				"end":	60.000061,
				"seconds":	60.00006103515625,
				"bytes":	7063076864,
				"bits_per_second":	941742623.87653,
				"retransmits":	0,
				"omitted":	false,
				"sender":	true
			}
		}, {
			"streams":	[{
					"socket":	5,
					"start":	60.000061,
					"end":	80.000069,
					"seconds":	20.000007629394531,
					"bytes":	2353659904,
					"bits_per_second":	941463602.460137,
					"retransmits":	0,
					"snd_cwnd":	506800,
					"rtt":	2653,
					"rttvar":	226,
					"pmtu":	9000,
					"omitted":	false,
					"sender":	true
				}],
			"sum":	{
				"start":	60.000061,
				"end":	80.000069,
				"seconds":	20.000007629394531,
				"bytes":	2353659904,
				"bits_per_second":	941463602.460137,
				"retransmits":	0,
				"omitted":	false,
				"sender":	true
			}
		}],
	"end":	{
		"streams":	[{
				"sender":	{
					"socket":	5,
					"start":	0,
					"end":	80.000069,
					"seconds":	80.000069,
					"bytes":	9416736768,
					"bits_per_second":	941672864.60715437,
					"retransmits":	0,
					"max_snd_cwnd":	506800,
					"max_rtt":	2653,
					"min_rtt":	2197,
					"mean_rtt":	2425,
					"sender":	true
				},
				"receiver":	{
					"socket":	5,
					"start":	0,
					"end":	80.0407431125641,
					"seconds":	80.000069,
					"bytes":	9414950328,
					"bits_per_second":	941015783.8999,
					"sender":	true
				}
			}],
		"sum_sent":	{
			"start":	0,
			"end":	80.000069,
			"seconds":	80.000069,
			"bytes":	9416736768,
			"bits_per_second":	941672864.60715437,
			"retransmits":	0,
			"sender":	true
		},
		"sum_received":	{
			"start":	0,
			"end":	80.0407431125641,
			"seconds":	80.0407431125641,
			"bytes":	9414950328,
			"bits_per_second":	941015783.8999,
			"sender":	true
		},
		"cpu_utilization_percent":	{
			"host_total":	4.3582690757223057,
			"host_user":	0.13508158388239208,
			"host_system":	4.2231887405141961,
			"remote_total":	27.091300272939684,
			"remote_user":	2.7396948932656624,
			"remote_system":	24.351604131573193
		},
		"sender_tcp_congestion":	"cubic",
		"receiver_tcp_congestion":	"cubic"
	}
}
