{
	"start":	{
		"connected":	[{
				"socket":	5,
				"local_host":	"10.10.10.2",
				"local_port":	53202,
				"remote_host":	"10.10.10.4",
				"remote_port":	5201
			}],
		"version":	"iperf 3.9",
		"system_info":	"Linux zelda 5.10.0-18-amd64 #1 SMP Debian 5.10.140-1 (2022-09-02) x86_64",
		"timestamp":	{
			"time":	"Sun, 28 Jan 2024 22:02:17 GMT",
			"timesecs":	1706479337
		},
		"connecting_to":	{
			"host":	"10.10.10.4",
			"port":	5201
		},
		"cookie":	"447coxanx235mp66tbcitjywg764ovn5wjat",
		"tcp_mss_default":	1448,
		"target_bitrate":	7000000000,
		"sock_bufsize":	0,
		"sndbuf_actual":	1000000,
		"rcvbuf_actual":	1000000,
		"test_start":	{
			"protocol":	"TCP",
			"num_streams":	1,
			"blksize":	131072,
			"omit":	0,
			"duration":	80,
			"bytes":	0,
			"blocks":	0,
			"reverse":	0,
			"tos":	0
		}
	},
	"intervals":	[{
			"streams":	[{
					"socket":	5,
					"start":	0,
					"end":	60.00006,
					"seconds":	60.00006103515625,
					"bytes":	7062552576,
					"bits_per_second":	941672718.88097441,
					"retransmits":	0,
					"snd_cwnd":	386616,
					"rtt":	2257,
					"rttvar":	146,
					"pmtu":	9000,
					"omitted":	false,
					"sender":	true
				}],
			"sum":	{
				"start":	0,
				"end":	60.00006,
				"seconds":	60.00006103515625,
				"bytes":	7062552576,
				"bits_per_second":	941672718.88097441,
				"retransmits":	0,
				"omitted":	false,
				"sender":	true
			}
		}, {
			"streams":	[{
					"socket":	5,
					"start":	60.00006,
					"end":	80.00002,
					"seconds":	19.999959945678711,
					"bytes":	2353790976,
					"bits_per_second":	941518275.99377632,
					"retransmits":	0,
					"snd_cwnd":	386616,
					"rtt":	2178,
					"rttvar":	117,
					"pmtu":	9000,
					"omitted":	false,
					"sender":	true
				}],
			"sum":	{
				"start":	60.00006,
				"end":	80.00002,
				"seconds":	19.999959945678711,
				"bytes":	2353790976,
				"bits_per_second":	941518275.99377632,
				"retransmits":	0,
				"omitted":	false,
				"sender":	true
			}
		}],
	"end":	{
		"streams":	[{
				"sender":	{
					"socket":	5,
					"start":	0,
					"end":	80.00002,
					"seconds":	80.00002,
					"bytes":	9416343552,
					"bits_per_second":	941634119.79147,
					"retransmits":	0,
					"max_snd_cwnd":	386616,
					"max_rtt":	2257,
					"min_rtt":	2178,
					"mean_rtt":	2217,
					"sender":	true
				},
				"receiver":	{
					"socket":	5,
					"start":	0,
					"end":	80.040283918380737,
					"seconds":	80.00002,
					"bytes":	9414926824,
					"bits_per_second":	941018833.326544,
					"sender":	true
				}
			}],
		"sum_sent":	{
			"start":	0,
			"end":	80.00002,
			"seconds":	80.00002,
			"bytes":	9416343552,
			"bits_per_second":	941634119.79147,
			"retransmits":	0,
			"sender":	true
		},
		"sum_received":	{
			"start":	0,
			"end":	80.040283918380737,
			"seconds":	80.040283918380737,
			"bytes":	9414926824,
			"bits_per_second":	941018833.326544,
			"sender":	true
		},
		"cpu_utilization_percent":	{
			"host_total":	4.7154937476893855,
			"host_user":	0.18864886924745847,
			"host_system":	4.52684612712717,
			"remote_total":	23.908592875986105,
			"remote_user":	2.3281128690166923,
			"remote_system":	21.58048000696941
		},
		"sender_tcp_congestion":	"cubic",
		"receiver_tcp_congestion":	"cubic"
	}
}
