{
	"start":	{
		"connected":	[{
				"socket":	5,
				"local_host":	"10.10.10.2",
				"local_port":	38396,
				"remote_host":	"10.10.10.4",
				"remote_port":	5201
			}],
		"version":	"iperf 3.9",
		"system_info":	"Linux zelda 5.10.0-18-amd64 #1 SMP Debian 5.10.140-1 (2022-09-02) x86_64",
		"timestamp":	{
			"time":	"Mon, 29 Jan 2024 20:13:32 GMT",
			"timesecs":	1706559212
		},
		"connecting_to":	{
			"host":	"10.10.10.4",
			"port":	5201
		},
		"cookie":	"m2r7ido7lidfhdphjp6ljzsafmoydka7v3yy",
		"tcp_mss_default":	1448,
		"target_bitrate":	7000000000,
		"sock_bufsize":	0,
		"sndbuf_actual":	1000000,
		"rcvbuf_actual":	1000000,
		"test_start":	{
			"protocol":	"TCP",
			"num_streams":	1,
			"blksize":	131072,
			"omit":	0,
			"duration":	30,
			"bytes":	0,
			"blocks":	0,
			"reverse":	0,
			"tos":	0
		}
	},
	"intervals":	[{
			"streams":	[{
					"socket":	5,
					"start":	0,
					"end":	30.000078,
					"seconds":	30.000078201293945,
					"bytes":	3531997184,
					"bits_per_second":	941863460.568622,
					"retransmits":	0,
					"snd_cwnd":	380824,
					"rtt":	2223,
					"rttvar":	153,
					"pmtu":	9000,
					"omitted":	false,
					"sender":	true
				}],
			"sum":	{
				"start":	0,
				"end":	30.000078,
				"seconds":	30.000078201293945,
				"bytes":	3531997184,
				"bits_per_second":	941863460.568622,
				"retransmits":	0,
				"omitted":	false,
				"sender":	true
			}
		}],
	"end":	{
		"streams":	[{
				"sender":	{
					"socket":	5,
					"start":	0,
					"end":	30.000078,
					"seconds":	30.000078,
					"bytes":	3531997184,
					"bits_per_second":	941863466.88831949,
					"retransmits":	0,
					"max_snd_cwnd":	380824,
					"max_rtt":	2223,
					"min_rtt":	2223,
					"mean_rtt":	2223,
					"sender":	true
				},
				"receiver":	{
					"socket":	5,
					"start":	0,
					"end":	30.043796062469482,
					"seconds":	30.000078,
					"bytes":	3530741688,
					"bits_per_second":	940158608.62817657,
					"sender":	true
				}
			}],
		"sum_sent":	{
			"start":	0,
			"end":	30.000078,
			"seconds":	30.000078,
			"bytes":	3531997184,
			"bits_per_second":	941863466.88831949,
			"retransmits":	0,
			"sender":	true
		},
		"sum_received":	{
			"start":	0,
			"end":	30.043796062469482,
			"seconds":	30.043796062469482,
			"bytes":	3530741688,
			"bits_per_second":	940158608.62817657,
			"sender":	true
		},
		"cpu_utilization_percent":	{
			"host_total":	8.59867066024973,
			"host_user":	0.26030280517004084,
			"host_system":	8.3383711787448167,
			"remote_total":	27.331772880214395,
			"remote_user":	2.7150589700909835,
			"remote_system":	24.616710590716647
		},
		"sender_tcp_congestion":	"cubic",
		"receiver_tcp_congestion":	"cubic"
	}
}
