{
	"start":	{
		"connected":	[{
				"socket":	5,
				"local_host":	"10.10.10.2",
				"local_port":	54826,
				"remote_host":	"10.10.10.4",
				"remote_port":	5201
			}],
		"version":	"iperf 3.9",
		"system_info":	"Linux zelda 5.10.0-18-amd64 #1 SMP Debian 5.10.140-1 (2022-09-02) x86_64",
		"timestamp":	{
			"time":	"Tue, 30 Jan 2024 09:42:42 GMT",
			"timesecs":	1706607762
		},
		"connecting_to":	{
			"host":	"10.10.10.4",
			"port":	5201
		},
		"cookie":	"gos2jscw2cw5fd76utllp7ibsapw5fplnvxx",
		"tcp_mss_default":	1448,
		"target_bitrate":	1000000000,
		"sock_bufsize":	0,
		"sndbuf_actual":	1000000,
		"rcvbuf_actual":	1000000,
		"test_start":	{
			"protocol":	"TCP",
			"num_streams":	1,
			"blksize":	131072,
			"omit":	0,
			"duration":	100,
			"bytes":	0,
			"blocks":	0,
			"reverse":	0,
			"tos":	0
		}
	},
	"intervals":	[{
			"streams":	[{
					"socket":	5,
					"start":	0,
					"end":	60.000076,
					"seconds":	60.000076293945312,
					"bytes":	7062683648,
					"bits_per_second":	941689955.645967,
					"retransmits":	0,
					"snd_cwnd":	428608,
					"rtt":	2197,
					"rttvar":	93,
					"pmtu":	9000,
					"omitted":	false,
					"sender":	true
				}],
			"sum":	{
				"start":	0,
				"end":	60.000076,
				"seconds":	60.000076293945312,
				"bytes":	7062683648,
				"bits_per_second":	941689955.645967,
				"retransmits":	0,
				"omitted":	false,
				"sender":	true
			}
		}, {
			"streams":	[{
					"socket":	5,
					"start":	60.000076,
					"end":	100.000068,
					"seconds":	39.999992370605469,
					"bytes":	4708106240,
					"bits_per_second":	941621427.60003424,
					"retransmits":	0,
					"snd_cwnd":	625536,
					"rtt":	2781,
					"rttvar":	103,
					"pmtu":	9000,
					"omitted":	false,
					"sender":	true
				}],
			"sum":	{
				"start":	60.000076,
				"end":	100.000068,
				"seconds":	39.999992370605469,
				"bytes":	4708106240,
				"bits_per_second":	941621427.60003424,
				"retransmits":	0,
				"omitted":	false,
				"sender":	true
			}
		}],
	"end":	{
		"streams":	[{
				"sender":	{
					"socket":	5,
					"start":	0,
					"end":	100.000068,
					"seconds":	100.000068,
					"bytes":	11770789888,
					"bits_per_second":	941662550.7094655,
					"retransmits":	0,
					"max_snd_cwnd":	625536,
					"max_rtt":	2781,
					"min_rtt":	2197,
					"mean_rtt":	2489,
					"sender":	true
				},
				"receiver":	{
					"socket":	5,
					"start":	0,
					"end":	100.04173302650452,
					"seconds":	100.000068,
					"bytes":	11768631864,
					"bits_per_second":	941097800.52547324,
					"sender":	true
				}
			}],
		"sum_sent":	{
			"start":	0,
			"end":	100.000068,
			"seconds":	100.000068,
			"bytes":	11770789888,
			"bits_per_second":	941662550.7094655,
			"retransmits":	0,
			"sender":	true
		},
		"sum_received":	{
			"start":	0,
			"end":	100.04173302650452,
			"seconds":	100.04173302650452,
			"bytes":	11768631864,
			"bits_per_second":	941097800.52547324,
			"sender":	true
		},
		"cpu_utilization_percent":	{
			"host_total":	16.057055958882621,
			"host_user":	0.66276595106919978,
			"host_system":	15.394290007813421,
			"remote_total":	25.507829213389233,
			"remote_user":	2.6549914810493016,
			"remote_system":	22.852837732339935
		},
		"sender_tcp_congestion":	"cubic",
		"receiver_tcp_congestion":	"cubic"
	}
}
