{
	"start":	{
		"connected":	[{
				"socket":	5,
				"local_host":	"10.10.10.2",
				"local_port":	50052,
				"remote_host":	"10.10.10.4",
				"remote_port":	5201
			}],
		"version":	"iperf 3.9",
		"system_info":	"Linux zelda 5.10.0-18-amd64 #1 SMP Debian 5.10.140-1 (2022-09-02) x86_64",
		"timestamp":	{
			"time":	"Tue, 30 Jan 2024 11:55:56 GMT",
			"timesecs":	1706615756
		},
		"connecting_to":	{
			"host":	"10.10.10.4",
			"port":	5201
		},
		"cookie":	"ily4empjw7j5c4c2ktss3hieaw6kiimb4sfs",
		"tcp_mss_default":	1448,
		"target_bitrate":	3000000000,
		"sock_bufsize":	0,
		"sndbuf_actual":	1000000,
		"rcvbuf_actual":	1000000,
		"test_start":	{
			"protocol":	"TCP",
			"num_streams":	1,
			"blksize":	131072,
			"omit":	0,
			"duration":	60,
			"bytes":	0,
			"blocks":	0,
			"reverse":	0,
			"tos":	0
		}
	},
	"intervals":	[{
			"streams":	[{
					"socket":	5,
					"start":	0,
					"end":	60.000073,
					"seconds":	60.000072479248047,
					"bytes":	7063470080,
					"bits_per_second":	941794872.99026322,
					"retransmits":	0,
					"snd_cwnd":	615400,
					"rtt":	2738,
					"rttvar":	143,
					"pmtu":	9000,
					"omitted":	false,
					"sender":	true
				}],
			"sum":	{
				"start":	0,
				"end":	60.000073,
				"seconds":	60.000072479248047,
				"bytes":	7063470080,
				"bits_per_second":	941794872.99026322,
				"retransmits":	0,
				"omitted":	false,
				"sender":	true
			}
		}],
	"end":	{
		"streams":	[{
				"sender":	{
					"socket":	5,
					"start":	0,
					"end":	60.000073,
					"seconds":	60.000073,
					"bytes":	7063470080,
					"bits_per_second":	941794864.81624782,
					"retransmits":	0,
					"max_snd_cwnd":	615400,
					"max_rtt":	2738,
					"min_rtt":	2738,
					"mean_rtt":	2738,
					"sender":	true
				},
				"receiver":	{
					"socket":	5,
					"start":	0,
					"end":	60.043612957000732,
					"seconds":	60.000073,
					"bytes":	7061240808,
					"bits_per_second":	940814912.394668,
					"sender":	true
				}
			}],
		"sum_sent":	{
			"start":	0,
			"end":	60.000073,
			"seconds":	60.000073,
			"bytes":	7063470080,
			"bits_per_second":	941794864.81624782,
			"retransmits":	0,
			"sender":	true
		},
		"sum_received":	{
			"start":	0,
			"end":	60.043612957000732,
			"seconds":	60.043612957000732,
			"bytes":	7061240808,
			"bits_per_second":	940814912.394668,
			"sender":	true
		},
		"cpu_utilization_percent":	{
			"host_total":	16.316082704200909,
			"host_user":	0.57021265009448019,
			"host_system":	15.745870054106426,
			"remote_total":	23.925215434476293,
			"remote_user":	2.1431658586932945,
			"remote_system":	21.782047912379348
		},
		"sender_tcp_congestion":	"cubic",
		"receiver_tcp_congestion":	"cubic"
	}
}
