{
	"start":	{
		"connected":	[{
				"socket":	5,
				"local_host":	"10.10.10.2",
				"local_port":	50552,
				"remote_host":	"10.10.10.4",
				"remote_port":	5201
			}],
		"version":	"iperf 3.9",
		"system_info":	"Linux zelda 5.10.0-18-amd64 #1 SMP Debian 5.10.140-1 (2022-09-02) x86_64",
		"timestamp":	{
			"time":	"Sun, 28 Jan 2024 19:37:20 GMT",
			"timesecs":	1706470640
		},
		"connecting_to":	{
			"host":	"10.10.10.4",
			"port":	5201
		},
		"cookie":	"2hkcqqltzswdxxsqrj65yq3pwbuka2w5ftvz",
		"tcp_mss_default":	1448,
		"target_bitrate":	5000000000,
		"sock_bufsize":	0,
		"sndbuf_actual":	1000000,
		"rcvbuf_actual":	1000000,
		"test_start":	{
			"protocol":	"TCP",
			"num_streams":	1,
			"blksize":	131072,
			"omit":	0,
			"duration":	100,
			"bytes":	0,
			"blocks":	0,
			"reverse":	0,
			"tos":	0
		}
	},
	"intervals":	[{
			"streams":	[{
					"socket":	5,
					"start":	0,
					"end":	60.00006,
					"seconds":	60.00006103515625,
					"bytes":	7062552576,
					"bits_per_second":	941672718.88097441,
					"retransmits":	0,
					"snd_cwnd":	367792,
					"rtt":	2202,
					"rttvar":	94,
					"pmtu":	9000,
					"omitted":	false,
					"sender":	true
				}],
			"sum":	{
				"start":	0,
				"end":	60.00006,
				"seconds":	60.00006103515625,
				"bytes":	7062552576,
				"bits_per_second":	941672718.88097441,
				"retransmits":	0,
				"omitted":	false,
				"sender":	true
			}
		}, {
			"streams":	[{
					"socket":	5,
					"start":	60.00006,
					"end":	100.000068,
					"seconds":	40.000007629394531,
					"bytes":	4707319808,
					"bits_per_second":	941463782.0300343,
					"retransmits":	0,
					"snd_cwnd":	367792,
					"rtt":	1853,
					"rttvar":	189,
					"pmtu":	9000,
					"omitted":	false,
					"sender":	true
				}],
			"sum":	{
				"start":	60.00006,
				"end":	100.000068,
				"seconds":	40.000007629394531,
				"bytes":	4707319808,
				"bits_per_second":	941463782.0300343,
				"retransmits":	0,
				"omitted":	false,
				"sender":	true
			}
		}],
	"end":	{
		"streams":	[{
				"sender":	{
					"socket":	5,
					"start":	0,
					"end":	100.000068,
					"seconds":	100.000068,
					"bytes":	11769872384,
					"bits_per_second":	941589150.43937767,
					"retransmits":	0,
					"max_snd_cwnd":	367792,
					"max_rtt":	2202,
					"min_rtt":	1853,
					"mean_rtt":	2027,
					"sender":	true
				},
				"receiver":	{
					"socket":	5,
					"start":	0,
					"end":	100.04106211662292,
					"seconds":	100.000068,
					"bytes":	11768659848,
					"bits_per_second":	941106349.65315962,
					"sender":	true
				}
			}],
		"sum_sent":	{
			"start":	0,
			"end":	100.000068,
			"seconds":	100.000068,
			"bytes":	11769872384,
			"bits_per_second":	941589150.43937767,
			"retransmits":	0,
			"sender":	true
		},
		"sum_received":	{
			"start":	0,
			"end":	100.04106211662292,
			"seconds":	100.04106211662292,
			"bytes":	11768659848,
			"bits_per_second":	941106349.65315962,
			"sender":	true
		},
		"cpu_utilization_percent":	{
			"host_total":	4.7017889687383461,
			"host_user":	0.13468844551846784,
			"host_system":	4.56710052321988,
			"remote_total":	24.944772331364494,
			"remote_user":	2.4307675054880091,
			"remote_system":	22.514003827094157
		},
		"sender_tcp_congestion":	"cubic",
		"receiver_tcp_congestion":	"cubic"
	}
}
