{
	"start":	{
		"connected":	[{
				"socket":	5,
				"local_host":	"10.10.10.2",
				"local_port":	54332,
				"remote_host":	"10.10.10.4",
				"remote_port":	5201
			}],
		"version":	"iperf 3.9",
		"system_info":	"Linux zelda 5.10.0-18-amd64 #1 SMP Debian 5.10.140-1 (2022-09-02) x86_64",
		"timestamp":	{
			"time":	"Tue, 30 Jan 2024 20:42:25 GMT",
			"timesecs":	1706647345
		},
		"connecting_to":	{
			"host":	"10.10.10.4",
			"port":	5201
		},
		"cookie":	"fbh7l3gycluw6fhbpqxop2jrm5fujodwjx36",
		"tcp_mss_default":	1448,
		"target_bitrate":	9000000000,
		"sock_bufsize":	0,
		"sndbuf_actual":	1000000,
		"rcvbuf_actual":	1000000,
		"test_start":	{
			"protocol":	"TCP",
			"num_streams":	1,
			"blksize":	131072,
			"omit":	0,
			"duration":	30,
			"bytes":	0,
			"blocks":	0,
			"reverse":	0,
			"tos":	0
		}
	},
	"intervals":	[{
			"streams":	[{
					"socket":	5,
					"start":	0,
					"end":	30.000074,
					"seconds":	30.00007438659668,
					"bytes":	3532390400,
					"bits_per_second":	941968437.672458,
					"retransmits":	0,
					"snd_cwnd":	461912,
					"rtt":	2289,
					"rttvar":	148,
					"pmtu":	9000,
					"omitted":	false,
					"sender":	true
				}],
			"sum":	{
				"start":	0,
				"end":	30.000074,
				"seconds":	30.00007438659668,
				"bytes":	3532390400,
				"bits_per_second":	941968437.672458,
				"retransmits":	0,
				"omitted":	false,
				"sender":	true
			}
		}],
	"end":	{
		"streams":	[{
				"sender":	{
					"socket":	5,
					"start":	0,
					"end":	30.000074,
					"seconds":	30.000074,
					"bytes":	3532390400,
					"bits_per_second":	941968449.811157,
					"retransmits":	0,
					"max_snd_cwnd":	461912,
					"max_rtt":	2289,
					"min_rtt":	2289,
					"mean_rtt":	2289,
					"sender":	true
				},
				"receiver":	{
					"socket":	5,
					"start":	0,
					"end":	30.0438768863678,
					"seconds":	30.000074,
					"bytes":	3530733000,
					"bits_per_second":	940153766.0013634,
					"sender":	true
				}
			}],
		"sum_sent":	{
			"start":	0,
			"end":	30.000074,
			"seconds":	30.000074,
			"bytes":	3532390400,
			"bits_per_second":	941968449.811157,
			"retransmits":	0,
			"sender":	true
		},
		"sum_received":	{
			"start":	0,
			"end":	30.0438768863678,
			"seconds":	30.0438768863678,
			"bytes":	3530733000,
			"bits_per_second":	940153766.0013634,
			"sender":	true
		},
		"cpu_utilization_percent":	{
			"host_total":	16.2423027826214,
			"host_user":	0.81707350553846,
			"host_system":	15.425225953335516,
			"remote_total":	24.647565392621313,
			"remote_user":	2.5844684432256928,
			"remote_system":	22.063090309708219
		},
		"sender_tcp_congestion":	"cubic",
		"receiver_tcp_congestion":	"cubic"
	}
}
