{
	"start":	{
		"connected":	[{
				"socket":	5,
				"local_host":	"10.10.10.2",
				"local_port":	48830,
				"remote_host":	"10.10.10.4",
				"remote_port":	5201
			}],
		"version":	"iperf 3.9",
		"system_info":	"Linux zelda 5.10.0-18-amd64 #1 SMP Debian 5.10.140-1 (2022-09-02) x86_64",
		"timestamp":	{
			"time":	"Tue, 30 Jan 2024 22:11:14 GMT",
			"timesecs":	1706652674
		},
		"connecting_to":	{
			"host":	"10.10.10.4",
			"port":	5201
		},
		"cookie":	"lt6ixyvm5l23bg4a6xdvfqqjefc5vqi2ce5p",
		"tcp_mss_default":	1448,
		"target_bitrate":	10000000000,
		"sock_bufsize":	0,
		"sndbuf_actual":	1000000,
		"rcvbuf_actual":	1000000,
		"test_start":	{
			"protocol":	"TCP",
			"num_streams":	1,
			"blksize":	131072,
			"omit":	0,
			"duration":	20,
			"bytes":	0,
			"blocks":	0,
			"reverse":	0,
			"tos":	0
		}
	},
	"intervals":	[{
			"streams":	[{
					"socket":	5,
					"start":	0,
					"end":	20.000078,
					"seconds":	20.000078201293945,
					"bytes":	2355363840,
					"bits_per_second":	942141852.164404,
					"retransmits":	0,
					"snd_cwnd":	419920,
					"rtt":	2182,
					"rttvar":	143,
					"pmtu":	9000,
					"omitted":	false,
					"sender":	true
				}],
			"sum":	{
				"start":	0,
				"end":	20.000078,
				"seconds":	20.000078201293945,
				"bytes":	2355363840,
				"bits_per_second":	942141852.164404,
				"retransmits":	0,
				"omitted":	false,
				"sender":	true
			}
		}],
	"end":	{
		"streams":	[{
				"sender":	{
					"socket":	5,
					"start":	0,
					"end":	20.000078,
					"seconds":	20.000078,
					"bytes":	2355363840,
					"bits_per_second":	942141861.6467396,
					"retransmits":	0,
					"max_snd_cwnd":	419920,
					"max_rtt":	2182,
					"min_rtt":	2182,
					"mean_rtt":	2182,
					"sender":	true
				},
				"receiver":	{
					"socket":	5,
					"start":	0,
					"end":	20.040755033493042,
					"seconds":	20.000078,
					"bytes":	2353886928,
					"bits_per_second":	939640018.179385,
					"sender":	true
				}
			}],
		"sum_sent":	{
			"start":	0,
			"end":	20.000078,
			"seconds":	20.000078,
			"bytes":	2355363840,
			"bits_per_second":	942141861.6467396,
			"retransmits":	0,
			"sender":	true
		},
		"sum_received":	{
			"start":	0,
			"end":	20.040755033493042,
			"seconds":	20.040755033493042,
			"bytes":	2353886928,
			"bits_per_second":	939640018.179385,
			"sender":	true
		},
		"cpu_utilization_percent":	{
			"host_total":	16.2308465980772,
			"host_user":	0.80210071103279068,
			"host_system":	15.428750865882112,
			"remote_total":	27.439210246177225,
			"remote_user":	2.7075737265149025,
			"remote_system":	24.731641490368958
		},
		"sender_tcp_congestion":	"cubic",
		"receiver_tcp_congestion":	"cubic"
	}
}
