{
	"start":	{
		"connected":	[{
				"socket":	5,
				"local_host":	"10.10.10.2",
				"local_port":	47180,
				"remote_host":	"10.10.10.4",
				"remote_port":	5201
			}],
		"version":	"iperf 3.9",
		"system_info":	"Linux zelda 5.10.0-18-amd64 #1 SMP Debian 5.10.140-1 (2022-09-02) x86_64",
		"timestamp":	{
			"time":	"Sun, 28 Jan 2024 16:21:37 GMT",
			"timesecs":	1706458897
		},
		"connecting_to":	{
			"host":	"10.10.10.4",
			"port":	5201
		},
		"cookie":	"un2cwd5tyfnrnabvpvbxb4n4ykqbeaovjevl",
		"tcp_mss_default":	1448,
		"target_bitrate":	3000000000,
		"sock_bufsize":	0,
		"sndbuf_actual":	1000000,
		"rcvbuf_actual":	1000000,
		"test_start":	{
			"protocol":	"TCP",
			"num_streams":	1,
			"blksize":	131072,
			"omit":	0,
			"duration":	100,
			"bytes":	0,
			"blocks":	0,
			"reverse":	0,
			"tos":	0
		}
	},
	"intervals":	[{
			"streams":	[{
					"socket":	5,
					"start":	0,
					"end":	60.00006,
					"seconds":	60.00006103515625,
					"bytes":	7062683648,
					"bits_per_second":	941690195.12986338,
					"retransmits":	0,
					"snd_cwnd":	408336,
					"rtt":	2187,
					"rttvar":	93,
					"pmtu":	9000,
					"omitted":	false,
					"sender":	true
				}],
			"sum":	{
				"start":	0,
				"end":	60.00006,
				"seconds":	60.00006103515625,
				"bytes":	7062683648,
				"bits_per_second":	941690195.12986338,
				"retransmits":	0,
				"omitted":	false,
				"sender":	true
			}
		}, {
			"streams":	[{
					"socket":	5,
					"start":	60.00006,
					"end":	100.000069,
					"seconds":	40.000007629394531,
					"bytes":	4707319808,
					"bits_per_second":	941463782.0300343,
					"retransmits":	0,
					"snd_cwnd":	408336,
					"rtt":	2191,
					"rttvar":	93,
					"pmtu":	9000,
					"omitted":	false,
					"sender":	true
				}],
			"sum":	{
				"start":	60.00006,
				"end":	100.000069,
				"seconds":	40.000007629394531,
				"bytes":	4707319808,
				"bits_per_second":	941463782.0300343,
				"retransmits":	0,
				"omitted":	false,
				"sender":	true
			}
		}],
	"end":	{
		"streams":	[{
				"sender":	{
					"socket":	5,
					"start":	0,
					"end":	100.000069,
					"seconds":	100.000069,
					"bytes":	11770003456,
					"bits_per_second":	941599626.77625751,
					"retransmits":	0,
					"max_snd_cwnd":	408336,
					"max_rtt":	2191,
					"min_rtt":	2187,
					"mean_rtt":	2189,
					"sender":	true
				},
				"receiver":	{
					"socket":	5,
					"start":	0,
					"end":	100.04479789733887,
					"seconds":	100.000069,
					"bytes":	11768656952,
					"bits_per_second":	941070976.15021837,
					"sender":	true
				}
			}],
		"sum_sent":	{
			"start":	0,
			"end":	100.000069,
			"seconds":	100.000069,
			"bytes":	11770003456,
			"bits_per_second":	941599626.77625751,
			"retransmits":	0,
			"sender":	true
		},
		"sum_received":	{
			"start":	0,
			"end":	100.04479789733887,
			"seconds":	100.04479789733887,
			"bytes":	11768656952,
			"bits_per_second":	941070976.15021837,
			"sender":	true
		},
		"cpu_utilization_percent":	{
			"host_total":	4.41486372369528,
			"host_user":	0.11738351117504275,
			"host_system":	4.2974812116393828,
			"remote_total":	26.31921420769196,
			"remote_user":	2.3677782080019272,
			"remote_system":	23.951435000949452
		},
		"sender_tcp_congestion":	"cubic",
		"receiver_tcp_congestion":	"cubic"
	}
}
