{
	"start":	{
		"connected":	[{
				"socket":	5,
				"local_host":	"10.10.10.2",
				"local_port":	60094,
				"remote_host":	"10.10.10.4",
				"remote_port":	5201
			}],
		"version":	"iperf 3.9",
		"system_info":	"Linux zelda 5.10.0-18-amd64 #1 SMP Debian 5.10.140-1 (2022-09-02) x86_64",
		"timestamp":	{
			"time":	"Tue, 30 Jan 2024 15:36:34 GMT",
			"timesecs":	1706628994
		},
		"connecting_to":	{
			"host":	"10.10.10.4",
			"port":	5201
		},
		"cookie":	"kffm2v72nwr7qy4oqdqag73pohkfb7ctgir3",
		"tcp_mss_default":	1448,
		"target_bitrate":	5000000000,
		"sock_bufsize":	0,
		"sndbuf_actual":	1000000,
		"rcvbuf_actual":	1000000,
		"test_start":	{
			"protocol":	"TCP",
			"num_streams":	1,
			"blksize":	131072,
			"omit":	0,
			"duration":	90,
			"bytes":	0,
			"blocks":	0,
			"reverse":	0,
			"tos":	0
		}
	},
	"intervals":	[{
			"streams":	[{
					"socket":	5,
					"start":	0,
					"end":	60.000081,
					"seconds":	60.000080108642578,
					"bytes":	7063470080,
					"bits_per_second":	941794753.235012,
					"retransmits":	0,
					"snd_cwnd":	609608,
					"rtt":	2247,
					"rttvar":	82,
					"pmtu":	9000,
					"omitted":	false,
					"sender":	true
				}],
			"sum":	{
				"start":	0,
				"end":	60.000081,
				"seconds":	60.000080108642578,
				"bytes":	7063470080,
				"bits_per_second":	941794753.235012,
				"retransmits":	0,
				"omitted":	false,
				"sender":	true
			}
		}, {
			"streams":	[{
					"socket":	5,
					"start":	60.000081,
					"end":	90.000073,
					"seconds":	29.999992370605469,
					"bytes":	3530555392,
					"bits_per_second":	941481677.29783869,
					"retransmits":	0,
					"snd_cwnd":	609608,
					"rtt":	2749,
					"rttvar":	93,
					"pmtu":	9000,
					"omitted":	false,
					"sender":	true
				}],
			"sum":	{
				"start":	60.000081,
				"end":	90.000073,
				"seconds":	29.999992370605469,
				"bytes":	3530555392,
				"bits_per_second":	941481677.29783869,
				"retransmits":	0,
				"omitted":	false,
				"sender":	true
			}
		}],
	"end":	{
		"streams":	[{
				"sender":	{
					"socket":	5,
					"start":	0,
					"end":	90.000073,
					"seconds":	90.000073,
					"bytes":	10594025472,
					"bits_per_second":	941690389.25112867,
					"retransmits":	0,
					"max_snd_cwnd":	609608,
					"max_rtt":	2749,
					"min_rtt":	2247,
					"mean_rtt":	2498,
					"sender":	true
				},
				"receiver":	{
					"socket":	5,
					"start":	0,
					"end":	90.0438370704651,
					"seconds":	90.000073,
					"bytes":	10591805088,
					"bits_per_second":	941035427.41842353,
					"sender":	true
				}
			}],
		"sum_sent":	{
			"start":	0,
			"end":	90.000073,
			"seconds":	90.000073,
			"bytes":	10594025472,
			"bits_per_second":	941690389.25112867,
			"retransmits":	0,
			"sender":	true
		},
		"sum_received":	{
			"start":	0,
			"end":	90.0438370704651,
			"seconds":	90.0438370704651,
			"bytes":	10591805088,
			"bits_per_second":	941035427.41842353,
			"sender":	true
		},
		"cpu_utilization_percent":	{
			"host_total":	16.432616868647251,
			"host_user":	0.68521470423726027,
			"host_system":	15.74740105433888,
			"remote_total":	25.890785981321862,
			"remote_user":	2.4092378884712851,
			"remote_system":	23.481549202505782
		},
		"sender_tcp_congestion":	"cubic",
		"receiver_tcp_congestion":	"cubic"
	}
}
