{
	"start":	{
		"connected":	[{
				"socket":	5,
				"local_host":	"10.10.10.2",
				"local_port":	34828,
				"remote_host":	"10.10.10.4",
				"remote_port":	5201
			}],
		"version":	"iperf 3.9",
		"system_info":	"Linux zelda 5.10.0-18-amd64 #1 SMP Debian 5.10.140-1 (2022-09-02) x86_64",
		"timestamp":	{
			"time":	"Mon, 29 Jan 2024 00:21:49 GMT",
			"timesecs":	1706487709
		},
		"connecting_to":	{
			"host":	"10.10.10.4",
			"port":	5201
		},
		"cookie":	"dc5gb4qfxmiz4psobpesmiu5k2adtgynopka",
		"tcp_mss_default":	1448,
		"target_bitrate":	9000000000,
		"sock_bufsize":	0,
		"sndbuf_actual":	1000000,
		"rcvbuf_actual":	1000000,
		"test_start":	{
			"protocol":	"TCP",
			"num_streams":	1,
			"blksize":	131072,
			"omit":	0,
			"duration":	30,
			"bytes":	0,
			"blocks":	0,
			"reverse":	0,
			"tos":	0
		}
	},
	"intervals":	[{
			"streams":	[{
					"socket":	5,
					"start":	0,
					"end":	30.000061,
					"seconds":	30.00006103515625,
					"bytes":	3531997184,
					"bits_per_second":	941863999.5061208,
					"retransmits":	0,
					"snd_cwnd":	367792,
					"rtt":	2175,
					"rttvar":	149,
					"pmtu":	9000,
					"omitted":	false,
					"sender":	true
				}],
			"sum":	{
				"start":	0,
				"end":	30.000061,
				"seconds":	30.00006103515625,
				"bytes":	3531997184,
				"bits_per_second":	941863999.5061208,
				"retransmits":	0,
				"omitted":	false,
				"sender":	true
			}
		}],
	"end":	{
		"streams":	[{
				"sender":	{
					"socket":	5,
					"start":	0,
					"end":	30.000061,
					"seconds":	30.000061,
					"bytes":	3531997184,
					"bits_per_second":	941864000.60986543,
					"retransmits":	0,
					"max_snd_cwnd":	367792,
					"max_rtt":	2175,
					"min_rtt":	2175,
					"mean_rtt":	2175,
					"sender":	true
				},
				"receiver":	{
					"socket":	5,
					"start":	0,
					"end":	30.043646097183228,
					"seconds":	30.000061,
					"bytes":	3530673632,
					"bits_per_second":	940145179.60415518,
					"sender":	true
				}
			}],
		"sum_sent":	{
			"start":	0,
			"end":	30.000061,
			"seconds":	30.000061,
			"bytes":	3531997184,
			"bits_per_second":	941864000.60986543,
			"retransmits":	0,
			"sender":	true
		},
		"sum_received":	{
			"start":	0,
			"end":	30.043646097183228,
			"seconds":	30.043646097183228,
			"bytes":	3530673632,
			"bits_per_second":	940145179.60415518,
			"sender":	true
		},
		"cpu_utilization_percent":	{
			"host_total":	3.8404128200227685,
			"host_user":	0.156874932484648,
			"host_system":	3.68353788753812,
			"remote_total":	24.699081816471377,
			"remote_user":	2.2056633643962127,
			"remote_system":	22.493411813100106
		},
		"sender_tcp_congestion":	"cubic",
		"receiver_tcp_congestion":	"cubic"
	}
}
