{
	"start":	{
		"connected":	[{
				"socket":	5,
				"local_host":	"10.10.10.2",
				"local_port":	53932,
				"remote_host":	"10.10.10.4",
				"remote_port":	5201
			}],
		"version":	"iperf 3.9",
		"system_info":	"Linux zelda 5.10.0-18-amd64 #1 SMP Debian 5.10.140-1 (2022-09-02) x86_64",
		"timestamp":	{
			"time":	"Wed, 31 Jan 2024 00:03:33 GMT",
			"timesecs":	1706659413
		},
		"connecting_to":	{
			"host":	"10.10.10.4",
			"port":	5201
		},
		"cookie":	"55eohvb6t372sivxxyihwskenry7k6wfwjmx",
		"tcp_mss_default":	1448,
		"target_bitrate":	1000000000,
		"sock_bufsize":	0,
		"sndbuf_actual":	1000000,
		"rcvbuf_actual":	1000000,
		"test_start":	{
			"protocol":	"TCP",
			"num_streams":	1,
			"blksize":	131072,
			"omit":	0,
			"duration":	40,
			"bytes":	0,
			"blocks":	0,
			"reverse":	0,
			"tos":	0
		}
	},
	"intervals":	[{
			"streams":	[{
					"socket":	5,
					"start":	0,
					"end":	40.000075,
					"seconds":	40.000076293945312,
					"bytes":	4709023744,
					"bits_per_second":	941802952.45342624,
					"retransmits":	0,
					"snd_cwnd":	450328,
					"rtt":	2256,
					"rttvar":	124,
					"pmtu":	9000,
					"omitted":	false,
					"sender":	true
				}],
			"sum":	{
				"start":	0,
				"end":	40.000075,
				"seconds":	40.000076293945312,
				"bytes":	4709023744,
				"bits_per_second":	941802952.45342624,
				"retransmits":	0,
				"omitted":	false,
				"sender":	true
			}
		}],
	"end":	{
		"streams":	[{
				"sender":	{
					"socket":	5,
					"start":	0,
					"end":	40.000075,
					"seconds":	40.000075,
					"bytes":	4709023744,
					"bits_per_second":	941802982.919407,
					"retransmits":	0,
					"max_snd_cwnd":	450328,
					"max_rtt":	2256,
					"min_rtt":	2256,
					"mean_rtt":	2256,
					"sender":	true
				},
				"receiver":	{
					"socket":	5,
					"start":	0,
					"end":	40.043971061706543,
					"seconds":	40.000075,
					"bytes":	4707504000,
					"bits_per_second":	940466966.72433,
					"sender":	true
				}
			}],
		"sum_sent":	{
			"start":	0,
			"end":	40.000075,
			"seconds":	40.000075,
			"bytes":	4709023744,
			"bits_per_second":	941802982.919407,
			"retransmits":	0,
			"sender":	true
		},
		"sum_received":	{
			"start":	0,
			"end":	40.043971061706543,
			"seconds":	40.043971061706543,
			"bytes":	4707504000,
			"bits_per_second":	940466966.72433,
			"sender":	true
		},
		"cpu_utilization_percent":	{
			"host_total":	19.667285318864977,
			"host_user":	0.86649140987095918,
			"host_system":	18.800791414495759,
			"remote_total":	23.556750001414436,
			"remote_user":	2.3971537410187365,
			"remote_system":	21.159593767997453
		},
		"sender_tcp_congestion":	"cubic",
		"receiver_tcp_congestion":	"cubic"
	}
}
