{
	"start":	{
		"connected":	[{
				"socket":	5,
				"local_host":	"10.10.10.2",
				"local_port":	38374,
				"remote_host":	"10.10.10.4",
				"remote_port":	5201
			}],
		"version":	"iperf 3.9",
		"system_info":	"Linux zelda 5.10.0-18-amd64 #1 SMP Debian 5.10.140-1 (2022-09-02) x86_64",
		"timestamp":	{
			"time":	"Mon, 29 Jan 2024 23:27:29 GMT",
			"timesecs":	1706570849
		},
		"connecting_to":	{
			"host":	"10.10.10.4",
			"port":	5201
		},
		"cookie":	"kl757oxrlbbrhvk75hbpu6hvk4wfeuiwpecj",
		"tcp_mss_default":	1448,
		"target_bitrate":	9000000000,
		"sock_bufsize":	0,
		"sndbuf_actual":	1000000,
		"rcvbuf_actual":	1000000,
		"test_start":	{
			"protocol":	"TCP",
			"num_streams":	1,
			"blksize":	131072,
			"omit":	0,
			"duration":	40,
			"bytes":	0,
			"blocks":	0,
			"reverse":	0,
			"tos":	0
		}
	},
	"intervals":	[{
			"streams":	[{
					"socket":	5,
					"start":	0,
					"end":	40.000071,
					"seconds":	40.000072479248047,
					"bytes":	4709285888,
					"bits_per_second":	941855470.97559237,
					"retransmits":	0,
					"snd_cwnd":	493768,
					"rtt":	2233,
					"rttvar":	126,
					"pmtu":	9000,
					"omitted":	false,
					"sender":	true
				}],
			"sum":	{
				"start":	0,
				"end":	40.000071,
				"seconds":	40.000072479248047,
				"bytes":	4709285888,
				"bits_per_second":	941855470.97559237,
				"retransmits":	0,
				"omitted":	false,
				"sender":	true
			}
		}],
	"end":	{
		"streams":	[{
				"sender":	{
					"socket":	5,
					"start":	0,
					"end":	40.000071,
					"seconds":	40.000071,
					"bytes":	4709285888,
					"bits_per_second":	941855505.80647719,
					"retransmits":	0,
					"max_snd_cwnd":	493768,
					"max_rtt":	2233,
					"min_rtt":	2233,
					"mean_rtt":	2233,
					"sender":	true
				},
				"receiver":	{
					"socket":	5,
					"start":	0,
					"end":	40.044182777404785,
					"seconds":	40.000071,
					"bytes":	4707603688,
					"bits_per_second":	940481910.02790022,
					"sender":	true
				}
			}],
		"sum_sent":	{
			"start":	0,
			"end":	40.000071,
			"seconds":	40.000071,
			"bytes":	4709285888,
			"bits_per_second":	941855505.80647719,
			"retransmits":	0,
			"sender":	true
		},
		"sum_received":	{
			"start":	0,
			"end":	40.044182777404785,
			"seconds":	40.044182777404785,
			"bytes":	4707603688,
			"bits_per_second":	940481910.02790022,
			"sender":	true
		},
		"cpu_utilization_percent":	{
			"host_total":	10.941650797380936,
			"host_user":	0.353800564521229,
			"host_system":	10.587850232859704,
			"remote_total":	25.583894702365683,
			"remote_user":	2.5922908185815148,
			"remote_system":	22.991598898988169
		},
		"sender_tcp_congestion":	"cubic",
		"receiver_tcp_congestion":	"cubic"
	}
}
