{
	"start":	{
		"connected":	[{
				"socket":	5,
				"local_host":	"10.10.10.2",
				"local_port":	48084,
				"remote_host":	"10.10.10.4",
				"remote_port":	5201
			}],
		"version":	"iperf 3.9",
		"system_info":	"Linux zelda 5.10.0-18-amd64 #1 SMP Debian 5.10.140-1 (2022-09-02) x86_64",
		"timestamp":	{
			"time":	"Mon, 29 Jan 2024 16:58:54 GMT",
			"timesecs":	1706547534
		},
		"connecting_to":	{
			"host":	"10.10.10.4",
			"port":	5201
		},
		"cookie":	"zyxjrfwajdi2im2err2ps64ehasx6vtml5z4",
		"tcp_mss_default":	1448,
		"target_bitrate":	4000000000,
		"sock_bufsize":	0,
		"sndbuf_actual":	1000000,
		"rcvbuf_actual":	1000000,
		"test_start":	{
			"protocol":	"TCP",
			"num_streams":	1,
			"blksize":	131072,
			"omit":	0,
			"duration":	100,
			"bytes":	0,
			"blocks":	0,
			"reverse":	0,
			"tos":	0
		}
	},
	"intervals":	[{
			"streams":	[{
					"socket":	5,
					"start":	0,
					"end":	60.000066,
					"seconds":	60.000064849853516,
					"bytes":	7062552576,
					"bits_per_second":	941672659.0111,
					"retransmits":	0,
					"snd_cwnd":	363448,
					"rtt":	1657,
					"rttvar":	109,
					"pmtu":	9000,
					"omitted":	false,
					"sender":	true
				}],
			"sum":	{
				"start":	0,
				"end":	60.000066,
				"seconds":	60.000064849853516,
				"bytes":	7062552576,
				"bits_per_second":	941672659.0111,
				"retransmits":	0,
				"omitted":	false,
				"sender":	true
			}
		}, {
			"streams":	[{
					"socket":	5,
					"start":	60.000066,
					"end":	100.000071,
					"seconds":	40.000003814697266,
					"bytes":	4708237312,
					"bits_per_second":	941647372.59750855,
					"retransmits":	0,
					"snd_cwnd":	613952,
					"rtt":	2336,
					"rttvar":	142,
					"pmtu":	9000,
					"omitted":	false,
					"sender":	true
				}],
			"sum":	{
				"start":	60.000066,
				"end":	100.000071,
				"seconds":	40.000003814697266,
				"bytes":	4708237312,
				"bits_per_second":	941647372.59750855,
				"retransmits":	0,
				"omitted":	false,
				"sender":	true
			}
		}],
	"end":	{
		"streams":	[{
				"sender":	{
					"socket":	5,
					"start":	0,
					"end":	100.000071,
					"seconds":	100.000071,
					"bytes":	11770789888,
					"bits_per_second":	941662522.459609,
					"retransmits":	0,
					"max_snd_cwnd":	613952,
					"max_rtt":	2336,
					"min_rtt":	1657,
					"mean_rtt":	1996,
					"sender":	true
				},
				"receiver":	{
					"socket":	5,
					"start":	0,
					"end":	100.04437494277954,
					"seconds":	100.000071,
					"bytes":	11768725008,
					"bits_per_second":	941080396.75243163,
					"sender":	true
				}
			}],
		"sum_sent":	{
			"start":	0,
			"end":	100.000071,
			"seconds":	100.000071,
			"bytes":	11770789888,
			"bits_per_second":	941662522.459609,
			"retransmits":	0,
			"sender":	true
		},
		"sum_received":	{
			"start":	0,
			"end":	100.04437494277954,
			"seconds":	100.04437494277954,
			"bytes":	11768725008,
			"bits_per_second":	941080396.75243163,
			"sender":	true
		},
		"cpu_utilization_percent":	{
			"host_total":	8.37301029487651,
			"host_user":	0.31778171090643759,
			"host_system":	8.05522858397007,
			"remote_total":	23.9343547822505,
			"remote_user":	2.23942005097487,
			"remote_system":	21.694934731275637
		},
		"sender_tcp_congestion":	"cubic",
		"receiver_tcp_congestion":	"cubic"
	}
}
