{
	"start":	{
		"connected":	[{
				"socket":	5,
				"local_host":	"10.10.10.2",
				"local_port":	43574,
				"remote_host":	"10.10.10.4",
				"remote_port":	5201
			}],
		"version":	"iperf 3.9",
		"system_info":	"Linux zelda 5.10.0-18-amd64 #1 SMP Debian 5.10.140-1 (2022-09-02) x86_64",
		"timestamp":	{
			"time":	"Mon, 29 Jan 2024 21:59:19 GMT",
			"timesecs":	1706565559
		},
		"connecting_to":	{
			"host":	"10.10.10.4",
			"port":	5201
		},
		"cookie":	"ap6bosyp5vpdamvca6y4dgvpg4wfa7jrrdlu",
		"tcp_mss_default":	1448,
		"target_bitrate":	8000000000,
		"sock_bufsize":	0,
		"sndbuf_actual":	1000000,
		"rcvbuf_actual":	1000000,
		"test_start":	{
			"protocol":	"TCP",
			"num_streams":	1,
			"blksize":	131072,
			"omit":	0,
			"duration":	50,
			"bytes":	0,
			"blocks":	0,
			"reverse":	0,
			"tos":	0
		}
	},
	"intervals":	[{
			"streams":	[{
					"socket":	5,
					"start":	0,
					"end":	50.000082,
					"seconds":	50.000080108642578,
					"bytes":	5885788160,
					"bits_per_second":	941724596.79441738,
					"retransmits":	20,
					"snd_cwnd":	501008,
					"rtt":	2285,
					"rttvar":	122,
					"pmtu":	9000,
					"omitted":	false,
					"sender":	true
				}],
			"sum":	{
				"start":	0,
				"end":	50.000082,
				"seconds":	50.000080108642578,
				"bytes":	5885788160,
				"bits_per_second":	941724596.79441738,
				"retransmits":	20,
				"omitted":	false,
				"sender":	true
			}
		}],
	"end":	{
		"streams":	[{
				"sender":	{
					"socket":	5,
					"start":	0,
					"end":	50.000082,
					"seconds":	50.000082,
					"bytes":	5885788160,
					"bits_per_second":	941724561.17171967,
					"retransmits":	20,
					"max_snd_cwnd":	501008,
					"max_rtt":	2285,
					"min_rtt":	2285,
					"mean_rtt":	2285,
					"sender":	true
				},
				"receiver":	{
					"socket":	5,
					"start":	0,
					"end":	50.044198036193848,
					"seconds":	50.000082,
					"bytes":	5884063144,
					"bits_per_second":	940618633.112182,
					"sender":	true
				}
			}],
		"sum_sent":	{
			"start":	0,
			"end":	50.000082,
			"seconds":	50.000082,
			"bytes":	5885788160,
			"bits_per_second":	941724561.17171967,
			"retransmits":	20,
			"sender":	true
		},
		"sum_received":	{
			"start":	0,
			"end":	50.044198036193848,
			"seconds":	50.044198036193848,
			"bytes":	5884063144,
			"bits_per_second":	940618633.112182,
			"sender":	true
		},
		"cpu_utilization_percent":	{
			"host_total":	9.441624470887664,
			"host_user":	0.34717064975133771,
			"host_system":	9.0944558177584,
			"remote_total":	27.324015823752067,
			"remote_user":	2.6136324640697559,
			"remote_system":	24.710383359682311
		},
		"sender_tcp_congestion":	"cubic",
		"receiver_tcp_congestion":	"cubic"
	}
}
