{
	"start":	{
		"connected":	[{
				"socket":	5,
				"local_host":	"10.10.10.2",
				"local_port":	44482,
				"remote_host":	"10.10.10.4",
				"remote_port":	5201
			}],
		"version":	"iperf 3.9",
		"system_info":	"Linux zelda 5.10.0-18-amd64 #1 SMP Debian 5.10.140-1 (2022-09-02) x86_64",
		"timestamp":	{
			"time":	"Sun, 28 Jan 2024 22:46:15 GMT",
			"timesecs":	1706481975
		},
		"connecting_to":	{
			"host":	"10.10.10.4",
			"port":	5201
		},
		"cookie":	"pfhqcwmhmiisstvoffqg3jcgsdw34ig5mlac",
		"tcp_mss_default":	1448,
		"target_bitrate":	8000000000,
		"sock_bufsize":	0,
		"sndbuf_actual":	1000000,
		"rcvbuf_actual":	1000000,
		"test_start":	{
			"protocol":	"TCP",
			"num_streams":	1,
			"blksize":	131072,
			"omit":	0,
			"duration":	10,
			"bytes":	0,
			"blocks":	0,
			"reverse":	0,
			"tos":	0
		}
	},
	"intervals":	[{
			"streams":	[{
					"socket":	5,
					"start":	0,
					"end":	10.000067,
					"seconds":	10.000066757202148,
					"bytes":	1178337280,
					"bits_per_second":	942663531.04201,
					"retransmits":	0,
					"snd_cwnd":	366344,
					"rtt":	1662,
					"rttvar":	77,
					"pmtu":	9000,
					"omitted":	false,
					"sender":	true
				}],
			"sum":	{
				"start":	0,
				"end":	10.000067,
				"seconds":	10.000066757202148,
				"bytes":	1178337280,
				"bits_per_second":	942663531.04201,
				"retransmits":	0,
				"omitted":	false,
				"sender":	true
			}
		}],
	"end":	{
		"streams":	[{
				"sender":	{
					"socket":	5,
					"start":	0,
					"end":	10.000067,
					"seconds":	10.000067,
					"bytes":	1178337280,
					"bits_per_second":	942663508.15449536,
					"retransmits":	0,
					"max_snd_cwnd":	366344,
					"max_rtt":	1662,
					"min_rtt":	1662,
					"mean_rtt":	1662,
					"sender":	true
				},
				"receiver":	{
					"socket":	5,
					"start":	0,
					"end":	10.04473090171814,
					"seconds":	10.000067,
					"bytes":	1177097328,
					"bits_per_second":	937484410.09895754,
					"sender":	true
				}
			}],
		"sum_sent":	{
			"start":	0,
			"end":	10.000067,
			"seconds":	10.000067,
			"bytes":	1178337280,
			"bits_per_second":	942663508.15449536,
			"retransmits":	0,
			"sender":	true
		},
		"sum_received":	{
			"start":	0,
			"end":	10.04473090171814,
			"seconds":	10.04473090171814,
			"bytes":	1177097328,
			"bits_per_second":	937484410.09895754,
			"sender":	true
		},
		"cpu_utilization_percent":	{
			"host_total":	5.2970395796280814,
			"host_user":	0.13427159173662023,
			"host_system":	5.16276798789146,
			"remote_total":	26.518112569784471,
			"remote_user":	2.6178764616961825,
			"remote_system":	23.900245987501158
		},
		"sender_tcp_congestion":	"cubic",
		"receiver_tcp_congestion":	"cubic"
	}
}
