{
	"start":	{
		"connected":	[{
				"socket":	5,
				"local_host":	"10.10.10.2",
				"local_port":	58210,
				"remote_host":	"10.10.10.4",
				"remote_port":	5201
			}],
		"version":	"iperf 3.9",
		"system_info":	"Linux zelda 5.10.0-18-amd64 #1 SMP Debian 5.10.140-1 (2022-09-02) x86_64",
		"timestamp":	{
			"time":	"Tue, 30 Jan 2024 12:37:03 GMT",
			"timesecs":	1706618223
		},
		"connecting_to":	{
			"host":	"10.10.10.4",
			"port":	5201
		},
		"cookie":	"dd62xd2handxuk3nzcib3slk53mj7kqcqyhu",
		"tcp_mss_default":	1448,
		"target_bitrate":	3000000000,
		"sock_bufsize":	0,
		"sndbuf_actual":	1000000,
		"rcvbuf_actual":	1000000,
		"test_start":	{
			"protocol":	"TCP",
			"num_streams":	1,
			"blksize":	131072,
			"omit":	0,
			"duration":	90,
			"bytes":	0,
			"blocks":	0,
			"reverse":	0,
			"tos":	0
		}
	},
	"intervals":	[{
			"streams":	[{
					"socket":	5,
					"start":	0,
					"end":	60.000093,
					"seconds":	60.000091552734375,
					"bytes":	7062814720,
					"bits_per_second":	941707192.40219259,
					"retransmits":	0,
					"snd_cwnd":	443088,
					"rtt":	2152,
					"rttvar":	92,
					"pmtu":	9000,
					"omitted":	false,
					"sender":	true
				}],
			"sum":	{
				"start":	0,
				"end":	60.000093,
				"seconds":	60.000091552734375,
				"bytes":	7062814720,
				"bits_per_second":	941707192.40219259,
				"retransmits":	0,
				"omitted":	false,
				"sender":	true
			}
		}, {
			"streams":	[{
					"socket":	5,
					"start":	60.000093,
					"end":	90.000085,
					"seconds":	29.999992370605469,
					"bytes":	3530555392,
					"bits_per_second":	941481677.29783869,
					"retransmits":	0,
					"snd_cwnd":	443088,
					"rtt":	2209,
					"rttvar":	104,
					"pmtu":	9000,
					"omitted":	false,
					"sender":	true
				}],
			"sum":	{
				"start":	60.000093,
				"end":	90.000085,
				"seconds":	29.999992370605469,
				"bytes":	3530555392,
				"bits_per_second":	941481677.29783869,
				"retransmits":	0,
				"omitted":	false,
				"sender":	true
			}
		}],
	"end":	{
		"streams":	[{
				"sender":	{
					"socket":	5,
					"start":	0,
					"end":	90.000085,
					"seconds":	90.000085,
					"bytes":	10593370112,
					"bits_per_second":	941632009.52532434,
					"retransmits":	0,
					"max_snd_cwnd":	443088,
					"max_rtt":	2209,
					"min_rtt":	2152,
					"mean_rtt":	2180,
					"sender":	true
				},
				"receiver":	{
					"socket":	5,
					"start":	0,
					"end":	90.04395604133606,
					"seconds":	90.000085,
					"bytes":	10591805088,
					"bits_per_second":	941034184.072292,
					"sender":	true
				}
			}],
		"sum_sent":	{
			"start":	0,
			"end":	90.000085,
			"seconds":	90.000085,
			"bytes":	10593370112,
			"bits_per_second":	941632009.52532434,
			"retransmits":	0,
			"sender":	true
		},
		"sum_received":	{
			"start":	0,
			"end":	90.04395604133606,
			"seconds":	90.04395604133606,
			"bytes":	10591805088,
			"bits_per_second":	941034184.072292,
			"sender":	true
		},
		"cpu_utilization_percent":	{
			"host_total":	16.788444340496476,
			"host_user":	0.705681529259149,
			"host_system":	16.082763921265482,
			"remote_total":	27.168668899431232,
			"remote_user":	2.5214249439671015,
			"remote_system":	24.64724395546413
		},
		"sender_tcp_congestion":	"cubic",
		"receiver_tcp_congestion":	"cubic"
	}
}
