{
	"start":	{
		"connected":	[{
				"socket":	5,
				"local_host":	"10.10.10.2",
				"local_port":	36598,
				"remote_host":	"10.10.10.4",
				"remote_port":	5201
			}],
		"version":	"iperf 3.9",
		"system_info":	"Linux zelda 5.10.0-18-amd64 #1 SMP Debian 5.10.140-1 (2022-09-02) x86_64",
		"timestamp":	{
			"time":	"Tue, 30 Jan 2024 10:10:22 GMT",
			"timesecs":	1706609422
		},
		"connecting_to":	{
			"host":	"10.10.10.4",
			"port":	5201
		},
		"cookie":	"ff7c2dav74qjnsqaxv36jwmjo67zhrziwwhg",
		"tcp_mss_default":	1448,
		"target_bitrate":	2000000000,
		"sock_bufsize":	0,
		"sndbuf_actual":	1000000,
		"rcvbuf_actual":	1000000,
		"test_start":	{
			"protocol":	"TCP",
			"num_streams":	1,
			"blksize":	131072,
			"omit":	0,
			"duration":	50,
			"bytes":	0,
			"blocks":	0,
			"reverse":	0,
			"tos":	0
		}
	},
	"intervals":	[{
			"streams":	[{
					"socket":	5,
					"start":	0,
					"end":	50.000081,
					"seconds":	50.000080108642578,
					"bytes":	5886181376,
					"bits_per_second":	941787511.25361753,
					"retransmits":	0,
					"snd_cwnd":	493768,
					"rtt":	2238,
					"rttvar":	93,
					"pmtu":	9000,
					"omitted":	false,
					"sender":	true
				}],
			"sum":	{
				"start":	0,
				"end":	50.000081,
				"seconds":	50.000080108642578,
				"bytes":	5886181376,
				"bits_per_second":	941787511.25361753,
				"retransmits":	0,
				"omitted":	false,
				"sender":	true
			}
		}],
	"end":	{
		"streams":	[{
				"sender":	{
					"socket":	5,
					"start":	0,
					"end":	50.000081,
					"seconds":	50.000081,
					"bytes":	5886181376,
					"bits_per_second":	941787494.464259,
					"retransmits":	0,
					"max_snd_cwnd":	493768,
					"max_rtt":	2238,
					"min_rtt":	2238,
					"mean_rtt":	2238,
					"sender":	true
				},
				"receiver":	{
					"socket":	5,
					"start":	0,
					"end":	50.041104078292847,
					"seconds":	50.000081,
					"bytes":	5884439496,
					"bits_per_second":	940736956.84945369,
					"sender":	true
				}
			}],
		"sum_sent":	{
			"start":	0,
			"end":	50.000081,
			"seconds":	50.000081,
			"bytes":	5886181376,
			"bits_per_second":	941787494.464259,
			"retransmits":	0,
			"sender":	true
		},
		"sum_received":	{
			"start":	0,
			"end":	50.041104078292847,
			"seconds":	50.041104078292847,
			"bytes":	5884439496,
			"bits_per_second":	940736956.84945369,
			"sender":	true
		},
		"cpu_utilization_percent":	{
			"host_total":	16.268751014669888,
			"host_user":	0.616136607077271,
			"host_system":	15.652616404237335,
			"remote_total":	21.8204144006178,
			"remote_user":	2.2550149175730465,
			"remote_system":	19.565401478333
		},
		"sender_tcp_congestion":	"cubic",
		"receiver_tcp_congestion":	"cubic"
	}
}
