{
	"start":	{
		"connected":	[{
				"socket":	5,
				"local_host":	"10.10.10.2",
				"local_port":	58272,
				"remote_host":	"10.10.10.4",
				"remote_port":	5201
			}],
		"version":	"iperf 3.9",
		"system_info":	"Linux zelda 5.10.0-18-amd64 #1 SMP Debian 5.10.140-1 (2022-09-02) x86_64",
		"timestamp":	{
			"time":	"Tue, 30 Jan 2024 17:14:36 GMT",
			"timesecs":	1706634876
		},
		"connecting_to":	{
			"host":	"10.10.10.4",
			"port":	5201
		},
		"cookie":	"f7swc6haq2sqmkjgbhtcfgmpbzutcel5b3ac",
		"tcp_mss_default":	1448,
		"target_bitrate":	6000000000,
		"sock_bufsize":	0,
		"sndbuf_actual":	1000000,
		"rcvbuf_actual":	1000000,
		"test_start":	{
			"protocol":	"TCP",
			"num_streams":	1,
			"blksize":	131072,
			"omit":	0,
			"duration":	90,
			"bytes":	0,
			"blocks":	0,
			"reverse":	0,
			"tos":	0
		}
	},
	"intervals":	[{
			"streams":	[{
					"socket":	5,
					"start":	0,
					"end":	60.000078,
					"seconds":	60.000076293945312,
					"bytes":	7063076864,
					"bits_per_second":	941742384.37930048,
					"retransmits":	0,
					"snd_cwnd":	503904,
					"rtt":	2740,
					"rttvar":	161,
					"pmtu":	9000,
					"omitted":	false,
					"sender":	true
				}],
			"sum":	{
				"start":	0,
				"end":	60.000078,
				"seconds":	60.000076293945312,
				"bytes":	7063076864,
				"bits_per_second":	941742384.37930048,
				"retransmits":	0,
				"omitted":	false,
				"sender":	true
			}
		}, {
			"streams":	[{
					"socket":	5,
					"start":	60.000078,
					"end":	90.000076,
					"seconds":	29.999998092651367,
					"bytes":	3530555392,
					"bits_per_second":	941481497.7244482,
					"retransmits":	0,
					"snd_cwnd":	503904,
					"rtt":	2214,
					"rttvar":	99,
					"pmtu":	9000,
					"omitted":	false,
					"sender":	true
				}],
			"sum":	{
				"start":	60.000078,
				"end":	90.000076,
				"seconds":	29.999998092651367,
				"bytes":	3530555392,
				"bits_per_second":	941481497.7244482,
				"retransmits":	0,
				"omitted":	false,
				"sender":	true
			}
		}],
	"end":	{
		"streams":	[{
				"sender":	{
					"socket":	5,
					"start":	0,
					"end":	90.000076,
					"seconds":	90.000076,
					"bytes":	10593632256,
					"bits_per_second":	941655405.35765767,
					"retransmits":	0,
					"max_snd_cwnd":	503904,
					"max_rtt":	2740,
					"min_rtt":	2214,
					"mean_rtt":	2477,
					"sender":	true
				},
				"receiver":	{
					"socket":	5,
					"start":	0,
					"end":	90.044366836547852,
					"seconds":	90.000076,
					"bytes":	10591870248,
					"bits_per_second":	941035680.086621,
					"sender":	true
				}
			}],
		"sum_sent":	{
			"start":	0,
			"end":	90.000076,
			"seconds":	90.000076,
			"bytes":	10593632256,
			"bits_per_second":	941655405.35765767,
			"retransmits":	0,
			"sender":	true
		},
		"sum_received":	{
			"start":	0,
			"end":	90.044366836547852,
			"seconds":	90.044366836547852,
			"bytes":	10591870248,
			"bits_per_second":	941035680.086621,
			"sender":	true
		},
		"cpu_utilization_percent":	{
			"host_total":	16.126460854344575,
			"host_user":	0.57888205246961322,
			"host_system":	15.547577691844392,
			"remote_total":	24.791053171154054,
			"remote_user":	2.2206901358970357,
			"remote_system":	22.570364144856988
		},
		"sender_tcp_congestion":	"cubic",
		"receiver_tcp_congestion":	"cubic"
	}
}
