{
	"start":	{
		"connected":	[{
				"socket":	5,
				"local_host":	"10.10.10.2",
				"local_port":	36552,
				"remote_host":	"10.10.10.4",
				"remote_port":	5201
			}],
		"version":	"iperf 3.9",
		"system_info":	"Linux zelda 5.10.0-18-amd64 #1 SMP Debian 5.10.140-1 (2022-09-02) x86_64",
		"timestamp":	{
			"time":	"Mon, 29 Jan 2024 02:49:03 GMT",
			"timesecs":	1706496543
		},
		"connecting_to":	{
			"host":	"10.10.10.4",
			"port":	5201
		},
		"cookie":	"fqdvqpf235fqatxjpwtv3p4lxehk5xyzhguv",
		"tcp_mss_default":	1448,
		"target_bitrate":	10000000000,
		"sock_bufsize":	0,
		"sndbuf_actual":	1000000,
		"rcvbuf_actual":	1000000,
		"test_start":	{
			"protocol":	"TCP",
			"num_streams":	1,
			"blksize":	131072,
			"omit":	0,
			"duration":	90,
			"bytes":	0,
			"blocks":	0,
			"reverse":	0,
			"tos":	0
		}
	},
	"intervals":	[{
			"streams":	[{
					"socket":	5,
					"start":	0,
					"end":	60.00006,
					"seconds":	60.00006103515625,
					"bytes":	7063076864,
					"bits_per_second":	941742623.87653,
					"retransmits":	0,
					"snd_cwnd":	509696,
					"rtt":	2282,
					"rttvar":	102,
					"pmtu":	9000,
					"omitted":	false,
					"sender":	true
				}],
			"sum":	{
				"start":	0,
				"end":	60.00006,
				"seconds":	60.00006103515625,
				"bytes":	7063076864,
				"bits_per_second":	941742623.87653,
				"retransmits":	0,
				"omitted":	false,
				"sender":	true
			}
		}, {
			"streams":	[{
					"socket":	5,
					"start":	60.00006,
					"end":	90.000067,
					"seconds":	30.000007629394531,
					"bytes":	3530555392,
					"bits_per_second":	941481198.43561649,
					"retransmits":	0,
					"snd_cwnd":	509696,
					"rtt":	2275,
					"rttvar":	127,
					"pmtu":	9000,
					"omitted":	false,
					"sender":	true
				}],
			"sum":	{
				"start":	60.00006,
				"end":	90.000067,
				"seconds":	30.000007629394531,
				"bytes":	3530555392,
				"bits_per_second":	941481198.43561649,
				"retransmits":	0,
				"omitted":	false,
				"sender":	true
			}
		}],
	"end":	{
		"streams":	[{
				"sender":	{
					"socket":	5,
					"start":	0,
					"end":	90.000067,
					"seconds":	90.000067,
					"bytes":	10593632256,
					"bits_per_second":	941655499.523128,
					"retransmits":	0,
					"max_snd_cwnd":	509696,
					"max_rtt":	2282,
					"min_rtt":	2275,
					"mean_rtt":	2278,
					"sender":	true
				},
				"receiver":	{
					"socket":	5,
					"start":	0,
					"end":	90.044919967651367,
					"seconds":	90.000067,
					"bytes":	10591870248,
					"bits_per_second":	941029899.4595257,
					"sender":	true
				}
			}],
		"sum_sent":	{
			"start":	0,
			"end":	90.000067,
			"seconds":	90.000067,
			"bytes":	10593632256,
			"bits_per_second":	941655499.523128,
			"retransmits":	0,
			"sender":	true
		},
		"sum_received":	{
			"start":	0,
			"end":	90.044919967651367,
			"seconds":	90.044919967651367,
			"bytes":	10591870248,
			"bits_per_second":	941029899.4595257,
			"sender":	true
		},
		"cpu_utilization_percent":	{
			"host_total":	4.3786967995269421,
			"host_user":	0.12960784189661542,
			"host_system":	4.249090067676164,
			"remote_total":	24.669670669266569,
			"remote_user":	2.40377017083337,
			"remote_system":	22.2659004984332
		},
		"sender_tcp_congestion":	"cubic",
		"receiver_tcp_congestion":	"cubic"
	}
}
