{
	"start":	{
		"connected":	[{
				"socket":	5,
				"local_host":	"10.10.10.2",
				"local_port":	36674,
				"remote_host":	"10.10.10.4",
				"remote_port":	5201
			}],
		"version":	"iperf 3.9",
		"system_info":	"Linux zelda 5.10.0-18-amd64 #1 SMP Debian 5.10.140-1 (2022-09-02) x86_64",
		"timestamp":	{
			"time":	"Wed, 31 Jan 2024 08:33:07 GMT",
			"timesecs":	1706689987
		},
		"connecting_to":	{
			"host":	"10.10.10.4",
			"port":	5201
		},
		"cookie":	"antwbhbdvihby7d56yq7ge6z42fximljdh4x",
		"tcp_mss_default":	1448,
		"target_bitrate":	6000000000,
		"sock_bufsize":	0,
		"sndbuf_actual":	1000000,
		"rcvbuf_actual":	1000000,
		"test_start":	{
			"protocol":	"TCP",
			"num_streams":	1,
			"blksize":	131072,
			"omit":	0,
			"duration":	90,
			"bytes":	0,
			"blocks":	0,
			"reverse":	0,
			"tos":	0
		}
	},
	"intervals":	[{
			"streams":	[{
					"socket":	5,
					"start":	0,
					"end":	60.000264,
					"seconds":	60.000263214111328,
					"bytes":	7063601152,
					"bits_per_second":	941809355.308125,
					"retransmits":	0,
					"snd_cwnd":	626984,
					"rtt":	2716,
					"rttvar":	123,
					"pmtu":	9000,
					"omitted":	false,
					"sender":	true
				}],
			"sum":	{
				"start":	0,
				"end":	60.000264,
				"seconds":	60.000263214111328,
				"bytes":	7063601152,
				"bits_per_second":	941809355.308125,
				"retransmits":	0,
				"omitted":	false,
				"sender":	true
			}
		}, {
			"streams":	[{
					"socket":	5,
					"start":	60.000264,
					"end":	90.000079,
					"seconds":	29.999814987182617,
					"bytes":	3530424320,
					"bits_per_second":	941452291.35802853,
					"retransmits":	0,
					"snd_cwnd":	626984,
					"rtt":	2765,
					"rttvar":	103,
					"pmtu":	9000,
					"omitted":	false,
					"sender":	true
				}],
			"sum":	{
				"start":	60.000264,
				"end":	90.000079,
				"seconds":	29.999814987182617,
				"bytes":	3530424320,
				"bits_per_second":	941452291.35802853,
				"retransmits":	0,
				"omitted":	false,
				"sender":	true
			}
		}],
	"end":	{
		"streams":	[{
				"sender":	{
					"socket":	5,
					"start":	0,
					"end":	90.000079,
					"seconds":	90.000079,
					"bytes":	10594025472,
					"bits_per_second":	941690326.47182453,
					"retransmits":	0,
					"max_snd_cwnd":	626984,
					"max_rtt":	2765,
					"min_rtt":	2716,
					"mean_rtt":	2740,
					"sender":	true
				},
				"receiver":	{
					"socket":	5,
					"start":	0,
					"end":	90.0449559688568,
					"seconds":	90.000079,
					"bytes":	10591870248,
					"bits_per_second":	941029523.222896,
					"sender":	true
				}
			}],
		"sum_sent":	{
			"start":	0,
			"end":	90.000079,
			"seconds":	90.000079,
			"bytes":	10594025472,
			"bits_per_second":	941690326.47182453,
			"retransmits":	0,
			"sender":	true
		},
		"sum_received":	{
			"start":	0,
			"end":	90.0449559688568,
			"seconds":	90.0449559688568,
			"bytes":	10591870248,
			"bits_per_second":	941029523.222896,
			"sender":	true
		},
		"cpu_utilization_percent":	{
			"host_total":	18.799848014160482,
			"host_user":	0.885129919475922,
			"host_system":	17.914716984650671,
			"remote_total":	26.722690220661306,
			"remote_user":	2.5874949203967939,
			"remote_system":	24.135194190666017
		},
		"sender_tcp_congestion":	"cubic",
		"receiver_tcp_congestion":	"cubic"
	}
}
