{
	"start":	{
		"connected":	[{
				"socket":	5,
				"local_host":	"10.10.10.2",
				"local_port":	52994,
				"remote_host":	"10.10.10.4",
				"remote_port":	5201
			}],
		"version":	"iperf 3.9",
		"system_info":	"Linux zelda 5.10.0-18-amd64 #1 SMP Debian 5.10.140-1 (2022-09-02) x86_64",
		"timestamp":	{
			"time":	"Tue, 30 Jan 2024 00:55:29 GMT",
			"timesecs":	1706576129
		},
		"connecting_to":	{
			"host":	"10.10.10.4",
			"port":	5201
		},
		"cookie":	"j7qdxl7rxq6y4h4kioyydbedopkams6ii75x",
		"tcp_mss_default":	1448,
		"target_bitrate":	10000000000,
		"sock_bufsize":	0,
		"sndbuf_actual":	1000000,
		"rcvbuf_actual":	1000000,
		"test_start":	{
			"protocol":	"TCP",
			"num_streams":	1,
			"blksize":	131072,
			"omit":	0,
			"duration":	40,
			"bytes":	0,
			"blocks":	0,
			"reverse":	0,
			"tos":	0
		}
	},
	"intervals":	[{
			"streams":	[{
					"socket":	5,
					"start":	0,
					"end":	40.000067,
					"seconds":	40.000068664550781,
					"bytes":	4709023744,
					"bits_per_second":	941803132.08777523,
					"retransmits":	0,
					"snd_cwnd":	415576,
					"rtt":	2222,
					"rttvar":	154,
					"pmtu":	9000,
					"omitted":	false,
					"sender":	true
				}],
			"sum":	{
				"start":	0,
				"end":	40.000067,
				"seconds":	40.000068664550781,
				"bytes":	4709023744,
				"bits_per_second":	941803132.08777523,
				"retransmits":	0,
				"omitted":	false,
				"sender":	true
			}
		}],
	"end":	{
		"streams":	[{
				"sender":	{
					"socket":	5,
					"start":	0,
					"end":	40.000067,
					"seconds":	40.000067,
					"bytes":	4709023744,
					"bits_per_second":	941803171.279688,
					"retransmits":	0,
					"max_snd_cwnd":	415576,
					"max_rtt":	2222,
					"min_rtt":	2222,
					"mean_rtt":	2222,
					"sender":	true
				},
				"receiver":	{
					"socket":	5,
					"start":	0,
					"end":	40.0406939983368,
					"seconds":	40.000067,
					"bytes":	4707596448,
					"bits_per_second":	940562408.472849,
					"sender":	true
				}
			}],
		"sum_sent":	{
			"start":	0,
			"end":	40.000067,
			"seconds":	40.000067,
			"bytes":	4709023744,
			"bits_per_second":	941803171.279688,
			"retransmits":	0,
			"sender":	true
		},
		"sum_received":	{
			"start":	0,
			"end":	40.0406939983368,
			"seconds":	40.0406939983368,
			"bytes":	4707596448,
			"bits_per_second":	940562408.472849,
			"sender":	true
		},
		"cpu_utilization_percent":	{
			"host_total":	9.45244618291803,
			"host_user":	0.43297602053038048,
			"host_system":	9.01946766763947,
			"remote_total":	27.149800598671312,
			"remote_user":	2.7063259223172889,
			"remote_system":	24.443472183946458
		},
		"sender_tcp_congestion":	"cubic",
		"receiver_tcp_congestion":	"cubic"
	}
}
