{
	"start":	{
		"connected":	[{
				"socket":	5,
				"local_host":	"10.10.10.2",
				"local_port":	58248,
				"remote_host":	"10.10.10.4",
				"remote_port":	5201
			}],
		"version":	"iperf 3.9",
		"system_info":	"Linux zelda 5.10.0-18-amd64 #1 SMP Debian 5.10.140-1 (2022-09-02) x86_64",
		"timestamp":	{
			"time":	"Mon, 29 Jan 2024 18:39:40 GMT",
			"timesecs":	1706553580
		},
		"connecting_to":	{
			"host":	"10.10.10.4",
			"port":	5201
		},
		"cookie":	"6muet77p7u6q5chztiui7ixphklzgswualhn",
		"tcp_mss_default":	1448,
		"target_bitrate":	6000000000,
		"sock_bufsize":	0,
		"sndbuf_actual":	1000000,
		"rcvbuf_actual":	1000000,
		"test_start":	{
			"protocol":	"TCP",
			"num_streams":	1,
			"blksize":	131072,
			"omit":	0,
			"duration":	20,
			"bytes":	0,
			"blocks":	0,
			"reverse":	0,
			"tos":	0
		}
	},
	"intervals":	[{
			"streams":	[{
					"socket":	5,
					"start":	0,
					"end":	20.000079,
					"seconds":	20.000078201293945,
					"bytes":	2355101696,
					"bits_per_second":	942036994.97440243,
					"retransmits":	0,
					"snd_cwnd":	362000,
					"rtt":	1994,
					"rttvar":	196,
					"pmtu":	9000,
					"omitted":	false,
					"sender":	true
				}],
			"sum":	{
				"start":	0,
				"end":	20.000079,
				"seconds":	20.000078201293945,
				"bytes":	2355101696,
				"bits_per_second":	942036994.97440243,
				"retransmits":	0,
				"omitted":	false,
				"sender":	true
			}
		}],
	"end":	{
		"streams":	[{
				"sender":	{
					"socket":	5,
					"start":	0,
					"end":	20.000079,
					"seconds":	20.000079,
					"bytes":	2355101696,
					"bits_per_second":	942036957.35401845,
					"retransmits":	0,
					"max_snd_cwnd":	362000,
					"max_rtt":	1994,
					"min_rtt":	1994,
					"mean_rtt":	1994,
					"sender":	true
				},
				"receiver":	{
					"socket":	5,
					"start":	0,
					"end":	20.0476438999176,
					"seconds":	20.000079,
					"bytes":	2353886928,
					"bits_per_second":	939317134.6223582,
					"sender":	true
				}
			}],
		"sum_sent":	{
			"start":	0,
			"end":	20.000079,
			"seconds":	20.000079,
			"bytes":	2355101696,
			"bits_per_second":	942036957.35401845,
			"retransmits":	0,
			"sender":	true
		},
		"sum_received":	{
			"start":	0,
			"end":	20.0476438999176,
			"seconds":	20.0476438999176,
			"bytes":	2353886928,
			"bits_per_second":	939317134.6223582,
			"sender":	true
		},
		"cpu_utilization_percent":	{
			"host_total":	9.73602881490123,
			"host_user":	0.54628938764253565,
			"host_system":	9.1897394272586954,
			"remote_total":	26.470385725224766,
			"remote_user":	2.7720010782068578,
			"remote_system":	23.698389614797385
		},
		"sender_tcp_congestion":	"cubic",
		"receiver_tcp_congestion":	"cubic"
	}
}
