{
	"start":	{
		"connected":	[{
				"socket":	5,
				"local_host":	"10.10.10.2",
				"local_port":	57696,
				"remote_host":	"10.10.10.4",
				"remote_port":	5201
			}],
		"version":	"iperf 3.9",
		"system_info":	"Linux zelda 5.10.0-18-amd64 #1 SMP Debian 5.10.140-1 (2022-09-02) x86_64",
		"timestamp":	{
			"time":	"Mon, 29 Jan 2024 23:35:31 GMT",
			"timesecs":	1706571331
		},
		"connecting_to":	{
			"host":	"10.10.10.4",
			"port":	5201
		},
		"cookie":	"sbg3yjfroq4rrgkrtptntrkt3ktbkwqygpj5",
		"tcp_mss_default":	1448,
		"target_bitrate":	9000000000,
		"sock_bufsize":	0,
		"sndbuf_actual":	1000000,
		"rcvbuf_actual":	1000000,
		"test_start":	{
			"protocol":	"TCP",
			"num_streams":	1,
			"blksize":	131072,
			"omit":	0,
			"duration":	50,
			"bytes":	0,
			"blocks":	0,
			"reverse":	0,
			"tos":	0
		}
	},
	"intervals":	[{
			"streams":	[{
					"socket":	5,
					"start":	0,
					"end":	50.000081,
					"seconds":	50.000080108642578,
					"bytes":	5886312448,
					"bits_per_second":	941808482.74001753,
					"retransmits":	0,
					"snd_cwnd":	531416,
					"rtt":	2276,
					"rttvar":	105,
					"pmtu":	9000,
					"omitted":	false,
					"sender":	true
				}],
			"sum":	{
				"start":	0,
				"end":	50.000081,
				"seconds":	50.000080108642578,
				"bytes":	5886312448,
				"bits_per_second":	941808482.74001753,
				"retransmits":	0,
				"omitted":	false,
				"sender":	true
			}
		}],
	"end":	{
		"streams":	[{
				"sender":	{
					"socket":	5,
					"start":	0,
					"end":	50.000081,
					"seconds":	50.000081,
					"bytes":	5886312448,
					"bits_per_second":	941808465.950285,
					"retransmits":	0,
					"max_snd_cwnd":	531416,
					"max_rtt":	2276,
					"min_rtt":	2276,
					"mean_rtt":	2276,
					"sender":	true
				},
				"receiver":	{
					"socket":	5,
					"start":	0,
					"end":	50.0488510131836,
					"seconds":	50.000081,
					"bytes":	5884485960,
					"bits_per_second":	940598769.54217243,
					"sender":	true
				}
			}],
		"sum_sent":	{
			"start":	0,
			"end":	50.000081,
			"seconds":	50.000081,
			"bytes":	5886312448,
			"bits_per_second":	941808465.950285,
			"retransmits":	0,
			"sender":	true
		},
		"sum_received":	{
			"start":	0,
			"end":	50.0488510131836,
			"seconds":	50.0488510131836,
			"bytes":	5884485960,
			"bits_per_second":	940598769.54217243,
			"sender":	true
		},
		"cpu_utilization_percent":	{
			"host_total":	8.3614004137770372,
			"host_user":	0.26653054432931123,
			"host_system":	8.0948718657667129,
			"remote_total":	25.801290382089746,
			"remote_user":	2.5457576012788046,
			"remote_system":	23.255530786020458
		},
		"sender_tcp_congestion":	"cubic",
		"receiver_tcp_congestion":	"cubic"
	}
}
