{
	"start":	{
		"connected":	[{
				"socket":	5,
				"local_host":	"10.10.10.2",
				"local_port":	60216,
				"remote_host":	"10.10.10.4",
				"remote_port":	5201
			}],
		"version":	"iperf 3.9",
		"system_info":	"Linux zelda 5.10.0-18-amd64 #1 SMP Debian 5.10.140-1 (2022-09-02) x86_64",
		"timestamp":	{
			"time":	"Wed, 31 Jan 2024 13:55:42 GMT",
			"timesecs":	1706709342
		},
		"connecting_to":	{
			"host":	"10.10.10.4",
			"port":	5201
		},
		"cookie":	"yfd4eqkyshest6vm3eb4bpv7diexn2t372sr",
		"tcp_mss_default":	1448,
		"target_bitrate":	10000000000,
		"sock_bufsize":	0,
		"sndbuf_actual":	1000000,
		"rcvbuf_actual":	1000000,
		"test_start":	{
			"protocol":	"TCP",
			"num_streams":	1,
			"blksize":	131072,
			"omit":	0,
			"duration":	40,
			"bytes":	0,
			"blocks":	0,
			"reverse":	0,
			"tos":	0
		}
	},
	"intervals":	[{
			"streams":	[{
					"socket":	5,
					"start":	0,
					"end":	40.00007,
					"seconds":	40.000068664550781,
					"bytes":	4709941248,
					"bits_per_second":	941986632.572776,
					"retransmits":	0,
					"snd_cwnd":	634224,
					"rtt":	2787,
					"rttvar":	123,
					"pmtu":	9000,
					"omitted":	false,
					"sender":	true
				}],
			"sum":	{
				"start":	0,
				"end":	40.00007,
				"seconds":	40.000068664550781,
				"bytes":	4709941248,
				"bits_per_second":	941986632.572776,
				"retransmits":	0,
				"omitted":	false,
				"sender":	true
			}
		}],
	"end":	{
		"streams":	[{
				"sender":	{
					"socket":	5,
					"start":	0,
					"end":	40.00007,
					"seconds":	40.00007,
					"bytes":	4709941248,
					"bits_per_second":	941986601.123448,
					"retransmits":	0,
					"max_snd_cwnd":	634224,
					"max_rtt":	2787,
					"min_rtt":	2787,
					"mean_rtt":	2787,
					"sender":	true
				},
				"receiver":	{
					"socket":	5,
					"start":	0,
					"end":	40.0450360774994,
					"seconds":	40.00007,
					"bytes":	4707661608,
					"bits_per_second":	940473440.730928,
					"sender":	true
				}
			}],
		"sum_sent":	{
			"start":	0,
			"end":	40.00007,
			"seconds":	40.00007,
			"bytes":	4709941248,
			"bits_per_second":	941986601.123448,
			"retransmits":	0,
			"sender":	true
		},
		"sum_received":	{
			"start":	0,
			"end":	40.0450360774994,
			"seconds":	40.0450360774994,
			"bytes":	4707661608,
			"bits_per_second":	940473440.730928,
			"sender":	true
		},
		"cpu_utilization_percent":	{
			"host_total":	18.435982129872,
			"host_user":	0.8871826559276933,
			"host_system":	17.548821925107411,
			"remote_total":	23.651570601955875,
			"remote_user":	2.3349808320199852,
			"remote_system":	21.316589769935888
		},
		"sender_tcp_congestion":	"cubic",
		"receiver_tcp_congestion":	"cubic"
	}
}
