{
	"start":	{
		"connected":	[{
				"socket":	5,
				"local_host":	"10.10.10.2",
				"local_port":	39582,
				"remote_host":	"10.10.10.4",
				"remote_port":	5201
			}],
		"version":	"iperf 3.9",
		"system_info":	"Linux zelda 5.10.0-18-amd64 #1 SMP Debian 5.10.140-1 (2022-09-02) x86_64",
		"timestamp":	{
			"time":	"Tue, 30 Jan 2024 22:45:14 GMT",
			"timesecs":	1706654714
		},
		"connecting_to":	{
			"host":	"10.10.10.4",
			"port":	5201
		},
		"cookie":	"46o32rqknb6vhiqftt6e5madumdzuvcyd7de",
		"tcp_mss_default":	1448,
		"target_bitrate":	10000000000,
		"sock_bufsize":	0,
		"sndbuf_actual":	1000000,
		"rcvbuf_actual":	1000000,
		"test_start":	{
			"protocol":	"TCP",
			"num_streams":	1,
			"blksize":	131072,
			"omit":	0,
			"duration":	70,
			"bytes":	0,
			"blocks":	0,
			"reverse":	0,
			"tos":	0
		}
	},
	"intervals":	[{
			"streams":	[{
					"socket":	5,
					"start":	0,
					"end":	60.000082,
					"seconds":	60.000080108642578,
					"bytes":	7063076864,
					"bits_per_second":	941742324.505012,
					"retransmits":	0,
					"snd_cwnd":	626984,
					"rtt":	2779,
					"rttvar":	148,
					"pmtu":	9000,
					"omitted":	false,
					"sender":	true
				}],
			"sum":	{
				"start":	0,
				"end":	60.000082,
				"seconds":	60.000080108642578,
				"bytes":	7063076864,
				"bits_per_second":	941742324.505012,
				"retransmits":	0,
				"omitted":	false,
				"sender":	true
			}
		}, {
			"streams":	[{
					"socket":	5,
					"start":	60.000082,
					"end":	70.000078,
					"seconds":	9.9999961853027344,
					"bytes":	1176895488,
					"bits_per_second":	941516749.560137,
					"retransmits":	0,
					"snd_cwnd":	626984,
					"rtt":	2783,
					"rttvar":	124,
					"pmtu":	9000,
					"omitted":	false,
					"sender":	true
				}],
			"sum":	{
				"start":	60.000082,
				"end":	70.000078,
				"seconds":	9.9999961853027344,
				"bytes":	1176895488,
				"bits_per_second":	941516749.560137,
				"retransmits":	0,
				"omitted":	false,
				"sender":	true
			}
		}],
	"end":	{
		"streams":	[{
				"sender":	{
					"socket":	5,
					"start":	0,
					"end":	70.000078,
					"seconds":	70.000078,
					"bytes":	8239972352,
					"bits_per_second":	941710076.6087718,
					"retransmits":	0,
					"max_snd_cwnd":	626984,
					"max_rtt":	2783,
					"min_rtt":	2779,
					"mean_rtt":	2781,
					"sender":	true
				},
				"receiver":	{
					"socket":	5,
					"start":	0,
					"end":	70.041500091552734,
					"seconds":	70.000078,
					"bytes":	8237749952,
					"bits_per_second":	940899317.259883,
					"sender":	true
				}
			}],
		"sum_sent":	{
			"start":	0,
			"end":	70.000078,
			"seconds":	70.000078,
			"bytes":	8239972352,
			"bits_per_second":	941710076.6087718,
			"retransmits":	0,
			"sender":	true
		},
		"sum_received":	{
			"start":	0,
			"end":	70.041500091552734,
			"seconds":	70.041500091552734,
			"bytes":	8237749952,
			"bits_per_second":	940899317.259883,
			"sender":	true
		},
		"cpu_utilization_percent":	{
			"host_total":	15.92070619860274,
			"host_user":	0.592305148265913,
			"host_system":	15.328401050336826,
			"remote_total":	26.095975511452625,
			"remote_user":	2.2797052161875118,
			"remote_system":	23.816268869190843
		},
		"sender_tcp_congestion":	"cubic",
		"receiver_tcp_congestion":	"cubic"
	}
}
