{
	"start":	{
		"connected":	[{
				"socket":	5,
				"local_host":	"10.10.10.2",
				"local_port":	33362,
				"remote_host":	"10.10.10.4",
				"remote_port":	5201
			}],
		"version":	"iperf 3.9",
		"system_info":	"Linux zelda 5.10.0-18-amd64 #1 SMP Debian 5.10.140-1 (2022-09-02) x86_64",
		"timestamp":	{
			"time":	"Mon, 29 Jan 2024 01:58:22 GMT",
			"timesecs":	1706493502
		},
		"connecting_to":	{
			"host":	"10.10.10.4",
			"port":	5201
		},
		"cookie":	"4uvkoq66oflxpg3maya3lbd7s5alpefi7myb",
		"tcp_mss_default":	1448,
		"target_bitrate":	10000000000,
		"sock_bufsize":	0,
		"sndbuf_actual":	1000000,
		"rcvbuf_actual":	1000000,
		"test_start":	{
			"protocol":	"TCP",
			"num_streams":	1,
			"blksize":	131072,
			"omit":	0,
			"duration":	30,
			"bytes":	0,
			"blocks":	0,
			"reverse":	0,
			"tos":	0
		}
	},
	"intervals":	[{
			"streams":	[{
					"socket":	5,
					"start":	0,
					"end":	30.000069,
					"seconds":	30.000068664550781,
					"bytes":	3531997184,
					"bits_per_second":	941863759.97826743,
					"retransmits":	0,
					"snd_cwnd":	364896,
					"rtt":	2146,
					"rttvar":	232,
					"pmtu":	9000,
					"omitted":	false,
					"sender":	true
				}],
			"sum":	{
				"start":	0,
				"end":	30.000069,
				"seconds":	30.000068664550781,
				"bytes":	3531997184,
				"bits_per_second":	941863759.97826743,
				"retransmits":	0,
				"omitted":	false,
				"sender":	true
			}
		}],
	"end":	{
		"streams":	[{
				"sender":	{
					"socket":	5,
					"start":	0,
					"end":	30.000069,
					"seconds":	30.000069,
					"bytes":	3531997184,
					"bits_per_second":	941863749.44670963,
					"retransmits":	0,
					"max_snd_cwnd":	364896,
					"max_rtt":	2146,
					"min_rtt":	2146,
					"mean_rtt":	2146,
					"sender":	true
				},
				"receiver":	{
					"socket":	5,
					"start":	0,
					"end":	30.047920942306519,
					"seconds":	30.000069,
					"bytes":	3530747480,
					"bits_per_second":	940031088.81422,
					"sender":	true
				}
			}],
		"sum_sent":	{
			"start":	0,
			"end":	30.000069,
			"seconds":	30.000069,
			"bytes":	3531997184,
			"bits_per_second":	941863749.44670963,
			"retransmits":	0,
			"sender":	true
		},
		"sum_received":	{
			"start":	0,
			"end":	30.047920942306519,
			"seconds":	30.047920942306519,
			"bytes":	3530747480,
			"bits_per_second":	940031088.81422,
			"sender":	true
		},
		"cpu_utilization_percent":	{
			"host_total":	4.68900164602464,
			"host_user":	0.10640151601637776,
			"host_system":	4.58260013000826,
			"remote_total":	22.277808851231921,
			"remote_user":	2.3144286864227448,
			"remote_system":	19.963376845389742
		},
		"sender_tcp_congestion":	"cubic",
		"receiver_tcp_congestion":	"cubic"
	}
}
