{
	"start":	{
		"connected":	[{
				"socket":	5,
				"local_host":	"10.10.10.2",
				"local_port":	46950,
				"remote_host":	"10.10.10.4",
				"remote_port":	5201
			}],
		"version":	"iperf 3.9",
		"system_info":	"Linux zelda 5.10.0-18-amd64 #1 SMP Debian 5.10.140-1 (2022-09-02) x86_64",
		"timestamp":	{
			"time":	"Wed, 31 Jan 2024 07:35:53 GMT",
			"timesecs":	1706686553
		},
		"connecting_to":	{
			"host":	"10.10.10.4",
			"port":	5201
		},
		"cookie":	"z6pwovoimsl64nwthhsnqebimgmdi3v5l7gi",
		"tcp_mss_default":	1448,
		"target_bitrate":	6000000000,
		"sock_bufsize":	0,
		"sndbuf_actual":	1000000,
		"rcvbuf_actual":	1000000,
		"test_start":	{
			"protocol":	"TCP",
			"num_streams":	1,
			"blksize":	131072,
			"omit":	0,
			"duration":	20,
			"bytes":	0,
			"blocks":	0,
			"reverse":	0,
			"tos":	0
		}
	},
	"intervals":	[{
			"streams":	[{
					"socket":	5,
					"start":	0,
					"end":	20.00008,
					"seconds":	20.000080108642578,
					"bytes":	2355494912,
					"bits_per_second":	942194190.905116,
					"retransmits":	0,
					"snd_cwnd":	456120,
					"rtt":	2194,
					"rttvar":	153,
					"pmtu":	9000,
					"omitted":	false,
					"sender":	true
				}],
			"sum":	{
				"start":	0,
				"end":	20.00008,
				"seconds":	20.000080108642578,
				"bytes":	2355494912,
				"bits_per_second":	942194190.905116,
				"retransmits":	0,
				"omitted":	false,
				"sender":	true
			}
		}],
	"end":	{
		"streams":	[{
				"sender":	{
					"socket":	5,
					"start":	0,
					"end":	20.00008,
					"seconds":	20.00008,
					"bytes":	2355494912,
					"bits_per_second":	942194196.023216,
					"retransmits":	0,
					"max_snd_cwnd":	456120,
					"max_rtt":	2194,
					"min_rtt":	2194,
					"mean_rtt":	2194,
					"sender":	true
				},
				"receiver":	{
					"socket":	5,
					"start":	0,
					"end":	20.040657043457031,
					"seconds":	20.00008,
					"bytes":	2353882584,
					"bits_per_second":	939642878.53267038,
					"sender":	true
				}
			}],
		"sum_sent":	{
			"start":	0,
			"end":	20.00008,
			"seconds":	20.00008,
			"bytes":	2355494912,
			"bits_per_second":	942194196.023216,
			"retransmits":	0,
			"sender":	true
		},
		"sum_received":	{
			"start":	0,
			"end":	20.040657043457031,
			"seconds":	20.040657043457031,
			"bytes":	2353882584,
			"bits_per_second":	939642878.53267038,
			"sender":	true
		},
		"cpu_utilization_percent":	{
			"host_total":	19.523379524343571,
			"host_user":	0.724146938941361,
			"host_system":	18.799237564992367,
			"remote_total":	27.688252619328672,
			"remote_user":	3.7877357761226764,
			"remote_system":	23.900516843206
		},
		"sender_tcp_congestion":	"cubic",
		"receiver_tcp_congestion":	"cubic"
	}
}
