{
	"start":	{
		"connected":	[{
				"socket":	5,
				"local_host":	"10.10.10.2",
				"local_port":	36082,
				"remote_host":	"10.10.10.4",
				"remote_port":	5201
			}],
		"version":	"iperf 3.9",
		"system_info":	"Linux zelda 5.10.0-18-amd64 #1 SMP Debian 5.10.140-1 (2022-09-02) x86_64",
		"timestamp":	{
			"time":	"Mon, 29 Jan 2024 17:05:06 GMT",
			"timesecs":	1706547906
		},
		"connecting_to":	{
			"host":	"10.10.10.4",
			"port":	5201
		},
		"cookie":	"ymnkqkr3eud7kkozmxvva3n5mewsqmj4ugmb",
		"tcp_mss_default":	1448,
		"target_bitrate":	5000000000,
		"sock_bufsize":	0,
		"sndbuf_actual":	1000000,
		"rcvbuf_actual":	1000000,
		"test_start":	{
			"protocol":	"TCP",
			"num_streams":	1,
			"blksize":	131072,
			"omit":	0,
			"duration":	10,
			"bytes":	0,
			"blocks":	0,
			"reverse":	0,
			"tos":	0
		}
	},
	"intervals":	[{
			"streams":	[{
					"socket":	5,
					"start":	0,
					"end":	10.000078,
					"seconds":	10.000078201293945,
					"bytes":	1178337280,
					"bits_per_second":	942662452.257648,
					"retransmits":	0,
					"snd_cwnd":	385168,
					"rtt":	2223,
					"rttvar":	92,
					"pmtu":	9000,
					"omitted":	false,
					"sender":	true
				}],
			"sum":	{
				"start":	0,
				"end":	10.000078,
				"seconds":	10.000078201293945,
				"bytes":	1178337280,
				"bits_per_second":	942662452.257648,
				"retransmits":	0,
				"omitted":	false,
				"sender":	true
			}
		}],
	"end":	{
		"streams":	[{
				"sender":	{
					"socket":	5,
					"start":	0,
					"end":	10.000078,
					"seconds":	10.000078,
					"bytes":	1178337280,
					"bits_per_second":	942662471.23272431,
					"retransmits":	0,
					"max_snd_cwnd":	385168,
					"max_rtt":	2223,
					"min_rtt":	2223,
					"mean_rtt":	2223,
					"sender":	true
				},
				"receiver":	{
					"socket":	5,
					"start":	0,
					"end":	10.043912887573242,
					"seconds":	10.000078,
					"bytes":	1177100224,
					"bits_per_second":	937563069.03566134,
					"sender":	true
				}
			}],
		"sum_sent":	{
			"start":	0,
			"end":	10.000078,
			"seconds":	10.000078,
			"bytes":	1178337280,
			"bits_per_second":	942662471.23272431,
			"retransmits":	0,
			"sender":	true
		},
		"sum_received":	{
			"start":	0,
			"end":	10.043912887573242,
			"seconds":	10.043912887573242,
			"bytes":	1177100224,
			"bits_per_second":	937563069.03566134,
			"sender":	true
		},
		"cpu_utilization_percent":	{
			"host_total":	6.8690179469028649,
			"host_user":	0.40001308690298437,
			"host_system":	6.46900485999988,
			"remote_total":	27.478771676600388,
			"remote_user":	2.9691298931347183,
			"remote_system":	24.509641783465668
		},
		"sender_tcp_congestion":	"cubic",
		"receiver_tcp_congestion":	"cubic"
	}
}
