{
	"start":	{
		"connected":	[{
				"socket":	5,
				"local_host":	"10.10.10.2",
				"local_port":	49190,
				"remote_host":	"10.10.10.4",
				"remote_port":	5201
			}],
		"version":	"iperf 3.9",
		"system_info":	"Linux zelda 5.10.0-18-amd64 #1 SMP Debian 5.10.140-1 (2022-09-02) x86_64",
		"timestamp":	{
			"time":	"Wed, 31 Jan 2024 02:58:10 GMT",
			"timesecs":	1706669890
		},
		"connecting_to":	{
			"host":	"10.10.10.4",
			"port":	5201
		},
		"cookie":	"secbeb6bjvlgdgt3zgugdg474niw2tejgmhn",
		"tcp_mss_default":	1448,
		"target_bitrate":	3000000000,
		"sock_bufsize":	0,
		"sndbuf_actual":	1000000,
		"rcvbuf_actual":	1000000,
		"test_start":	{
			"protocol":	"TCP",
			"num_streams":	1,
			"blksize":	131072,
			"omit":	0,
			"duration":	10,
			"bytes":	0,
			"blocks":	0,
			"reverse":	0,
			"tos":	0
		}
	},
	"intervals":	[{
			"streams":	[{
					"socket":	5,
					"start":	0,
					"end":	10.000072,
					"seconds":	10.00007152557373,
					"bytes":	1178730496,
					"bits_per_second":	942977652.098242,
					"retransmits":	0,
					"snd_cwnd":	466256,
					"rtt":	2202,
					"rttvar":	96,
					"pmtu":	9000,
					"omitted":	false,
					"sender":	true
				}],
			"sum":	{
				"start":	0,
				"end":	10.000072,
				"seconds":	10.00007152557373,
				"bytes":	1178730496,
				"bits_per_second":	942977652.098242,
				"retransmits":	0,
				"omitted":	false,
				"sender":	true
			}
		}],
	"end":	{
		"streams":	[{
				"sender":	{
					"socket":	5,
					"start":	0,
					"end":	10.000072,
					"seconds":	10.000072,
					"bytes":	1178730496,
					"bits_per_second":	942977607.361227,
					"retransmits":	0,
					"max_snd_cwnd":	466256,
					"max_rtt":	2202,
					"min_rtt":	2202,
					"mean_rtt":	2202,
					"sender":	true
				},
				"receiver":	{
					"socket":	5,
					"start":	0,
					"end":	10.042798042297363,
					"seconds":	10.000072,
					"bytes":	1177088640,
					"bits_per_second":	937657919.66935337,
					"sender":	true
				}
			}],
		"sum_sent":	{
			"start":	0,
			"end":	10.000072,
			"seconds":	10.000072,
			"bytes":	1178730496,
			"bits_per_second":	942977607.361227,
			"retransmits":	0,
			"sender":	true
		},
		"sum_received":	{
			"start":	0,
			"end":	10.042798042297363,
			"seconds":	10.042798042297363,
			"bytes":	1177088640,
			"bits_per_second":	937657919.66935337,
			"sender":	true
		},
		"cpu_utilization_percent":	{
			"host_total":	20.147860230078184,
			"host_user":	1.1609118364835143,
			"host_system":	18.986988057801462,
			"remote_total":	22.048876995707545,
			"remote_user":	2.5631000563735742,
			"remote_system":	19.4857670561688
		},
		"sender_tcp_congestion":	"cubic",
		"receiver_tcp_congestion":	"cubic"
	}
}
